"month_id","case_id","count","departamento_std","violence_type","month_start"
"2026-03",NA,7,"risaralda","extortion",2026-03-01
"2026-03",NA,66,"valle del cauca","extortion",2026-03-01
"2026-03",NA,48,"meta","extortion",2026-03-01
"2026-03",NA,10,"caqueta","extortion",2026-03-01
"2026-03",NA,61,"bogota d.c.","extortion",2026-03-01
"2026-03",NA,14,"sucre","extortion",2026-03-01
"2026-03",NA,38,"bolivar","extortion",2026-03-01
"2026-03",NA,17,"norte de santander","extortion",2026-03-01
"2026-03",NA,20,"tolima","extortion",2026-03-01
"2026-03",NA,66,"antioquia","extortion",2026-03-01
"2026-03",NA,16,"huila","extortion",2026-03-01
"2026-03",NA,14,"cauca","extortion",2026-03-01
"2026-03",NA,18,"la guajira","extortion",2026-03-01
"2026-03",NA,26,"cesar","extortion",2026-03-01
"2026-03",NA,9,"choco","extortion",2026-03-01
"2026-03",NA,15,"casanare","extortion",2026-03-01
"2026-03",NA,4,"boyaca","extortion",2026-03-01
"2026-03",NA,84,"atlantico","extortion",2026-03-01
"2026-03",NA,16,"magdalena","extortion",2026-03-01
"2026-03",NA,7,"quindio","extortion",2026-03-01
"2026-03","arauca",7,"arauca","extortion",2026-03-01
"2026-03",NA,9,"nariño","extortion",2026-03-01
"2026-03",NA,9,"cundinamarca","extortion",2026-03-01
"2026-03","buenaventura",6,"valle del cauca","extortion",2026-03-01
"2026-03",NA,14,"santander","extortion",2026-03-01
"2026-03",NA,1,"guainia","extortion",2026-03-01
"2026-03",NA,1,"san andres islas","extortion",2026-03-01
"2026-03",NA,6,"cordoba","extortion",2026-03-01
"2026-03",NA,1,"vichada","extortion",2026-03-01
"2026-03",NA,5,"caldas","extortion",2026-03-01
"2026-03",NA,1,"guaviare","extortion",2026-03-01
"2026-02",NA,33,"cesar","extortion",2026-02-01
"2026-02","arauca",14,"arauca","extortion",2026-02-01
"2026-02",NA,105,"atlantico","extortion",2026-02-01
"2026-02",NA,169,"bogota d.c.","extortion",2026-02-01
"2026-02",NA,47,"cauca","extortion",2026-02-01
"2026-02",NA,122,"valle del cauca","extortion",2026-02-01
"2026-02",NA,43,"bolivar","extortion",2026-02-01
"2026-02",NA,59,"meta","extortion",2026-02-01
"2026-02",NA,43,"tolima","extortion",2026-02-01
"2026-02",NA,117,"antioquia","extortion",2026-02-01
"2026-02",NA,2,"putumayo","extortion",2026-02-01
"2026-02",NA,27,"sucre","extortion",2026-02-01
"2026-02",NA,36,"cundinamarca","extortion",2026-02-01
"2026-02",NA,39,"norte de santander","extortion",2026-02-01
"2026-02",NA,23,"nariño","extortion",2026-02-01
"2026-02",NA,5,"cordoba","extortion",2026-02-01
"2026-02",NA,26,"santander","extortion",2026-02-01
"2026-02",NA,11,"caqueta","extortion",2026-02-01
"2026-02",NA,34,"choco","extortion",2026-02-01
"2026-02",NA,29,"la guajira","extortion",2026-02-01
"2026-02",NA,26,"magdalena","extortion",2026-02-01
"2026-02",NA,29,"huila","extortion",2026-02-01
"2026-02",NA,11,"casanare","extortion",2026-02-01
"2026-02",NA,16,"boyaca","extortion",2026-02-01
"2026-02",NA,7,"caldas","extortion",2026-02-01
"2026-02","buenaventura",9,"valle del cauca","extortion",2026-02-01
"2026-02",NA,8,"risaralda","extortion",2026-02-01
"2026-02",NA,2,"quindio","extortion",2026-02-01
"2026-02",NA,2,"san andres islas","extortion",2026-02-01
"2026-02",NA,6,"guaviare","extortion",2026-02-01
"2026-01",NA,184,"bogota d.c.","extortion",2026-01-01
"2026-01",NA,135,"valle del cauca","extortion",2026-01-01
"2026-01",NA,64,"meta","extortion",2026-01-01
"2026-01",NA,36,"tolima","extortion",2026-01-01
"2026-01",NA,18,"nariño","extortion",2026-01-01
"2026-01",NA,167,"antioquia","extortion",2026-01-01
"2026-01",NA,113,"atlantico","extortion",2026-01-01
"2026-01",NA,11,"caldas","extortion",2026-01-01
"2026-01",NA,18,"risaralda","extortion",2026-01-01
"2026-01",NA,34,"cauca","extortion",2026-01-01
"2026-01",NA,4,"cordoba","extortion",2026-01-01
"2026-01",NA,1,"guaviare","extortion",2026-01-01
"2026-01",NA,24,"sucre","extortion",2026-01-01
"2026-01",NA,35,"magdalena","extortion",2026-01-01
"2026-01",NA,52,"norte de santander","extortion",2026-01-01
"2026-01",NA,31,"la guajira","extortion",2026-01-01
"2026-01","arauca",8,"arauca","extortion",2026-01-01
"2026-01",NA,34,"huila","extortion",2026-01-01
"2026-01",NA,27,"cundinamarca","extortion",2026-01-01
"2026-01",NA,63,"bolivar","extortion",2026-01-01
"2026-01",NA,9,"caqueta","extortion",2026-01-01
"2026-01",NA,14,"casanare","extortion",2026-01-01
"2026-01",NA,22,"choco","extortion",2026-01-01
"2026-01",NA,39,"cesar","extortion",2026-01-01
"2026-01",NA,7,"quindio","extortion",2026-01-01
"2026-01",NA,25,"santander","extortion",2026-01-01
"2026-01",NA,14,"boyaca","extortion",2026-01-01
"2026-01","buenaventura",5,"valle del cauca","extortion",2026-01-01
"2026-01",NA,2,"putumayo","extortion",2026-01-01
"2026-01","tumaco",1,"nariño","extortion",2026-01-01
"2026-01",NA,1,"vichada","extortion",2026-01-01
"2025-12",NA,86,"atlantico","extortion",2025-12-01
"2025-12",NA,146,"antioquia","extortion",2025-12-01
"2025-12",NA,156,"bogota d.c.","extortion",2025-12-01
"2025-12","buenaventura",9,"valle del cauca","extortion",2025-12-01
"2025-12",NA,92,"valle del cauca","extortion",2025-12-01
"2025-12",NA,71,"bolivar","extortion",2025-12-01
"2025-12",NA,55,"norte de santander","extortion",2025-12-01
"2025-12",NA,67,"cundinamarca","extortion",2025-12-01
"2025-12",NA,25,"huila","extortion",2025-12-01
"2025-12",NA,27,"cauca","extortion",2025-12-01
"2025-12",NA,10,"choco","extortion",2025-12-01
"2025-12",NA,37,"cesar","extortion",2025-12-01
"2025-12",NA,28,"risaralda","extortion",2025-12-01
"2025-12","tumaco",1,"nariño","extortion",2025-12-01
"2025-12",NA,34,"santander","extortion",2025-12-01
"2025-12",NA,16,"boyaca","extortion",2025-12-01
"2025-12",NA,37,"tolima","extortion",2025-12-01
"2025-12",NA,12,"caldas","extortion",2025-12-01
"2025-12",NA,24,"magdalena","extortion",2025-12-01
"2025-12","arauca",13,"arauca","extortion",2025-12-01
"2025-12",NA,7,"putumayo","extortion",2025-12-01
"2025-12",NA,69,"meta","extortion",2025-12-01
"2025-12",NA,28,"la guajira","extortion",2025-12-01
"2025-12",NA,10,"quindio","extortion",2025-12-01
"2025-12",NA,23,"nariño","extortion",2025-12-01
"2025-12",NA,13,"casanare","extortion",2025-12-01
"2025-12",NA,10,"cordoba","extortion",2025-12-01
"2025-12",NA,21,"sucre","extortion",2025-12-01
"2025-12",NA,1,"vichada","extortion",2025-12-01
"2025-12",NA,2,"guaviare","extortion",2025-12-01
"2025-12",NA,8,"caqueta","extortion",2025-12-01
"2025-12",NA,1,"guainia","extortion",2025-12-01
"2025-11",NA,46,"tolima","extortion",2025-11-01
"2025-11",NA,209,"bogota d.c.","extortion",2025-11-01
"2025-11",NA,32,"santander","extortion",2025-11-01
"2025-11",NA,13,"quindio","extortion",2025-11-01
"2025-11",NA,122,"valle del cauca","extortion",2025-11-01
"2025-11",NA,59,"bolivar","extortion",2025-11-01
"2025-11",NA,198,"antioquia","extortion",2025-11-01
"2025-11",NA,9,"caqueta","extortion",2025-11-01
"2025-11",NA,52,"cundinamarca","extortion",2025-11-01
"2025-11",NA,27,"huila","extortion",2025-11-01
"2025-11",NA,32,"cesar","extortion",2025-11-01
"2025-11",NA,49,"norte de santander","extortion",2025-11-01
"2025-11",NA,14,"risaralda","extortion",2025-11-01
"2025-11",NA,88,"atlantico","extortion",2025-11-01
"2025-11",NA,15,"casanare","extortion",2025-11-01
"2025-11",NA,41,"cauca","extortion",2025-11-01
"2025-11",NA,7,"caldas","extortion",2025-11-01
"2025-11",NA,23,"sucre","extortion",2025-11-01
"2025-11",NA,35,"magdalena","extortion",2025-11-01
"2025-11",NA,61,"meta","extortion",2025-11-01
"2025-11",NA,17,"la guajira","extortion",2025-11-01
"2025-11","buenaventura",11,"valle del cauca","extortion",2025-11-01
"2025-11",NA,16,"choco","extortion",2025-11-01
"2025-11",NA,17,"boyaca","extortion",2025-11-01
"2025-11",NA,25,"nariño","extortion",2025-11-01
"2025-11",NA,2,"vichada","extortion",2025-11-01
"2025-11",NA,9,"cordoba","extortion",2025-11-01
"2025-11","arauca",9,"arauca","extortion",2025-11-01
"2025-11",NA,2,"putumayo","extortion",2025-11-01
"2025-11",NA,1,"san andres islas","extortion",2025-11-01
"2025-11",NA,2,"guaviare","extortion",2025-11-01
"2025-10",NA,211,"antioquia","extortion",2025-10-01
"2025-10",NA,106,"valle del cauca","extortion",2025-10-01
"2025-10",NA,57,"bolivar","extortion",2025-10-01
"2025-10",NA,40,"norte de santander","extortion",2025-10-01
"2025-10",NA,112,"atlantico","extortion",2025-10-01
"2025-10",NA,37,"huila","extortion",2025-10-01
"2025-10",NA,44,"tolima","extortion",2025-10-01
"2025-10",NA,24,"choco","extortion",2025-10-01
"2025-10",NA,26,"boyaca","extortion",2025-10-01
"2025-10",NA,50,"cauca","extortion",2025-10-01
"2025-10",NA,56,"santander","extortion",2025-10-01
"2025-10",NA,194,"bogota d.c.","extortion",2025-10-01
"2025-10","buenaventura",10,"valle del cauca","extortion",2025-10-01
"2025-10",NA,30,"cesar","extortion",2025-10-01
"2025-10",NA,112,"meta","extortion",2025-10-01
"2025-10",NA,38,"cundinamarca","extortion",2025-10-01
"2025-10",NA,16,"risaralda","extortion",2025-10-01
"2025-10",NA,24,"nariño","extortion",2025-10-01
"2025-10",NA,27,"magdalena","extortion",2025-10-01
"2025-10",NA,3,"vichada","extortion",2025-10-01
"2025-10",NA,23,"la guajira","extortion",2025-10-01
"2025-10",NA,13,"caqueta","extortion",2025-10-01
"2025-10",NA,4,"guaviare","extortion",2025-10-01
"2025-10",NA,13,"quindio","extortion",2025-10-01
"2025-10",NA,11,"caldas","extortion",2025-10-01
"2025-10",NA,18,"casanare","extortion",2025-10-01
"2025-10","arauca",9,"arauca","extortion",2025-10-01
"2025-10",NA,4,"cordoba","extortion",2025-10-01
"2025-10",NA,18,"sucre","extortion",2025-10-01
"2025-10",NA,3,"putumayo","extortion",2025-10-01
"2025-10","tumaco",1,"nariño","extortion",2025-10-01
"2025-10",NA,2,"san andres islas","extortion",2025-10-01
"2025-10",NA,1,"vaupes","extortion",2025-10-01
"2025-09",NA,98,"atlantico","extortion",2025-09-01
"2025-09",NA,199,"bogota d.c.","extortion",2025-09-01
"2025-09",NA,106,"valle del cauca","extortion",2025-09-01
"2025-09",NA,212,"antioquia","extortion",2025-09-01
"2025-09",NA,67,"bolivar","extortion",2025-09-01
"2025-09",NA,17,"caqueta","extortion",2025-09-01
"2025-09",NA,34,"magdalena","extortion",2025-09-01
"2025-09",NA,77,"meta","extortion",2025-09-01
"2025-09",NA,45,"cundinamarca","extortion",2025-09-01
"2025-09",NA,45,"norte de santander","extortion",2025-09-01
"2025-09",NA,39,"huila","extortion",2025-09-01
"2025-09",NA,31,"santander","extortion",2025-09-01
"2025-09",NA,16,"nariño","extortion",2025-09-01
"2025-09",NA,19,"la guajira","extortion",2025-09-01
"2025-09",NA,30,"tolima","extortion",2025-09-01
"2025-09",NA,11,"cordoba","extortion",2025-09-01
"2025-09",NA,21,"risaralda","extortion",2025-09-01
"2025-09",NA,42,"cauca","extortion",2025-09-01
"2025-09",NA,3,"putumayo","extortion",2025-09-01
"2025-09",NA,12,"sucre","extortion",2025-09-01
"2025-09",NA,18,"quindio","extortion",2025-09-01
"2025-09",NA,28,"boyaca","extortion",2025-09-01
"2025-09",NA,4,"guaviare","extortion",2025-09-01
"2025-09","buenaventura",8,"valle del cauca","extortion",2025-09-01
"2025-09",NA,27,"cesar","extortion",2025-09-01
"2025-09",NA,11,"casanare","extortion",2025-09-01
"2025-09",NA,20,"choco","extortion",2025-09-01
"2025-09",NA,9,"caldas","extortion",2025-09-01
"2025-09","arauca",9,"arauca","extortion",2025-09-01
"2025-09",NA,1,"amazonas","extortion",2025-09-01
"2025-09","tumaco",1,"nariño","extortion",2025-09-01
"2025-09",NA,1,"vichada","extortion",2025-09-01
"2025-09",NA,1,"guainia","extortion",2025-09-01
"2025-08",NA,47,"santander","extortion",2025-08-01
"2025-08",NA,213,"bogota d.c.","extortion",2025-08-01
"2025-08","buenaventura",7,"valle del cauca","extortion",2025-08-01
"2025-08",NA,109,"valle del cauca","extortion",2025-08-01
"2025-08",NA,37,"cundinamarca","extortion",2025-08-01
"2025-08",NA,28,"tolima","extortion",2025-08-01
"2025-08",NA,45,"huila","extortion",2025-08-01
"2025-08",NA,214,"antioquia","extortion",2025-08-01
"2025-08",NA,16,"risaralda","extortion",2025-08-01
"2025-08",NA,21,"magdalena","extortion",2025-08-01
"2025-08",NA,24,"cauca","extortion",2025-08-01
"2025-08",NA,9,"caqueta","extortion",2025-08-01
"2025-08",NA,134,"atlantico","extortion",2025-08-01
"2025-08",NA,80,"bolivar","extortion",2025-08-01
"2025-08",NA,75,"meta","extortion",2025-08-01
"2025-08",NA,39,"norte de santander","extortion",2025-08-01
"2025-08",NA,10,"cordoba","extortion",2025-08-01
"2025-08",NA,28,"nariño","extortion",2025-08-01
"2025-08",NA,13,"la guajira","extortion",2025-08-01
"2025-08",NA,25,"boyaca","extortion",2025-08-01
"2025-08",NA,18,"choco","extortion",2025-08-01
"2025-08",NA,6,"guaviare","extortion",2025-08-01
"2025-08",NA,17,"sucre","extortion",2025-08-01
"2025-08",NA,9,"quindio","extortion",2025-08-01
"2025-08",NA,35,"cesar","extortion",2025-08-01
"2025-08",NA,7,"vichada","extortion",2025-08-01
"2025-08",NA,15,"casanare","extortion",2025-08-01
"2025-08",NA,7,"caldas","extortion",2025-08-01
"2025-08",NA,2,"guainia","extortion",2025-08-01
"2025-08","arauca",5,"arauca","extortion",2025-08-01
"2025-08",NA,4,"putumayo","extortion",2025-08-01
"2025-07",NA,72,"meta","extortion",2025-07-01
"2025-07",NA,18,"magdalena","extortion",2025-07-01
"2025-07",NA,150,"atlantico","extortion",2025-07-01
"2025-07",NA,210,"antioquia","extortion",2025-07-01
"2025-07",NA,174,"bogota d.c.","extortion",2025-07-01
"2025-07",NA,58,"bolivar","extortion",2025-07-01
"2025-07",NA,42,"norte de santander","extortion",2025-07-01
"2025-07",NA,49,"santander","extortion",2025-07-01
"2025-07",NA,26,"tolima","extortion",2025-07-01
"2025-07",NA,95,"valle del cauca","extortion",2025-07-01
"2025-07",NA,21,"nariño","extortion",2025-07-01
"2025-07",NA,17,"casanare","extortion",2025-07-01
"2025-07",NA,19,"boyaca","extortion",2025-07-01
"2025-07",NA,37,"cesar","extortion",2025-07-01
"2025-07",NA,11,"cordoba","extortion",2025-07-01
"2025-07",NA,15,"caqueta","extortion",2025-07-01
"2025-07",NA,49,"cauca","extortion",2025-07-01
"2025-07",NA,18,"choco","extortion",2025-07-01
"2025-07",NA,15,"la guajira","extortion",2025-07-01
"2025-07",NA,35,"huila","extortion",2025-07-01
"2025-07",NA,33,"cundinamarca","extortion",2025-07-01
"2025-07",NA,15,"risaralda","extortion",2025-07-01
"2025-07","arauca",6,"arauca","extortion",2025-07-01
"2025-07",NA,12,"caldas","extortion",2025-07-01
"2025-07",NA,10,"quindio","extortion",2025-07-01
"2025-07",NA,9,"sucre","extortion",2025-07-01
"2025-07",NA,5,"guaviare","extortion",2025-07-01
"2025-07","buenaventura",10,"valle del cauca","extortion",2025-07-01
"2025-07",NA,3,"putumayo","extortion",2025-07-01
"2025-07","tumaco",1,"nariño","extortion",2025-07-01
"2025-07",NA,1,"vichada","extortion",2025-07-01
"2025-06",NA,57,"meta","extortion",2025-06-01
"2025-06",NA,22,"nariño","extortion",2025-06-01
"2025-06",NA,42,"norte de santander","extortion",2025-06-01
"2025-06",NA,185,"antioquia","extortion",2025-06-01
"2025-06",NA,6,"cordoba","extortion",2025-06-01
"2025-06",NA,84,"valle del cauca","extortion",2025-06-01
"2025-06",NA,24,"cundinamarca","extortion",2025-06-01
"2025-06",NA,18,"tolima","extortion",2025-06-01
"2025-06",NA,34,"santander","extortion",2025-06-01
"2025-06",NA,241,"bogota d.c.","extortion",2025-06-01
"2025-06","buenaventura",5,"valle del cauca","extortion",2025-06-01
"2025-06",NA,55,"bolivar","extortion",2025-06-01
"2025-06",NA,29,"magdalena","extortion",2025-06-01
"2025-06",NA,33,"huila","extortion",2025-06-01
"2025-06",NA,5,"guaviare","extortion",2025-06-01
"2025-06","arauca",5,"arauca","extortion",2025-06-01
"2025-06",NA,106,"atlantico","extortion",2025-06-01
"2025-06",NA,5,"la guajira","extortion",2025-06-01
"2025-06",NA,7,"caldas","extortion",2025-06-01
"2025-06",NA,23,"cauca","extortion",2025-06-01
"2025-06",NA,16,"choco","extortion",2025-06-01
"2025-06",NA,43,"cesar","extortion",2025-06-01
"2025-06",NA,8,"quindio","extortion",2025-06-01
"2025-06",NA,16,"casanare","extortion",2025-06-01
"2025-06",NA,10,"caqueta","extortion",2025-06-01
"2025-06",NA,17,"boyaca","extortion",2025-06-01
"2025-06",NA,18,"risaralda","extortion",2025-06-01
"2025-06",NA,7,"putumayo","extortion",2025-06-01
"2025-06",NA,3,"vichada","extortion",2025-06-01
"2025-06",NA,13,"sucre","extortion",2025-06-01
"2025-06",NA,1,"vaupes","extortion",2025-06-01
"2025-06",NA,1,"guainia","extortion",2025-06-01
"2025-06","tumaco",1,"nariño","extortion",2025-06-01
"2025-05",NA,77,"valle del cauca","extortion",2025-05-01
"2025-05",NA,51,"bolivar","extortion",2025-05-01
"2025-05",NA,49,"santander","extortion",2025-05-01
"2025-05",NA,20,"tolima","extortion",2025-05-01
"2025-05",NA,7,"quindio","extortion",2025-05-01
"2025-05",NA,136,"atlantico","extortion",2025-05-01
"2025-05",NA,179,"bogota d.c.","extortion",2025-05-01
"2025-05",NA,182,"antioquia","extortion",2025-05-01
"2025-05",NA,30,"cauca","extortion",2025-05-01
"2025-05",NA,19,"risaralda","extortion",2025-05-01
"2025-05",NA,20,"choco","extortion",2025-05-01
"2025-05",NA,45,"norte de santander","extortion",2025-05-01
"2025-05",NA,6,"caldas","extortion",2025-05-01
"2025-05",NA,36,"huila","extortion",2025-05-01
"2025-05",NA,25,"nariño","extortion",2025-05-01
"2025-05",NA,56,"meta","extortion",2025-05-01
"2025-05",NA,25,"cundinamarca","extortion",2025-05-01
"2025-05",NA,11,"la guajira","extortion",2025-05-01
"2025-05",NA,36,"cesar","extortion",2025-05-01
"2025-05",NA,28,"magdalena","extortion",2025-05-01
"2025-05",NA,16,"boyaca","extortion",2025-05-01
"2025-05",NA,10,"caqueta","extortion",2025-05-01
"2025-05",NA,12,"sucre","extortion",2025-05-01
"2025-05",NA,6,"guaviare","extortion",2025-05-01
"2025-05",NA,6,"putumayo","extortion",2025-05-01
"2025-05","buenaventura",8,"valle del cauca","extortion",2025-05-01
"2025-05",NA,5,"casanare","extortion",2025-05-01
"2025-05",NA,9,"cordoba","extortion",2025-05-01
"2025-05","arauca",6,"arauca","extortion",2025-05-01
"2025-05",NA,3,"vichada","extortion",2025-05-01
"2025-05",NA,1,"san andres islas","extortion",2025-05-01
"2025-05","tumaco",1,"nariño","extortion",2025-05-01
"2025-04",NA,101,"atlantico","extortion",2025-04-01
"2025-04",NA,156,"bogota d.c.","extortion",2025-04-01
"2025-04",NA,148,"antioquia","extortion",2025-04-01
"2025-04",NA,5,"la guajira","extortion",2025-04-01
"2025-04",NA,18,"cesar","extortion",2025-04-01
"2025-04",NA,53,"meta","extortion",2025-04-01
"2025-04",NA,37,"cauca","extortion",2025-04-01
"2025-04",NA,36,"bolivar","extortion",2025-04-01
"2025-04",NA,14,"caqueta","extortion",2025-04-01
"2025-04",NA,41,"norte de santander","extortion",2025-04-01
"2025-04",NA,48,"valle del cauca","extortion",2025-04-01
"2025-04",NA,28,"magdalena","extortion",2025-04-01
"2025-04",NA,16,"quindio","extortion",2025-04-01
"2025-04",NA,27,"huila","extortion",2025-04-01
"2025-04",NA,6,"casanare","extortion",2025-04-01
"2025-04",NA,30,"choco","extortion",2025-04-01
"2025-04",NA,14,"risaralda","extortion",2025-04-01
"2025-04",NA,15,"santander","extortion",2025-04-01
"2025-04",NA,12,"cundinamarca","extortion",2025-04-01
"2025-04",NA,5,"caldas","extortion",2025-04-01
"2025-04",NA,4,"guaviare","extortion",2025-04-01
"2025-04",NA,18,"sucre","extortion",2025-04-01
"2025-04",NA,6,"putumayo","extortion",2025-04-01
"2025-04",NA,12,"nariño","extortion",2025-04-01
"2025-04","buenaventura",13,"valle del cauca","extortion",2025-04-01
"2025-04",NA,8,"cordoba","extortion",2025-04-01
"2025-04",NA,17,"tolima","extortion",2025-04-01
"2025-04",NA,13,"boyaca","extortion",2025-04-01
"2025-04",NA,3,"vichada","extortion",2025-04-01
"2025-04","arauca",3,"arauca","extortion",2025-04-01
"2025-03",NA,170,"bogota d.c.","extortion",2025-03-01
"2025-03",NA,174,"antioquia","extortion",2025-03-01
"2025-03",NA,44,"norte de santander","extortion",2025-03-01
"2025-03",NA,11,"risaralda","extortion",2025-03-01
"2025-03",NA,14,"boyaca","extortion",2025-03-01
"2025-03",NA,39,"meta","extortion",2025-03-01
"2025-03",NA,27,"tolima","extortion",2025-03-01
"2025-03",NA,16,"nariño","extortion",2025-03-01
"2025-03",NA,12,"caqueta","extortion",2025-03-01
"2025-03",NA,78,"valle del cauca","extortion",2025-03-01
"2025-03",NA,23,"bolivar","extortion",2025-03-01
"2025-03",NA,12,"quindio","extortion",2025-03-01
"2025-03",NA,29,"santander","extortion",2025-03-01
"2025-03",NA,71,"atlantico","extortion",2025-03-01
"2025-03",NA,3,"guaviare","extortion",2025-03-01
"2025-03",NA,21,"cundinamarca","extortion",2025-03-01
"2025-03",NA,7,"casanare","extortion",2025-03-01
"2025-03",NA,6,"caldas","extortion",2025-03-01
"2025-03",NA,32,"huila","extortion",2025-03-01
"2025-03",NA,20,"sucre","extortion",2025-03-01
"2025-03",NA,28,"cauca","extortion",2025-03-01
"2025-03",NA,33,"cesar","extortion",2025-03-01
"2025-03",NA,26,"magdalena","extortion",2025-03-01
"2025-03",NA,26,"choco","extortion",2025-03-01
"2025-03",NA,5,"putumayo","extortion",2025-03-01
"2025-03","buenaventura",5,"valle del cauca","extortion",2025-03-01
"2025-03",NA,6,"la guajira","extortion",2025-03-01
"2025-03","arauca",5,"arauca","extortion",2025-03-01
"2025-03",NA,1,"vichada","extortion",2025-03-01
"2025-03",NA,5,"cordoba","extortion",2025-03-01
"2025-02",NA,153,"antioquia","extortion",2025-02-01
"2025-02",NA,52,"valle del cauca","extortion",2025-02-01
"2025-02",NA,54,"norte de santander","extortion",2025-02-01
"2025-02",NA,7,"casanare","extortion",2025-02-01
"2025-02",NA,24,"magdalena","extortion",2025-02-01
"2025-02",NA,56,"atlantico","extortion",2025-02-01
"2025-02",NA,165,"bogota d.c.","extortion",2025-02-01
"2025-02",NA,19,"santander","extortion",2025-02-01
"2025-02",NA,32,"choco","extortion",2025-02-01
"2025-02",NA,5,"caldas","extortion",2025-02-01
"2025-02",NA,35,"cauca","extortion",2025-02-01
"2025-02",NA,29,"bolivar","extortion",2025-02-01
"2025-02","buenaventura",14,"valle del cauca","extortion",2025-02-01
"2025-02",NA,42,"meta","extortion",2025-02-01
"2025-02",NA,34,"tolima","extortion",2025-02-01
"2025-02",NA,7,"cordoba","extortion",2025-02-01
"2025-02",NA,19,"huila","extortion",2025-02-01
"2025-02",NA,6,"guaviare","extortion",2025-02-01
"2025-02",NA,15,"cundinamarca","extortion",2025-02-01
"2025-02",NA,20,"sucre","extortion",2025-02-01
"2025-02",NA,12,"nariño","extortion",2025-02-01
"2025-02",NA,9,"putumayo","extortion",2025-02-01
"2025-02",NA,4,"quindio","extortion",2025-02-01
"2025-02",NA,2,"guainia","extortion",2025-02-01
"2025-02",NA,32,"cesar","extortion",2025-02-01
"2025-02",NA,11,"boyaca","extortion",2025-02-01
"2025-02",NA,10,"risaralda","extortion",2025-02-01
"2025-02",NA,9,"caqueta","extortion",2025-02-01
"2025-02",NA,8,"la guajira","extortion",2025-02-01
"2025-02","arauca",4,"arauca","extortion",2025-02-01
"2025-02",NA,2,"vichada","extortion",2025-02-01
"2025-02",NA,1,"san andres islas","extortion",2025-02-01
"2025-01",NA,30,"cesar","extortion",2025-01-01
"2025-01",NA,29,"santander","extortion",2025-01-01
"2025-01",NA,95,"atlantico","extortion",2025-01-01
"2025-01",NA,172,"bogota d.c.","extortion",2025-01-01
"2025-01","buenaventura",12,"valle del cauca","extortion",2025-01-01
"2025-01",NA,113,"antioquia","extortion",2025-01-01
"2025-01",NA,44,"norte de santander","extortion",2025-01-01
"2025-01",NA,64,"valle del cauca","extortion",2025-01-01
"2025-01",NA,24,"tolima","extortion",2025-01-01
"2025-01",NA,22,"huila","extortion",2025-01-01
"2025-01",NA,13,"risaralda","extortion",2025-01-01
"2025-01",NA,32,"cauca","extortion",2025-01-01
"2025-01",NA,2,"casanare","extortion",2025-01-01
"2025-01",NA,21,"cundinamarca","extortion",2025-01-01
"2025-01",NA,20,"magdalena","extortion",2025-01-01
"2025-01",NA,11,"caqueta","extortion",2025-01-01
"2025-01",NA,26,"bolivar","extortion",2025-01-01
"2025-01",NA,45,"meta","extortion",2025-01-01
"2025-01",NA,24,"choco","extortion",2025-01-01
"2025-01",NA,9,"guaviare","extortion",2025-01-01
"2025-01",NA,25,"sucre","extortion",2025-01-01
"2025-01",NA,13,"nariño","extortion",2025-01-01
"2025-01",NA,12,"caldas","extortion",2025-01-01
"2025-01",NA,4,"quindio","extortion",2025-01-01
"2025-01",NA,7,"cordoba","extortion",2025-01-01
"2025-01",NA,10,"boyaca","extortion",2025-01-01
"2025-01",NA,5,"la guajira","extortion",2025-01-01
"2025-01",NA,3,"putumayo","extortion",2025-01-01
"2025-01","arauca",4,"arauca","extortion",2025-01-01
"2025-01",NA,1,"vichada","extortion",2025-01-01
"2024-12",NA,27,"cesar","extortion",2024-12-01
"2024-12",NA,145,"antioquia","extortion",2024-12-01
"2024-12",NA,271,"bogota d.c.","extortion",2024-12-01
"2024-12","buenaventura",15,"valle del cauca","extortion",2024-12-01
"2024-12",NA,90,"valle del cauca","extortion",2024-12-01
"2024-12",NA,56,"bolivar","extortion",2024-12-01
"2024-12",NA,56,"norte de santander","extortion",2024-12-01
"2024-12",NA,6,"caldas","extortion",2024-12-01
"2024-12",NA,10,"huila","extortion",2024-12-01
"2024-12",NA,145,"atlantico","extortion",2024-12-01
"2024-12",NA,38,"tolima","extortion",2024-12-01
"2024-12",NA,21,"la guajira","extortion",2024-12-01
"2024-12",NA,37,"magdalena","extortion",2024-12-01
"2024-12",NA,39,"meta","extortion",2024-12-01
"2024-12",NA,18,"sucre","extortion",2024-12-01
"2024-12","arauca",7,"arauca","extortion",2024-12-01
"2024-12",NA,11,"quindio","extortion",2024-12-01
"2024-12",NA,44,"santander","extortion",2024-12-01
"2024-12",NA,19,"risaralda","extortion",2024-12-01
"2024-12",NA,20,"nariño","extortion",2024-12-01
"2024-12",NA,49,"cundinamarca","extortion",2024-12-01
"2024-12",NA,14,"caqueta","extortion",2024-12-01
"2024-12",NA,37,"cauca","extortion",2024-12-01
"2024-12",NA,8,"cordoba","extortion",2024-12-01
"2024-12",NA,21,"boyaca","extortion",2024-12-01
"2024-12",NA,31,"choco","extortion",2024-12-01
"2024-12",NA,14,"casanare","extortion",2024-12-01
"2024-12",NA,6,"putumayo","extortion",2024-12-01
"2024-12",NA,2,"guaviare","extortion",2024-12-01
"2024-12",NA,2,"guainia","extortion",2024-12-01
"2024-12",NA,1,"san andres islas","extortion",2024-12-01
"2024-11",NA,29,"huila","extortion",2024-11-01
"2024-11",NA,134,"atlantico","extortion",2024-11-01
"2024-11",NA,264,"bogota d.c.","extortion",2024-11-01
"2024-11","buenaventura",5,"valle del cauca","extortion",2024-11-01
"2024-11",NA,43,"cundinamarca","extortion",2024-11-01
"2024-11",NA,114,"valle del cauca","extortion",2024-11-01
"2024-11",NA,36,"bolivar","extortion",2024-11-01
"2024-11",NA,56,"tolima","extortion",2024-11-01
"2024-11",NA,53,"meta","extortion",2024-11-01
"2024-11",NA,229,"antioquia","extortion",2024-11-01
"2024-11",NA,9,"cordoba","extortion",2024-11-01
"2024-11",NA,43,"santander","extortion",2024-11-01
"2024-11",NA,38,"choco","extortion",2024-11-01
"2024-11",NA,49,"norte de santander","extortion",2024-11-01
"2024-11",NA,31,"nariño","extortion",2024-11-01
"2024-11",NA,20,"boyaca","extortion",2024-11-01
"2024-11",NA,5,"guaviare","extortion",2024-11-01
"2024-11",NA,50,"magdalena","extortion",2024-11-01
"2024-11",NA,21,"casanare","extortion",2024-11-01
"2024-11",NA,11,"caqueta","extortion",2024-11-01
"2024-11",NA,6,"caldas","extortion",2024-11-01
"2024-11",NA,31,"cauca","extortion",2024-11-01
"2024-11",NA,12,"la guajira","extortion",2024-11-01
"2024-11",NA,13,"sucre","extortion",2024-11-01
"2024-11",NA,17,"cesar","extortion",2024-11-01
"2024-11",NA,19,"risaralda","extortion",2024-11-01
"2024-11",NA,3,"putumayo","extortion",2024-11-01
"2024-11",NA,6,"quindio","extortion",2024-11-01
"2024-11","arauca",6,"arauca","extortion",2024-11-01
"2024-11",NA,1,"vichada","extortion",2024-11-01
"2024-10",NA,31,"bolivar","extortion",2024-10-01
"2024-10",NA,60,"tolima","extortion",2024-10-01
"2024-10",NA,224,"antioquia","extortion",2024-10-01
"2024-10",NA,51,"norte de santander","extortion",2024-10-01
"2024-10",NA,113,"valle del cauca","extortion",2024-10-01
"2024-10",NA,17,"caqueta","extortion",2024-10-01
"2024-10",NA,64,"meta","extortion",2024-10-01
"2024-10",NA,20,"la guajira","extortion",2024-10-01
"2024-10",NA,13,"nariño","extortion",2024-10-01
"2024-10",NA,26,"cesar","extortion",2024-10-01
"2024-10",NA,37,"cundinamarca","extortion",2024-10-01
"2024-10",NA,11,"risaralda","extortion",2024-10-01
"2024-10",NA,155,"atlantico","extortion",2024-10-01
"2024-10",NA,17,"boyaca","extortion",2024-10-01
"2024-10",NA,37,"cauca","extortion",2024-10-01
"2024-10",NA,30,"santander","extortion",2024-10-01
"2024-10",NA,250,"bogota d.c.","extortion",2024-10-01
"2024-10",NA,30,"magdalena","extortion",2024-10-01
"2024-10",NA,31,"choco","extortion",2024-10-01
"2024-10",NA,21,"sucre","extortion",2024-10-01
"2024-10",NA,35,"huila","extortion",2024-10-01
"2024-10",NA,3,"putumayo","extortion",2024-10-01
"2024-10",NA,15,"casanare","extortion",2024-10-01
"2024-10",NA,10,"quindio","extortion",2024-10-01
"2024-10","arauca",8,"arauca","extortion",2024-10-01
"2024-10",NA,10,"cordoba","extortion",2024-10-01
"2024-10",NA,5,"caldas","extortion",2024-10-01
"2024-10","buenaventura",7,"valle del cauca","extortion",2024-10-01
"2024-10",NA,1,"san andres islas","extortion",2024-10-01
"2024-10",NA,1,"vichada","extortion",2024-10-01
"2024-10",NA,1,"amazonas","extortion",2024-10-01
"2024-10",NA,1,"guainia","extortion",2024-10-01
"2024-10",NA,1,"guaviare","extortion",2024-10-01
"2024-09",NA,20,"sucre","extortion",2024-09-01
"2024-09",NA,17,"boyaca","extortion",2024-09-01
"2024-09",NA,10,"caqueta","extortion",2024-09-01
"2024-09",NA,54,"norte de santander","extortion",2024-09-01
"2024-09",NA,136,"valle del cauca","extortion",2024-09-01
"2024-09",NA,206,"antioquia","extortion",2024-09-01
"2024-09",NA,11,"cordoba","extortion",2024-09-01
"2024-09",NA,33,"huila","extortion",2024-09-01
"2024-09",NA,32,"choco","extortion",2024-09-01
"2024-09",NA,28,"cauca","extortion",2024-09-01
"2024-09",NA,50,"tolima","extortion",2024-09-01
"2024-09",NA,142,"atlantico","extortion",2024-09-01
"2024-09",NA,77,"meta","extortion",2024-09-01
"2024-09",NA,29,"cundinamarca","extortion",2024-09-01
"2024-09",NA,22,"cesar","extortion",2024-09-01
"2024-09",NA,228,"bogota d.c.","extortion",2024-09-01
"2024-09",NA,22,"risaralda","extortion",2024-09-01
"2024-09",NA,14,"nariño","extortion",2024-09-01
"2024-09",NA,36,"magdalena","extortion",2024-09-01
"2024-09",NA,21,"casanare","extortion",2024-09-01
"2024-09",NA,13,"quindio","extortion",2024-09-01
"2024-09",NA,23,"santander","extortion",2024-09-01
"2024-09",NA,6,"la guajira","extortion",2024-09-01
"2024-09",NA,3,"putumayo","extortion",2024-09-01
"2024-09",NA,21,"bolivar","extortion",2024-09-01
"2024-09","arauca",7,"arauca","extortion",2024-09-01
"2024-09","tumaco",1,"nariño","extortion",2024-09-01
"2024-09",NA,9,"caldas","extortion",2024-09-01
"2024-09",NA,1,"vaupes","extortion",2024-09-01
"2024-09",NA,2,"guaviare","extortion",2024-09-01
"2024-09","buenaventura",10,"valle del cauca","extortion",2024-09-01
"2024-09",NA,1,"vichada","extortion",2024-09-01
"2024-08",NA,150,"atlantico","extortion",2024-08-01
"2024-08",NA,245,"bogota d.c.","extortion",2024-08-01
"2024-08",NA,32,"bolivar","extortion",2024-08-01
"2024-08",NA,49,"tolima","extortion",2024-08-01
"2024-08",NA,187,"antioquia","extortion",2024-08-01
"2024-08",NA,132,"valle del cauca","extortion",2024-08-01
"2024-08",NA,17,"nariño","extortion",2024-08-01
"2024-08",NA,4,"putumayo","extortion",2024-08-01
"2024-08",NA,26,"cundinamarca","extortion",2024-08-01
"2024-08",NA,37,"cauca","extortion",2024-08-01
"2024-08",NA,93,"meta","extortion",2024-08-01
"2024-08",NA,14,"sucre","extortion",2024-08-01
"2024-08",NA,32,"santander","extortion",2024-08-01
"2024-08",NA,24,"huila","extortion",2024-08-01
"2024-08",NA,13,"risaralda","extortion",2024-08-01
"2024-08",NA,20,"cesar","extortion",2024-08-01
"2024-08",NA,15,"casanare","extortion",2024-08-01
"2024-08","buenaventura",13,"valle del cauca","extortion",2024-08-01
"2024-08",NA,56,"norte de santander","extortion",2024-08-01
"2024-08",NA,13,"boyaca","extortion",2024-08-01
"2024-08",NA,40,"choco","extortion",2024-08-01
"2024-08",NA,5,"caldas","extortion",2024-08-01
"2024-08",NA,21,"magdalena","extortion",2024-08-01
"2024-08",NA,14,"la guajira","extortion",2024-08-01
"2024-08",NA,12,"caqueta","extortion",2024-08-01
"2024-08",NA,8,"quindio","extortion",2024-08-01
"2024-08","tumaco",2,"nariño","extortion",2024-08-01
"2024-08",NA,5,"guaviare","extortion",2024-08-01
"2024-08","arauca",5,"arauca","extortion",2024-08-01
"2024-08",NA,1,"san andres islas","extortion",2024-08-01
"2024-08",NA,7,"cordoba","extortion",2024-08-01
"2024-08",NA,1,"guainia","extortion",2024-08-01
"2024-07",NA,30,"magdalena","extortion",2024-07-01
"2024-07",NA,23,"sucre","extortion",2024-07-01
"2024-07",NA,14,"boyaca","extortion",2024-07-01
"2024-07",NA,37,"cesar","extortion",2024-07-01
"2024-07",NA,94,"meta","extortion",2024-07-01
"2024-07",NA,105,"valle del cauca","extortion",2024-07-01
"2024-07",NA,12,"nariño","extortion",2024-07-01
"2024-07",NA,163,"antioquia","extortion",2024-07-01
"2024-07",NA,28,"huila","extortion",2024-07-01
"2024-07",NA,145,"atlantico","extortion",2024-07-01
"2024-07",NA,222,"bogota d.c.","extortion",2024-07-01
"2024-07",NA,21,"bolivar","extortion",2024-07-01
"2024-07",NA,47,"norte de santander","extortion",2024-07-01
"2024-07",NA,34,"tolima","extortion",2024-07-01
"2024-07",NA,26,"santander","extortion",2024-07-01
"2024-07",NA,42,"cauca","extortion",2024-07-01
"2024-07",NA,28,"cundinamarca","extortion",2024-07-01
"2024-07",NA,50,"choco","extortion",2024-07-01
"2024-07","buenaventura",17,"valle del cauca","extortion",2024-07-01
"2024-07",NA,9,"la guajira","extortion",2024-07-01
"2024-07",NA,1,"vaupes","extortion",2024-07-01
"2024-07","arauca",4,"arauca","extortion",2024-07-01
"2024-07",NA,17,"caqueta","extortion",2024-07-01
"2024-07",NA,6,"quindio","extortion",2024-07-01
"2024-07",NA,12,"caldas","extortion",2024-07-01
"2024-07",NA,5,"cordoba","extortion",2024-07-01
"2024-07",NA,11,"casanare","extortion",2024-07-01
"2024-07",NA,5,"risaralda","extortion",2024-07-01
"2024-07",NA,5,"guaviare","extortion",2024-07-01
"2024-07",NA,4,"putumayo","extortion",2024-07-01
"2024-07",NA,1,"guainia","extortion",2024-07-01
"2024-06",NA,95,"atlantico","extortion",2024-06-01
"2024-06",NA,181,"bogota d.c.","extortion",2024-06-01
"2024-06",NA,114,"valle del cauca","extortion",2024-06-01
"2024-06",NA,40,"cauca","extortion",2024-06-01
"2024-06",NA,138,"antioquia","extortion",2024-06-01
"2024-06",NA,53,"norte de santander","extortion",2024-06-01
"2024-06",NA,13,"la guajira","extortion",2024-06-01
"2024-06",NA,31,"cesar","extortion",2024-06-01
"2024-06",NA,59,"tolima","extortion",2024-06-01
"2024-06",NA,92,"meta","extortion",2024-06-01
"2024-06",NA,16,"santander","extortion",2024-06-01
"2024-06",NA,28,"cundinamarca","extortion",2024-06-01
"2024-06",NA,22,"huila","extortion",2024-06-01
"2024-06",NA,16,"nariño","extortion",2024-06-01
"2024-06",NA,8,"risaralda","extortion",2024-06-01
"2024-06",NA,19,"choco","extortion",2024-06-01
"2024-06",NA,10,"sucre","extortion",2024-06-01
"2024-06",NA,6,"cordoba","extortion",2024-06-01
"2024-06","arauca",5,"arauca","extortion",2024-06-01
"2024-06",NA,12,"caqueta","extortion",2024-06-01
"2024-06",NA,20,"magdalena","extortion",2024-06-01
"2024-06",NA,6,"caldas","extortion",2024-06-01
"2024-06",NA,13,"quindio","extortion",2024-06-01
"2024-06","buenaventura",16,"valle del cauca","extortion",2024-06-01
"2024-06",NA,19,"bolivar","extortion",2024-06-01
"2024-06",NA,6,"boyaca","extortion",2024-06-01
"2024-06",NA,6,"casanare","extortion",2024-06-01
"2024-06",NA,8,"putumayo","extortion",2024-06-01
"2024-06","tumaco",2,"nariño","extortion",2024-06-01
"2024-06",NA,6,"guaviare","extortion",2024-06-01
"2024-05",NA,45,"cauca","extortion",2024-05-01
"2024-05",NA,88,"valle del cauca","extortion",2024-05-01
"2024-05",NA,18,"boyaca","extortion",2024-05-01
"2024-05",NA,51,"cesar","extortion",2024-05-01
"2024-05",NA,150,"antioquia","extortion",2024-05-01
"2024-05",NA,78,"meta","extortion",2024-05-01
"2024-05",NA,159,"atlantico","extortion",2024-05-01
"2024-05",NA,233,"bogota d.c.","extortion",2024-05-01
"2024-05",NA,32,"huila","extortion",2024-05-01
"2024-05",NA,32,"tolima","extortion",2024-05-01
"2024-05",NA,15,"magdalena","extortion",2024-05-01
"2024-05",NA,43,"norte de santander","extortion",2024-05-01
"2024-05",NA,15,"caqueta","extortion",2024-05-01
"2024-05",NA,28,"santander","extortion",2024-05-01
"2024-05",NA,9,"risaralda","extortion",2024-05-01
"2024-05",NA,35,"choco","extortion",2024-05-01
"2024-05","buenaventura",18,"valle del cauca","extortion",2024-05-01
"2024-05",NA,19,"cundinamarca","extortion",2024-05-01
"2024-05",NA,7,"cordoba","extortion",2024-05-01
"2024-05",NA,9,"quindio","extortion",2024-05-01
"2024-05",NA,11,"sucre","extortion",2024-05-01
"2024-05",NA,16,"caldas","extortion",2024-05-01
"2024-05",NA,15,"bolivar","extortion",2024-05-01
"2024-05",NA,23,"nariño","extortion",2024-05-01
"2024-05",NA,4,"putumayo","extortion",2024-05-01
"2024-05",NA,7,"casanare","extortion",2024-05-01
"2024-05",NA,5,"guaviare","extortion",2024-05-01
"2024-05","arauca",6,"arauca","extortion",2024-05-01
"2024-05",NA,3,"la guajira","extortion",2024-05-01
"2024-04",NA,225,"bogota d.c.","extortion",2024-04-01
"2024-04",NA,41,"cauca","extortion",2024-04-01
"2024-04",NA,57,"valle del cauca","extortion",2024-04-01
"2024-04",NA,148,"antioquia","extortion",2024-04-01
"2024-04",NA,20,"magdalena","extortion",2024-04-01
"2024-04",NA,33,"choco","extortion",2024-04-01
"2024-04",NA,27,"bolivar","extortion",2024-04-01
"2024-04",NA,41,"norte de santander","extortion",2024-04-01
"2024-04",NA,60,"meta","extortion",2024-04-01
"2024-04",NA,27,"tolima","extortion",2024-04-01
"2024-04",NA,6,"cordoba","extortion",2024-04-01
"2024-04",NA,19,"risaralda","extortion",2024-04-01
"2024-04",NA,106,"atlantico","extortion",2024-04-01
"2024-04",NA,4,"boyaca","extortion",2024-04-01
"2024-04",NA,18,"santander","extortion",2024-04-01
"2024-04","buenaventura",16,"valle del cauca","extortion",2024-04-01
"2024-04",NA,25,"cundinamarca","extortion",2024-04-01
"2024-04",NA,15,"nariño","extortion",2024-04-01
"2024-04",NA,5,"la guajira","extortion",2024-04-01
"2024-04",NA,42,"huila","extortion",2024-04-01
"2024-04",NA,28,"cesar","extortion",2024-04-01
"2024-04",NA,6,"caqueta","extortion",2024-04-01
"2024-04",NA,6,"quindio","extortion",2024-04-01
"2024-04",NA,7,"sucre","extortion",2024-04-01
"2024-04",NA,6,"caldas","extortion",2024-04-01
"2024-04","arauca",6,"arauca","extortion",2024-04-01
"2024-04",NA,12,"casanare","extortion",2024-04-01
"2024-04","tumaco",3,"nariño","extortion",2024-04-01
"2024-04",NA,4,"guaviare","extortion",2024-04-01
"2024-04",NA,5,"putumayo","extortion",2024-04-01
"2024-04",NA,1,"vichada","extortion",2024-04-01
"2024-03",NA,152,"antioquia","extortion",2024-03-01
"2024-03",NA,115,"atlantico","extortion",2024-03-01
"2024-03",NA,224,"bogota d.c.","extortion",2024-03-01
"2024-03",NA,53,"valle del cauca","extortion",2024-03-01
"2024-03",NA,24,"choco","extortion",2024-03-01
"2024-03",NA,35,"norte de santander","extortion",2024-03-01
"2024-03",NA,44,"cauca","extortion",2024-03-01
"2024-03",NA,8,"caqueta","extortion",2024-03-01
"2024-03",NA,56,"meta","extortion",2024-03-01
"2024-03","arauca",3,"arauca","extortion",2024-03-01
"2024-03",NA,29,"cesar","extortion",2024-03-01
"2024-03",NA,25,"cundinamarca","extortion",2024-03-01
"2024-03",NA,22,"bolivar","extortion",2024-03-01
"2024-03",NA,9,"risaralda","extortion",2024-03-01
"2024-03",NA,18,"nariño","extortion",2024-03-01
"2024-03",NA,4,"caldas","extortion",2024-03-01
"2024-03",NA,37,"tolima","extortion",2024-03-01
"2024-03",NA,19,"huila","extortion",2024-03-01
"2024-03",NA,3,"casanare","extortion",2024-03-01
"2024-03",NA,10,"sucre","extortion",2024-03-01
"2024-03",NA,15,"magdalena","extortion",2024-03-01
"2024-03",NA,26,"santander","extortion",2024-03-01
"2024-03",NA,9,"quindio","extortion",2024-03-01
"2024-03",NA,9,"la guajira","extortion",2024-03-01
"2024-03",NA,10,"cordoba","extortion",2024-03-01
"2024-03",NA,5,"guaviare","extortion",2024-03-01
"2024-03",NA,5,"putumayo","extortion",2024-03-01
"2024-03",NA,17,"boyaca","extortion",2024-03-01
"2024-03","buenaventura",9,"valle del cauca","extortion",2024-03-01
"2024-03",NA,1,"san andres islas","extortion",2024-03-01
"2024-02",NA,38,"norte de santander","extortion",2024-02-01
"2024-02",NA,56,"meta","extortion",2024-02-01
"2024-02",NA,40,"cesar","extortion",2024-02-01
"2024-02",NA,11,"caldas","extortion",2024-02-01
"2024-02","arauca",10,"arauca","extortion",2024-02-01
"2024-02",NA,68,"atlantico","extortion",2024-02-01
"2024-02",NA,151,"antioquia","extortion",2024-02-01
"2024-02",NA,167,"bogota d.c.","extortion",2024-02-01
"2024-02",NA,31,"cauca","extortion",2024-02-01
"2024-02",NA,8,"casanare","extortion",2024-02-01
"2024-02",NA,35,"choco","extortion",2024-02-01
"2024-02",NA,21,"magdalena","extortion",2024-02-01
"2024-02","buenaventura",21,"valle del cauca","extortion",2024-02-01
"2024-02",NA,62,"valle del cauca","extortion",2024-02-01
"2024-02",NA,15,"risaralda","extortion",2024-02-01
"2024-02",NA,22,"cundinamarca","extortion",2024-02-01
"2024-02",NA,24,"bolivar","extortion",2024-02-01
"2024-02",NA,32,"tolima","extortion",2024-02-01
"2024-02",NA,17,"boyaca","extortion",2024-02-01
"2024-02",NA,33,"huila","extortion",2024-02-01
"2024-02",NA,7,"cordoba","extortion",2024-02-01
"2024-02",NA,13,"nariño","extortion",2024-02-01
"2024-02","tumaco",2,"nariño","extortion",2024-02-01
"2024-02",NA,19,"santander","extortion",2024-02-01
"2024-02",NA,11,"caqueta","extortion",2024-02-01
"2024-02",NA,9,"la guajira","extortion",2024-02-01
"2024-02",NA,9,"quindio","extortion",2024-02-01
"2024-02",NA,2,"vichada","extortion",2024-02-01
"2024-02",NA,11,"putumayo","extortion",2024-02-01
"2024-02",NA,10,"sucre","extortion",2024-02-01
"2024-02",NA,4,"guaviare","extortion",2024-02-01
"2024-01",NA,131,"bogota d.c.","extortion",2024-01-01
"2024-01",NA,61,"valle del cauca","extortion",2024-01-01
"2024-01",NA,38,"norte de santander","extortion",2024-01-01
"2024-01",NA,12,"caldas","extortion",2024-01-01
"2024-01",NA,131,"antioquia","extortion",2024-01-01
"2024-01",NA,12,"sucre","extortion",2024-01-01
"2024-01",NA,37,"huila","extortion",2024-01-01
"2024-01",NA,19,"risaralda","extortion",2024-01-01
"2024-01",NA,31,"cauca","extortion",2024-01-01
"2024-01",NA,20,"choco","extortion",2024-01-01
"2024-01",NA,57,"meta","extortion",2024-01-01
"2024-01",NA,20,"tolima","extortion",2024-01-01
"2024-01",NA,35,"cesar","extortion",2024-01-01
"2024-01",NA,7,"quindio","extortion",2024-01-01
"2024-01",NA,73,"atlantico","extortion",2024-01-01
"2024-01",NA,27,"bolivar","extortion",2024-01-01
"2024-01",NA,15,"cundinamarca","extortion",2024-01-01
"2024-01",NA,6,"cordoba","extortion",2024-01-01
"2024-01",NA,17,"magdalena","extortion",2024-01-01
"2024-01",NA,17,"boyaca","extortion",2024-01-01
"2024-01","buenaventura",9,"valle del cauca","extortion",2024-01-01
"2024-01",NA,6,"putumayo","extortion",2024-01-01
"2024-01",NA,9,"caqueta","extortion",2024-01-01
"2024-01","arauca",8,"arauca","extortion",2024-01-01
"2024-01",NA,9,"nariño","extortion",2024-01-01
"2024-01",NA,19,"santander","extortion",2024-01-01
"2024-01",NA,12,"la guajira","extortion",2024-01-01
"2024-01",NA,5,"casanare","extortion",2024-01-01
"2024-01",NA,3,"guaviare","extortion",2024-01-01
"2024-01",NA,1,"vichada","extortion",2024-01-01
"2024-01","tumaco",1,"nariño","extortion",2024-01-01
"2023-12",NA,46,"norte de santander","extortion",2023-12-01
"2023-12",NA,27,"cesar","extortion",2023-12-01
"2023-12",NA,163,"antioquia","extortion",2023-12-01
"2023-12",NA,21,"magdalena","extortion",2023-12-01
"2023-12",NA,30,"tolima","extortion",2023-12-01
"2023-12",NA,132,"valle del cauca","extortion",2023-12-01
"2023-12",NA,39,"santander","extortion",2023-12-01
"2023-12",NA,10,"caldas","extortion",2023-12-01
"2023-12",NA,45,"huila","extortion",2023-12-01
"2023-12",NA,173,"bogota d.c.","extortion",2023-12-01
"2023-12",NA,120,"atlantico","extortion",2023-12-01
"2023-12",NA,40,"bolivar","extortion",2023-12-01
"2023-12",NA,63,"meta","extortion",2023-12-01
"2023-12",NA,33,"cauca","extortion",2023-12-01
"2023-12",NA,27,"choco","extortion",2023-12-01
"2023-12",NA,9,"cordoba","extortion",2023-12-01
"2023-12",NA,21,"casanare","extortion",2023-12-01
"2023-12",NA,16,"boyaca","extortion",2023-12-01
"2023-12",NA,12,"putumayo","extortion",2023-12-01
"2023-12",NA,55,"cundinamarca","extortion",2023-12-01
"2023-12","buenaventura",15,"valle del cauca","extortion",2023-12-01
"2023-12",NA,22,"risaralda","extortion",2023-12-01
"2023-12",NA,8,"caqueta","extortion",2023-12-01
"2023-12",NA,9,"quindio","extortion",2023-12-01
"2023-12",NA,2,"vichada","extortion",2023-12-01
"2023-12",NA,5,"sucre","extortion",2023-12-01
"2023-12","tumaco",2,"nariño","extortion",2023-12-01
"2023-12","arauca",11,"arauca","extortion",2023-12-01
"2023-12",NA,15,"nariño","extortion",2023-12-01
"2023-12",NA,1,"amazonas","extortion",2023-12-01
"2023-12",NA,13,"la guajira","extortion",2023-12-01
"2023-12",NA,7,"guaviare","extortion",2023-12-01
"2023-12",NA,1,"san andres islas","extortion",2023-12-01
"2023-11",NA,127,"valle del cauca","extortion",2023-11-01
"2023-11",NA,155,"antioquia","extortion",2023-11-01
"2023-11",NA,154,"atlantico","extortion",2023-11-01
"2023-11",NA,33,"santander","extortion",2023-11-01
"2023-11",NA,61,"huila","extortion",2023-11-01
"2023-11",NA,14,"risaralda","extortion",2023-11-01
"2023-11",NA,35,"norte de santander","extortion",2023-11-01
"2023-11",NA,13,"cordoba","extortion",2023-11-01
"2023-11",NA,35,"choco","extortion",2023-11-01
"2023-11",NA,213,"bogota d.c.","extortion",2023-11-01
"2023-11",NA,24,"nariño","extortion",2023-11-01
"2023-11",NA,39,"cauca","extortion",2023-11-01
"2023-11",NA,49,"bolivar","extortion",2023-11-01
"2023-11","arauca",8,"arauca","extortion",2023-11-01
"2023-11",NA,19,"magdalena","extortion",2023-11-01
"2023-11",NA,19,"boyaca","extortion",2023-11-01
"2023-11",NA,8,"caldas","extortion",2023-11-01
"2023-11",NA,8,"putumayo","extortion",2023-11-01
"2023-11",NA,26,"cesar","extortion",2023-11-01
"2023-11",NA,46,"cundinamarca","extortion",2023-11-01
"2023-11",NA,37,"tolima","extortion",2023-11-01
"2023-11",NA,20,"casanare","extortion",2023-11-01
"2023-11",NA,45,"meta","extortion",2023-11-01
"2023-11",NA,8,"la guajira","extortion",2023-11-01
"2023-11",NA,11,"sucre","extortion",2023-11-01
"2023-11",NA,18,"caqueta","extortion",2023-11-01
"2023-11",NA,6,"guaviare","extortion",2023-11-01
"2023-11",NA,14,"quindio","extortion",2023-11-01
"2023-11","buenaventura",8,"valle del cauca","extortion",2023-11-01
"2023-11",NA,1,"san andres islas","extortion",2023-11-01
"2023-11",NA,1,"vaupes","extortion",2023-11-01
"2023-11","tumaco",1,"nariño","extortion",2023-11-01
"2023-10",NA,37,"bolivar","extortion",2023-10-01
"2023-10",NA,36,"cundinamarca","extortion",2023-10-01
"2023-10",NA,21,"boyaca","extortion",2023-10-01
"2023-10",NA,5,"la guajira","extortion",2023-10-01
"2023-10",NA,85,"valle del cauca","extortion",2023-10-01
"2023-10",NA,179,"atlantico","extortion",2023-10-01
"2023-10",NA,22,"magdalena","extortion",2023-10-01
"2023-10",NA,7,"putumayo","extortion",2023-10-01
"2023-10",NA,46,"meta","extortion",2023-10-01
"2023-10",NA,1,"guainia","extortion",2023-10-01
"2023-10",NA,163,"antioquia","extortion",2023-10-01
"2023-10",NA,11,"caqueta","extortion",2023-10-01
"2023-10",NA,40,"choco","extortion",2023-10-01
"2023-10",NA,149,"bogota d.c.","extortion",2023-10-01
"2023-10",NA,43,"huila","extortion",2023-10-01
"2023-10",NA,27,"santander","extortion",2023-10-01
"2023-10",NA,6,"sucre","extortion",2023-10-01
"2023-10",NA,8,"risaralda","extortion",2023-10-01
"2023-10",NA,13,"quindio","extortion",2023-10-01
"2023-10",NA,47,"cauca","extortion",2023-10-01
"2023-10",NA,20,"nariño","extortion",2023-10-01
"2023-10",NA,29,"cesar","extortion",2023-10-01
"2023-10",NA,5,"guaviare","extortion",2023-10-01
"2023-10",NA,11,"cordoba","extortion",2023-10-01
"2023-10","arauca",7,"arauca","extortion",2023-10-01
"2023-10",NA,35,"norte de santander","extortion",2023-10-01
"2023-10",NA,1,"san andres islas","extortion",2023-10-01
"2023-10","buenaventura",9,"valle del cauca","extortion",2023-10-01
"2023-10",NA,10,"casanare","extortion",2023-10-01
"2023-10",NA,9,"caldas","extortion",2023-10-01
"2023-10",NA,33,"tolima","extortion",2023-10-01
"2023-10","tumaco",1,"nariño","extortion",2023-10-01
"2023-10",NA,1,"vichada","extortion",2023-10-01
"2023-09",NA,125,"bogota d.c.","extortion",2023-09-01
"2023-09",NA,9,"guaviare","extortion",2023-09-01
"2023-09",NA,54,"meta","extortion",2023-09-01
"2023-09",NA,155,"antioquia","extortion",2023-09-01
"2023-09",NA,176,"atlantico","extortion",2023-09-01
"2023-09",NA,42,"cauca","extortion",2023-09-01
"2023-09",NA,25,"tolima","extortion",2023-09-01
"2023-09",NA,38,"huila","extortion",2023-09-01
"2023-09",NA,34,"cundinamarca","extortion",2023-09-01
"2023-09",NA,38,"choco","extortion",2023-09-01
"2023-09",NA,109,"valle del cauca","extortion",2023-09-01
"2023-09",NA,15,"nariño","extortion",2023-09-01
"2023-09",NA,9,"cordoba","extortion",2023-09-01
"2023-09",NA,49,"norte de santander","extortion",2023-09-01
"2023-09",NA,7,"putumayo","extortion",2023-09-01
"2023-09",NA,16,"magdalena","extortion",2023-09-01
"2023-09",NA,5,"risaralda","extortion",2023-09-01
"2023-09",NA,36,"bolivar","extortion",2023-09-01
"2023-09",NA,24,"cesar","extortion",2023-09-01
"2023-09","arauca",2,"arauca","extortion",2023-09-01
"2023-09",NA,20,"santander","extortion",2023-09-01
"2023-09",NA,8,"quindio","extortion",2023-09-01
"2023-09",NA,24,"boyaca","extortion",2023-09-01
"2023-09",NA,6,"casanare","extortion",2023-09-01
"2023-09",NA,5,"sucre","extortion",2023-09-01
"2023-09",NA,9,"caldas","extortion",2023-09-01
"2023-09",NA,3,"la guajira","extortion",2023-09-01
"2023-09",NA,6,"san andres islas","extortion",2023-09-01
"2023-09",NA,4,"caqueta","extortion",2023-09-01
"2023-09","tumaco",1,"nariño","extortion",2023-09-01
"2023-09","buenaventura",12,"valle del cauca","extortion",2023-09-01
"2023-08",NA,146,"antioquia","extortion",2023-08-01
"2023-08",NA,149,"atlantico","extortion",2023-08-01
"2023-08",NA,116,"bogota d.c.","extortion",2023-08-01
"2023-08",NA,29,"tolima","extortion",2023-08-01
"2023-08",NA,22,"santander","extortion",2023-08-01
"2023-08",NA,25,"huila","extortion",2023-08-01
"2023-08",NA,34,"cundinamarca","extortion",2023-08-01
"2023-08",NA,12,"magdalena","extortion",2023-08-01
"2023-08",NA,50,"norte de santander","extortion",2023-08-01
"2023-08",NA,44,"choco","extortion",2023-08-01
"2023-08",NA,109,"valle del cauca","extortion",2023-08-01
"2023-08","arauca",6,"arauca","extortion",2023-08-01
"2023-08",NA,21,"cesar","extortion",2023-08-01
"2023-08",NA,5,"caldas","extortion",2023-08-01
"2023-08",NA,12,"boyaca","extortion",2023-08-01
"2023-08",NA,38,"cauca","extortion",2023-08-01
"2023-08",NA,9,"sucre","extortion",2023-08-01
"2023-08",NA,6,"casanare","extortion",2023-08-01
"2023-08",NA,10,"quindio","extortion",2023-08-01
"2023-08",NA,31,"meta","extortion",2023-08-01
"2023-08",NA,13,"nariño","extortion",2023-08-01
"2023-08",NA,22,"bolivar","extortion",2023-08-01
"2023-08",NA,9,"putumayo","extortion",2023-08-01
"2023-08","buenaventura",21,"valle del cauca","extortion",2023-08-01
"2023-08",NA,3,"la guajira","extortion",2023-08-01
"2023-08",NA,1,"vichada","extortion",2023-08-01
"2023-08",NA,6,"caqueta","extortion",2023-08-01
"2023-08",NA,6,"risaralda","extortion",2023-08-01
"2023-08",NA,3,"guaviare","extortion",2023-08-01
"2023-08",NA,10,"cordoba","extortion",2023-08-01
"2023-07",NA,124,"bogota d.c.","extortion",2023-07-01
"2023-07",NA,119,"atlantico","extortion",2023-07-01
"2023-07",NA,30,"cundinamarca","extortion",2023-07-01
"2023-07",NA,10,"nariño","extortion",2023-07-01
"2023-07","buenaventura",10,"valle del cauca","extortion",2023-07-01
"2023-07",NA,115,"antioquia","extortion",2023-07-01
"2023-07",NA,14,"huila","extortion",2023-07-01
"2023-07",NA,70,"valle del cauca","extortion",2023-07-01
"2023-07",NA,31,"tolima","extortion",2023-07-01
"2023-07",NA,21,"cauca","extortion",2023-07-01
"2023-07",NA,34,"choco","extortion",2023-07-01
"2023-07",NA,18,"boyaca","extortion",2023-07-01
"2023-07",NA,30,"meta","extortion",2023-07-01
"2023-07",NA,6,"sucre","extortion",2023-07-01
"2023-07",NA,22,"santander","extortion",2023-07-01
"2023-07",NA,24,"magdalena","extortion",2023-07-01
"2023-07",NA,19,"cesar","extortion",2023-07-01
"2023-07",NA,56,"norte de santander","extortion",2023-07-01
"2023-07",NA,3,"vichada","extortion",2023-07-01
"2023-07",NA,13,"bolivar","extortion",2023-07-01
"2023-07",NA,3,"risaralda","extortion",2023-07-01
"2023-07",NA,2,"la guajira","extortion",2023-07-01
"2023-07",NA,3,"putumayo","extortion",2023-07-01
"2023-07",NA,6,"cordoba","extortion",2023-07-01
"2023-07","tumaco",1,"nariño","extortion",2023-07-01
"2023-07",NA,5,"caqueta","extortion",2023-07-01
"2023-07",NA,2,"san andres islas","extortion",2023-07-01
"2023-07",NA,7,"caldas","extortion",2023-07-01
"2023-07","arauca",3,"arauca","extortion",2023-07-01
"2023-07",NA,3,"casanare","extortion",2023-07-01
"2023-07",NA,6,"quindio","extortion",2023-07-01
"2023-07",NA,1,"guainia","extortion",2023-07-01
"2023-07",NA,3,"guaviare","extortion",2023-07-01
"2023-06",NA,68,"norte de santander","extortion",2023-06-01
"2023-06",NA,110,"antioquia","extortion",2023-06-01
"2023-06",NA,57,"valle del cauca","extortion",2023-06-01
"2023-06",NA,121,"atlantico","extortion",2023-06-01
"2023-06",NA,22,"boyaca","extortion",2023-06-01
"2023-06",NA,1,"san andres islas","extortion",2023-06-01
"2023-06",NA,34,"meta","extortion",2023-06-01
"2023-06",NA,20,"magdalena","extortion",2023-06-01
"2023-06",NA,109,"bogota d.c.","extortion",2023-06-01
"2023-06",NA,17,"cesar","extortion",2023-06-01
"2023-06",NA,7,"sucre","extortion",2023-06-01
"2023-06",NA,13,"santander","extortion",2023-06-01
"2023-06",NA,22,"choco","extortion",2023-06-01
"2023-06",NA,2,"putumayo","extortion",2023-06-01
"2023-06",NA,33,"cundinamarca","extortion",2023-06-01
"2023-06",NA,11,"tolima","extortion",2023-06-01
"2023-06",NA,17,"bolivar","extortion",2023-06-01
"2023-06","buenaventura",9,"valle del cauca","extortion",2023-06-01
"2023-06","arauca",11,"arauca","extortion",2023-06-01
"2023-06",NA,7,"risaralda","extortion",2023-06-01
"2023-06",NA,3,"la guajira","extortion",2023-06-01
"2023-06",NA,27,"cauca","extortion",2023-06-01
"2023-06",NA,6,"casanare","extortion",2023-06-01
"2023-06",NA,7,"quindio","extortion",2023-06-01
"2023-06",NA,3,"caqueta","extortion",2023-06-01
"2023-06",NA,8,"huila","extortion",2023-06-01
"2023-06",NA,7,"nariño","extortion",2023-06-01
"2023-06",NA,10,"caldas","extortion",2023-06-01
"2023-06",NA,5,"cordoba","extortion",2023-06-01
"2023-06",NA,2,"guaviare","extortion",2023-06-01
"2023-06",NA,1,"vaupes","extortion",2023-06-01
"2023-05",NA,12,"bolivar","extortion",2023-05-01
"2023-05",NA,3,"casanare","extortion",2023-05-01
"2023-05",NA,182,"antioquia","extortion",2023-05-01
"2023-05",NA,128,"bogota d.c.","extortion",2023-05-01
"2023-05",NA,45,"cauca","extortion",2023-05-01
"2023-05",NA,24,"choco","extortion",2023-05-01
"2023-05",NA,3,"guaviare","extortion",2023-05-01
"2023-05",NA,61,"valle del cauca","extortion",2023-05-01
"2023-05",NA,40,"meta","extortion",2023-05-01
"2023-05",NA,8,"sucre","extortion",2023-05-01
"2023-05",NA,63,"norte de santander","extortion",2023-05-01
"2023-05",NA,26,"tolima","extortion",2023-05-01
"2023-05",NA,18,"boyaca","extortion",2023-05-01
"2023-05",NA,29,"cundinamarca","extortion",2023-05-01
"2023-05",NA,16,"santander","extortion",2023-05-01
"2023-05","arauca",4,"arauca","extortion",2023-05-01
"2023-05",NA,5,"putumayo","extortion",2023-05-01
"2023-05",NA,16,"cesar","extortion",2023-05-01
"2023-05",NA,85,"atlantico","extortion",2023-05-01
"2023-05","buenaventura",22,"valle del cauca","extortion",2023-05-01
"2023-05",NA,2,"cordoba","extortion",2023-05-01
"2023-05",NA,13,"nariño","extortion",2023-05-01
"2023-05","tumaco",1,"nariño","extortion",2023-05-01
"2023-05",NA,6,"la guajira","extortion",2023-05-01
"2023-05",NA,8,"huila","extortion",2023-05-01
"2023-05",NA,6,"quindio","extortion",2023-05-01
"2023-05",NA,14,"magdalena","extortion",2023-05-01
"2023-05",NA,2,"risaralda","extortion",2023-05-01
"2023-05",NA,6,"caldas","extortion",2023-05-01
"2023-05",NA,1,"san andres islas","extortion",2023-05-01
"2023-05",NA,2,"caqueta","extortion",2023-05-01
"2023-05",NA,1,"guainia","extortion",2023-05-01
"2023-04",NA,204,"antioquia","extortion",2023-04-01
"2023-04",NA,38,"cauca","extortion",2023-04-01
"2023-04",NA,98,"bogota d.c.","extortion",2023-04-01
"2023-04",NA,19,"cundinamarca","extortion",2023-04-01
"2023-04",NA,8,"caldas","extortion",2023-04-01
"2023-04",NA,22,"magdalena","extortion",2023-04-01
"2023-04",NA,55,"norte de santander","extortion",2023-04-01
"2023-04",NA,77,"atlantico","extortion",2023-04-01
"2023-04",NA,32,"choco","extortion",2023-04-01
"2023-04",NA,42,"meta","extortion",2023-04-01
"2023-04",NA,11,"nariño","extortion",2023-04-01
"2023-04",NA,57,"valle del cauca","extortion",2023-04-01
"2023-04",NA,6,"guaviare","extortion",2023-04-01
"2023-04",NA,8,"cesar","extortion",2023-04-01
"2023-04",NA,8,"putumayo","extortion",2023-04-01
"2023-04",NA,11,"bolivar","extortion",2023-04-01
"2023-04",NA,9,"quindio","extortion",2023-04-01
"2023-04",NA,5,"la guajira","extortion",2023-04-01
"2023-04","arauca",3,"arauca","extortion",2023-04-01
"2023-04",NA,11,"boyaca","extortion",2023-04-01
"2023-04",NA,9,"santander","extortion",2023-04-01
"2023-04",NA,5,"cordoba","extortion",2023-04-01
"2023-04",NA,13,"tolima","extortion",2023-04-01
"2023-04",NA,12,"huila","extortion",2023-04-01
"2023-04","buenaventura",10,"valle del cauca","extortion",2023-04-01
"2023-04",NA,6,"sucre","extortion",2023-04-01
"2023-04",NA,5,"casanare","extortion",2023-04-01
"2023-04",NA,2,"vichada","extortion",2023-04-01
"2023-04",NA,1,"caqueta","extortion",2023-04-01
"2023-04","tumaco",1,"nariño","extortion",2023-04-01
"2023-03",NA,18,"cundinamarca","extortion",2023-03-01
"2023-03",NA,85,"atlantico","extortion",2023-03-01
"2023-03",NA,195,"antioquia","extortion",2023-03-01
"2023-03",NA,29,"choco","extortion",2023-03-01
"2023-03",NA,60,"valle del cauca","extortion",2023-03-01
"2023-03",NA,16,"santander","extortion",2023-03-01
"2023-03",NA,41,"cauca","extortion",2023-03-01
"2023-03",NA,23,"boyaca","extortion",2023-03-01
"2023-03",NA,103,"bogota d.c.","extortion",2023-03-01
"2023-03",NA,44,"meta","extortion",2023-03-01
"2023-03","buenaventura",21,"valle del cauca","extortion",2023-03-01
"2023-03",NA,7,"cordoba","extortion",2023-03-01
"2023-03","tumaco",1,"nariño","extortion",2023-03-01
"2023-03",NA,19,"cesar","extortion",2023-03-01
"2023-03",NA,63,"norte de santander","extortion",2023-03-01
"2023-03",NA,5,"huila","extortion",2023-03-01
"2023-03",NA,12,"quindio","extortion",2023-03-01
"2023-03",NA,5,"caldas","extortion",2023-03-01
"2023-03",NA,15,"magdalena","extortion",2023-03-01
"2023-03","arauca",7,"arauca","extortion",2023-03-01
"2023-03",NA,3,"la guajira","extortion",2023-03-01
"2023-03",NA,11,"guaviare","extortion",2023-03-01
"2023-03",NA,6,"nariño","extortion",2023-03-01
"2023-03",NA,13,"tolima","extortion",2023-03-01
"2023-03",NA,4,"caqueta","extortion",2023-03-01
"2023-03",NA,10,"sucre","extortion",2023-03-01
"2023-03",NA,9,"bolivar","extortion",2023-03-01
"2023-03",NA,4,"putumayo","extortion",2023-03-01
"2023-03",NA,1,"san andres islas","extortion",2023-03-01
"2023-03",NA,5,"risaralda","extortion",2023-03-01
"2023-02",NA,52,"norte de santander","extortion",2023-02-01
"2023-02",NA,6,"sucre","extortion",2023-02-01
"2023-02",NA,113,"bogota d.c.","extortion",2023-02-01
"2023-02",NA,46,"meta","extortion",2023-02-01
"2023-02",NA,160,"antioquia","extortion",2023-02-01
"2023-02",NA,58,"atlantico","extortion",2023-02-01
"2023-02",NA,18,"cundinamarca","extortion",2023-02-01
"2023-02",NA,16,"tolima","extortion",2023-02-01
"2023-02",NA,24,"boyaca","extortion",2023-02-01
"2023-02",NA,36,"choco","extortion",2023-02-01
"2023-02",NA,32,"valle del cauca","extortion",2023-02-01
"2023-02","buenaventura",5,"valle del cauca","extortion",2023-02-01
"2023-02",NA,6,"quindio","extortion",2023-02-01
"2023-02",NA,36,"cauca","extortion",2023-02-01
"2023-02",NA,7,"guaviare","extortion",2023-02-01
"2023-02",NA,16,"magdalena","extortion",2023-02-01
"2023-02",NA,1,"san andres islas","extortion",2023-02-01
"2023-02",NA,5,"nariño","extortion",2023-02-01
"2023-02",NA,4,"cordoba","extortion",2023-02-01
"2023-02",NA,6,"caldas","extortion",2023-02-01
"2023-02",NA,12,"bolivar","extortion",2023-02-01
"2023-02","arauca",5,"arauca","extortion",2023-02-01
"2023-02",NA,14,"santander","extortion",2023-02-01
"2023-02",NA,2,"la guajira","extortion",2023-02-01
"2023-02",NA,4,"putumayo","extortion",2023-02-01
"2023-02",NA,10,"huila","extortion",2023-02-01
"2023-02",NA,9,"cesar","extortion",2023-02-01
"2023-02",NA,3,"caqueta","extortion",2023-02-01
"2023-02",NA,2,"risaralda","extortion",2023-02-01
"2023-02",NA,1,"vichada","extortion",2023-02-01
"2023-02",NA,1,"casanare","extortion",2023-02-01
"2023-01",NA,57,"valle del cauca","extortion",2023-01-01
"2023-01",NA,38,"meta","extortion",2023-01-01
"2023-01",NA,170,"antioquia","extortion",2023-01-01
"2023-01",NA,39,"atlantico","extortion",2023-01-01
"2023-01",NA,28,"cauca","extortion",2023-01-01
"2023-01",NA,76,"bogota d.c.","extortion",2023-01-01
"2023-01",NA,9,"bolivar","extortion",2023-01-01
"2023-01",NA,44,"norte de santander","extortion",2023-01-01
"2023-01","arauca",8,"arauca","extortion",2023-01-01
"2023-01",NA,12,"sucre","extortion",2023-01-01
"2023-01",NA,24,"tolima","extortion",2023-01-01
"2023-01",NA,19,"boyaca","extortion",2023-01-01
"2023-01",NA,9,"nariño","extortion",2023-01-01
"2023-01","buenaventura",16,"valle del cauca","extortion",2023-01-01
"2023-01",NA,7,"quindio","extortion",2023-01-01
"2023-01",NA,20,"magdalena","extortion",2023-01-01
"2023-01",NA,9,"caldas","extortion",2023-01-01
"2023-01",NA,31,"cundinamarca","extortion",2023-01-01
"2023-01",NA,16,"santander","extortion",2023-01-01
"2023-01",NA,8,"cordoba","extortion",2023-01-01
"2023-01",NA,7,"risaralda","extortion",2023-01-01
"2023-01",NA,5,"putumayo","extortion",2023-01-01
"2023-01",NA,24,"choco","extortion",2023-01-01
"2023-01",NA,1,"vichada","extortion",2023-01-01
"2023-01",NA,9,"cesar","extortion",2023-01-01
"2023-01",NA,6,"caqueta","extortion",2023-01-01
"2023-01",NA,6,"huila","extortion",2023-01-01
"2023-01",NA,5,"guaviare","extortion",2023-01-01
"2023-01",NA,2,"vaupes","extortion",2023-01-01
"2023-01",NA,3,"la guajira","extortion",2023-01-01
"2023-01",NA,1,"casanare","extortion",2023-01-01
"2022-12",NA,9,"cordoba","extortion",2022-12-01
"2022-12",NA,106,"valle del cauca","extortion",2022-12-01
"2022-12",NA,12,"risaralda","extortion",2022-12-01
"2022-12",NA,35,"santander","extortion",2022-12-01
"2022-12",NA,143,"bogota d.c.","extortion",2022-12-01
"2022-12",NA,244,"antioquia","extortion",2022-12-01
"2022-12",NA,16,"quindio","extortion",2022-12-01
"2022-12",NA,130,"atlantico","extortion",2022-12-01
"2022-12",NA,23,"tolima","extortion",2022-12-01
"2022-12",NA,34,"cundinamarca","extortion",2022-12-01
"2022-12",NA,45,"meta","extortion",2022-12-01
"2022-12",NA,53,"bolivar","extortion",2022-12-01
"2022-12",NA,24,"huila","extortion",2022-12-01
"2022-12",NA,40,"choco","extortion",2022-12-01
"2022-12",NA,10,"sucre","extortion",2022-12-01
"2022-12",NA,13,"nariño","extortion",2022-12-01
"2022-12",NA,3,"vichada","extortion",2022-12-01
"2022-12",NA,25,"magdalena","extortion",2022-12-01
"2022-12",NA,39,"norte de santander","extortion",2022-12-01
"2022-12",NA,19,"boyaca","extortion",2022-12-01
"2022-12",NA,10,"putumayo","extortion",2022-12-01
"2022-12",NA,41,"cauca","extortion",2022-12-01
"2022-12",NA,19,"cesar","extortion",2022-12-01
"2022-12","buenaventura",22,"valle del cauca","extortion",2022-12-01
"2022-12",NA,25,"casanare","extortion",2022-12-01
"2022-12",NA,7,"la guajira","extortion",2022-12-01
"2022-12",NA,4,"san andres islas","extortion",2022-12-01
"2022-12",NA,9,"caqueta","extortion",2022-12-01
"2022-12",NA,9,"caldas","extortion",2022-12-01
"2022-12","tumaco",1,"nariño","extortion",2022-12-01
"2022-12","arauca",10,"arauca","extortion",2022-12-01
"2022-12",NA,4,"guaviare","extortion",2022-12-01
"2022-11",NA,116,"bogota d.c.","extortion",2022-11-01
"2022-11",NA,67,"choco","extortion",2022-11-01
"2022-11",NA,147,"antioquia","extortion",2022-11-01
"2022-11",NA,17,"santander","extortion",2022-11-01
"2022-11",NA,15,"cesar","extortion",2022-11-01
"2022-11",NA,38,"cauca","extortion",2022-11-01
"2022-11","arauca",17,"arauca","extortion",2022-11-01
"2022-11",NA,51,"bolivar","extortion",2022-11-01
"2022-11",NA,22,"boyaca","extortion",2022-11-01
"2022-11",NA,15,"casanare","extortion",2022-11-01
"2022-11",NA,31,"tolima","extortion",2022-11-01
"2022-11",NA,56,"cundinamarca","extortion",2022-11-01
"2022-11",NA,33,"huila","extortion",2022-11-01
"2022-11",NA,31,"magdalena","extortion",2022-11-01
"2022-11","buenaventura",15,"valle del cauca","extortion",2022-11-01
"2022-11",NA,90,"valle del cauca","extortion",2022-11-01
"2022-11",NA,1,"amazonas","extortion",2022-11-01
"2022-11",NA,11,"la guajira","extortion",2022-11-01
"2022-11",NA,14,"risaralda","extortion",2022-11-01
"2022-11",NA,5,"caqueta","extortion",2022-11-01
"2022-11",NA,8,"sucre","extortion",2022-11-01
"2022-11",NA,94,"atlantico","extortion",2022-11-01
"2022-11",NA,39,"meta","extortion",2022-11-01
"2022-11",NA,42,"norte de santander","extortion",2022-11-01
"2022-11",NA,7,"cordoba","extortion",2022-11-01
"2022-11",NA,8,"caldas","extortion",2022-11-01
"2022-11",NA,19,"putumayo","extortion",2022-11-01
"2022-11",NA,11,"quindio","extortion",2022-11-01
"2022-11",NA,12,"nariño","extortion",2022-11-01
"2022-11",NA,3,"vichada","extortion",2022-11-01
"2022-11",NA,8,"guaviare","extortion",2022-11-01
"2022-11","tumaco",1,"nariño","extortion",2022-11-01
"2022-11",NA,2,"san andres islas","extortion",2022-11-01
"2022-10",NA,50,"meta","extortion",2022-10-01
"2022-10",NA,112,"atlantico","extortion",2022-10-01
"2022-10",NA,13,"quindio","extortion",2022-10-01
"2022-10",NA,41,"norte de santander","extortion",2022-10-01
"2022-10",NA,103,"valle del cauca","extortion",2022-10-01
"2022-10",NA,129,"bogota d.c.","extortion",2022-10-01
"2022-10",NA,181,"antioquia","extortion",2022-10-01
"2022-10",NA,32,"huila","extortion",2022-10-01
"2022-10",NA,22,"santander","extortion",2022-10-01
"2022-10",NA,50,"cauca","extortion",2022-10-01
"2022-10",NA,45,"cundinamarca","extortion",2022-10-01
"2022-10",NA,63,"choco","extortion",2022-10-01
"2022-10","buenaventura",15,"valle del cauca","extortion",2022-10-01
"2022-10",NA,27,"boyaca","extortion",2022-10-01
"2022-10",NA,23,"nariño","extortion",2022-10-01
"2022-10",NA,9,"caldas","extortion",2022-10-01
"2022-10",NA,9,"la guajira","extortion",2022-10-01
"2022-10",NA,32,"bolivar","extortion",2022-10-01
"2022-10",NA,18,"cesar","extortion",2022-10-01
"2022-10",NA,15,"risaralda","extortion",2022-10-01
"2022-10",NA,34,"magdalena","extortion",2022-10-01
"2022-10","arauca",7,"arauca","extortion",2022-10-01
"2022-10",NA,10,"casanare","extortion",2022-10-01
"2022-10",NA,5,"putumayo","extortion",2022-10-01
"2022-10",NA,23,"tolima","extortion",2022-10-01
"2022-10",NA,6,"sucre","extortion",2022-10-01
"2022-10",NA,10,"cordoba","extortion",2022-10-01
"2022-10",NA,7,"guaviare","extortion",2022-10-01
"2022-10",NA,1,"san andres islas","extortion",2022-10-01
"2022-10",NA,1,"caqueta","extortion",2022-10-01
"2022-10",NA,2,"vichada","extortion",2022-10-01
"2022-10",NA,1,"amazonas","extortion",2022-10-01
"2022-09",NA,31,"magdalena","extortion",2022-09-01
"2022-09",NA,35,"cundinamarca","extortion",2022-09-01
"2022-09",NA,88,"valle del cauca","extortion",2022-09-01
"2022-09",NA,39,"norte de santander","extortion",2022-09-01
"2022-09",NA,18,"nariño","extortion",2022-09-01
"2022-09",NA,159,"antioquia","extortion",2022-09-01
"2022-09",NA,126,"bogota d.c.","extortion",2022-09-01
"2022-09",NA,96,"atlantico","extortion",2022-09-01
"2022-09",NA,31,"tolima","extortion",2022-09-01
"2022-09",NA,54,"choco","extortion",2022-09-01
"2022-09",NA,11,"quindio","extortion",2022-09-01
"2022-09",NA,35,"meta","extortion",2022-09-01
"2022-09",NA,23,"santander","extortion",2022-09-01
"2022-09",NA,29,"boyaca","extortion",2022-09-01
"2022-09",NA,32,"cauca","extortion",2022-09-01
"2022-09",NA,20,"cesar","extortion",2022-09-01
"2022-09",NA,40,"bolivar","extortion",2022-09-01
"2022-09",NA,23,"huila","extortion",2022-09-01
"2022-09","buenaventura",16,"valle del cauca","extortion",2022-09-01
"2022-09","tumaco",1,"nariño","extortion",2022-09-01
"2022-09",NA,6,"sucre","extortion",2022-09-01
"2022-09",NA,1,"guainia","extortion",2022-09-01
"2022-09",NA,9,"la guajira","extortion",2022-09-01
"2022-09","arauca",6,"arauca","extortion",2022-09-01
"2022-09",NA,13,"caldas","extortion",2022-09-01
"2022-09",NA,6,"guaviare","extortion",2022-09-01
"2022-09",NA,6,"putumayo","extortion",2022-09-01
"2022-09",NA,2,"san andres islas","extortion",2022-09-01
"2022-09",NA,5,"cordoba","extortion",2022-09-01
"2022-09",NA,5,"casanare","extortion",2022-09-01
"2022-09",NA,6,"risaralda","extortion",2022-09-01
"2022-09",NA,1,"vichada","extortion",2022-09-01
"2022-09",NA,5,"caqueta","extortion",2022-09-01
"2022-08",NA,30,"tolima","extortion",2022-08-01
"2022-08",NA,165,"antioquia","extortion",2022-08-01
"2022-08","buenaventura",22,"valle del cauca","extortion",2022-08-01
"2022-08",NA,59,"atlantico","extortion",2022-08-01
"2022-08",NA,98,"bogota d.c.","extortion",2022-08-01
"2022-08",NA,24,"cesar","extortion",2022-08-01
"2022-08",NA,33,"meta","extortion",2022-08-01
"2022-08",NA,23,"santander","extortion",2022-08-01
"2022-08",NA,31,"cauca","extortion",2022-08-01
"2022-08",NA,30,"boyaca","extortion",2022-08-01
"2022-08",NA,40,"choco","extortion",2022-08-01
"2022-08",NA,27,"magdalena","extortion",2022-08-01
"2022-08",NA,76,"valle del cauca","extortion",2022-08-01
"2022-08",NA,30,"norte de santander","extortion",2022-08-01
"2022-08",NA,15,"sucre","extortion",2022-08-01
"2022-08",NA,34,"cundinamarca","extortion",2022-08-01
"2022-08",NA,42,"bolivar","extortion",2022-08-01
"2022-08",NA,8,"caqueta","extortion",2022-08-01
"2022-08",NA,11,"quindio","extortion",2022-08-01
"2022-08",NA,12,"la guajira","extortion",2022-08-01
"2022-08",NA,8,"risaralda","extortion",2022-08-01
"2022-08",NA,5,"caldas","extortion",2022-08-01
"2022-08",NA,14,"nariño","extortion",2022-08-01
"2022-08",NA,1,"vaupes","extortion",2022-08-01
"2022-08",NA,9,"cordoba","extortion",2022-08-01
"2022-08",NA,16,"huila","extortion",2022-08-01
"2022-08",NA,7,"putumayo","extortion",2022-08-01
"2022-08","arauca",3,"arauca","extortion",2022-08-01
"2022-08",NA,5,"casanare","extortion",2022-08-01
"2022-08",NA,7,"guaviare","extortion",2022-08-01
"2022-08",NA,1,"san andres islas","extortion",2022-08-01
"2022-07",NA,10,"huila","extortion",2022-07-01
"2022-07",NA,19,"tolima","extortion",2022-07-01
"2022-07",NA,46,"meta","extortion",2022-07-01
"2022-07",NA,91,"bogota d.c.","extortion",2022-07-01
"2022-07",NA,39,"atlantico","extortion",2022-07-01
"2022-07",NA,124,"antioquia","extortion",2022-07-01
"2022-07",NA,2,"caldas","extortion",2022-07-01
"2022-07",NA,42,"norte de santander","extortion",2022-07-01
"2022-07",NA,71,"valle del cauca","extortion",2022-07-01
"2022-07",NA,5,"quindio","extortion",2022-07-01
"2022-07",NA,17,"cesar","extortion",2022-07-01
"2022-07",NA,39,"cauca","extortion",2022-07-01
"2022-07","buenaventura",17,"valle del cauca","extortion",2022-07-01
"2022-07",NA,15,"santander","extortion",2022-07-01
"2022-07",NA,33,"bolivar","extortion",2022-07-01
"2022-07",NA,3,"sucre","extortion",2022-07-01
"2022-07",NA,10,"nariño","extortion",2022-07-01
"2022-07",NA,22,"choco","extortion",2022-07-01
"2022-07",NA,17,"boyaca","extortion",2022-07-01
"2022-07",NA,15,"magdalena","extortion",2022-07-01
"2022-07",NA,5,"cordoba","extortion",2022-07-01
"2022-07",NA,5,"la guajira","extortion",2022-07-01
"2022-07",NA,5,"risaralda","extortion",2022-07-01
"2022-07",NA,2,"putumayo","extortion",2022-07-01
"2022-07","arauca",6,"arauca","extortion",2022-07-01
"2022-07",NA,21,"cundinamarca","extortion",2022-07-01
"2022-07",NA,2,"casanare","extortion",2022-07-01
"2022-07",NA,3,"guaviare","extortion",2022-07-01
"2022-07",NA,2,"caqueta","extortion",2022-07-01
"2022-07",NA,1,"guainia","extortion",2022-07-01
"2022-07","tumaco",1,"nariño","extortion",2022-07-01
"2022-06",NA,26,"atlantico","extortion",2022-06-01
"2022-06",NA,25,"cesar","extortion",2022-06-01
"2022-06",NA,102,"bogota d.c.","extortion",2022-06-01
"2022-06",NA,29,"tolima","extortion",2022-06-01
"2022-06",NA,132,"antioquia","extortion",2022-06-01
"2022-06",NA,61,"valle del cauca","extortion",2022-06-01
"2022-06",NA,49,"meta","extortion",2022-06-01
"2022-06",NA,4,"nariño","extortion",2022-06-01
"2022-06",NA,24,"norte de santander","extortion",2022-06-01
"2022-06","buenaventura",14,"valle del cauca","extortion",2022-06-01
"2022-06",NA,6,"caldas","extortion",2022-06-01
"2022-06",NA,3,"caqueta","extortion",2022-06-01
"2022-06",NA,34,"bolivar","extortion",2022-06-01
"2022-06",NA,7,"huila","extortion",2022-06-01
"2022-06",NA,19,"choco","extortion",2022-06-01
"2022-06",NA,23,"santander","extortion",2022-06-01
"2022-06",NA,26,"cundinamarca","extortion",2022-06-01
"2022-06",NA,9,"sucre","extortion",2022-06-01
"2022-06",NA,14,"magdalena","extortion",2022-06-01
"2022-06",NA,41,"cauca","extortion",2022-06-01
"2022-06",NA,8,"cordoba","extortion",2022-06-01
"2022-06",NA,9,"la guajira","extortion",2022-06-01
"2022-06",NA,8,"guaviare","extortion",2022-06-01
"2022-06",NA,17,"boyaca","extortion",2022-06-01
"2022-06",NA,7,"putumayo","extortion",2022-06-01
"2022-06",NA,5,"casanare","extortion",2022-06-01
"2022-06","arauca",2,"arauca","extortion",2022-06-01
"2022-06",NA,9,"quindio","extortion",2022-06-01
"2022-06",NA,6,"risaralda","extortion",2022-06-01
"2022-06","tumaco",1,"nariño","extortion",2022-06-01
"2022-05",NA,20,"norte de santander","extortion",2022-05-01
"2022-05",NA,134,"antioquia","extortion",2022-05-01
"2022-05",NA,28,"cauca","extortion",2022-05-01
"2022-05",NA,17,"cesar","extortion",2022-05-01
"2022-05",NA,111,"bogota d.c.","extortion",2022-05-01
"2022-05",NA,29,"tolima","extortion",2022-05-01
"2022-05",NA,40,"bolivar","extortion",2022-05-01
"2022-05",NA,18,"magdalena","extortion",2022-05-01
"2022-05",NA,54,"valle del cauca","extortion",2022-05-01
"2022-05",NA,46,"meta","extortion",2022-05-01
"2022-05",NA,32,"cundinamarca","extortion",2022-05-01
"2022-05",NA,4,"quindio","extortion",2022-05-01
"2022-05","buenaventura",24,"valle del cauca","extortion",2022-05-01
"2022-05",NA,23,"atlantico","extortion",2022-05-01
"2022-05",NA,21,"sucre","extortion",2022-05-01
"2022-05",NA,6,"caqueta","extortion",2022-05-01
"2022-05",NA,11,"huila","extortion",2022-05-01
"2022-05",NA,8,"santander","extortion",2022-05-01
"2022-05",NA,11,"boyaca","extortion",2022-05-01
"2022-05",NA,4,"cordoba","extortion",2022-05-01
"2022-05","arauca",4,"arauca","extortion",2022-05-01
"2022-05",NA,3,"risaralda","extortion",2022-05-01
"2022-05",NA,20,"choco","extortion",2022-05-01
"2022-05",NA,14,"nariño","extortion",2022-05-01
"2022-05",NA,5,"caldas","extortion",2022-05-01
"2022-05",NA,9,"casanare","extortion",2022-05-01
"2022-05",NA,4,"la guajira","extortion",2022-05-01
"2022-05",NA,4,"putumayo","extortion",2022-05-01
"2022-05",NA,1,"san andres islas","extortion",2022-05-01
"2022-05",NA,4,"guaviare","extortion",2022-05-01
"2022-04",NA,27,"choco","extortion",2022-04-01
"2022-04",NA,133,"bogota d.c.","extortion",2022-04-01
"2022-04",NA,38,"cauca","extortion",2022-04-01
"2022-04",NA,49,"valle del cauca","extortion",2022-04-01
"2022-04",NA,8,"risaralda","extortion",2022-04-01
"2022-04",NA,35,"cundinamarca","extortion",2022-04-01
"2022-04",NA,38,"bolivar","extortion",2022-04-01
"2022-04",NA,12,"atlantico","extortion",2022-04-01
"2022-04","tumaco",2,"nariño","extortion",2022-04-01
"2022-04",NA,17,"boyaca","extortion",2022-04-01
"2022-04",NA,89,"antioquia","extortion",2022-04-01
"2022-04",NA,12,"sucre","extortion",2022-04-01
"2022-04",NA,28,"meta","extortion",2022-04-01
"2022-04",NA,22,"norte de santander","extortion",2022-04-01
"2022-04","buenaventura",31,"valle del cauca","extortion",2022-04-01
"2022-04",NA,13,"santander","extortion",2022-04-01
"2022-04",NA,24,"tolima","extortion",2022-04-01
"2022-04",NA,16,"cesar","extortion",2022-04-01
"2022-04",NA,7,"putumayo","extortion",2022-04-01
"2022-04",NA,10,"quindio","extortion",2022-04-01
"2022-04",NA,8,"magdalena","extortion",2022-04-01
"2022-04",NA,11,"huila","extortion",2022-04-01
"2022-04","arauca",4,"arauca","extortion",2022-04-01
"2022-04",NA,12,"nariño","extortion",2022-04-01
"2022-04",NA,4,"cordoba","extortion",2022-04-01
"2022-04",NA,2,"la guajira","extortion",2022-04-01
"2022-04",NA,5,"caldas","extortion",2022-04-01
"2022-04",NA,1,"caqueta","extortion",2022-04-01
"2022-04",NA,3,"guaviare","extortion",2022-04-01
"2022-04",NA,2,"casanare","extortion",2022-04-01
"2022-03",NA,35,"bolivar","extortion",2022-03-01
"2022-03",NA,106,"antioquia","extortion",2022-03-01
"2022-03",NA,40,"valle del cauca","extortion",2022-03-01
"2022-03",NA,127,"bogota d.c.","extortion",2022-03-01
"2022-03",NA,30,"tolima","extortion",2022-03-01
"2022-03",NA,28,"cauca","extortion",2022-03-01
"2022-03",NA,26,"choco","extortion",2022-03-01
"2022-03",NA,7,"caldas","extortion",2022-03-01
"2022-03",NA,12,"atlantico","extortion",2022-03-01
"2022-03",NA,46,"meta","extortion",2022-03-01
"2022-03",NA,16,"cesar","extortion",2022-03-01
"2022-03","buenaventura",33,"valle del cauca","extortion",2022-03-01
"2022-03","arauca",6,"arauca","extortion",2022-03-01
"2022-03",NA,7,"risaralda","extortion",2022-03-01
"2022-03",NA,31,"cundinamarca","extortion",2022-03-01
"2022-03",NA,16,"nariño","extortion",2022-03-01
"2022-03",NA,10,"santander","extortion",2022-03-01
"2022-03",NA,6,"quindio","extortion",2022-03-01
"2022-03",NA,22,"norte de santander","extortion",2022-03-01
"2022-03",NA,9,"magdalena","extortion",2022-03-01
"2022-03",NA,4,"putumayo","extortion",2022-03-01
"2022-03",NA,10,"boyaca","extortion",2022-03-01
"2022-03",NA,7,"caqueta","extortion",2022-03-01
"2022-03",NA,5,"guaviare","extortion",2022-03-01
"2022-03",NA,2,"la guajira","extortion",2022-03-01
"2022-03",NA,3,"huila","extortion",2022-03-01
"2022-03",NA,5,"cordoba","extortion",2022-03-01
"2022-03",NA,1,"guainia","extortion",2022-03-01
"2022-03",NA,3,"casanare","extortion",2022-03-01
"2022-03",NA,4,"sucre","extortion",2022-03-01
"2022-02","arauca",8,"arauca","extortion",2022-02-01
"2022-02",NA,5,"putumayo","extortion",2022-02-01
"2022-02",NA,98,"antioquia","extortion",2022-02-01
"2022-02",NA,87,"bogota d.c.","extortion",2022-02-01
"2022-02",NA,11,"cesar","extortion",2022-02-01
"2022-02",NA,30,"cauca","extortion",2022-02-01
"2022-02",NA,20,"tolima","extortion",2022-02-01
"2022-02",NA,51,"valle del cauca","extortion",2022-02-01
"2022-02",NA,36,"meta","extortion",2022-02-01
"2022-02",NA,8,"nariño","extortion",2022-02-01
"2022-02",NA,28,"bolivar","extortion",2022-02-01
"2022-02",NA,13,"magdalena","extortion",2022-02-01
"2022-02",NA,1,"caqueta","extortion",2022-02-01
"2022-02",NA,1,"guainia","extortion",2022-02-01
"2022-02",NA,15,"cundinamarca","extortion",2022-02-01
"2022-02",NA,18,"boyaca","extortion",2022-02-01
"2022-02","buenaventura",23,"valle del cauca","extortion",2022-02-01
"2022-02",NA,9,"santander","extortion",2022-02-01
"2022-02",NA,13,"atlantico","extortion",2022-02-01
"2022-02",NA,6,"risaralda","extortion",2022-02-01
"2022-02",NA,19,"norte de santander","extortion",2022-02-01
"2022-02",NA,5,"la guajira","extortion",2022-02-01
"2022-02",NA,24,"choco","extortion",2022-02-01
"2022-02",NA,7,"caldas","extortion",2022-02-01
"2022-02",NA,7,"sucre","extortion",2022-02-01
"2022-02",NA,6,"quindio","extortion",2022-02-01
"2022-02",NA,4,"san andres islas","extortion",2022-02-01
"2022-02",NA,10,"cordoba","extortion",2022-02-01
"2022-02",NA,5,"huila","extortion",2022-02-01
"2022-02","tumaco",1,"nariño","extortion",2022-02-01
"2022-02",NA,6,"guaviare","extortion",2022-02-01
"2022-01",NA,67,"antioquia","extortion",2022-01-01
"2022-01",NA,8,"putumayo","extortion",2022-01-01
"2022-01",NA,20,"cundinamarca","extortion",2022-01-01
"2022-01",NA,32,"choco","extortion",2022-01-01
"2022-01","arauca",12,"arauca","extortion",2022-01-01
"2022-01",NA,73,"bogota d.c.","extortion",2022-01-01
"2022-01",NA,32,"meta","extortion",2022-01-01
"2022-01",NA,22,"norte de santander","extortion",2022-01-01
"2022-01","buenaventura",25,"valle del cauca","extortion",2022-01-01
"2022-01",NA,7,"santander","extortion",2022-01-01
"2022-01",NA,39,"cauca","extortion",2022-01-01
"2022-01",NA,9,"caqueta","extortion",2022-01-01
"2022-01",NA,7,"risaralda","extortion",2022-01-01
"2022-01",NA,26,"tolima","extortion",2022-01-01
"2022-01",NA,22,"bolivar","extortion",2022-01-01
"2022-01",NA,3,"san andres islas","extortion",2022-01-01
"2022-01",NA,42,"valle del cauca","extortion",2022-01-01
"2022-01",NA,13,"magdalena","extortion",2022-01-01
"2022-01",NA,6,"sucre","extortion",2022-01-01
"2022-01",NA,26,"atlantico","extortion",2022-01-01
"2022-01",NA,24,"boyaca","extortion",2022-01-01
"2022-01",NA,3,"guaviare","extortion",2022-01-01
"2022-01",NA,14,"nariño","extortion",2022-01-01
"2022-01",NA,17,"cesar","extortion",2022-01-01
"2022-01",NA,7,"caldas","extortion",2022-01-01
"2022-01",NA,5,"huila","extortion",2022-01-01
"2022-01",NA,7,"la guajira","extortion",2022-01-01
"2022-01",NA,1,"vaupes","extortion",2022-01-01
"2022-01",NA,7,"casanare","extortion",2022-01-01
"2022-01",NA,5,"cordoba","extortion",2022-01-01
"2022-01",NA,6,"quindio","extortion",2022-01-01
"2021-12",NA,40,"meta","extortion",2021-12-01
"2021-12","buenaventura",32,"valle del cauca","extortion",2021-12-01
"2021-12",NA,139,"antioquia","extortion",2021-12-01
"2021-12",NA,25,"boyaca","extortion",2021-12-01
"2021-12",NA,101,"valle del cauca","extortion",2021-12-01
"2021-12",NA,6,"cordoba","extortion",2021-12-01
"2021-12",NA,18,"tolima","extortion",2021-12-01
"2021-12",NA,169,"bogota d.c.","extortion",2021-12-01
"2021-12",NA,14,"magdalena","extortion",2021-12-01
"2021-12",NA,28,"cauca","extortion",2021-12-01
"2021-12",NA,19,"bolivar","extortion",2021-12-01
"2021-12",NA,23,"cundinamarca","extortion",2021-12-01
"2021-12",NA,19,"choco","extortion",2021-12-01
"2021-12",NA,6,"caldas","extortion",2021-12-01
"2021-12",NA,6,"guaviare","extortion",2021-12-01
"2021-12",NA,8,"sucre","extortion",2021-12-01
"2021-12",NA,6,"casanare","extortion",2021-12-01
"2021-12",NA,9,"san andres islas","extortion",2021-12-01
"2021-12",NA,29,"atlantico","extortion",2021-12-01
"2021-12",NA,13,"cesar","extortion",2021-12-01
"2021-12",NA,15,"huila","extortion",2021-12-01
"2021-12",NA,16,"nariño","extortion",2021-12-01
"2021-12",NA,13,"santander","extortion",2021-12-01
"2021-12",NA,29,"norte de santander","extortion",2021-12-01
"2021-12",NA,10,"la guajira","extortion",2021-12-01
"2021-12",NA,1,"guainia","extortion",2021-12-01
"2021-12",NA,5,"caqueta","extortion",2021-12-01
"2021-12",NA,5,"quindio","extortion",2021-12-01
"2021-12","arauca",7,"arauca","extortion",2021-12-01
"2021-12",NA,5,"putumayo","extortion",2021-12-01
"2021-12",NA,1,"amazonas","extortion",2021-12-01
"2021-12",NA,1,"vichada","extortion",2021-12-01
"2021-12",NA,9,"risaralda","extortion",2021-12-01
"2021-11",NA,8,"magdalena","extortion",2021-11-01
"2021-11",NA,167,"bogota d.c.","extortion",2021-11-01
"2021-11",NA,142,"antioquia","extortion",2021-11-01
"2021-11",NA,57,"meta","extortion",2021-11-01
"2021-11",NA,10,"la guajira","extortion",2021-11-01
"2021-11",NA,12,"risaralda","extortion",2021-11-01
"2021-11",NA,6,"caqueta","extortion",2021-11-01
"2021-11",NA,31,"choco","extortion",2021-11-01
"2021-11",NA,31,"boyaca","extortion",2021-11-01
"2021-11",NA,22,"huila","extortion",2021-11-01
"2021-11",NA,31,"cauca","extortion",2021-11-01
"2021-11",NA,38,"atlantico","extortion",2021-11-01
"2021-11",NA,68,"valle del cauca","extortion",2021-11-01
"2021-11",NA,15,"sucre","extortion",2021-11-01
"2021-11",NA,32,"cundinamarca","extortion",2021-11-01
"2021-11",NA,7,"cordoba","extortion",2021-11-01
"2021-11",NA,11,"nariño","extortion",2021-11-01
"2021-11",NA,11,"cesar","extortion",2021-11-01
"2021-11",NA,17,"tolima","extortion",2021-11-01
"2021-11",NA,15,"santander","extortion",2021-11-01
"2021-11",NA,24,"norte de santander","extortion",2021-11-01
"2021-11",NA,6,"caldas","extortion",2021-11-01
"2021-11",NA,11,"casanare","extortion",2021-11-01
"2021-11",NA,5,"putumayo","extortion",2021-11-01
"2021-11",NA,15,"bolivar","extortion",2021-11-01
"2021-11",NA,7,"quindio","extortion",2021-11-01
"2021-11",NA,3,"vichada","extortion",2021-11-01
"2021-11","buenaventura",22,"valle del cauca","extortion",2021-11-01
"2021-11","arauca",2,"arauca","extortion",2021-11-01
"2021-11",NA,1,"san andres islas","extortion",2021-11-01
"2021-11",NA,3,"guaviare","extortion",2021-11-01
"2021-11",NA,2,"guainia","extortion",2021-11-01
"2021-10",NA,195,"bogota d.c.","extortion",2021-10-01
"2021-10","buenaventura",21,"valle del cauca","extortion",2021-10-01
"2021-10",NA,31,"norte de santander","extortion",2021-10-01
"2021-10",NA,94,"valle del cauca","extortion",2021-10-01
"2021-10",NA,39,"cundinamarca","extortion",2021-10-01
"2021-10",NA,120,"antioquia","extortion",2021-10-01
"2021-10",NA,42,"meta","extortion",2021-10-01
"2021-10",NA,34,"atlantico","extortion",2021-10-01
"2021-10",NA,7,"risaralda","extortion",2021-10-01
"2021-10",NA,29,"bolivar","extortion",2021-10-01
"2021-10","arauca",8,"arauca","extortion",2021-10-01
"2021-10",NA,17,"huila","extortion",2021-10-01
"2021-10",NA,23,"choco","extortion",2021-10-01
"2021-10",NA,8,"caldas","extortion",2021-10-01
"2021-10",NA,7,"quindio","extortion",2021-10-01
"2021-10",NA,33,"cauca","extortion",2021-10-01
"2021-10",NA,4,"guaviare","extortion",2021-10-01
"2021-10",NA,10,"la guajira","extortion",2021-10-01
"2021-10",NA,12,"magdalena","extortion",2021-10-01
"2021-10",NA,21,"boyaca","extortion",2021-10-01
"2021-10",NA,4,"putumayo","extortion",2021-10-01
"2021-10",NA,13,"cesar","extortion",2021-10-01
"2021-10",NA,17,"santander","extortion",2021-10-01
"2021-10",NA,14,"cordoba","extortion",2021-10-01
"2021-10",NA,8,"tolima","extortion",2021-10-01
"2021-10",NA,13,"nariño","extortion",2021-10-01
"2021-10",NA,11,"sucre","extortion",2021-10-01
"2021-10",NA,1,"vaupes","extortion",2021-10-01
"2021-10",NA,3,"casanare","extortion",2021-10-01
"2021-10","tumaco",1,"nariño","extortion",2021-10-01
"2021-10",NA,1,"amazonas","extortion",2021-10-01
"2021-10",NA,1,"guainia","extortion",2021-10-01
"2021-10",NA,1,"vichada","extortion",2021-10-01
"2021-09",NA,14,"choco","extortion",2021-09-01
"2021-09","buenaventura",16,"valle del cauca","extortion",2021-09-01
"2021-09",NA,28,"cauca","extortion",2021-09-01
"2021-09",NA,28,"norte de santander","extortion",2021-09-01
"2021-09",NA,194,"bogota d.c.","extortion",2021-09-01
"2021-09",NA,89,"valle del cauca","extortion",2021-09-01
"2021-09",NA,26,"boyaca","extortion",2021-09-01
"2021-09",NA,18,"huila","extortion",2021-09-01
"2021-09",NA,128,"antioquia","extortion",2021-09-01
"2021-09",NA,29,"santander","extortion",2021-09-01
"2021-09",NA,38,"meta","extortion",2021-09-01
"2021-09",NA,4,"quindio","extortion",2021-09-01
"2021-09","arauca",13,"arauca","extortion",2021-09-01
"2021-09",NA,18,"bolivar","extortion",2021-09-01
"2021-09",NA,39,"atlantico","extortion",2021-09-01
"2021-09",NA,16,"nariño","extortion",2021-09-01
"2021-09",NA,12,"cordoba","extortion",2021-09-01
"2021-09",NA,12,"magdalena","extortion",2021-09-01
"2021-09",NA,4,"guaviare","extortion",2021-09-01
"2021-09","tumaco",1,"nariño","extortion",2021-09-01
"2021-09",NA,4,"caldas","extortion",2021-09-01
"2021-09",NA,14,"putumayo","extortion",2021-09-01
"2021-09",NA,11,"sucre","extortion",2021-09-01
"2021-09",NA,23,"tolima","extortion",2021-09-01
"2021-09",NA,4,"risaralda","extortion",2021-09-01
"2021-09",NA,29,"cundinamarca","extortion",2021-09-01
"2021-09",NA,9,"la guajira","extortion",2021-09-01
"2021-09",NA,5,"caqueta","extortion",2021-09-01
"2021-09",NA,6,"cesar","extortion",2021-09-01
"2021-09",NA,7,"casanare","extortion",2021-09-01
"2021-09",NA,2,"vichada","extortion",2021-09-01
"2021-09",NA,1,"san andres islas","extortion",2021-09-01
"2021-08",NA,150,"bogota d.c.","extortion",2021-08-01
"2021-08",NA,13,"putumayo","extortion",2021-08-01
"2021-08",NA,11,"magdalena","extortion",2021-08-01
"2021-08",NA,18,"choco","extortion",2021-08-01
"2021-08",NA,28,"meta","extortion",2021-08-01
"2021-08",NA,135,"antioquia","extortion",2021-08-01
"2021-08",NA,13,"cesar","extortion",2021-08-01
"2021-08",NA,23,"atlantico","extortion",2021-08-01
"2021-08",NA,69,"valle del cauca","extortion",2021-08-01
"2021-08","buenaventura",35,"valle del cauca","extortion",2021-08-01
"2021-08",NA,18,"sucre","extortion",2021-08-01
"2021-08",NA,15,"cauca","extortion",2021-08-01
"2021-08",NA,2,"la guajira","extortion",2021-08-01
"2021-08",NA,11,"caldas","extortion",2021-08-01
"2021-08",NA,27,"norte de santander","extortion",2021-08-01
"2021-08",NA,13,"huila","extortion",2021-08-01
"2021-08","arauca",13,"arauca","extortion",2021-08-01
"2021-08",NA,30,"tolima","extortion",2021-08-01
"2021-08",NA,19,"bolivar","extortion",2021-08-01
"2021-08",NA,15,"nariño","extortion",2021-08-01
"2021-08",NA,20,"boyaca","extortion",2021-08-01
"2021-08",NA,21,"cundinamarca","extortion",2021-08-01
"2021-08",NA,6,"quindio","extortion",2021-08-01
"2021-08",NA,26,"santander","extortion",2021-08-01
"2021-08",NA,4,"cordoba","extortion",2021-08-01
"2021-08",NA,1,"san andres islas","extortion",2021-08-01
"2021-08",NA,8,"casanare","extortion",2021-08-01
"2021-08",NA,4,"caqueta","extortion",2021-08-01
"2021-08",NA,2,"guaviare","extortion",2021-08-01
"2021-08",NA,5,"risaralda","extortion",2021-08-01
"2021-07",NA,153,"bogota d.c.","extortion",2021-07-01
"2021-07",NA,9,"putumayo","extortion",2021-07-01
"2021-07",NA,26,"boyaca","extortion",2021-07-01
"2021-07",NA,8,"casanare","extortion",2021-07-01
"2021-07",NA,21,"cauca","extortion",2021-07-01
"2021-07",NA,80,"valle del cauca","extortion",2021-07-01
"2021-07",NA,6,"cordoba","extortion",2021-07-01
"2021-07",NA,2,"guaviare","extortion",2021-07-01
"2021-07",NA,137,"antioquia","extortion",2021-07-01
"2021-07","buenaventura",21,"valle del cauca","extortion",2021-07-01
"2021-07",NA,14,"choco","extortion",2021-07-01
"2021-07",NA,29,"norte de santander","extortion",2021-07-01
"2021-07",NA,17,"bolivar","extortion",2021-07-01
"2021-07",NA,16,"nariño","extortion",2021-07-01
"2021-07",NA,12,"santander","extortion",2021-07-01
"2021-07",NA,15,"meta","extortion",2021-07-01
"2021-07",NA,3,"guainia","extortion",2021-07-01
"2021-07",NA,27,"cundinamarca","extortion",2021-07-01
"2021-07",NA,14,"tolima","extortion",2021-07-01
"2021-07","arauca",7,"arauca","extortion",2021-07-01
"2021-07",NA,24,"huila","extortion",2021-07-01
"2021-07",NA,16,"atlantico","extortion",2021-07-01
"2021-07",NA,8,"sucre","extortion",2021-07-01
"2021-07",NA,2,"quindio","extortion",2021-07-01
"2021-07",NA,6,"risaralda","extortion",2021-07-01
"2021-07",NA,9,"cesar","extortion",2021-07-01
"2021-07",NA,9,"caldas","extortion",2021-07-01
"2021-07",NA,6,"magdalena","extortion",2021-07-01
"2021-07",NA,3,"caqueta","extortion",2021-07-01
"2021-07","tumaco",1,"nariño","extortion",2021-07-01
"2021-06",NA,32,"cundinamarca","extortion",2021-06-01
"2021-06",NA,27,"choco","extortion",2021-06-01
"2021-06",NA,21,"cauca","extortion",2021-06-01
"2021-06","buenaventura",14,"valle del cauca","extortion",2021-06-01
"2021-06",NA,8,"magdalena","extortion",2021-06-01
"2021-06",NA,9,"sucre","extortion",2021-06-01
"2021-06",NA,29,"norte de santander","extortion",2021-06-01
"2021-06",NA,17,"huila","extortion",2021-06-01
"2021-06",NA,111,"bogota d.c.","extortion",2021-06-01
"2021-06",NA,25,"boyaca","extortion",2021-06-01
"2021-06",NA,14,"tolima","extortion",2021-06-01
"2021-06",NA,114,"antioquia","extortion",2021-06-01
"2021-06",NA,1,"guainia","extortion",2021-06-01
"2021-06","arauca",9,"arauca","extortion",2021-06-01
"2021-06",NA,5,"la guajira","extortion",2021-06-01
"2021-06",NA,5,"casanare","extortion",2021-06-01
"2021-06",NA,6,"risaralda","extortion",2021-06-01
"2021-06",NA,12,"bolivar","extortion",2021-06-01
"2021-06",NA,10,"putumayo","extortion",2021-06-01
"2021-06",NA,81,"valle del cauca","extortion",2021-06-01
"2021-06",NA,28,"meta","extortion",2021-06-01
"2021-06",NA,10,"santander","extortion",2021-06-01
"2021-06",NA,9,"cesar","extortion",2021-06-01
"2021-06",NA,5,"caldas","extortion",2021-06-01
"2021-06",NA,13,"atlantico","extortion",2021-06-01
"2021-06",NA,1,"san andres islas","extortion",2021-06-01
"2021-06",NA,12,"nariño","extortion",2021-06-01
"2021-06",NA,2,"cordoba","extortion",2021-06-01
"2021-06",NA,3,"vichada","extortion",2021-06-01
"2021-06",NA,6,"quindio","extortion",2021-06-01
"2021-06",NA,1,"amazonas","extortion",2021-06-01
"2021-06",NA,2,"caqueta","extortion",2021-06-01
"2021-06",NA,1,"guaviare","extortion",2021-06-01
"2021-05",NA,80,"antioquia","extortion",2021-05-01
"2021-05",NA,82,"valle del cauca","extortion",2021-05-01
"2021-05",NA,126,"bogota d.c.","extortion",2021-05-01
"2021-05",NA,13,"cauca","extortion",2021-05-01
"2021-05",NA,5,"casanare","extortion",2021-05-01
"2021-05",NA,16,"atlantico","extortion",2021-05-01
"2021-05","arauca",9,"arauca","extortion",2021-05-01
"2021-05",NA,23,"cundinamarca","extortion",2021-05-01
"2021-05",NA,3,"caqueta","extortion",2021-05-01
"2021-05",NA,7,"putumayo","extortion",2021-05-01
"2021-05",NA,21,"meta","extortion",2021-05-01
"2021-05",NA,24,"boyaca","extortion",2021-05-01
"2021-05",NA,12,"bolivar","extortion",2021-05-01
"2021-05",NA,15,"nariño","extortion",2021-05-01
"2021-05",NA,20,"norte de santander","extortion",2021-05-01
"2021-05",NA,7,"cordoba","extortion",2021-05-01
"2021-05",NA,11,"magdalena","extortion",2021-05-01
"2021-05","buenaventura",13,"valle del cauca","extortion",2021-05-01
"2021-05",NA,20,"choco","extortion",2021-05-01
"2021-05",NA,4,"quindio","extortion",2021-05-01
"2021-05",NA,18,"tolima","extortion",2021-05-01
"2021-05",NA,7,"huila","extortion",2021-05-01
"2021-05",NA,6,"risaralda","extortion",2021-05-01
"2021-05",NA,3,"la guajira","extortion",2021-05-01
"2021-05",NA,1,"guaviare","extortion",2021-05-01
"2021-05",NA,10,"sucre","extortion",2021-05-01
"2021-05",NA,10,"cesar","extortion",2021-05-01
"2021-05",NA,2,"caldas","extortion",2021-05-01
"2021-05",NA,14,"santander","extortion",2021-05-01
"2021-05",NA,1,"vichada","extortion",2021-05-01
"2021-04",NA,70,"valle del cauca","extortion",2021-04-01
"2021-04",NA,1,"guaviare","extortion",2021-04-01
"2021-04",NA,19,"boyaca","extortion",2021-04-01
"2021-04",NA,128,"bogota d.c.","extortion",2021-04-01
"2021-04",NA,23,"meta","extortion",2021-04-01
"2021-04",NA,56,"antioquia","extortion",2021-04-01
"2021-04",NA,14,"bolivar","extortion",2021-04-01
"2021-04",NA,12,"nariño","extortion",2021-04-01
"2021-04",NA,19,"huila","extortion",2021-04-01
"2021-04",NA,12,"atlantico","extortion",2021-04-01
"2021-04",NA,6,"putumayo","extortion",2021-04-01
"2021-04",NA,13,"choco","extortion",2021-04-01
"2021-04",NA,14,"cesar","extortion",2021-04-01
"2021-04",NA,10,"santander","extortion",2021-04-01
"2021-04",NA,22,"norte de santander","extortion",2021-04-01
"2021-04","buenaventura",8,"valle del cauca","extortion",2021-04-01
"2021-04",NA,22,"cundinamarca","extortion",2021-04-01
"2021-04",NA,8,"casanare","extortion",2021-04-01
"2021-04",NA,15,"cauca","extortion",2021-04-01
"2021-04","arauca",11,"arauca","extortion",2021-04-01
"2021-04",NA,3,"la guajira","extortion",2021-04-01
"2021-04","tumaco",1,"nariño","extortion",2021-04-01
"2021-04",NA,4,"quindio","extortion",2021-04-01
"2021-04",NA,4,"risaralda","extortion",2021-04-01
"2021-04",NA,19,"tolima","extortion",2021-04-01
"2021-04",NA,9,"sucre","extortion",2021-04-01
"2021-04",NA,8,"magdalena","extortion",2021-04-01
"2021-04",NA,3,"caldas","extortion",2021-04-01
"2021-04",NA,4,"cordoba","extortion",2021-04-01
"2021-04",NA,6,"caqueta","extortion",2021-04-01
"2021-04",NA,1,"vaupes","extortion",2021-04-01
"2021-03",NA,12,"cesar","extortion",2021-03-01
"2021-03",NA,104,"bogota d.c.","extortion",2021-03-01
"2021-03",NA,35,"norte de santander","extortion",2021-03-01
"2021-03",NA,95,"antioquia","extortion",2021-03-01
"2021-03",NA,7,"choco","extortion",2021-03-01
"2021-03",NA,64,"valle del cauca","extortion",2021-03-01
"2021-03",NA,17,"boyaca","extortion",2021-03-01
"2021-03",NA,20,"tolima","extortion",2021-03-01
"2021-03",NA,25,"cundinamarca","extortion",2021-03-01
"2021-03",NA,9,"santander","extortion",2021-03-01
"2021-03","buenaventura",9,"valle del cauca","extortion",2021-03-01
"2021-03",NA,6,"caldas","extortion",2021-03-01
"2021-03",NA,8,"sucre","extortion",2021-03-01
"2021-03",NA,11,"nariño","extortion",2021-03-01
"2021-03",NA,4,"guaviare","extortion",2021-03-01
"2021-03",NA,10,"huila","extortion",2021-03-01
"2021-03",NA,7,"putumayo","extortion",2021-03-01
"2021-03",NA,20,"meta","extortion",2021-03-01
"2021-03",NA,15,"la guajira","extortion",2021-03-01
"2021-03",NA,10,"magdalena","extortion",2021-03-01
"2021-03",NA,11,"bolivar","extortion",2021-03-01
"2021-03",NA,14,"cauca","extortion",2021-03-01
"2021-03",NA,12,"atlantico","extortion",2021-03-01
"2021-03",NA,1,"san andres islas","extortion",2021-03-01
"2021-03",NA,3,"risaralda","extortion",2021-03-01
"2021-03","arauca",8,"arauca","extortion",2021-03-01
"2021-03",NA,5,"caqueta","extortion",2021-03-01
"2021-03",NA,6,"casanare","extortion",2021-03-01
"2021-03",NA,5,"cordoba","extortion",2021-03-01
"2021-03",NA,3,"quindio","extortion",2021-03-01
"2021-02",NA,63,"antioquia","extortion",2021-02-01
"2021-02",NA,17,"la guajira","extortion",2021-02-01
"2021-02",NA,22,"huila","extortion",2021-02-01
"2021-02",NA,114,"bogota d.c.","extortion",2021-02-01
"2021-02",NA,20,"tolima","extortion",2021-02-01
"2021-02",NA,8,"caldas","extortion",2021-02-01
"2021-02",NA,21,"bolivar","extortion",2021-02-01
"2021-02",NA,65,"valle del cauca","extortion",2021-02-01
"2021-02",NA,30,"meta","extortion",2021-02-01
"2021-02",NA,23,"cundinamarca","extortion",2021-02-01
"2021-02",NA,11,"santander","extortion",2021-02-01
"2021-02",NA,40,"cauca","extortion",2021-02-01
"2021-02",NA,12,"choco","extortion",2021-02-01
"2021-02","arauca",5,"arauca","extortion",2021-02-01
"2021-02",NA,17,"norte de santander","extortion",2021-02-01
"2021-02","buenaventura",17,"valle del cauca","extortion",2021-02-01
"2021-02",NA,10,"sucre","extortion",2021-02-01
"2021-02",NA,11,"magdalena","extortion",2021-02-01
"2021-02",NA,27,"boyaca","extortion",2021-02-01
"2021-02",NA,2,"vichada","extortion",2021-02-01
"2021-02",NA,2,"risaralda","extortion",2021-02-01
"2021-02",NA,12,"cesar","extortion",2021-02-01
"2021-02",NA,10,"nariño","extortion",2021-02-01
"2021-02",NA,3,"putumayo","extortion",2021-02-01
"2021-02",NA,4,"caqueta","extortion",2021-02-01
"2021-02",NA,10,"atlantico","extortion",2021-02-01
"2021-02","tumaco",1,"nariño","extortion",2021-02-01
"2021-02",NA,4,"guaviare","extortion",2021-02-01
"2021-02",NA,3,"casanare","extortion",2021-02-01
"2021-02",NA,5,"quindio","extortion",2021-02-01
"2021-02",NA,4,"cordoba","extortion",2021-02-01
"2021-02",NA,2,"san andres islas","extortion",2021-02-01
"2021-01",NA,24,"meta","extortion",2021-01-01
"2021-01",NA,63,"valle del cauca","extortion",2021-01-01
"2021-01",NA,14,"cordoba","extortion",2021-01-01
"2021-01",NA,99,"antioquia","extortion",2021-01-01
"2021-01",NA,15,"nariño","extortion",2021-01-01
"2021-01",NA,23,"huila","extortion",2021-01-01
"2021-01",NA,15,"cesar","extortion",2021-01-01
"2021-01",NA,19,"cundinamarca","extortion",2021-01-01
"2021-01",NA,110,"bogota d.c.","extortion",2021-01-01
"2021-01",NA,12,"bolivar","extortion",2021-01-01
"2021-01",NA,31,"cauca","extortion",2021-01-01
"2021-01",NA,18,"tolima","extortion",2021-01-01
"2021-01",NA,10,"santander","extortion",2021-01-01
"2021-01",NA,6,"san andres islas","extortion",2021-01-01
"2021-01",NA,23,"boyaca","extortion",2021-01-01
"2021-01",NA,20,"magdalena","extortion",2021-01-01
"2021-01",NA,4,"putumayo","extortion",2021-01-01
"2021-01",NA,15,"norte de santander","extortion",2021-01-01
"2021-01","buenaventura",32,"valle del cauca","extortion",2021-01-01
"2021-01",NA,9,"atlantico","extortion",2021-01-01
"2021-01",NA,5,"choco","extortion",2021-01-01
"2021-01",NA,5,"caldas","extortion",2021-01-01
"2021-01",NA,6,"sucre","extortion",2021-01-01
"2021-01",NA,7,"casanare","extortion",2021-01-01
"2021-01",NA,14,"la guajira","extortion",2021-01-01
"2021-01",NA,4,"quindio","extortion",2021-01-01
"2021-01",NA,1,"guaviare","extortion",2021-01-01
"2021-01","tumaco",1,"nariño","extortion",2021-01-01
"2021-01",NA,3,"risaralda","extortion",2021-01-01
"2021-01","arauca",6,"arauca","extortion",2021-01-01
"2021-01",NA,1,"vichada","extortion",2021-01-01
"2021-01",NA,4,"caqueta","extortion",2021-01-01
"2021-01",NA,1,"amazonas","extortion",2021-01-01
"2020-12",NA,273,"antioquia","extortion",2020-12-01
"2020-12",NA,11,"choco","extortion",2020-12-01
"2020-12",NA,211,"bogota d.c.","extortion",2020-12-01
"2020-12",NA,33,"tolima","extortion",2020-12-01
"2020-12",NA,21,"risaralda","extortion",2020-12-01
"2020-12",NA,23,"cesar","extortion",2020-12-01
"2020-12",NA,41,"cundinamarca","extortion",2020-12-01
"2020-12",NA,121,"valle del cauca","extortion",2020-12-01
"2020-12",NA,28,"boyaca","extortion",2020-12-01
"2020-12",NA,16,"norte de santander","extortion",2020-12-01
"2020-12","buenaventura",23,"valle del cauca","extortion",2020-12-01
"2020-12",NA,50,"meta","extortion",2020-12-01
"2020-12",NA,1,"san andres islas","extortion",2020-12-01
"2020-12",NA,20,"santander","extortion",2020-12-01
"2020-12",NA,38,"cauca","extortion",2020-12-01
"2020-12",NA,22,"magdalena","extortion",2020-12-01
"2020-12",NA,27,"bolivar","extortion",2020-12-01
"2020-12",NA,3,"guaviare","extortion",2020-12-01
"2020-12",NA,23,"huila","extortion",2020-12-01
"2020-12",NA,3,"cordoba","extortion",2020-12-01
"2020-12",NA,13,"atlantico","extortion",2020-12-01
"2020-12",NA,24,"nariño","extortion",2020-12-01
"2020-12","arauca",5,"arauca","extortion",2020-12-01
"2020-12",NA,12,"putumayo","extortion",2020-12-01
"2020-12",NA,9,"casanare","extortion",2020-12-01
"2020-12",NA,8,"sucre","extortion",2020-12-01
"2020-12",NA,1,"caqueta","extortion",2020-12-01
"2020-12",NA,14,"la guajira","extortion",2020-12-01
"2020-12",NA,14,"caldas","extortion",2020-12-01
"2020-12",NA,2,"quindio","extortion",2020-12-01
"2020-11",NA,247,"antioquia","extortion",2020-11-01
"2020-11",NA,18,"caldas","extortion",2020-11-01
"2020-11",NA,53,"cauca","extortion",2020-11-01
"2020-11",NA,40,"cundinamarca","extortion",2020-11-01
"2020-11",NA,10,"quindio","extortion",2020-11-01
"2020-11",NA,308,"bogota d.c.","extortion",2020-11-01
"2020-11",NA,11,"casanare","extortion",2020-11-01
"2020-11",NA,30,"santander","extortion",2020-11-01
"2020-11",NA,38,"tolima","extortion",2020-11-01
"2020-11",NA,137,"valle del cauca","extortion",2020-11-01
"2020-11",NA,29,"meta","extortion",2020-11-01
"2020-11",NA,14,"magdalena","extortion",2020-11-01
"2020-11",NA,30,"boyaca","extortion",2020-11-01
"2020-11","arauca",7,"arauca","extortion",2020-11-01
"2020-11",NA,15,"risaralda","extortion",2020-11-01
"2020-11",NA,8,"sucre","extortion",2020-11-01
"2020-11",NA,15,"bolivar","extortion",2020-11-01
"2020-11",NA,14,"putumayo","extortion",2020-11-01
"2020-11",NA,8,"caqueta","extortion",2020-11-01
"2020-11",NA,20,"atlantico","extortion",2020-11-01
"2020-11",NA,26,"nariño","extortion",2020-11-01
"2020-11",NA,9,"choco","extortion",2020-11-01
"2020-11",NA,5,"la guajira","extortion",2020-11-01
"2020-11",NA,15,"huila","extortion",2020-11-01
"2020-11",NA,25,"norte de santander","extortion",2020-11-01
"2020-11",NA,11,"cesar","extortion",2020-11-01
"2020-11",NA,9,"cordoba","extortion",2020-11-01
"2020-11","buenaventura",11,"valle del cauca","extortion",2020-11-01
"2020-11",NA,5,"guaviare","extortion",2020-11-01
"2020-11",NA,1,"amazonas","extortion",2020-11-01
"2020-11",NA,1,"vaupes","extortion",2020-11-01
"2020-10",NA,134,"antioquia","extortion",2020-10-01
"2020-10",NA,33,"meta","extortion",2020-10-01
"2020-10",NA,94,"valle del cauca","extortion",2020-10-01
"2020-10",NA,177,"bogota d.c.","extortion",2020-10-01
"2020-10",NA,39,"norte de santander","extortion",2020-10-01
"2020-10",NA,34,"cundinamarca","extortion",2020-10-01
"2020-10",NA,38,"tolima","extortion",2020-10-01
"2020-10",NA,10,"putumayo","extortion",2020-10-01
"2020-10",NA,18,"magdalena","extortion",2020-10-01
"2020-10",NA,23,"huila","extortion",2020-10-01
"2020-10",NA,27,"atlantico","extortion",2020-10-01
"2020-10",NA,13,"quindio","extortion",2020-10-01
"2020-10",NA,21,"bolivar","extortion",2020-10-01
"2020-10",NA,34,"cauca","extortion",2020-10-01
"2020-10",NA,8,"casanare","extortion",2020-10-01
"2020-10",NA,32,"santander","extortion",2020-10-01
"2020-10","arauca",10,"arauca","extortion",2020-10-01
"2020-10","buenaventura",7,"valle del cauca","extortion",2020-10-01
"2020-10",NA,9,"cesar","extortion",2020-10-01
"2020-10",NA,26,"nariño","extortion",2020-10-01
"2020-10",NA,11,"sucre","extortion",2020-10-01
"2020-10",NA,34,"boyaca","extortion",2020-10-01
"2020-10",NA,4,"guaviare","extortion",2020-10-01
"2020-10",NA,8,"caqueta","extortion",2020-10-01
"2020-10",NA,6,"risaralda","extortion",2020-10-01
"2020-10",NA,8,"caldas","extortion",2020-10-01
"2020-10",NA,13,"choco","extortion",2020-10-01
"2020-10",NA,12,"la guajira","extortion",2020-10-01
"2020-10",NA,2,"guainia","extortion",2020-10-01
"2020-10",NA,12,"cordoba","extortion",2020-10-01
"2020-10",NA,3,"san andres islas","extortion",2020-10-01
"2020-09",NA,14,"la guajira","extortion",2020-09-01
"2020-09",NA,27,"norte de santander","extortion",2020-09-01
"2020-09",NA,19,"atlantico","extortion",2020-09-01
"2020-09",NA,19,"tolima","extortion",2020-09-01
"2020-09",NA,68,"valle del cauca","extortion",2020-09-01
"2020-09",NA,10,"choco","extortion",2020-09-01
"2020-09",NA,128,"antioquia","extortion",2020-09-01
"2020-09","buenaventura",7,"valle del cauca","extortion",2020-09-01
"2020-09",NA,27,"meta","extortion",2020-09-01
"2020-09",NA,127,"bogota d.c.","extortion",2020-09-01
"2020-09",NA,11,"cesar","extortion",2020-09-01
"2020-09",NA,18,"bolivar","extortion",2020-09-01
"2020-09",NA,21,"santander","extortion",2020-09-01
"2020-09",NA,11,"casanare","extortion",2020-09-01
"2020-09",NA,30,"cundinamarca","extortion",2020-09-01
"2020-09",NA,17,"cordoba","extortion",2020-09-01
"2020-09",NA,22,"boyaca","extortion",2020-09-01
"2020-09",NA,21,"nariño","extortion",2020-09-01
"2020-09",NA,16,"magdalena","extortion",2020-09-01
"2020-09",NA,17,"huila","extortion",2020-09-01
"2020-09",NA,4,"caldas","extortion",2020-09-01
"2020-09",NA,20,"cauca","extortion",2020-09-01
"2020-09",NA,16,"risaralda","extortion",2020-09-01
"2020-09",NA,5,"quindio","extortion",2020-09-01
"2020-09",NA,5,"sucre","extortion",2020-09-01
"2020-09","arauca",8,"arauca","extortion",2020-09-01
"2020-09",NA,8,"putumayo","extortion",2020-09-01
"2020-09",NA,2,"vichada","extortion",2020-09-01
"2020-09",NA,2,"caqueta","extortion",2020-09-01
"2020-09",NA,1,"guainia","extortion",2020-09-01
"2020-08",NA,31,"nariño","extortion",2020-08-01
"2020-08",NA,15,"santander","extortion",2020-08-01
"2020-08",NA,129,"bogota d.c.","extortion",2020-08-01
"2020-08",NA,19,"atlantico","extortion",2020-08-01
"2020-08",NA,7,"cordoba","extortion",2020-08-01
"2020-08","arauca",12,"arauca","extortion",2020-08-01
"2020-08",NA,16,"boyaca","extortion",2020-08-01
"2020-08",NA,32,"norte de santander","extortion",2020-08-01
"2020-08",NA,36,"cundinamarca","extortion",2020-08-01
"2020-08",NA,12,"risaralda","extortion",2020-08-01
"2020-08",NA,11,"quindio","extortion",2020-08-01
"2020-08",NA,6,"la guajira","extortion",2020-08-01
"2020-08",NA,11,"choco","extortion",2020-08-01
"2020-08",NA,59,"valle del cauca","extortion",2020-08-01
"2020-08","buenaventura",6,"valle del cauca","extortion",2020-08-01
"2020-08",NA,73,"antioquia","extortion",2020-08-01
"2020-08",NA,25,"bolivar","extortion",2020-08-01
"2020-08",NA,7,"putumayo","extortion",2020-08-01
"2020-08",NA,7,"caldas","extortion",2020-08-01
"2020-08",NA,13,"cesar","extortion",2020-08-01
"2020-08",NA,11,"magdalena","extortion",2020-08-01
"2020-08",NA,8,"casanare","extortion",2020-08-01
"2020-08","tumaco",1,"nariño","extortion",2020-08-01
"2020-08",NA,19,"cauca","extortion",2020-08-01
"2020-08",NA,3,"san andres islas","extortion",2020-08-01
"2020-08",NA,3,"sucre","extortion",2020-08-01
"2020-08",NA,29,"meta","extortion",2020-08-01
"2020-08",NA,6,"caqueta","extortion",2020-08-01
"2020-08",NA,15,"tolima","extortion",2020-08-01
"2020-08",NA,7,"huila","extortion",2020-08-01
"2020-08",NA,1,"guaviare","extortion",2020-08-01
"2020-07",NA,74,"valle del cauca","extortion",2020-07-01
"2020-07",NA,8,"putumayo","extortion",2020-07-01
"2020-07",NA,17,"magdalena","extortion",2020-07-01
"2020-07",NA,20,"tolima","extortion",2020-07-01
"2020-07",NA,10,"cordoba","extortion",2020-07-01
"2020-07",NA,7,"caldas","extortion",2020-07-01
"2020-07",NA,106,"bogota d.c.","extortion",2020-07-01
"2020-07",NA,80,"antioquia","extortion",2020-07-01
"2020-07",NA,19,"boyaca","extortion",2020-07-01
"2020-07","arauca",11,"arauca","extortion",2020-07-01
"2020-07",NA,18,"santander","extortion",2020-07-01
"2020-07",NA,22,"bolivar","extortion",2020-07-01
"2020-07",NA,18,"nariño","extortion",2020-07-01
"2020-07",NA,25,"norte de santander","extortion",2020-07-01
"2020-07",NA,19,"cundinamarca","extortion",2020-07-01
"2020-07",NA,6,"sucre","extortion",2020-07-01
"2020-07","buenaventura",13,"valle del cauca","extortion",2020-07-01
"2020-07",NA,8,"huila","extortion",2020-07-01
"2020-07",NA,2,"amazonas","extortion",2020-07-01
"2020-07",NA,6,"choco","extortion",2020-07-01
"2020-07",NA,3,"guainia","extortion",2020-07-01
"2020-07",NA,25,"meta","extortion",2020-07-01
"2020-07",NA,12,"atlantico","extortion",2020-07-01
"2020-07",NA,24,"cauca","extortion",2020-07-01
"2020-07",NA,6,"quindio","extortion",2020-07-01
"2020-07",NA,12,"risaralda","extortion",2020-07-01
"2020-07",NA,9,"casanare","extortion",2020-07-01
"2020-07",NA,12,"cesar","extortion",2020-07-01
"2020-07",NA,6,"caqueta","extortion",2020-07-01
"2020-07",NA,2,"guaviare","extortion",2020-07-01
"2020-07",NA,8,"la guajira","extortion",2020-07-01
"2020-07",NA,1,"vichada","extortion",2020-07-01
"2020-07",NA,1,"vaupes","extortion",2020-07-01
"2020-07",NA,1,"san andres islas","extortion",2020-07-01
"2020-06",NA,86,"antioquia","extortion",2020-06-01
"2020-06",NA,6,"magdalena","extortion",2020-06-01
"2020-06",NA,17,"huila","extortion",2020-06-01
"2020-06",NA,86,"bogota d.c.","extortion",2020-06-01
"2020-06",NA,8,"caqueta","extortion",2020-06-01
"2020-06",NA,6,"sucre","extortion",2020-06-01
"2020-06",NA,26,"norte de santander","extortion",2020-06-01
"2020-06",NA,14,"cordoba","extortion",2020-06-01
"2020-06",NA,13,"santander","extortion",2020-06-01
"2020-06",NA,59,"valle del cauca","extortion",2020-06-01
"2020-06",NA,11,"tolima","extortion",2020-06-01
"2020-06",NA,11,"boyaca","extortion",2020-06-01
"2020-06",NA,22,"meta","extortion",2020-06-01
"2020-06",NA,16,"cundinamarca","extortion",2020-06-01
"2020-06",NA,12,"nariño","extortion",2020-06-01
"2020-06",NA,21,"cesar","extortion",2020-06-01
"2020-06",NA,6,"la guajira","extortion",2020-06-01
"2020-06",NA,15,"bolivar","extortion",2020-06-01
"2020-06",NA,27,"cauca","extortion",2020-06-01
"2020-06",NA,5,"risaralda","extortion",2020-06-01
"2020-06",NA,6,"caldas","extortion",2020-06-01
"2020-06",NA,10,"atlantico","extortion",2020-06-01
"2020-06","arauca",9,"arauca","extortion",2020-06-01
"2020-06",NA,2,"choco","extortion",2020-06-01
"2020-06",NA,11,"casanare","extortion",2020-06-01
"2020-06",NA,4,"putumayo","extortion",2020-06-01
"2020-06",NA,5,"guaviare","extortion",2020-06-01
"2020-06","buenaventura",4,"valle del cauca","extortion",2020-06-01
"2020-06",NA,1,"vichada","extortion",2020-06-01
"2020-06",NA,3,"quindio","extortion",2020-06-01
"2020-06","tumaco",1,"nariño","extortion",2020-06-01
"2020-05",NA,79,"bogota d.c.","extortion",2020-05-01
"2020-05",NA,65,"antioquia","extortion",2020-05-01
"2020-05",NA,8,"tolima","extortion",2020-05-01
"2020-05",NA,12,"atlantico","extortion",2020-05-01
"2020-05",NA,25,"norte de santander","extortion",2020-05-01
"2020-05",NA,19,"nariño","extortion",2020-05-01
"2020-05",NA,35,"meta","extortion",2020-05-01
"2020-05",NA,26,"cauca","extortion",2020-05-01
"2020-05",NA,10,"cesar","extortion",2020-05-01
"2020-05","buenaventura",2,"valle del cauca","extortion",2020-05-01
"2020-05",NA,5,"caqueta","extortion",2020-05-01
"2020-05",NA,4,"guaviare","extortion",2020-05-01
"2020-05",NA,16,"bolivar","extortion",2020-05-01
"2020-05",NA,12,"cordoba","extortion",2020-05-01
"2020-05",NA,65,"valle del cauca","extortion",2020-05-01
"2020-05",NA,12,"santander","extortion",2020-05-01
"2020-05",NA,6,"casanare","extortion",2020-05-01
"2020-05",NA,13,"huila","extortion",2020-05-01
"2020-05",NA,12,"cundinamarca","extortion",2020-05-01
"2020-05","arauca",12,"arauca","extortion",2020-05-01
"2020-05",NA,10,"caldas","extortion",2020-05-01
"2020-05",NA,3,"putumayo","extortion",2020-05-01
"2020-05",NA,4,"magdalena","extortion",2020-05-01
"2020-05",NA,11,"sucre","extortion",2020-05-01
"2020-05",NA,5,"quindio","extortion",2020-05-01
"2020-05",NA,5,"la guajira","extortion",2020-05-01
"2020-05",NA,6,"boyaca","extortion",2020-05-01
"2020-05",NA,3,"risaralda","extortion",2020-05-01
"2020-05",NA,6,"choco","extortion",2020-05-01
"2020-04",NA,11,"la guajira","extortion",2020-04-01
"2020-04",NA,88,"valle del cauca","extortion",2020-04-01
"2020-04",NA,11,"bolivar","extortion",2020-04-01
"2020-04",NA,52,"antioquia","extortion",2020-04-01
"2020-04",NA,6,"choco","extortion",2020-04-01
"2020-04",NA,1,"vichada","extortion",2020-04-01
"2020-04",NA,98,"bogota d.c.","extortion",2020-04-01
"2020-04",NA,10,"boyaca","extortion",2020-04-01
"2020-04",NA,23,"meta","extortion",2020-04-01
"2020-04",NA,3,"casanare","extortion",2020-04-01
"2020-04",NA,5,"magdalena","extortion",2020-04-01
"2020-04",NA,19,"cundinamarca","extortion",2020-04-01
"2020-04",NA,6,"risaralda","extortion",2020-04-01
"2020-04",NA,12,"nariño","extortion",2020-04-01
"2020-04",NA,5,"caqueta","extortion",2020-04-01
"2020-04",NA,7,"santander","extortion",2020-04-01
"2020-04",NA,19,"norte de santander","extortion",2020-04-01
"2020-04",NA,12,"cauca","extortion",2020-04-01
"2020-04",NA,9,"atlantico","extortion",2020-04-01
"2020-04",NA,10,"sucre","extortion",2020-04-01
"2020-04",NA,5,"tolima","extortion",2020-04-01
"2020-04",NA,2,"putumayo","extortion",2020-04-01
"2020-04",NA,11,"cesar","extortion",2020-04-01
"2020-04",NA,2,"quindio","extortion",2020-04-01
"2020-04",NA,1,"cordoba","extortion",2020-04-01
"2020-04",NA,8,"huila","extortion",2020-04-01
"2020-04","buenaventura",5,"valle del cauca","extortion",2020-04-01
"2020-04",NA,1,"san andres islas","extortion",2020-04-01
"2020-04","arauca",2,"arauca","extortion",2020-04-01
"2020-04",NA,1,"vaupes","extortion",2020-04-01
"2020-04","tumaco",1,"nariño","extortion",2020-04-01
"2020-04",NA,1,"amazonas","extortion",2020-04-01
"2020-03",NA,63,"antioquia","extortion",2020-03-01
"2020-03",NA,48,"bogota d.c.","extortion",2020-03-01
"2020-03",NA,4,"cordoba","extortion",2020-03-01
"2020-03",NA,3,"caqueta","extortion",2020-03-01
"2020-03",NA,35,"valle del cauca","extortion",2020-03-01
"2020-03",NA,15,"bolivar","extortion",2020-03-01
"2020-03",NA,29,"meta","extortion",2020-03-01
"2020-03",NA,29,"cauca","extortion",2020-03-01
"2020-03",NA,4,"choco","extortion",2020-03-01
"2020-03",NA,18,"boyaca","extortion",2020-03-01
"2020-03",NA,8,"nariño","extortion",2020-03-01
"2020-03",NA,9,"magdalena","extortion",2020-03-01
"2020-03",NA,2,"guaviare","extortion",2020-03-01
"2020-03",NA,18,"cundinamarca","extortion",2020-03-01
"2020-03",NA,12,"norte de santander","extortion",2020-03-01
"2020-03","buenaventura",3,"valle del cauca","extortion",2020-03-01
"2020-03",NA,14,"atlantico","extortion",2020-03-01
"2020-03",NA,5,"sucre","extortion",2020-03-01
"2020-03","arauca",8,"arauca","extortion",2020-03-01
"2020-03","tumaco",2,"nariño","extortion",2020-03-01
"2020-03",NA,9,"cesar","extortion",2020-03-01
"2020-03",NA,11,"huila","extortion",2020-03-01
"2020-03",NA,3,"vichada","extortion",2020-03-01
"2020-03",NA,3,"risaralda","extortion",2020-03-01
"2020-03",NA,6,"la guajira","extortion",2020-03-01
"2020-03",NA,3,"caldas","extortion",2020-03-01
"2020-03",NA,17,"tolima","extortion",2020-03-01
"2020-03",NA,1,"quindio","extortion",2020-03-01
"2020-03",NA,3,"casanare","extortion",2020-03-01
"2020-03",NA,7,"santander","extortion",2020-03-01
"2020-03",NA,5,"putumayo","extortion",2020-03-01
"2020-03",NA,2,"san andres islas","extortion",2020-03-01
"2020-03",NA,1,"guainia","extortion",2020-03-01
"2020-02",NA,90,"antioquia","extortion",2020-02-01
"2020-02",NA,31,"meta","extortion",2020-02-01
"2020-02",NA,19,"tolima","extortion",2020-02-01
"2020-02",NA,11,"cordoba","extortion",2020-02-01
"2020-02",NA,32,"norte de santander","extortion",2020-02-01
"2020-02",NA,9,"caldas","extortion",2020-02-01
"2020-02",NA,8,"bolivar","extortion",2020-02-01
"2020-02",NA,73,"valle del cauca","extortion",2020-02-01
"2020-02",NA,88,"bogota d.c.","extortion",2020-02-01
"2020-02",NA,18,"atlantico","extortion",2020-02-01
"2020-02",NA,21,"magdalena","extortion",2020-02-01
"2020-02",NA,16,"santander","extortion",2020-02-01
"2020-02",NA,23,"cauca","extortion",2020-02-01
"2020-02",NA,4,"putumayo","extortion",2020-02-01
"2020-02",NA,14,"nariño","extortion",2020-02-01
"2020-02",NA,24,"cesar","extortion",2020-02-01
"2020-02",NA,6,"risaralda","extortion",2020-02-01
"2020-02",NA,6,"la guajira","extortion",2020-02-01
"2020-02",NA,4,"guaviare","extortion",2020-02-01
"2020-02",NA,4,"quindio","extortion",2020-02-01
"2020-02",NA,5,"caqueta","extortion",2020-02-01
"2020-02",NA,7,"choco","extortion",2020-02-01
"2020-02",NA,20,"huila","extortion",2020-02-01
"2020-02",NA,2,"vichada","extortion",2020-02-01
"2020-02",NA,25,"cundinamarca","extortion",2020-02-01
"2020-02",NA,8,"sucre","extortion",2020-02-01
"2020-02","arauca",11,"arauca","extortion",2020-02-01
"2020-02",NA,13,"casanare","extortion",2020-02-01
"2020-02","buenaventura",10,"valle del cauca","extortion",2020-02-01
"2020-02",NA,12,"boyaca","extortion",2020-02-01
"2020-02",NA,1,"san andres islas","extortion",2020-02-01
"2020-02","tumaco",1,"nariño","extortion",2020-02-01
"2020-01",NA,81,"antioquia","extortion",2020-01-01
"2020-01",NA,15,"nariño","extortion",2020-01-01
"2020-01",NA,87,"valle del cauca","extortion",2020-01-01
"2020-01",NA,7,"casanare","extortion",2020-01-01
"2020-01",NA,10,"caldas","extortion",2020-01-01
"2020-01",NA,10,"sucre","extortion",2020-01-01
"2020-01",NA,66,"bogota d.c.","extortion",2020-01-01
"2020-01",NA,42,"meta","extortion",2020-01-01
"2020-01",NA,17,"atlantico","extortion",2020-01-01
"2020-01",NA,15,"boyaca","extortion",2020-01-01
"2020-01",NA,19,"tolima","extortion",2020-01-01
"2020-01",NA,12,"santander","extortion",2020-01-01
"2020-01",NA,28,"huila","extortion",2020-01-01
"2020-01",NA,6,"putumayo","extortion",2020-01-01
"2020-01",NA,13,"cordoba","extortion",2020-01-01
"2020-01",NA,24,"bolivar","extortion",2020-01-01
"2020-01",NA,26,"norte de santander","extortion",2020-01-01
"2020-01",NA,7,"risaralda","extortion",2020-01-01
"2020-01","buenaventura",10,"valle del cauca","extortion",2020-01-01
"2020-01",NA,15,"cesar","extortion",2020-01-01
"2020-01",NA,7,"caqueta","extortion",2020-01-01
"2020-01",NA,12,"magdalena","extortion",2020-01-01
"2020-01",NA,27,"cauca","extortion",2020-01-01
"2020-01",NA,6,"quindio","extortion",2020-01-01
"2020-01",NA,13,"cundinamarca","extortion",2020-01-01
"2020-01",NA,10,"la guajira","extortion",2020-01-01
"2020-01","arauca",11,"arauca","extortion",2020-01-01
"2020-01",NA,1,"san andres islas","extortion",2020-01-01
"2020-01",NA,6,"choco","extortion",2020-01-01
"2020-01",NA,1,"amazonas","extortion",2020-01-01
"2020-01",NA,4,"guaviare","extortion",2020-01-01
"2020-01",NA,1,"vichada","extortion",2020-01-01
"2019-12",NA,6,"caldas","extortion",2019-12-01
"2019-12",NA,19,"santander","extortion",2019-12-01
"2019-12",NA,93,"antioquia","extortion",2019-12-01
"2019-12",NA,19,"cundinamarca","extortion",2019-12-01
"2019-12",NA,80,"valle del cauca","extortion",2019-12-01
"2019-12",NA,23,"tolima","extortion",2019-12-01
"2019-12",NA,21,"meta","extortion",2019-12-01
"2019-12","buenaventura",11,"valle del cauca","extortion",2019-12-01
"2019-12",NA,14,"atlantico","extortion",2019-12-01
"2019-12",NA,8,"choco","extortion",2019-12-01
"2019-12",NA,10,"la guajira","extortion",2019-12-01
"2019-12",NA,11,"boyaca","extortion",2019-12-01
"2019-12","arauca",10,"arauca","extortion",2019-12-01
"2019-12",NA,7,"bolivar","extortion",2019-12-01
"2019-12",NA,58,"bogota d.c.","extortion",2019-12-01
"2019-12",NA,10,"caqueta","extortion",2019-12-01
"2019-12",NA,20,"cauca","extortion",2019-12-01
"2019-12",NA,15,"magdalena","extortion",2019-12-01
"2019-12",NA,10,"casanare","extortion",2019-12-01
"2019-12",NA,15,"cordoba","extortion",2019-12-01
"2019-12",NA,11,"cesar","extortion",2019-12-01
"2019-12",NA,1,"vaupes","extortion",2019-12-01
"2019-12",NA,20,"norte de santander","extortion",2019-12-01
"2019-12",NA,1,"guaviare","extortion",2019-12-01
"2019-12",NA,3,"quindio","extortion",2019-12-01
"2019-12",NA,17,"huila","extortion",2019-12-01
"2019-12",NA,5,"putumayo","extortion",2019-12-01
"2019-12",NA,17,"nariño","extortion",2019-12-01
"2019-12",NA,5,"risaralda","extortion",2019-12-01
"2019-12",NA,3,"vichada","extortion",2019-12-01
"2019-12",NA,2,"sucre","extortion",2019-12-01
"2019-12",NA,1,"guainia","extortion",2019-12-01
"2019-11",NA,14,"atlantico","extortion",2019-11-01
"2019-11","arauca",15,"arauca","extortion",2019-11-01
"2019-11",NA,30,"norte de santander","extortion",2019-11-01
"2019-11",NA,45,"cauca","extortion",2019-11-01
"2019-11",NA,98,"antioquia","extortion",2019-11-01
"2019-11",NA,9,"caqueta","extortion",2019-11-01
"2019-11",NA,15,"magdalena","extortion",2019-11-01
"2019-11",NA,5,"vichada","extortion",2019-11-01
"2019-11",NA,19,"nariño","extortion",2019-11-01
"2019-11",NA,10,"la guajira","extortion",2019-11-01
"2019-11",NA,83,"valle del cauca","extortion",2019-11-01
"2019-11",NA,30,"meta","extortion",2019-11-01
"2019-11",NA,7,"sucre","extortion",2019-11-01
"2019-11",NA,55,"bogota d.c.","extortion",2019-11-01
"2019-11",NA,22,"tolima","extortion",2019-11-01
"2019-11",NA,16,"boyaca","extortion",2019-11-01
"2019-11",NA,14,"risaralda","extortion",2019-11-01
"2019-11",NA,1,"guainia","extortion",2019-11-01
"2019-11",NA,33,"cundinamarca","extortion",2019-11-01
"2019-11",NA,11,"santander","extortion",2019-11-01
"2019-11",NA,12,"choco","extortion",2019-11-01
"2019-11",NA,16,"casanare","extortion",2019-11-01
"2019-11","buenaventura",14,"valle del cauca","extortion",2019-11-01
"2019-11",NA,17,"huila","extortion",2019-11-01
"2019-11",NA,8,"putumayo","extortion",2019-11-01
"2019-11",NA,4,"quindio","extortion",2019-11-01
"2019-11",NA,8,"cesar","extortion",2019-11-01
"2019-11",NA,14,"bolivar","extortion",2019-11-01
"2019-11",NA,9,"caldas","extortion",2019-11-01
"2019-11",NA,7,"cordoba","extortion",2019-11-01
"2019-11",NA,3,"guaviare","extortion",2019-11-01
"2019-11",NA,1,"san andres islas","extortion",2019-11-01
"2019-10",NA,2,"vichada","extortion",2019-10-01
"2019-10",NA,27,"huila","extortion",2019-10-01
"2019-10",NA,34,"meta","extortion",2019-10-01
"2019-10","buenaventura",7,"valle del cauca","extortion",2019-10-01
"2019-10",NA,63,"bogota d.c.","extortion",2019-10-01
"2019-10",NA,93,"valle del cauca","extortion",2019-10-01
"2019-10",NA,9,"caqueta","extortion",2019-10-01
"2019-10",NA,39,"cundinamarca","extortion",2019-10-01
"2019-10",NA,7,"choco","extortion",2019-10-01
"2019-10",NA,19,"atlantico","extortion",2019-10-01
"2019-10",NA,15,"cesar","extortion",2019-10-01
"2019-10",NA,29,"cauca","extortion",2019-10-01
"2019-10",NA,29,"tolima","extortion",2019-10-01
"2019-10",NA,42,"nariño","extortion",2019-10-01
"2019-10",NA,109,"antioquia","extortion",2019-10-01
"2019-10","arauca",22,"arauca","extortion",2019-10-01
"2019-10",NA,1,"amazonas","extortion",2019-10-01
"2019-10",NA,4,"putumayo","extortion",2019-10-01
"2019-10",NA,20,"magdalena","extortion",2019-10-01
"2019-10",NA,9,"boyaca","extortion",2019-10-01
"2019-10",NA,9,"casanare","extortion",2019-10-01
"2019-10",NA,20,"cordoba","extortion",2019-10-01
"2019-10",NA,9,"caldas","extortion",2019-10-01
"2019-10",NA,1,"guaviare","extortion",2019-10-01
"2019-10",NA,16,"risaralda","extortion",2019-10-01
"2019-10",NA,17,"la guajira","extortion",2019-10-01
"2019-10",NA,23,"norte de santander","extortion",2019-10-01
"2019-10",NA,12,"bolivar","extortion",2019-10-01
"2019-10",NA,10,"santander","extortion",2019-10-01
"2019-10",NA,8,"quindio","extortion",2019-10-01
"2019-10",NA,2,"guainia","extortion",2019-10-01
"2019-10",NA,2,"sucre","extortion",2019-10-01
"2019-10",NA,1,"san andres islas","extortion",2019-10-01
"2019-10","tumaco",2,"nariño","extortion",2019-10-01
"2019-09",NA,115,"antioquia","extortion",2019-09-01
"2019-09",NA,44,"cauca","extortion",2019-09-01
"2019-09",NA,12,"choco","extortion",2019-09-01
"2019-09",NA,55,"bogota d.c.","extortion",2019-09-01
"2019-09",NA,26,"nariño","extortion",2019-09-01
"2019-09",NA,18,"santander","extortion",2019-09-01
"2019-09",NA,9,"caqueta","extortion",2019-09-01
"2019-09",NA,20,"bolivar","extortion",2019-09-01
"2019-09",NA,36,"huila","extortion",2019-09-01
"2019-09",NA,39,"cundinamarca","extortion",2019-09-01
"2019-09",NA,24,"cordoba","extortion",2019-09-01
"2019-09","buenaventura",16,"valle del cauca","extortion",2019-09-01
"2019-09",NA,92,"valle del cauca","extortion",2019-09-01
"2019-09",NA,11,"cesar","extortion",2019-09-01
"2019-09","arauca",16,"arauca","extortion",2019-09-01
"2019-09",NA,28,"norte de santander","extortion",2019-09-01
"2019-09",NA,14,"caldas","extortion",2019-09-01
"2019-09",NA,11,"la guajira","extortion",2019-09-01
"2019-09",NA,18,"boyaca","extortion",2019-09-01
"2019-09",NA,25,"atlantico","extortion",2019-09-01
"2019-09",NA,8,"magdalena","extortion",2019-09-01
"2019-09",NA,21,"tolima","extortion",2019-09-01
"2019-09",NA,37,"meta","extortion",2019-09-01
"2019-09",NA,12,"putumayo","extortion",2019-09-01
"2019-09",NA,8,"risaralda","extortion",2019-09-01
"2019-09",NA,10,"sucre","extortion",2019-09-01
"2019-09",NA,7,"guaviare","extortion",2019-09-01
"2019-09",NA,8,"quindio","extortion",2019-09-01
"2019-09",NA,10,"casanare","extortion",2019-09-01
"2019-09",NA,1,"amazonas","extortion",2019-09-01
"2019-09",NA,1,"guainia","extortion",2019-09-01
"2019-09",NA,2,"san andres islas","extortion",2019-09-01
"2019-08",NA,96,"valle del cauca","extortion",2019-08-01
"2019-08",NA,29,"meta","extortion",2019-08-01
"2019-08",NA,12,"choco","extortion",2019-08-01
"2019-08",NA,22,"tolima","extortion",2019-08-01
"2019-08",NA,15,"risaralda","extortion",2019-08-01
"2019-08",NA,13,"caqueta","extortion",2019-08-01
"2019-08",NA,116,"antioquia","extortion",2019-08-01
"2019-08",NA,7,"caldas","extortion",2019-08-01
"2019-08",NA,51,"cauca","extortion",2019-08-01
"2019-08",NA,25,"cundinamarca","extortion",2019-08-01
"2019-08",NA,9,"huila","extortion",2019-08-01
"2019-08",NA,13,"boyaca","extortion",2019-08-01
"2019-08","buenaventura",15,"valle del cauca","extortion",2019-08-01
"2019-08",NA,24,"norte de santander","extortion",2019-08-01
"2019-08",NA,19,"cordoba","extortion",2019-08-01
"2019-08",NA,24,"santander","extortion",2019-08-01
"2019-08",NA,11,"cesar","extortion",2019-08-01
"2019-08",NA,8,"sucre","extortion",2019-08-01
"2019-08",NA,17,"nariño","extortion",2019-08-01
"2019-08",NA,49,"bogota d.c.","extortion",2019-08-01
"2019-08","arauca",6,"arauca","extortion",2019-08-01
"2019-08",NA,12,"bolivar","extortion",2019-08-01
"2019-08",NA,8,"putumayo","extortion",2019-08-01
"2019-08","tumaco",2,"nariño","extortion",2019-08-01
"2019-08",NA,13,"magdalena","extortion",2019-08-01
"2019-08",NA,11,"casanare","extortion",2019-08-01
"2019-08",NA,8,"la guajira","extortion",2019-08-01
"2019-08",NA,9,"atlantico","extortion",2019-08-01
"2019-08",NA,2,"guaviare","extortion",2019-08-01
"2019-08",NA,6,"quindio","extortion",2019-08-01
"2019-08",NA,2,"vichada","extortion",2019-08-01
"2019-08",NA,1,"amazonas","extortion",2019-08-01
"2019-08",NA,1,"guainia","extortion",2019-08-01
"2019-07",NA,23,"boyaca","extortion",2019-07-01
"2019-07",NA,12,"santander","extortion",2019-07-01
"2019-07",NA,55,"bogota d.c.","extortion",2019-07-01
"2019-07",NA,15,"la guajira","extortion",2019-07-01
"2019-07",NA,6,"choco","extortion",2019-07-01
"2019-07",NA,26,"tolima","extortion",2019-07-01
"2019-07",NA,75,"valle del cauca","extortion",2019-07-01
"2019-07",NA,17,"bolivar","extortion",2019-07-01
"2019-07",NA,44,"meta","extortion",2019-07-01
"2019-07",NA,14,"casanare","extortion",2019-07-01
"2019-07",NA,114,"antioquia","extortion",2019-07-01
"2019-07","arauca",11,"arauca","extortion",2019-07-01
"2019-07",NA,9,"caldas","extortion",2019-07-01
"2019-07",NA,21,"norte de santander","extortion",2019-07-01
"2019-07",NA,23,"magdalena","extortion",2019-07-01
"2019-07",NA,16,"caqueta","extortion",2019-07-01
"2019-07",NA,14,"cordoba","extortion",2019-07-01
"2019-07",NA,31,"cauca","extortion",2019-07-01
"2019-07",NA,22,"nariño","extortion",2019-07-01
"2019-07","tumaco",1,"nariño","extortion",2019-07-01
"2019-07",NA,11,"cesar","extortion",2019-07-01
"2019-07",NA,12,"risaralda","extortion",2019-07-01
"2019-07",NA,12,"atlantico","extortion",2019-07-01
"2019-07",NA,11,"sucre","extortion",2019-07-01
"2019-07",NA,5,"quindio","extortion",2019-07-01
"2019-07","buenaventura",6,"valle del cauca","extortion",2019-07-01
"2019-07",NA,20,"cundinamarca","extortion",2019-07-01
"2019-07",NA,3,"putumayo","extortion",2019-07-01
"2019-07",NA,11,"huila","extortion",2019-07-01
"2019-07",NA,2,"vichada","extortion",2019-07-01
"2019-07",NA,1,"amazonas","extortion",2019-07-01
"2019-06",NA,112,"antioquia","extortion",2019-06-01
"2019-06",NA,17,"santander","extortion",2019-06-01
"2019-06",NA,8,"putumayo","extortion",2019-06-01
"2019-06",NA,16,"cordoba","extortion",2019-06-01
"2019-06",NA,23,"cauca","extortion",2019-06-01
"2019-06",NA,61,"bogota d.c.","extortion",2019-06-01
"2019-06",NA,10,"huila","extortion",2019-06-01
"2019-06",NA,17,"cundinamarca","extortion",2019-06-01
"2019-06",NA,22,"tolima","extortion",2019-06-01
"2019-06",NA,12,"cesar","extortion",2019-06-01
"2019-06",NA,18,"atlantico","extortion",2019-06-01
"2019-06",NA,74,"valle del cauca","extortion",2019-06-01
"2019-06",NA,32,"meta","extortion",2019-06-01
"2019-06",NA,32,"norte de santander","extortion",2019-06-01
"2019-06",NA,4,"guaviare","extortion",2019-06-01
"2019-06",NA,17,"caqueta","extortion",2019-06-01
"2019-06",NA,16,"bolivar","extortion",2019-06-01
"2019-06",NA,17,"boyaca","extortion",2019-06-01
"2019-06","buenaventura",6,"valle del cauca","extortion",2019-06-01
"2019-06",NA,6,"sucre","extortion",2019-06-01
"2019-06",NA,17,"choco","extortion",2019-06-01
"2019-06",NA,14,"nariño","extortion",2019-06-01
"2019-06",NA,8,"casanare","extortion",2019-06-01
"2019-06",NA,20,"risaralda","extortion",2019-06-01
"2019-06","arauca",13,"arauca","extortion",2019-06-01
"2019-06",NA,11,"la guajira","extortion",2019-06-01
"2019-06",NA,11,"magdalena","extortion",2019-06-01
"2019-06",NA,9,"caldas","extortion",2019-06-01
"2019-06",NA,5,"quindio","extortion",2019-06-01
"2019-06",NA,1,"vichada","extortion",2019-06-01
"2019-06","tumaco",1,"nariño","extortion",2019-06-01
"2019-06",NA,1,"guainia","extortion",2019-06-01
"2019-05",NA,82,"bogota d.c.","extortion",2019-05-01
"2019-05","buenaventura",11,"valle del cauca","extortion",2019-05-01
"2019-05",NA,36,"norte de santander","extortion",2019-05-01
"2019-05",NA,142,"antioquia","extortion",2019-05-01
"2019-05",NA,8,"caldas","extortion",2019-05-01
"2019-05",NA,11,"magdalena","extortion",2019-05-01
"2019-05",NA,20,"tolima","extortion",2019-05-01
"2019-05",NA,62,"valle del cauca","extortion",2019-05-01
"2019-05",NA,19,"choco","extortion",2019-05-01
"2019-05",NA,18,"santander","extortion",2019-05-01
"2019-05",NA,26,"meta","extortion",2019-05-01
"2019-05",NA,31,"cordoba","extortion",2019-05-01
"2019-05",NA,20,"atlantico","extortion",2019-05-01
"2019-05",NA,18,"boyaca","extortion",2019-05-01
"2019-05","arauca",9,"arauca","extortion",2019-05-01
"2019-05",NA,43,"cauca","extortion",2019-05-01
"2019-05",NA,18,"bolivar","extortion",2019-05-01
"2019-05",NA,12,"sucre","extortion",2019-05-01
"2019-05",NA,11,"risaralda","extortion",2019-05-01
"2019-05",NA,12,"la guajira","extortion",2019-05-01
"2019-05",NA,17,"nariño","extortion",2019-05-01
"2019-05",NA,15,"cundinamarca","extortion",2019-05-01
"2019-05",NA,5,"casanare","extortion",2019-05-01
"2019-05",NA,5,"quindio","extortion",2019-05-01
"2019-05",NA,11,"caqueta","extortion",2019-05-01
"2019-05",NA,11,"huila","extortion",2019-05-01
"2019-05",NA,6,"cesar","extortion",2019-05-01
"2019-05",NA,2,"guaviare","extortion",2019-05-01
"2019-05",NA,5,"putumayo","extortion",2019-05-01
"2019-05",NA,3,"vichada","extortion",2019-05-01
"2019-04",NA,52,"valle del cauca","extortion",2019-04-01
"2019-04",NA,120,"antioquia","extortion",2019-04-01
"2019-04",NA,13,"magdalena","extortion",2019-04-01
"2019-04",NA,40,"norte de santander","extortion",2019-04-01
"2019-04",NA,70,"bogota d.c.","extortion",2019-04-01
"2019-04",NA,17,"bolivar","extortion",2019-04-01
"2019-04",NA,10,"huila","extortion",2019-04-01
"2019-04",NA,13,"tolima","extortion",2019-04-01
"2019-04",NA,25,"atlantico","extortion",2019-04-01
"2019-04",NA,11,"risaralda","extortion",2019-04-01
"2019-04",NA,39,"meta","extortion",2019-04-01
"2019-04",NA,37,"cauca","extortion",2019-04-01
"2019-04",NA,15,"caqueta","extortion",2019-04-01
"2019-04",NA,7,"la guajira","extortion",2019-04-01
"2019-04",NA,6,"caldas","extortion",2019-04-01
"2019-04","arauca",10,"arauca","extortion",2019-04-01
"2019-04",NA,8,"sucre","extortion",2019-04-01
"2019-04",NA,14,"choco","extortion",2019-04-01
"2019-04",NA,14,"cesar","extortion",2019-04-01
"2019-04",NA,15,"santander","extortion",2019-04-01
"2019-04",NA,21,"cordoba","extortion",2019-04-01
"2019-04",NA,9,"quindio","extortion",2019-04-01
"2019-04",NA,17,"nariño","extortion",2019-04-01
"2019-04",NA,19,"cundinamarca","extortion",2019-04-01
"2019-04",NA,10,"casanare","extortion",2019-04-01
"2019-04",NA,8,"boyaca","extortion",2019-04-01
"2019-04","buenaventura",6,"valle del cauca","extortion",2019-04-01
"2019-04",NA,8,"putumayo","extortion",2019-04-01
"2019-04",NA,1,"vichada","extortion",2019-04-01
"2019-03",NA,145,"antioquia","extortion",2019-03-01
"2019-03",NA,15,"boyaca","extortion",2019-03-01
"2019-03",NA,22,"nariño","extortion",2019-03-01
"2019-03",NA,120,"bogota d.c.","extortion",2019-03-01
"2019-03",NA,31,"cauca","extortion",2019-03-01
"2019-03",NA,9,"tolima","extortion",2019-03-01
"2019-03",NA,19,"la guajira","extortion",2019-03-01
"2019-03",NA,63,"valle del cauca","extortion",2019-03-01
"2019-03",NA,20,"cesar","extortion",2019-03-01
"2019-03",NA,5,"sucre","extortion",2019-03-01
"2019-03",NA,12,"casanare","extortion",2019-03-01
"2019-03",NA,17,"cundinamarca","extortion",2019-03-01
"2019-03",NA,16,"santander","extortion",2019-03-01
"2019-03",NA,13,"huila","extortion",2019-03-01
"2019-03",NA,50,"norte de santander","extortion",2019-03-01
"2019-03",NA,12,"caldas","extortion",2019-03-01
"2019-03",NA,8,"atlantico","extortion",2019-03-01
"2019-03",NA,14,"putumayo","extortion",2019-03-01
"2019-03",NA,47,"meta","extortion",2019-03-01
"2019-03",NA,18,"choco","extortion",2019-03-01
"2019-03",NA,12,"magdalena","extortion",2019-03-01
"2019-03","arauca",9,"arauca","extortion",2019-03-01
"2019-03",NA,17,"caqueta","extortion",2019-03-01
"2019-03",NA,13,"risaralda","extortion",2019-03-01
"2019-03",NA,24,"cordoba","extortion",2019-03-01
"2019-03",NA,19,"bolivar","extortion",2019-03-01
"2019-03",NA,4,"quindio","extortion",2019-03-01
"2019-03",NA,4,"guaviare","extortion",2019-03-01
"2019-03","buenaventura",7,"valle del cauca","extortion",2019-03-01
"2019-03","tumaco",2,"nariño","extortion",2019-03-01
"2019-03",NA,1,"vichada","extortion",2019-03-01
"2019-02",NA,122,"antioquia","extortion",2019-02-01
"2019-02",NA,9,"caldas","extortion",2019-02-01
"2019-02",NA,132,"bogota d.c.","extortion",2019-02-01
"2019-02",NA,26,"tolima","extortion",2019-02-01
"2019-02",NA,44,"cundinamarca","extortion",2019-02-01
"2019-02",NA,111,"valle del cauca","extortion",2019-02-01
"2019-02",NA,51,"meta","extortion",2019-02-01
"2019-02",NA,14,"boyaca","extortion",2019-02-01
"2019-02",NA,24,"atlantico","extortion",2019-02-01
"2019-02",NA,19,"magdalena","extortion",2019-02-01
"2019-02",NA,35,"cordoba","extortion",2019-02-01
"2019-02",NA,41,"cauca","extortion",2019-02-01
"2019-02",NA,20,"caqueta","extortion",2019-02-01
"2019-02",NA,5,"putumayo","extortion",2019-02-01
"2019-02",NA,39,"norte de santander","extortion",2019-02-01
"2019-02",NA,11,"la guajira","extortion",2019-02-01
"2019-02",NA,21,"casanare","extortion",2019-02-01
"2019-02",NA,20,"bolivar","extortion",2019-02-01
"2019-02","arauca",9,"arauca","extortion",2019-02-01
"2019-02",NA,20,"cesar","extortion",2019-02-01
"2019-02",NA,22,"huila","extortion",2019-02-01
"2019-02",NA,17,"risaralda","extortion",2019-02-01
"2019-02",NA,15,"choco","extortion",2019-02-01
"2019-02",NA,4,"quindio","extortion",2019-02-01
"2019-02","buenaventura",10,"valle del cauca","extortion",2019-02-01
"2019-02",NA,16,"nariño","extortion",2019-02-01
"2019-02",NA,7,"sucre","extortion",2019-02-01
"2019-02",NA,17,"santander","extortion",2019-02-01
"2019-02",NA,1,"guainia","extortion",2019-02-01
"2019-02",NA,2,"guaviare","extortion",2019-02-01
"2019-02",NA,1,"vichada","extortion",2019-02-01
"2019-02","tumaco",1,"nariño","extortion",2019-02-01
"2019-02",NA,1,"amazonas","extortion",2019-02-01
"2019-01",NA,29,"cundinamarca","extortion",2019-01-01
"2019-01",NA,33,"norte de santander","extortion",2019-01-01
"2019-01",NA,1,"amazonas","extortion",2019-01-01
"2019-01",NA,116,"bogota d.c.","extortion",2019-01-01
"2019-01",NA,20,"boyaca","extortion",2019-01-01
"2019-01",NA,21,"santander","extortion",2019-01-01
"2019-01",NA,5,"caqueta","extortion",2019-01-01
"2019-01",NA,46,"meta","extortion",2019-01-01
"2019-01",NA,21,"atlantico","extortion",2019-01-01
"2019-01",NA,33,"cauca","extortion",2019-01-01
"2019-01",NA,149,"antioquia","extortion",2019-01-01
"2019-01",NA,29,"bolivar","extortion",2019-01-01
"2019-01",NA,17,"cordoba","extortion",2019-01-01
"2019-01",NA,15,"huila","extortion",2019-01-01
"2019-01",NA,9,"risaralda","extortion",2019-01-01
"2019-01",NA,10,"cesar","extortion",2019-01-01
"2019-01",NA,28,"tolima","extortion",2019-01-01
"2019-01",NA,5,"quindio","extortion",2019-01-01
"2019-01",NA,79,"valle del cauca","extortion",2019-01-01
"2019-01",NA,12,"casanare","extortion",2019-01-01
"2019-01",NA,2,"san andres islas","extortion",2019-01-01
"2019-01",NA,8,"la guajira","extortion",2019-01-01
"2019-01",NA,10,"choco","extortion",2019-01-01
"2019-01",NA,8,"sucre","extortion",2019-01-01
"2019-01",NA,8,"caldas","extortion",2019-01-01
"2019-01",NA,20,"magdalena","extortion",2019-01-01
"2019-01",NA,10,"putumayo","extortion",2019-01-01
"2019-01",NA,26,"nariño","extortion",2019-01-01
"2019-01","buenaventura",10,"valle del cauca","extortion",2019-01-01
"2019-01",NA,1,"vichada","extortion",2019-01-01
"2019-01","arauca",11,"arauca","extortion",2019-01-01
"2019-01","tumaco",2,"nariño","extortion",2019-01-01
"2019-01",NA,2,"guaviare","extortion",2019-01-01
"2018-12",NA,8,"boyaca","extortion",2018-12-01
"2018-12",NA,5,"la guajira","extortion",2018-12-01
"2018-12",NA,8,"cundinamarca","extortion",2018-12-01
"2018-12",NA,73,"antioquia","extortion",2018-12-01
"2018-12",NA,36,"valle del cauca","extortion",2018-12-01
"2018-12",NA,7,"huila","extortion",2018-12-01
"2018-12",NA,11,"tolima","extortion",2018-12-01
"2018-12",NA,9,"bolivar","extortion",2018-12-01
"2018-12",NA,26,"bogota d.c.","extortion",2018-12-01
"2018-12",NA,22,"cauca","extortion",2018-12-01
"2018-12",NA,6,"quindio","extortion",2018-12-01
"2018-12",NA,8,"santander","extortion",2018-12-01
"2018-12",NA,9,"caqueta","extortion",2018-12-01
"2018-12","arauca",7,"arauca","extortion",2018-12-01
"2018-12",NA,10,"cordoba","extortion",2018-12-01
"2018-12",NA,15,"meta","extortion",2018-12-01
"2018-12",NA,5,"casanare","extortion",2018-12-01
"2018-12",NA,17,"norte de santander","extortion",2018-12-01
"2018-12",NA,13,"nariño","extortion",2018-12-01
"2018-12","buenaventura",5,"valle del cauca","extortion",2018-12-01
"2018-12",NA,2,"sucre","extortion",2018-12-01
"2018-12",NA,4,"choco","extortion",2018-12-01
"2018-12",NA,5,"cesar","extortion",2018-12-01
"2018-12",NA,2,"magdalena","extortion",2018-12-01
"2018-12",NA,4,"atlantico","extortion",2018-12-01
"2018-12",NA,3,"risaralda","extortion",2018-12-01
"2018-12",NA,1,"putumayo","extortion",2018-12-01
"2018-12","tumaco",1,"nariño","extortion",2018-12-01
"2018-11",NA,37,"cauca","extortion",2018-11-01
"2018-11",NA,24,"tolima","extortion",2018-11-01
"2018-11",NA,77,"antioquia","extortion",2018-11-01
"2018-11",NA,20,"santander","extortion",2018-11-01
"2018-11",NA,5,"magdalena","extortion",2018-11-01
"2018-11",NA,4,"caldas","extortion",2018-11-01
"2018-11",NA,14,"nariño","extortion",2018-11-01
"2018-11",NA,36,"valle del cauca","extortion",2018-11-01
"2018-11",NA,62,"bogota d.c.","extortion",2018-11-01
"2018-11",NA,26,"cundinamarca","extortion",2018-11-01
"2018-11",NA,4,"vichada","extortion",2018-11-01
"2018-11",NA,13,"bolivar","extortion",2018-11-01
"2018-11",NA,9,"la guajira","extortion",2018-11-01
"2018-11",NA,31,"meta","extortion",2018-11-01
"2018-11",NA,18,"norte de santander","extortion",2018-11-01
"2018-11",NA,3,"putumayo","extortion",2018-11-01
"2018-11",NA,3,"san andres islas","extortion",2018-11-01
"2018-11",NA,7,"huila","extortion",2018-11-01
"2018-11",NA,23,"cordoba","extortion",2018-11-01
"2018-11","arauca",18,"arauca","extortion",2018-11-01
"2018-11",NA,6,"cesar","extortion",2018-11-01
"2018-11",NA,7,"caqueta","extortion",2018-11-01
"2018-11",NA,13,"atlantico","extortion",2018-11-01
"2018-11",NA,10,"choco","extortion",2018-11-01
"2018-11","buenaventura",4,"valle del cauca","extortion",2018-11-01
"2018-11",NA,2,"guainia","extortion",2018-11-01
"2018-11",NA,6,"risaralda","extortion",2018-11-01
"2018-11",NA,6,"quindio","extortion",2018-11-01
"2018-11",NA,6,"casanare","extortion",2018-11-01
"2018-11",NA,3,"guaviare","extortion",2018-11-01
"2018-11",NA,16,"boyaca","extortion",2018-11-01
"2018-11",NA,3,"sucre","extortion",2018-11-01
"2018-10",NA,8,"sucre","extortion",2018-10-01
"2018-10",NA,103,"antioquia","extortion",2018-10-01
"2018-10",NA,17,"santander","extortion",2018-10-01
"2018-10",NA,5,"la guajira","extortion",2018-10-01
"2018-10",NA,12,"casanare","extortion",2018-10-01
"2018-10",NA,11,"cundinamarca","extortion",2018-10-01
"2018-10",NA,37,"meta","extortion",2018-10-01
"2018-10",NA,43,"cauca","extortion",2018-10-01
"2018-10",NA,57,"valle del cauca","extortion",2018-10-01
"2018-10",NA,83,"bogota d.c.","extortion",2018-10-01
"2018-10",NA,23,"norte de santander","extortion",2018-10-01
"2018-10",NA,13,"huila","extortion",2018-10-01
"2018-10",NA,13,"bolivar","extortion",2018-10-01
"2018-10",NA,11,"cesar","extortion",2018-10-01
"2018-10",NA,13,"boyaca","extortion",2018-10-01
"2018-10",NA,13,"tolima","extortion",2018-10-01
"2018-10",NA,14,"caqueta","extortion",2018-10-01
"2018-10",NA,17,"risaralda","extortion",2018-10-01
"2018-10",NA,4,"quindio","extortion",2018-10-01
"2018-10",NA,7,"atlantico","extortion",2018-10-01
"2018-10",NA,8,"cordoba","extortion",2018-10-01
"2018-10","buenaventura",5,"valle del cauca","extortion",2018-10-01
"2018-10",NA,7,"magdalena","extortion",2018-10-01
"2018-10","arauca",6,"arauca","extortion",2018-10-01
"2018-10",NA,7,"choco","extortion",2018-10-01
"2018-10",NA,17,"nariño","extortion",2018-10-01
"2018-10",NA,9,"caldas","extortion",2018-10-01
"2018-10",NA,5,"vichada","extortion",2018-10-01
"2018-10",NA,2,"guaviare","extortion",2018-10-01
"2018-10",NA,2,"putumayo","extortion",2018-10-01
"2018-10","tumaco",1,"nariño","extortion",2018-10-01
"2018-09",NA,16,"boyaca","extortion",2018-09-01
"2018-09",NA,106,"antioquia","extortion",2018-09-01
"2018-09",NA,10,"risaralda","extortion",2018-09-01
"2018-09",NA,2,"guaviare","extortion",2018-09-01
"2018-09",NA,65,"bogota d.c.","extortion",2018-09-01
"2018-09",NA,37,"meta","extortion",2018-09-01
"2018-09",NA,63,"valle del cauca","extortion",2018-09-01
"2018-09",NA,8,"choco","extortion",2018-09-01
"2018-09",NA,23,"cundinamarca","extortion",2018-09-01
"2018-09",NA,10,"bolivar","extortion",2018-09-01
"2018-09","buenaventura",7,"valle del cauca","extortion",2018-09-01
"2018-09",NA,15,"huila","extortion",2018-09-01
"2018-09",NA,16,"atlantico","extortion",2018-09-01
"2018-09",NA,18,"nariño","extortion",2018-09-01
"2018-09",NA,17,"cordoba","extortion",2018-09-01
"2018-09",NA,48,"cauca","extortion",2018-09-01
"2018-09",NA,15,"cesar","extortion",2018-09-01
"2018-09",NA,33,"norte de santander","extortion",2018-09-01
"2018-09",NA,22,"santander","extortion",2018-09-01
"2018-09",NA,15,"casanare","extortion",2018-09-01
"2018-09",NA,8,"magdalena","extortion",2018-09-01
"2018-09",NA,10,"caqueta","extortion",2018-09-01
"2018-09",NA,1,"vichada","extortion",2018-09-01
"2018-09",NA,11,"sucre","extortion",2018-09-01
"2018-09","arauca",12,"arauca","extortion",2018-09-01
"2018-09",NA,22,"tolima","extortion",2018-09-01
"2018-09",NA,2,"guainia","extortion",2018-09-01
"2018-09",NA,4,"putumayo","extortion",2018-09-01
"2018-09",NA,6,"quindio","extortion",2018-09-01
"2018-09",NA,7,"la guajira","extortion",2018-09-01
"2018-09",NA,6,"caldas","extortion",2018-09-01
"2018-09",NA,1,"amazonas","extortion",2018-09-01
"2018-09",NA,1,"san andres islas","extortion",2018-09-01
"2018-08","buenaventura",9,"valle del cauca","extortion",2018-08-01
"2018-08",NA,15,"bolivar","extortion",2018-08-01
"2018-08",NA,16,"casanare","extortion",2018-08-01
"2018-08",NA,80,"bogota d.c.","extortion",2018-08-01
"2018-08",NA,118,"antioquia","extortion",2018-08-01
"2018-08",NA,42,"meta","extortion",2018-08-01
"2018-08",NA,17,"boyaca","extortion",2018-08-01
"2018-08",NA,34,"cauca","extortion",2018-08-01
"2018-08",NA,17,"santander","extortion",2018-08-01
"2018-08",NA,13,"cordoba","extortion",2018-08-01
"2018-08",NA,7,"risaralda","extortion",2018-08-01
"2018-08",NA,27,"cesar","extortion",2018-08-01
"2018-08",NA,27,"cundinamarca","extortion",2018-08-01
"2018-08",NA,16,"choco","extortion",2018-08-01
"2018-08","arauca",8,"arauca","extortion",2018-08-01
"2018-08",NA,54,"valle del cauca","extortion",2018-08-01
"2018-08",NA,30,"norte de santander","extortion",2018-08-01
"2018-08",NA,21,"tolima","extortion",2018-08-01
"2018-08",NA,11,"putumayo","extortion",2018-08-01
"2018-08",NA,7,"caldas","extortion",2018-08-01
"2018-08",NA,11,"huila","extortion",2018-08-01
"2018-08",NA,8,"atlantico","extortion",2018-08-01
"2018-08",NA,14,"la guajira","extortion",2018-08-01
"2018-08",NA,14,"magdalena","extortion",2018-08-01
"2018-08",NA,3,"quindio","extortion",2018-08-01
"2018-08",NA,14,"nariño","extortion",2018-08-01
"2018-08",NA,3,"guainia","extortion",2018-08-01
"2018-08",NA,2,"san andres islas","extortion",2018-08-01
"2018-08",NA,9,"caqueta","extortion",2018-08-01
"2018-08",NA,3,"guaviare","extortion",2018-08-01
"2018-08",NA,1,"sucre","extortion",2018-08-01
"2018-08",NA,1,"vichada","extortion",2018-08-01
"2018-07",NA,119,"antioquia","extortion",2018-07-01
"2018-07",NA,91,"bogota d.c.","extortion",2018-07-01
"2018-07",NA,46,"meta","extortion",2018-07-01
"2018-07",NA,17,"tolima","extortion",2018-07-01
"2018-07",NA,16,"atlantico","extortion",2018-07-01
"2018-07",NA,35,"norte de santander","extortion",2018-07-01
"2018-07",NA,65,"cauca","extortion",2018-07-01
"2018-07",NA,26,"cundinamarca","extortion",2018-07-01
"2018-07",NA,31,"cesar","extortion",2018-07-01
"2018-07","buenaventura",12,"valle del cauca","extortion",2018-07-01
"2018-07",NA,14,"choco","extortion",2018-07-01
"2018-07",NA,20,"bolivar","extortion",2018-07-01
"2018-07",NA,7,"risaralda","extortion",2018-07-01
"2018-07",NA,49,"valle del cauca","extortion",2018-07-01
"2018-07",NA,25,"casanare","extortion",2018-07-01
"2018-07","arauca",8,"arauca","extortion",2018-07-01
"2018-07",NA,21,"boyaca","extortion",2018-07-01
"2018-07",NA,8,"cordoba","extortion",2018-07-01
"2018-07",NA,9,"caldas","extortion",2018-07-01
"2018-07",NA,13,"huila","extortion",2018-07-01
"2018-07",NA,3,"vaupes","extortion",2018-07-01
"2018-07",NA,12,"caqueta","extortion",2018-07-01
"2018-07",NA,7,"sucre","extortion",2018-07-01
"2018-07",NA,19,"nariño","extortion",2018-07-01
"2018-07",NA,3,"guaviare","extortion",2018-07-01
"2018-07",NA,3,"guainia","extortion",2018-07-01
"2018-07",NA,12,"putumayo","extortion",2018-07-01
"2018-07",NA,5,"quindio","extortion",2018-07-01
"2018-07",NA,4,"magdalena","extortion",2018-07-01
"2018-07",NA,12,"santander","extortion",2018-07-01
"2018-07",NA,1,"vichada","extortion",2018-07-01
"2018-07",NA,5,"la guajira","extortion",2018-07-01
"2018-06",NA,15,"bolivar","extortion",2018-06-01
"2018-06",NA,15,"caqueta","extortion",2018-06-01
"2018-06",NA,48,"bogota d.c.","extortion",2018-06-01
"2018-06",NA,14,"risaralda","extortion",2018-06-01
"2018-06","buenaventura",9,"valle del cauca","extortion",2018-06-01
"2018-06",NA,48,"valle del cauca","extortion",2018-06-01
"2018-06",NA,88,"antioquia","extortion",2018-06-01
"2018-06",NA,25,"nariño","extortion",2018-06-01
"2018-06",NA,9,"atlantico","extortion",2018-06-01
"2018-06",NA,18,"norte de santander","extortion",2018-06-01
"2018-06",NA,15,"casanare","extortion",2018-06-01
"2018-06",NA,11,"cordoba","extortion",2018-06-01
"2018-06",NA,14,"santander","extortion",2018-06-01
"2018-06",NA,37,"cauca","extortion",2018-06-01
"2018-06",NA,26,"cundinamarca","extortion",2018-06-01
"2018-06",NA,18,"huila","extortion",2018-06-01
"2018-06",NA,9,"choco","extortion",2018-06-01
"2018-06",NA,13,"cesar","extortion",2018-06-01
"2018-06",NA,24,"meta","extortion",2018-06-01
"2018-06",NA,25,"boyaca","extortion",2018-06-01
"2018-06",NA,16,"magdalena","extortion",2018-06-01
"2018-06",NA,5,"guaviare","extortion",2018-06-01
"2018-06",NA,14,"la guajira","extortion",2018-06-01
"2018-06","arauca",13,"arauca","extortion",2018-06-01
"2018-06",NA,8,"tolima","extortion",2018-06-01
"2018-06",NA,4,"putumayo","extortion",2018-06-01
"2018-06",NA,4,"sucre","extortion",2018-06-01
"2018-06",NA,7,"quindio","extortion",2018-06-01
"2018-06",NA,7,"caldas","extortion",2018-06-01
"2018-06",NA,2,"guainia","extortion",2018-06-01
"2018-05",NA,14,"casanare","extortion",2018-05-01
"2018-05",NA,9,"choco","extortion",2018-05-01
"2018-05",NA,12,"atlantico","extortion",2018-05-01
"2018-05",NA,37,"cundinamarca","extortion",2018-05-01
"2018-05",NA,54,"valle del cauca","extortion",2018-05-01
"2018-05",NA,7,"risaralda","extortion",2018-05-01
"2018-05",NA,59,"bogota d.c.","extortion",2018-05-01
"2018-05",NA,39,"meta","extortion",2018-05-01
"2018-05",NA,99,"antioquia","extortion",2018-05-01
"2018-05",NA,17,"nariño","extortion",2018-05-01
"2018-05","arauca",10,"arauca","extortion",2018-05-01
"2018-05",NA,41,"cauca","extortion",2018-05-01
"2018-05",NA,14,"magdalena","extortion",2018-05-01
"2018-05",NA,22,"bolivar","extortion",2018-05-01
"2018-05",NA,2,"guainia","extortion",2018-05-01
"2018-05",NA,9,"caqueta","extortion",2018-05-01
"2018-05",NA,21,"norte de santander","extortion",2018-05-01
"2018-05",NA,5,"sucre","extortion",2018-05-01
"2018-05",NA,13,"boyaca","extortion",2018-05-01
"2018-05",NA,11,"putumayo","extortion",2018-05-01
"2018-05",NA,22,"santander","extortion",2018-05-01
"2018-05","buenaventura",3,"valle del cauca","extortion",2018-05-01
"2018-05",NA,9,"caldas","extortion",2018-05-01
"2018-05",NA,12,"cordoba","extortion",2018-05-01
"2018-05","tumaco",2,"nariño","extortion",2018-05-01
"2018-05",NA,17,"cesar","extortion",2018-05-01
"2018-05",NA,12,"tolima","extortion",2018-05-01
"2018-05",NA,12,"la guajira","extortion",2018-05-01
"2018-05",NA,13,"huila","extortion",2018-05-01
"2018-05",NA,1,"vichada","extortion",2018-05-01
"2018-05",NA,5,"guaviare","extortion",2018-05-01
"2018-05",NA,2,"quindio","extortion",2018-05-01
"2018-04",NA,63,"bogota d.c.","extortion",2018-04-01
"2018-04",NA,11,"sucre","extortion",2018-04-01
"2018-04",NA,31,"cauca","extortion",2018-04-01
"2018-04",NA,12,"cordoba","extortion",2018-04-01
"2018-04",NA,24,"nariño","extortion",2018-04-01
"2018-04",NA,26,"norte de santander","extortion",2018-04-01
"2018-04",NA,122,"antioquia","extortion",2018-04-01
"2018-04",NA,17,"santander","extortion",2018-04-01
"2018-04",NA,49,"valle del cauca","extortion",2018-04-01
"2018-04",NA,19,"bolivar","extortion",2018-04-01
"2018-04",NA,4,"san andres islas","extortion",2018-04-01
"2018-04",NA,8,"cesar","extortion",2018-04-01
"2018-04",NA,15,"huila","extortion",2018-04-01
"2018-04",NA,16,"caldas","extortion",2018-04-01
"2018-04",NA,13,"caqueta","extortion",2018-04-01
"2018-04",NA,18,"boyaca","extortion",2018-04-01
"2018-04",NA,12,"atlantico","extortion",2018-04-01
"2018-04",NA,19,"cundinamarca","extortion",2018-04-01
"2018-04",NA,10,"choco","extortion",2018-04-01
"2018-04",NA,40,"meta","extortion",2018-04-01
"2018-04",NA,9,"casanare","extortion",2018-04-01
"2018-04",NA,8,"risaralda","extortion",2018-04-01
"2018-04",NA,15,"tolima","extortion",2018-04-01
"2018-04","arauca",9,"arauca","extortion",2018-04-01
"2018-04",NA,6,"la guajira","extortion",2018-04-01
"2018-04","buenaventura",12,"valle del cauca","extortion",2018-04-01
"2018-04",NA,13,"magdalena","extortion",2018-04-01
"2018-04",NA,5,"quindio","extortion",2018-04-01
"2018-04",NA,4,"putumayo","extortion",2018-04-01
"2018-04",NA,2,"guaviare","extortion",2018-04-01
"2018-04",NA,2,"guainia","extortion",2018-04-01
"2018-03",NA,38,"valle del cauca","extortion",2018-03-01
"2018-03",NA,81,"antioquia","extortion",2018-03-01
"2018-03",NA,21,"santander","extortion",2018-03-01
"2018-03",NA,21,"magdalena","extortion",2018-03-01
"2018-03",NA,15,"caqueta","extortion",2018-03-01
"2018-03",NA,57,"bogota d.c.","extortion",2018-03-01
"2018-03",NA,52,"meta","extortion",2018-03-01
"2018-03","arauca",5,"arauca","extortion",2018-03-01
"2018-03",NA,28,"norte de santander","extortion",2018-03-01
"2018-03",NA,32,"casanare","extortion",2018-03-01
"2018-03",NA,12,"choco","extortion",2018-03-01
"2018-03",NA,37,"cauca","extortion",2018-03-01
"2018-03",NA,22,"cundinamarca","extortion",2018-03-01
"2018-03",NA,11,"boyaca","extortion",2018-03-01
"2018-03",NA,21,"tolima","extortion",2018-03-01
"2018-03",NA,9,"risaralda","extortion",2018-03-01
"2018-03",NA,14,"caldas","extortion",2018-03-01
"2018-03",NA,2,"guainia","extortion",2018-03-01
"2018-03",NA,7,"quindio","extortion",2018-03-01
"2018-03",NA,18,"atlantico","extortion",2018-03-01
"2018-03",NA,4,"guaviare","extortion",2018-03-01
"2018-03",NA,12,"sucre","extortion",2018-03-01
"2018-03",NA,12,"huila","extortion",2018-03-01
"2018-03",NA,7,"la guajira","extortion",2018-03-01
"2018-03",NA,5,"cordoba","extortion",2018-03-01
"2018-03","buenaventura",5,"valle del cauca","extortion",2018-03-01
"2018-03",NA,16,"nariño","extortion",2018-03-01
"2018-03",NA,13,"bolivar","extortion",2018-03-01
"2018-03",NA,13,"cesar","extortion",2018-03-01
"2018-03",NA,3,"putumayo","extortion",2018-03-01
"2018-03",NA,1,"san andres islas","extortion",2018-03-01
"2018-03",NA,2,"vichada","extortion",2018-03-01
"2018-03",NA,1,"amazonas","extortion",2018-03-01
"2018-02",NA,15,"atlantico","extortion",2018-02-01
"2018-02",NA,51,"valle del cauca","extortion",2018-02-01
"2018-02",NA,13,"cundinamarca","extortion",2018-02-01
"2018-02",NA,26,"cauca","extortion",2018-02-01
"2018-02",NA,11,"caqueta","extortion",2018-02-01
"2018-02",NA,42,"meta","extortion",2018-02-01
"2018-02",NA,64,"bogota d.c.","extortion",2018-02-01
"2018-02",NA,31,"santander","extortion",2018-02-01
"2018-02",NA,23,"norte de santander","extortion",2018-02-01
"2018-02",NA,16,"casanare","extortion",2018-02-01
"2018-02",NA,103,"antioquia","extortion",2018-02-01
"2018-02",NA,16,"huila","extortion",2018-02-01
"2018-02",NA,11,"choco","extortion",2018-02-01
"2018-02",NA,24,"boyaca","extortion",2018-02-01
"2018-02",NA,22,"bolivar","extortion",2018-02-01
"2018-02",NA,13,"cesar","extortion",2018-02-01
"2018-02","buenaventura",12,"valle del cauca","extortion",2018-02-01
"2018-02",NA,18,"nariño","extortion",2018-02-01
"2018-02",NA,5,"quindio","extortion",2018-02-01
"2018-02",NA,17,"tolima","extortion",2018-02-01
"2018-02",NA,12,"risaralda","extortion",2018-02-01
"2018-02",NA,10,"caldas","extortion",2018-02-01
"2018-02",NA,18,"magdalena","extortion",2018-02-01
"2018-02",NA,8,"la guajira","extortion",2018-02-01
"2018-02",NA,4,"putumayo","extortion",2018-02-01
"2018-02","arauca",10,"arauca","extortion",2018-02-01
"2018-02",NA,4,"guaviare","extortion",2018-02-01
"2018-02",NA,8,"sucre","extortion",2018-02-01
"2018-02",NA,11,"cordoba","extortion",2018-02-01
"2018-02",NA,2,"vichada","extortion",2018-02-01
"2018-01",NA,62,"bogota d.c.","extortion",2018-01-01
"2018-01",NA,42,"norte de santander","extortion",2018-01-01
"2018-01",NA,13,"risaralda","extortion",2018-01-01
"2018-01",NA,90,"antioquia","extortion",2018-01-01
"2018-01",NA,60,"valle del cauca","extortion",2018-01-01
"2018-01",NA,14,"sucre","extortion",2018-01-01
"2018-01",NA,10,"caqueta","extortion",2018-01-01
"2018-01",NA,13,"santander","extortion",2018-01-01
"2018-01",NA,16,"nariño","extortion",2018-01-01
"2018-01",NA,36,"cauca","extortion",2018-01-01
"2018-01",NA,20,"choco","extortion",2018-01-01
"2018-01",NA,15,"huila","extortion",2018-01-01
"2018-01",NA,54,"meta","extortion",2018-01-01
"2018-01",NA,28,"cundinamarca","extortion",2018-01-01
"2018-01",NA,6,"cesar","extortion",2018-01-01
"2018-01",NA,9,"caldas","extortion",2018-01-01
"2018-01",NA,13,"magdalena","extortion",2018-01-01
"2018-01",NA,16,"casanare","extortion",2018-01-01
"2018-01",NA,15,"cordoba","extortion",2018-01-01
"2018-01","buenaventura",7,"valle del cauca","extortion",2018-01-01
"2018-01",NA,21,"atlantico","extortion",2018-01-01
"2018-01",NA,11,"boyaca","extortion",2018-01-01
"2018-01",NA,23,"tolima","extortion",2018-01-01
"2018-01",NA,6,"guaviare","extortion",2018-01-01
"2018-01",NA,5,"la guajira","extortion",2018-01-01
"2018-01",NA,1,"guainia","extortion",2018-01-01
"2018-01","arauca",7,"arauca","extortion",2018-01-01
"2018-01",NA,13,"bolivar","extortion",2018-01-01
"2018-01",NA,6,"quindio","extortion",2018-01-01
"2018-01","tumaco",1,"nariño","extortion",2018-01-01
"2018-01",NA,189,"antioquia","homicide",2018-01-01
"2018-01",NA,22,"bogota d.c.","homicide",2018-01-01
"2018-01",NA,14,"bolivar","homicide",2018-01-01
"2018-01",NA,38,"cauca","homicide",2018-01-01
"2018-01",NA,24,"nariño","homicide",2018-01-01
"2018-01",NA,14,"quindio","homicide",2018-01-01
"2018-01",NA,4,"sucre","homicide",2018-01-01
"2018-01",NA,139,"valle del cauca","homicide",2018-01-01
"2018-01",NA,8,"caqueta","homicide",2018-01-01
"2018-01",NA,6,"cesar","homicide",2018-01-01
"2018-01",NA,12,"choco","homicide",2018-01-01
"2018-01",NA,20,"cundinamarca","homicide",2018-01-01
"2018-01","tumaco",3,"nariño","homicide",2018-01-01
"2018-01",NA,14,"risaralda","homicide",2018-01-01
"2018-01",NA,27,"atlantico","homicide",2018-01-01
"2018-01",NA,15,"meta","homicide",2018-01-01
"2018-01",NA,41,"norte de santander","homicide",2018-01-01
"2018-01",NA,8,"santander","homicide",2018-01-01
"2018-01",NA,11,"magdalena","homicide",2018-01-01
"2018-01",NA,10,"caldas","homicide",2018-01-01
"2018-01",NA,21,"cordoba","homicide",2018-01-01
"2018-01",NA,10,"tolima","homicide",2018-01-01
"2018-01",NA,1,"vichada","homicide",2018-01-01
"2018-01",NA,9,"la guajira","homicide",2018-01-01
"2018-01",NA,11,"putumayo","homicide",2018-01-01
"2018-01","arauca",14,"arauca","homicide",2018-01-01
"2018-01",NA,2,"casanare","homicide",2018-01-01
"2018-01",NA,3,"huila","homicide",2018-01-01
"2018-01","buenaventura",4,"valle del cauca","homicide",2018-01-01
"2018-01",NA,1,"boyaca","homicide",2018-01-01
"2018-01",NA,2,"san andres islas","homicide",2018-01-01
"2018-02",NA,156,"antioquia","homicide",2018-02-01
"2018-02",NA,13,"caqueta","homicide",2018-02-01
"2018-02",NA,14,"cundinamarca","homicide",2018-02-01
"2018-02",NA,13,"la guajira","homicide",2018-02-01
"2018-02",NA,35,"nariño","homicide",2018-02-01
"2018-02",NA,31,"norte de santander","homicide",2018-02-01
"2018-02",NA,10,"risaralda","homicide",2018-02-01
"2018-02",NA,8,"sucre","homicide",2018-02-01
"2018-02",NA,101,"valle del cauca","homicide",2018-02-01
"2018-02",NA,21,"bogota d.c.","homicide",2018-02-01
"2018-02",NA,7,"choco","homicide",2018-02-01
"2018-02",NA,35,"cordoba","homicide",2018-02-01
"2018-02",NA,5,"putumayo","homicide",2018-02-01
"2018-02","arauca",5,"arauca","homicide",2018-02-01
"2018-02",NA,26,"atlantico","homicide",2018-02-01
"2018-02",NA,17,"bolivar","homicide",2018-02-01
"2018-02",NA,16,"cesar","homicide",2018-02-01
"2018-02",NA,15,"meta","homicide",2018-02-01
"2018-02",NA,4,"tolima","homicide",2018-02-01
"2018-02",NA,25,"cauca","homicide",2018-02-01
"2018-02",NA,9,"quindio","homicide",2018-02-01
"2018-02",NA,3,"santander","homicide",2018-02-01
"2018-02",NA,4,"san andres islas","homicide",2018-02-01
"2018-02",NA,1,"huila","homicide",2018-02-01
"2018-02",NA,2,"caldas","homicide",2018-02-01
"2018-02","tumaco",1,"nariño","homicide",2018-02-01
"2018-02",NA,2,"boyaca","homicide",2018-02-01
"2018-02",NA,1,"casanare","homicide",2018-02-01
"2018-02",NA,1,"guaviare","homicide",2018-02-01
"2018-02",NA,6,"magdalena","homicide",2018-02-01
"2018-02","buenaventura",3,"valle del cauca","homicide",2018-02-01
"2018-03",NA,155,"antioquia","homicide",2018-03-01
"2018-03",NA,19,"atlantico","homicide",2018-03-01
"2018-03",NA,27,"bogota d.c.","homicide",2018-03-01
"2018-03",NA,12,"bolivar","homicide",2018-03-01
"2018-03",NA,43,"nariño","homicide",2018-03-01
"2018-03",NA,35,"norte de santander","homicide",2018-03-01
"2018-03",NA,17,"quindio","homicide",2018-03-01
"2018-03",NA,6,"sucre","homicide",2018-03-01
"2018-03",NA,159,"valle del cauca","homicide",2018-03-01
"2018-03",NA,39,"cauca","homicide",2018-03-01
"2018-03",NA,9,"la guajira","homicide",2018-03-01
"2018-03",NA,5,"putumayo","homicide",2018-03-01
"2018-03",NA,3,"boyaca","homicide",2018-03-01
"2018-03",NA,22,"choco","homicide",2018-03-01
"2018-03",NA,37,"cordoba","homicide",2018-03-01
"2018-03",NA,19,"cundinamarca","homicide",2018-03-01
"2018-03",NA,10,"magdalena","homicide",2018-03-01
"2018-03",NA,14,"meta","homicide",2018-03-01
"2018-03",NA,13,"risaralda","homicide",2018-03-01
"2018-03",NA,3,"santander","homicide",2018-03-01
"2018-03",NA,8,"tolima","homicide",2018-03-01
"2018-03",NA,8,"huila","homicide",2018-03-01
"2018-03","arauca",8,"arauca","homicide",2018-03-01
"2018-03",NA,3,"caqueta","homicide",2018-03-01
"2018-03",NA,8,"cesar","homicide",2018-03-01
"2018-03",NA,7,"caldas","homicide",2018-03-01
"2018-03",NA,1,"guaviare","homicide",2018-03-01
"2018-03",NA,3,"san andres islas","homicide",2018-03-01
"2018-03","tumaco",2,"nariño","homicide",2018-03-01
"2018-03","buenaventura",1,"valle del cauca","homicide",2018-03-01
"2018-03",NA,3,"vichada","homicide",2018-03-01
"2018-04",NA,198,"antioquia","homicide",2018-04-01
"2018-04",NA,24,"atlantico","homicide",2018-04-01
"2018-04",NA,30,"bogota d.c.","homicide",2018-04-01
"2018-04",NA,15,"bolivar","homicide",2018-04-01
"2018-04",NA,28,"cordoba","homicide",2018-04-01
"2018-04",NA,40,"norte de santander","homicide",2018-04-01
"2018-04",NA,11,"putumayo","homicide",2018-04-01
"2018-04",NA,13,"quindio","homicide",2018-04-01
"2018-04",NA,152,"valle del cauca","homicide",2018-04-01
"2018-04",NA,35,"cauca","homicide",2018-04-01
"2018-04",NA,14,"cesar","homicide",2018-04-01
"2018-04",NA,36,"nariño","homicide",2018-04-01
"2018-04",NA,5,"sucre","homicide",2018-04-01
"2018-04",NA,14,"tolima","homicide",2018-04-01
"2018-04",NA,13,"caqueta","homicide",2018-04-01
"2018-04",NA,17,"cundinamarca","homicide",2018-04-01
"2018-04","tumaco",6,"nariño","homicide",2018-04-01
"2018-04",NA,9,"magdalena","homicide",2018-04-01
"2018-04",NA,8,"risaralda","homicide",2018-04-01
"2018-04","buenaventura",3,"valle del cauca","homicide",2018-04-01
"2018-04",NA,9,"caldas","homicide",2018-04-01
"2018-04",NA,13,"meta","homicide",2018-04-01
"2018-04","arauca",12,"arauca","homicide",2018-04-01
"2018-04",NA,19,"choco","homicide",2018-04-01
"2018-04",NA,7,"huila","homicide",2018-04-01
"2018-04",NA,1,"guaviare","homicide",2018-04-01
"2018-04",NA,7,"santander","homicide",2018-04-01
"2018-04",NA,3,"casanare","homicide",2018-04-01
"2018-04",NA,3,"la guajira","homicide",2018-04-01
"2018-04",NA,1,"boyaca","homicide",2018-04-01
"2018-05",NA,160,"antioquia","homicide",2018-05-01
"2018-05",NA,26,"atlantico","homicide",2018-05-01
"2018-05",NA,26,"bogota d.c.","homicide",2018-05-01
"2018-05",NA,14,"cordoba","homicide",2018-05-01
"2018-05",NA,35,"norte de santander","homicide",2018-05-01
"2018-05",NA,17,"risaralda","homicide",2018-05-01
"2018-05",NA,153,"valle del cauca","homicide",2018-05-01
"2018-05","arauca",7,"arauca","homicide",2018-05-01
"2018-05",NA,13,"choco","homicide",2018-05-01
"2018-05",NA,19,"la guajira","homicide",2018-05-01
"2018-05",NA,10,"sucre","homicide",2018-05-01
"2018-05",NA,4,"caldas","homicide",2018-05-01
"2018-05",NA,26,"cauca","homicide",2018-05-01
"2018-05",NA,11,"huila","homicide",2018-05-01
"2018-05",NA,39,"nariño","homicide",2018-05-01
"2018-05",NA,3,"boyaca","homicide",2018-05-01
"2018-05",NA,12,"cundinamarca","homicide",2018-05-01
"2018-05",NA,10,"magdalena","homicide",2018-05-01
"2018-05","buenaventura",5,"valle del cauca","homicide",2018-05-01
"2018-05",NA,6,"caqueta","homicide",2018-05-01
"2018-05",NA,11,"meta","homicide",2018-05-01
"2018-05",NA,14,"tolima","homicide",2018-05-01
"2018-05",NA,6,"santander","homicide",2018-05-01
"2018-05",NA,7,"bolivar","homicide",2018-05-01
"2018-05",NA,3,"putumayo","homicide",2018-05-01
"2018-05",NA,1,"amazonas","homicide",2018-05-01
"2018-05",NA,3,"casanare","homicide",2018-05-01
"2018-05",NA,6,"quindio","homicide",2018-05-01
"2018-05",NA,7,"cesar","homicide",2018-05-01
"2018-05","tumaco",3,"nariño","homicide",2018-05-01
"2018-05",NA,1,"guaviare","homicide",2018-05-01
"2018-06",NA,183,"antioquia","homicide",2018-06-01
"2018-06",NA,20,"atlantico","homicide",2018-06-01
"2018-06",NA,9,"cesar","homicide",2018-06-01
"2018-06",NA,12,"cundinamarca","homicide",2018-06-01
"2018-06",NA,5,"la guajira","homicide",2018-06-01
"2018-06",NA,46,"nariño","homicide",2018-06-01
"2018-06",NA,11,"quindio","homicide",2018-06-01
"2018-06",NA,19,"tolima","homicide",2018-06-01
"2018-06",NA,113,"valle del cauca","homicide",2018-06-01
"2018-06",NA,11,"bogota d.c.","homicide",2018-06-01
"2018-06",NA,12,"bolivar","homicide",2018-06-01
"2018-06",NA,36,"cauca","homicide",2018-06-01
"2018-06",NA,28,"cordoba","homicide",2018-06-01
"2018-06",NA,10,"magdalena","homicide",2018-06-01
"2018-06",NA,34,"norte de santander","homicide",2018-06-01
"2018-06",NA,16,"risaralda","homicide",2018-06-01
"2018-06",NA,5,"santander","homicide",2018-06-01
"2018-06",NA,9,"sucre","homicide",2018-06-01
"2018-06",NA,14,"choco","homicide",2018-06-01
"2018-06",NA,14,"meta","homicide",2018-06-01
"2018-06",NA,1,"amazonas","homicide",2018-06-01
"2018-06","arauca",7,"arauca","homicide",2018-06-01
"2018-06",NA,9,"caqueta","homicide",2018-06-01
"2018-06",NA,2,"guaviare","homicide",2018-06-01
"2018-06",NA,6,"putumayo","homicide",2018-06-01
"2018-06",NA,1,"boyaca","homicide",2018-06-01
"2018-06",NA,6,"huila","homicide",2018-06-01
"2018-06",NA,2,"caldas","homicide",2018-06-01
"2018-06","buenaventura",3,"valle del cauca","homicide",2018-06-01
"2018-06",NA,1,"casanare","homicide",2018-06-01
"2018-06","tumaco",3,"nariño","homicide",2018-06-01
"2018-07",NA,141,"antioquia","homicide",2018-07-01
"2018-07",NA,29,"atlantico","homicide",2018-07-01
"2018-07",NA,40,"cauca","homicide",2018-07-01
"2018-07",NA,19,"choco","homicide",2018-07-01
"2018-07",NA,8,"huila","homicide",2018-07-01
"2018-07",NA,16,"meta","homicide",2018-07-01
"2018-07",NA,36,"nariño","homicide",2018-07-01
"2018-07",NA,36,"norte de santander","homicide",2018-07-01
"2018-07",NA,12,"putumayo","homicide",2018-07-01
"2018-07",NA,14,"risaralda","homicide",2018-07-01
"2018-07",NA,111,"valle del cauca","homicide",2018-07-01
"2018-07",NA,11,"la guajira","homicide",2018-07-01
"2018-07","tumaco",11,"nariño","homicide",2018-07-01
"2018-07",NA,12,"quindio","homicide",2018-07-01
"2018-07","arauca",9,"arauca","homicide",2018-07-01
"2018-07",NA,33,"bogota d.c.","homicide",2018-07-01
"2018-07",NA,8,"caqueta","homicide",2018-07-01
"2018-07",NA,17,"cordoba","homicide",2018-07-01
"2018-07",NA,16,"tolima","homicide",2018-07-01
"2018-07",NA,4,"caldas","homicide",2018-07-01
"2018-07",NA,20,"cesar","homicide",2018-07-01
"2018-07",NA,10,"cundinamarca","homicide",2018-07-01
"2018-07",NA,8,"sucre","homicide",2018-07-01
"2018-07",NA,7,"magdalena","homicide",2018-07-01
"2018-07","buenaventura",9,"valle del cauca","homicide",2018-07-01
"2018-07",NA,12,"bolivar","homicide",2018-07-01
"2018-07",NA,2,"casanare","homicide",2018-07-01
"2018-07",NA,2,"guaviare","homicide",2018-07-01
"2018-07",NA,4,"santander","homicide",2018-07-01
"2018-08",NA,170,"antioquia","homicide",2018-08-01
"2018-08",NA,31,"bogota d.c.","homicide",2018-08-01
"2018-08",NA,40,"cauca","homicide",2018-08-01
"2018-08",NA,13,"magdalena","homicide",2018-08-01
"2018-08",NA,36,"nariño","homicide",2018-08-01
"2018-08",NA,41,"norte de santander","homicide",2018-08-01
"2018-08",NA,22,"putumayo","homicide",2018-08-01
"2018-08",NA,14,"quindio","homicide",2018-08-01
"2018-08",NA,14,"risaralda","homicide",2018-08-01
"2018-08",NA,11,"sucre","homicide",2018-08-01
"2018-08",NA,138,"valle del cauca","homicide",2018-08-01
"2018-08","arauca",17,"arauca","homicide",2018-08-01
"2018-08",NA,12,"bolivar","homicide",2018-08-01
"2018-08",NA,11,"santander","homicide",2018-08-01
"2018-08",NA,14,"cesar","homicide",2018-08-01
"2018-08",NA,24,"cordoba","homicide",2018-08-01
"2018-08",NA,13,"cundinamarca","homicide",2018-08-01
"2018-08",NA,10,"tolima","homicide",2018-08-01
"2018-08",NA,20,"atlantico","homicide",2018-08-01
"2018-08",NA,13,"choco","homicide",2018-08-01
"2018-08",NA,13,"meta","homicide",2018-08-01
"2018-08",NA,2,"caldas","homicide",2018-08-01
"2018-08",NA,7,"la guajira","homicide",2018-08-01
"2018-08",NA,5,"huila","homicide",2018-08-01
"2018-08","buenaventura",2,"valle del cauca","homicide",2018-08-01
"2018-08",NA,11,"caqueta","homicide",2018-08-01
"2018-08",NA,2,"guaviare","homicide",2018-08-01
"2018-08","tumaco",5,"nariño","homicide",2018-08-01
"2018-08",NA,2,"san andres islas","homicide",2018-08-01
"2018-08",NA,2,"casanare","homicide",2018-08-01
"2018-08",NA,2,"vichada","homicide",2018-08-01
"2018-08",NA,2,"boyaca","homicide",2018-08-01
"2018-09",NA,179,"antioquia","homicide",2018-09-01
"2018-09","arauca",3,"arauca","homicide",2018-09-01
"2018-09",NA,29,"atlantico","homicide",2018-09-01
"2018-09",NA,25,"bogota d.c.","homicide",2018-09-01
"2018-09",NA,15,"bolivar","homicide",2018-09-01
"2018-09",NA,12,"cesar","homicide",2018-09-01
"2018-09",NA,34,"nariño","homicide",2018-09-01
"2018-09",NA,22,"norte de santander","homicide",2018-09-01
"2018-09",NA,14,"quindio","homicide",2018-09-01
"2018-09",NA,15,"risaralda","homicide",2018-09-01
"2018-09",NA,134,"valle del cauca","homicide",2018-09-01
"2018-09",NA,4,"caldas","homicide",2018-09-01
"2018-09",NA,33,"cauca","homicide",2018-09-01
"2018-09",NA,14,"choco","homicide",2018-09-01
"2018-09",NA,10,"cundinamarca","homicide",2018-09-01
"2018-09",NA,9,"magdalena","homicide",2018-09-01
"2018-09","tumaco",6,"nariño","homicide",2018-09-01
"2018-09",NA,9,"putumayo","homicide",2018-09-01
"2018-09",NA,19,"cordoba","homicide",2018-09-01
"2018-09",NA,14,"la guajira","homicide",2018-09-01
"2018-09",NA,16,"meta","homicide",2018-09-01
"2018-09",NA,5,"tolima","homicide",2018-09-01
"2018-09",NA,6,"caqueta","homicide",2018-09-01
"2018-09","buenaventura",2,"valle del cauca","homicide",2018-09-01
"2018-09",NA,8,"sucre","homicide",2018-09-01
"2018-09",NA,5,"huila","homicide",2018-09-01
"2018-09",NA,3,"vichada","homicide",2018-09-01
"2018-09",NA,1,"boyaca","homicide",2018-09-01
"2018-09",NA,1,"guaviare","homicide",2018-09-01
"2018-09",NA,2,"santander","homicide",2018-09-01
"2018-10",NA,133,"antioquia","homicide",2018-10-01
"2018-10",NA,42,"cauca","homicide",2018-10-01
"2018-10",NA,15,"cesar","homicide",2018-10-01
"2018-10",NA,13,"meta","homicide",2018-10-01
"2018-10",NA,46,"nariño","homicide",2018-10-01
"2018-10",NA,30,"norte de santander","homicide",2018-10-01
"2018-10",NA,14,"quindio","homicide",2018-10-01
"2018-10",NA,129,"valle del cauca","homicide",2018-10-01
"2018-10",NA,29,"atlantico","homicide",2018-10-01
"2018-10",NA,33,"bogota d.c.","homicide",2018-10-01
"2018-10",NA,11,"bolivar","homicide",2018-10-01
"2018-10",NA,17,"cundinamarca","homicide",2018-10-01
"2018-10",NA,12,"choco","homicide",2018-10-01
"2018-10",NA,10,"la guajira","homicide",2018-10-01
"2018-10","arauca",15,"arauca","homicide",2018-10-01
"2018-10",NA,5,"caldas","homicide",2018-10-01
"2018-10",NA,13,"magdalena","homicide",2018-10-01
"2018-10",NA,24,"cordoba","homicide",2018-10-01
"2018-10",NA,8,"sucre","homicide",2018-10-01
"2018-10",NA,7,"caqueta","homicide",2018-10-01
"2018-10",NA,13,"putumayo","homicide",2018-10-01
"2018-10",NA,8,"tolima","homicide",2018-10-01
"2018-10",NA,4,"boyaca","homicide",2018-10-01
"2018-10",NA,1,"guaviare","homicide",2018-10-01
"2018-10",NA,14,"risaralda","homicide",2018-10-01
"2018-10",NA,4,"santander","homicide",2018-10-01
"2018-10","buenaventura",9,"valle del cauca","homicide",2018-10-01
"2018-10",NA,3,"casanare","homicide",2018-10-01
"2018-10",NA,2,"vichada","homicide",2018-10-01
"2018-10",NA,3,"huila","homicide",2018-10-01
"2018-10","tumaco",1,"nariño","homicide",2018-10-01
"2018-11",NA,162,"antioquia","homicide",2018-11-01
"2018-11",NA,21,"atlantico","homicide",2018-11-01
"2018-11",NA,41,"bogota d.c.","homicide",2018-11-01
"2018-11",NA,31,"cauca","homicide",2018-11-01
"2018-11",NA,17,"cordoba","homicide",2018-11-01
"2018-11",NA,15,"la guajira","homicide",2018-11-01
"2018-11",NA,36,"nariño","homicide",2018-11-01
"2018-11",NA,46,"norte de santander","homicide",2018-11-01
"2018-11",NA,13,"quindio","homicide",2018-11-01
"2018-11",NA,7,"risaralda","homicide",2018-11-01
"2018-11",NA,129,"valle del cauca","homicide",2018-11-01
"2018-11",NA,14,"bolivar","homicide",2018-11-01
"2018-11",NA,7,"tolima","homicide",2018-11-01
"2018-11","buenaventura",10,"valle del cauca","homicide",2018-11-01
"2018-11",NA,13,"choco","homicide",2018-11-01
"2018-11",NA,13,"cundinamarca","homicide",2018-11-01
"2018-11",NA,8,"putumayo","homicide",2018-11-01
"2018-11","arauca",7,"arauca","homicide",2018-11-01
"2018-11",NA,9,"cesar","homicide",2018-11-01
"2018-11",NA,17,"magdalena","homicide",2018-11-01
"2018-11",NA,15,"meta","homicide",2018-11-01
"2018-11",NA,1,"vichada","homicide",2018-11-01
"2018-11",NA,5,"caqueta","homicide",2018-11-01
"2018-11",NA,1,"casanare","homicide",2018-11-01
"2018-11",NA,7,"huila","homicide",2018-11-01
"2018-11",NA,11,"sucre","homicide",2018-11-01
"2018-11",NA,4,"santander","homicide",2018-11-01
"2018-11",NA,2,"caldas","homicide",2018-11-01
"2018-11",NA,1,"guainia","homicide",2018-11-01
"2018-11",NA,1,"amazonas","homicide",2018-11-01
"2018-12",NA,165,"antioquia","homicide",2018-12-01
"2018-12",NA,45,"bogota d.c.","homicide",2018-12-01
"2018-12",NA,18,"bolivar","homicide",2018-12-01
"2018-12",NA,47,"cauca","homicide",2018-12-01
"2018-12",NA,25,"cordoba","homicide",2018-12-01
"2018-12",NA,23,"la guajira","homicide",2018-12-01
"2018-12",NA,21,"meta","homicide",2018-12-01
"2018-12",NA,5,"santander","homicide",2018-12-01
"2018-12",NA,14,"tolima","homicide",2018-12-01
"2018-12",NA,137,"valle del cauca","homicide",2018-12-01
"2018-12",NA,25,"atlantico","homicide",2018-12-01
"2018-12",NA,14,"caqueta","homicide",2018-12-01
"2018-12",NA,11,"choco","homicide",2018-12-01
"2018-12",NA,22,"cundinamarca","homicide",2018-12-01
"2018-12",NA,31,"nariño","homicide",2018-12-01
"2018-12",NA,43,"norte de santander","homicide",2018-12-01
"2018-12",NA,20,"quindio","homicide",2018-12-01
"2018-12",NA,11,"risaralda","homicide",2018-12-01
"2018-12","buenaventura",16,"valle del cauca","homicide",2018-12-01
"2018-12",NA,12,"huila","homicide",2018-12-01
"2018-12",NA,15,"putumayo","homicide",2018-12-01
"2018-12",NA,8,"sucre","homicide",2018-12-01
"2018-12",NA,6,"caldas","homicide",2018-12-01
"2018-12",NA,15,"magdalena","homicide",2018-12-01
"2018-12",NA,4,"boyaca","homicide",2018-12-01
"2018-12",NA,2,"cesar","homicide",2018-12-01
"2018-12","arauca",7,"arauca","homicide",2018-12-01
"2018-12",NA,1,"vichada","homicide",2018-12-01
"2018-12",NA,2,"casanare","homicide",2018-12-01
"2018-12",NA,2,"guaviare","homicide",2018-12-01
"2019-01",NA,166,"antioquia","homicide",2019-01-01
"2019-01",NA,23,"atlantico","homicide",2019-01-01
"2019-01",NA,14,"magdalena","homicide",2019-01-01
"2019-01",NA,20,"nariño","homicide",2019-01-01
"2019-01",NA,37,"norte de santander","homicide",2019-01-01
"2019-01",NA,13,"quindio","homicide",2019-01-01
"2019-01","buenaventura",6,"valle del cauca","homicide",2019-01-01
"2019-01",NA,115,"valle del cauca","homicide",2019-01-01
"2019-01","arauca",7,"arauca","homicide",2019-01-01
"2019-01",NA,55,"bogota d.c.","homicide",2019-01-01
"2019-01",NA,3,"caldas","homicide",2019-01-01
"2019-01",NA,39,"cauca","homicide",2019-01-01
"2019-01",NA,42,"cordoba","homicide",2019-01-01
"2019-01",NA,20,"bolivar","homicide",2019-01-01
"2019-01",NA,18,"cundinamarca","homicide",2019-01-01
"2019-01",NA,14,"putumayo","homicide",2019-01-01
"2019-01",NA,13,"risaralda","homicide",2019-01-01
"2019-01",NA,6,"cesar","homicide",2019-01-01
"2019-01",NA,17,"meta","homicide",2019-01-01
"2019-01",NA,7,"caqueta","homicide",2019-01-01
"2019-01",NA,9,"tolima","homicide",2019-01-01
"2019-01",NA,13,"choco","homicide",2019-01-01
"2019-01",NA,11,"la guajira","homicide",2019-01-01
"2019-01",NA,3,"casanare","homicide",2019-01-01
"2019-01",NA,3,"guaviare","homicide",2019-01-01
"2019-01",NA,7,"santander","homicide",2019-01-01
"2019-01",NA,3,"boyaca","homicide",2019-01-01
"2019-01",NA,8,"sucre","homicide",2019-01-01
"2019-01",NA,5,"huila","homicide",2019-01-01
"2019-01",NA,1,"san andres islas","homicide",2019-01-01
"2019-01",NA,1,"vichada","homicide",2019-01-01
"2019-02",NA,137,"antioquia","homicide",2019-02-01
"2019-02",NA,35,"bogota d.c.","homicide",2019-02-01
"2019-02",NA,37,"cauca","homicide",2019-02-01
"2019-02",NA,21,"nariño","homicide",2019-02-01
"2019-02",NA,43,"norte de santander","homicide",2019-02-01
"2019-02",NA,15,"quindio","homicide",2019-02-01
"2019-02",NA,122,"valle del cauca","homicide",2019-02-01
"2019-02",NA,4,"caldas","homicide",2019-02-01
"2019-02",NA,14,"choco","homicide",2019-02-01
"2019-02",NA,16,"magdalena","homicide",2019-02-01
"2019-02",NA,12,"risaralda","homicide",2019-02-01
"2019-02",NA,6,"sucre","homicide",2019-02-01
"2019-02",NA,1,"amazonas","homicide",2019-02-01
"2019-02","arauca",23,"arauca","homicide",2019-02-01
"2019-02",NA,24,"atlantico","homicide",2019-02-01
"2019-02",NA,10,"bolivar","homicide",2019-02-01
"2019-02",NA,14,"cundinamarca","homicide",2019-02-01
"2019-02",NA,3,"la guajira","homicide",2019-02-01
"2019-02",NA,9,"tolima","homicide",2019-02-01
"2019-02","buenaventura",6,"valle del cauca","homicide",2019-02-01
"2019-02",NA,30,"cordoba","homicide",2019-02-01
"2019-02",NA,9,"huila","homicide",2019-02-01
"2019-02",NA,12,"meta","homicide",2019-02-01
"2019-02",NA,16,"putumayo","homicide",2019-02-01
"2019-02",NA,5,"caqueta","homicide",2019-02-01
"2019-02",NA,5,"santander","homicide",2019-02-01
"2019-02",NA,1,"vichada","homicide",2019-02-01
"2019-02",NA,1,"guainia","homicide",2019-02-01
"2019-02",NA,8,"cesar","homicide",2019-02-01
"2019-02",NA,1,"boyaca","homicide",2019-02-01
"2019-02","tumaco",2,"nariño","homicide",2019-02-01
"2019-02",NA,1,"casanare","homicide",2019-02-01
"2019-03",NA,158,"antioquia","homicide",2019-03-01
"2019-03","arauca",18,"arauca","homicide",2019-03-01
"2019-03",NA,21,"atlantico","homicide",2019-03-01
"2019-03",NA,60,"bogota d.c.","homicide",2019-03-01
"2019-03",NA,22,"choco","homicide",2019-03-01
"2019-03",NA,48,"cordoba","homicide",2019-03-01
"2019-03",NA,10,"cundinamarca","homicide",2019-03-01
"2019-03",NA,11,"meta","homicide",2019-03-01
"2019-03",NA,30,"nariño","homicide",2019-03-01
"2019-03",NA,12,"putumayo","homicide",2019-03-01
"2019-03",NA,12,"quindio","homicide",2019-03-01
"2019-03",NA,13,"sucre","homicide",2019-03-01
"2019-03",NA,163,"valle del cauca","homicide",2019-03-01
"2019-03",NA,41,"cauca","homicide",2019-03-01
"2019-03",NA,13,"cesar","homicide",2019-03-01
"2019-03",NA,10,"huila","homicide",2019-03-01
"2019-03",NA,11,"la guajira","homicide",2019-03-01
"2019-03",NA,16,"magdalena","homicide",2019-03-01
"2019-03",NA,38,"norte de santander","homicide",2019-03-01
"2019-03",NA,8,"risaralda","homicide",2019-03-01
"2019-03",NA,11,"tolima","homicide",2019-03-01
"2019-03",NA,1,"amazonas","homicide",2019-03-01
"2019-03",NA,9,"bolivar","homicide",2019-03-01
"2019-03",NA,4,"boyaca","homicide",2019-03-01
"2019-03","tumaco",3,"nariño","homicide",2019-03-01
"2019-03",NA,7,"caqueta","homicide",2019-03-01
"2019-03",NA,2,"vichada","homicide",2019-03-01
"2019-03",NA,2,"casanare","homicide",2019-03-01
"2019-03",NA,2,"santander","homicide",2019-03-01
"2019-03","buenaventura",8,"valle del cauca","homicide",2019-03-01
"2019-03",NA,2,"caldas","homicide",2019-03-01
"2019-03",NA,1,"guaviare","homicide",2019-03-01
"2019-04",NA,168,"antioquia","homicide",2019-04-01
"2019-04",NA,24,"atlantico","homicide",2019-04-01
"2019-04",NA,43,"bogota d.c.","homicide",2019-04-01
"2019-04",NA,49,"cauca","homicide",2019-04-01
"2019-04",NA,29,"nariño","homicide",2019-04-01
"2019-04",NA,39,"norte de santander","homicide",2019-04-01
"2019-04",NA,106,"valle del cauca","homicide",2019-04-01
"2019-04",NA,29,"cordoba","homicide",2019-04-01
"2019-04",NA,11,"huila","homicide",2019-04-01
"2019-04",NA,12,"magdalena","homicide",2019-04-01
"2019-04",NA,10,"risaralda","homicide",2019-04-01
"2019-04","arauca",10,"arauca","homicide",2019-04-01
"2019-04",NA,1,"boyaca","homicide",2019-04-01
"2019-04",NA,6,"caldas","homicide",2019-04-01
"2019-04",NA,7,"caqueta","homicide",2019-04-01
"2019-04",NA,6,"santander","homicide",2019-04-01
"2019-04",NA,11,"bolivar","homicide",2019-04-01
"2019-04",NA,10,"cesar","homicide",2019-04-01
"2019-04",NA,21,"quindio","homicide",2019-04-01
"2019-04",NA,10,"meta","homicide",2019-04-01
"2019-04",NA,12,"putumayo","homicide",2019-04-01
"2019-04",NA,12,"cundinamarca","homicide",2019-04-01
"2019-04",NA,12,"la guajira","homicide",2019-04-01
"2019-04",NA,1,"san andres islas","homicide",2019-04-01
"2019-04",NA,7,"choco","homicide",2019-04-01
"2019-04",NA,6,"sucre","homicide",2019-04-01
"2019-04",NA,7,"tolima","homicide",2019-04-01
"2019-04","buenaventura",8,"valle del cauca","homicide",2019-04-01
"2019-04","tumaco",5,"nariño","homicide",2019-04-01
"2019-04",NA,1,"casanare","homicide",2019-04-01
"2019-05",NA,180,"antioquia","homicide",2019-05-01
"2019-05",NA,25,"atlantico","homicide",2019-05-01
"2019-05",NA,55,"bogota d.c.","homicide",2019-05-01
"2019-05",NA,12,"bolivar","homicide",2019-05-01
"2019-05",NA,3,"caldas","homicide",2019-05-01
"2019-05",NA,15,"cesar","homicide",2019-05-01
"2019-05",NA,12,"choco","homicide",2019-05-01
"2019-05",NA,12,"huila","homicide",2019-05-01
"2019-05",NA,10,"la guajira","homicide",2019-05-01
"2019-05","tumaco",4,"nariño","homicide",2019-05-01
"2019-05",NA,29,"norte de santander","homicide",2019-05-01
"2019-05",NA,16,"risaralda","homicide",2019-05-01
"2019-05",NA,14,"tolima","homicide",2019-05-01
"2019-05",NA,130,"valle del cauca","homicide",2019-05-01
"2019-05","arauca",19,"arauca","homicide",2019-05-01
"2019-05",NA,23,"cordoba","homicide",2019-05-01
"2019-05",NA,6,"guaviare","homicide",2019-05-01
"2019-05",NA,37,"nariño","homicide",2019-05-01
"2019-05",NA,6,"putumayo","homicide",2019-05-01
"2019-05",NA,3,"san andres islas","homicide",2019-05-01
"2019-05",NA,5,"sucre","homicide",2019-05-01
"2019-05",NA,40,"cauca","homicide",2019-05-01
"2019-05",NA,20,"cundinamarca","homicide",2019-05-01
"2019-05",NA,18,"magdalena","homicide",2019-05-01
"2019-05","buenaventura",10,"valle del cauca","homicide",2019-05-01
"2019-05",NA,2,"casanare","homicide",2019-05-01
"2019-05",NA,11,"quindio","homicide",2019-05-01
"2019-05",NA,5,"santander","homicide",2019-05-01
"2019-05",NA,8,"meta","homicide",2019-05-01
"2019-05",NA,8,"caqueta","homicide",2019-05-01
"2019-05",NA,3,"boyaca","homicide",2019-05-01
"2019-06",NA,149,"antioquia","homicide",2019-06-01
"2019-06",NA,29,"atlantico","homicide",2019-06-01
"2019-06",NA,36,"bogota d.c.","homicide",2019-06-01
"2019-06",NA,1,"caldas","homicide",2019-06-01
"2019-06",NA,2,"caqueta","homicide",2019-06-01
"2019-06",NA,63,"cauca","homicide",2019-06-01
"2019-06",NA,14,"choco","homicide",2019-06-01
"2019-06",NA,26,"cordoba","homicide",2019-06-01
"2019-06",NA,19,"cundinamarca","homicide",2019-06-01
"2019-06",NA,11,"meta","homicide",2019-06-01
"2019-06",NA,40,"norte de santander","homicide",2019-06-01
"2019-06",NA,18,"quindio","homicide",2019-06-01
"2019-06",NA,9,"tolima","homicide",2019-06-01
"2019-06",NA,132,"valle del cauca","homicide",2019-06-01
"2019-06","arauca",16,"arauca","homicide",2019-06-01
"2019-06",NA,14,"cesar","homicide",2019-06-01
"2019-06",NA,44,"nariño","homicide",2019-06-01
"2019-06",NA,15,"sucre","homicide",2019-06-01
"2019-06",NA,12,"bolivar","homicide",2019-06-01
"2019-06",NA,12,"la guajira","homicide",2019-06-01
"2019-06","tumaco",4,"nariño","homicide",2019-06-01
"2019-06","buenaventura",15,"valle del cauca","homicide",2019-06-01
"2019-06",NA,2,"guainia","homicide",2019-06-01
"2019-06",NA,8,"putumayo","homicide",2019-06-01
"2019-06",NA,10,"magdalena","homicide",2019-06-01
"2019-06",NA,3,"casanare","homicide",2019-06-01
"2019-06",NA,8,"risaralda","homicide",2019-06-01
"2019-06",NA,7,"huila","homicide",2019-06-01
"2019-06",NA,2,"santander","homicide",2019-06-01
"2019-06",NA,1,"boyaca","homicide",2019-06-01
"2019-06",NA,3,"guaviare","homicide",2019-06-01
"2019-07",NA,145,"antioquia","homicide",2019-07-01
"2019-07",NA,47,"bogota d.c.","homicide",2019-07-01
"2019-07",NA,20,"bolivar","homicide",2019-07-01
"2019-07",NA,8,"caldas","homicide",2019-07-01
"2019-07",NA,39,"cauca","homicide",2019-07-01
"2019-07",NA,17,"cesar","homicide",2019-07-01
"2019-07",NA,18,"cordoba","homicide",2019-07-01
"2019-07",NA,11,"la guajira","homicide",2019-07-01
"2019-07",NA,22,"meta","homicide",2019-07-01
"2019-07",NA,41,"nariño","homicide",2019-07-01
"2019-07","buenaventura",11,"valle del cauca","homicide",2019-07-01
"2019-07",NA,125,"valle del cauca","homicide",2019-07-01
"2019-07",NA,9,"choco","homicide",2019-07-01
"2019-07",NA,9,"huila","homicide",2019-07-01
"2019-07",NA,18,"risaralda","homicide",2019-07-01
"2019-07",NA,22,"atlantico","homicide",2019-07-01
"2019-07",NA,8,"cundinamarca","homicide",2019-07-01
"2019-07",NA,20,"magdalena","homicide",2019-07-01
"2019-07",NA,29,"norte de santander","homicide",2019-07-01
"2019-07",NA,11,"caqueta","homicide",2019-07-01
"2019-07",NA,2,"casanare","homicide",2019-07-01
"2019-07",NA,6,"putumayo","homicide",2019-07-01
"2019-07",NA,7,"quindio","homicide",2019-07-01
"2019-07",NA,13,"tolima","homicide",2019-07-01
"2019-07",NA,13,"santander","homicide",2019-07-01
"2019-07",NA,3,"vichada","homicide",2019-07-01
"2019-07","arauca",13,"arauca","homicide",2019-07-01
"2019-07",NA,6,"boyaca","homicide",2019-07-01
"2019-07","tumaco",1,"nariño","homicide",2019-07-01
"2019-07",NA,6,"sucre","homicide",2019-07-01
"2019-07",NA,2,"guaviare","homicide",2019-07-01
"2019-07",NA,1,"amazonas","homicide",2019-07-01
"2019-08",NA,148,"antioquia","homicide",2019-08-01
"2019-08","arauca",6,"arauca","homicide",2019-08-01
"2019-08",NA,31,"atlantico","homicide",2019-08-01
"2019-08",NA,3,"boyaca","homicide",2019-08-01
"2019-08",NA,11,"caqueta","homicide",2019-08-01
"2019-08",NA,2,"casanare","homicide",2019-08-01
"2019-08",NA,61,"cauca","homicide",2019-08-01
"2019-08",NA,30,"cordoba","homicide",2019-08-01
"2019-08",NA,17,"cundinamarca","homicide",2019-08-01
"2019-08",NA,26,"nariño","homicide",2019-08-01
"2019-08",NA,31,"norte de santander","homicide",2019-08-01
"2019-08","buenaventura",9,"valle del cauca","homicide",2019-08-01
"2019-08",NA,57,"bogota d.c.","homicide",2019-08-01
"2019-08",NA,5,"caldas","homicide",2019-08-01
"2019-08",NA,16,"choco","homicide",2019-08-01
"2019-08",NA,11,"meta","homicide",2019-08-01
"2019-08",NA,6,"santander","homicide",2019-08-01
"2019-08",NA,150,"valle del cauca","homicide",2019-08-01
"2019-08",NA,7,"cesar","homicide",2019-08-01
"2019-08",NA,12,"huila","homicide",2019-08-01
"2019-08",NA,11,"la guajira","homicide",2019-08-01
"2019-08",NA,12,"putumayo","homicide",2019-08-01
"2019-08",NA,15,"sucre","homicide",2019-08-01
"2019-08",NA,10,"tolima","homicide",2019-08-01
"2019-08",NA,22,"bolivar","homicide",2019-08-01
"2019-08",NA,13,"quindio","homicide",2019-08-01
"2019-08",NA,2,"vichada","homicide",2019-08-01
"2019-08",NA,10,"risaralda","homicide",2019-08-01
"2019-08","tumaco",1,"nariño","homicide",2019-08-01
"2019-08",NA,13,"magdalena","homicide",2019-08-01
"2019-08",NA,1,"amazonas","homicide",2019-08-01
"2019-08",NA,1,"guaviare","homicide",2019-08-01
"2019-09",NA,154,"antioquia","homicide",2019-09-01
"2019-09",NA,53,"bogota d.c.","homicide",2019-09-01
"2019-09",NA,4,"caldas","homicide",2019-09-01
"2019-09",NA,62,"cauca","homicide",2019-09-01
"2019-09",NA,18,"choco","homicide",2019-09-01
"2019-09",NA,28,"nariño","homicide",2019-09-01
"2019-09",NA,36,"norte de santander","homicide",2019-09-01
"2019-09",NA,12,"quindio","homicide",2019-09-01
"2019-09",NA,9,"sucre","homicide",2019-09-01
"2019-09",NA,138,"valle del cauca","homicide",2019-09-01
"2019-09",NA,24,"atlantico","homicide",2019-09-01
"2019-09",NA,22,"bolivar","homicide",2019-09-01
"2019-09",NA,8,"caqueta","homicide",2019-09-01
"2019-09",NA,5,"santander","homicide",2019-09-01
"2019-09",NA,27,"cordoba","homicide",2019-09-01
"2019-09",NA,16,"magdalena","homicide",2019-09-01
"2019-09",NA,14,"putumayo","homicide",2019-09-01
"2019-09",NA,11,"cesar","homicide",2019-09-01
"2019-09",NA,14,"cundinamarca","homicide",2019-09-01
"2019-09",NA,1,"guaviare","homicide",2019-09-01
"2019-09",NA,2,"boyaca","homicide",2019-09-01
"2019-09",NA,11,"la guajira","homicide",2019-09-01
"2019-09",NA,14,"meta","homicide",2019-09-01
"2019-09",NA,6,"tolima","homicide",2019-09-01
"2019-09","arauca",8,"arauca","homicide",2019-09-01
"2019-09",NA,5,"huila","homicide",2019-09-01
"2019-09",NA,4,"san andres islas","homicide",2019-09-01
"2019-09","buenaventura",7,"valle del cauca","homicide",2019-09-01
"2019-09",NA,12,"risaralda","homicide",2019-09-01
"2019-10",NA,121,"antioquia","homicide",2019-10-01
"2019-10",NA,28,"atlantico","homicide",2019-10-01
"2019-10",NA,56,"bogota d.c.","homicide",2019-10-01
"2019-10",NA,53,"cauca","homicide",2019-10-01
"2019-10",NA,21,"choco","homicide",2019-10-01
"2019-10",NA,23,"cordoba","homicide",2019-10-01
"2019-10",NA,15,"meta","homicide",2019-10-01
"2019-10",NA,58,"nariño","homicide",2019-10-01
"2019-10",NA,19,"putumayo","homicide",2019-10-01
"2019-10",NA,7,"sucre","homicide",2019-10-01
"2019-10",NA,122,"valle del cauca","homicide",2019-10-01
"2019-10",NA,12,"cesar","homicide",2019-10-01
"2019-10",NA,10,"cundinamarca","homicide",2019-10-01
"2019-10",NA,20,"norte de santander","homicide",2019-10-01
"2019-10",NA,15,"bolivar","homicide",2019-10-01
"2019-10",NA,18,"la guajira","homicide",2019-10-01
"2019-10",NA,15,"tolima","homicide",2019-10-01
"2019-10",NA,19,"magdalena","homicide",2019-10-01
"2019-10",NA,2,"boyaca","homicide",2019-10-01
"2019-10",NA,3,"huila","homicide",2019-10-01
"2019-10",NA,10,"quindio","homicide",2019-10-01
"2019-10",NA,6,"santander","homicide",2019-10-01
"2019-10",NA,16,"caqueta","homicide",2019-10-01
"2019-10","arauca",2,"arauca","homicide",2019-10-01
"2019-10",NA,3,"guaviare","homicide",2019-10-01
"2019-10",NA,11,"risaralda","homicide",2019-10-01
"2019-10",NA,1,"san andres islas","homicide",2019-10-01
"2019-10","buenaventura",4,"valle del cauca","homicide",2019-10-01
"2019-10","tumaco",3,"nariño","homicide",2019-10-01
"2019-10",NA,2,"caldas","homicide",2019-10-01
"2019-10",NA,2,"casanare","homicide",2019-10-01
"2019-10",NA,1,"vichada","homicide",2019-10-01
"2019-11",NA,147,"antioquia","homicide",2019-11-01
"2019-11",NA,33,"atlantico","homicide",2019-11-01
"2019-11",NA,68,"bogota d.c.","homicide",2019-11-01
"2019-11",NA,50,"cauca","homicide",2019-11-01
"2019-11",NA,10,"cesar","homicide",2019-11-01
"2019-11",NA,32,"cordoba","homicide",2019-11-01
"2019-11",NA,30,"cundinamarca","homicide",2019-11-01
"2019-11",NA,13,"magdalena","homicide",2019-11-01
"2019-11",NA,35,"nariño","homicide",2019-11-01
"2019-11",NA,6,"santander","homicide",2019-11-01
"2019-11",NA,9,"tolima","homicide",2019-11-01
"2019-11",NA,116,"valle del cauca","homicide",2019-11-01
"2019-11",NA,25,"bolivar","homicide",2019-11-01
"2019-11",NA,18,"la guajira","homicide",2019-11-01
"2019-11",NA,14,"risaralda","homicide",2019-11-01
"2019-11",NA,16,"sucre","homicide",2019-11-01
"2019-11",NA,25,"norte de santander","homicide",2019-11-01
"2019-11",NA,11,"putumayo","homicide",2019-11-01
"2019-11","buenaventura",7,"valle del cauca","homicide",2019-11-01
"2019-11",NA,4,"caqueta","homicide",2019-11-01
"2019-11",NA,18,"choco","homicide",2019-11-01
"2019-11",NA,7,"meta","homicide",2019-11-01
"2019-11",NA,7,"quindio","homicide",2019-11-01
"2019-11","arauca",5,"arauca","homicide",2019-11-01
"2019-11",NA,4,"boyaca","homicide",2019-11-01
"2019-11",NA,9,"huila","homicide",2019-11-01
"2019-11",NA,3,"caldas","homicide",2019-11-01
"2019-11",NA,1,"guaviare","homicide",2019-11-01
"2019-12",NA,172,"antioquia","homicide",2019-12-01
"2019-12",NA,26,"atlantico","homicide",2019-12-01
"2019-12",NA,56,"bogota d.c.","homicide",2019-12-01
"2019-12",NA,16,"cesar","homicide",2019-12-01
"2019-12",NA,24,"choco","homicide",2019-12-01
"2019-12",NA,26,"cordoba","homicide",2019-12-01
"2019-12",NA,22,"cundinamarca","homicide",2019-12-01
"2019-12",NA,12,"la guajira","homicide",2019-12-01
"2019-12",NA,32,"nariño","homicide",2019-12-01
"2019-12",NA,38,"norte de santander","homicide",2019-12-01
"2019-12",NA,17,"putumayo","homicide",2019-12-01
"2019-12",NA,14,"risaralda","homicide",2019-12-01
"2019-12",NA,152,"valle del cauca","homicide",2019-12-01
"2019-12",NA,21,"bolivar","homicide",2019-12-01
"2019-12",NA,15,"caqueta","homicide",2019-12-01
"2019-12",NA,57,"cauca","homicide",2019-12-01
"2019-12",NA,11,"meta","homicide",2019-12-01
"2019-12","tumaco",5,"nariño","homicide",2019-12-01
"2019-12","buenaventura",6,"valle del cauca","homicide",2019-12-01
"2019-12",NA,5,"quindio","homicide",2019-12-01
"2019-12",NA,15,"tolima","homicide",2019-12-01
"2019-12",NA,29,"magdalena","homicide",2019-12-01
"2019-12",NA,11,"santander","homicide",2019-12-01
"2019-12",NA,7,"sucre","homicide",2019-12-01
"2019-12","arauca",11,"arauca","homicide",2019-12-01
"2019-12",NA,6,"boyaca","homicide",2019-12-01
"2019-12",NA,4,"caldas","homicide",2019-12-01
"2019-12",NA,1,"vichada","homicide",2019-12-01
"2019-12",NA,2,"san andres islas","homicide",2019-12-01
"2019-12",NA,4,"casanare","homicide",2019-12-01
"2019-12",NA,14,"huila","homicide",2019-12-01
"2019-12",NA,2,"guaviare","homicide",2019-12-01
"2020-01",NA,164,"antioquia","homicide",2020-01-01
"2020-01",NA,34,"bogota d.c.","homicide",2020-01-01
"2020-01",NA,16,"bolivar","homicide",2020-01-01
"2020-01",NA,7,"boyaca","homicide",2020-01-01
"2020-01",NA,45,"cauca","homicide",2020-01-01
"2020-01",NA,8,"meta","homicide",2020-01-01
"2020-01",NA,30,"nariño","homicide",2020-01-01
"2020-01",NA,9,"santander","homicide",2020-01-01
"2020-01",NA,147,"valle del cauca","homicide",2020-01-01
"2020-01",NA,35,"norte de santander","homicide",2020-01-01
"2020-01","buenaventura",4,"valle del cauca","homicide",2020-01-01
"2020-01",NA,34,"atlantico","homicide",2020-01-01
"2020-01",NA,5,"caldas","homicide",2020-01-01
"2020-01",NA,18,"choco","homicide",2020-01-01
"2020-01",NA,18,"magdalena","homicide",2020-01-01
"2020-01",NA,5,"caqueta","homicide",2020-01-01
"2020-01",NA,12,"cesar","homicide",2020-01-01
"2020-01",NA,12,"huila","homicide",2020-01-01
"2020-01",NA,11,"sucre","homicide",2020-01-01
"2020-01",NA,9,"cundinamarca","homicide",2020-01-01
"2020-01","arauca",7,"arauca","homicide",2020-01-01
"2020-01",NA,12,"putumayo","homicide",2020-01-01
"2020-01",NA,1,"guaviare","homicide",2020-01-01
"2020-01",NA,11,"risaralda","homicide",2020-01-01
"2020-01",NA,32,"cordoba","homicide",2020-01-01
"2020-01","tumaco",7,"nariño","homicide",2020-01-01
"2020-01",NA,3,"san andres islas","homicide",2020-01-01
"2020-01",NA,4,"quindio","homicide",2020-01-01
"2020-01",NA,14,"tolima","homicide",2020-01-01
"2020-01",NA,1,"vichada","homicide",2020-01-01
"2020-01",NA,8,"la guajira","homicide",2020-01-01
"2020-02",NA,153,"antioquia","homicide",2020-02-01
"2020-02",NA,53,"cauca","homicide",2020-02-01
"2020-02",NA,31,"cordoba","homicide",2020-02-01
"2020-02",NA,12,"cundinamarca","homicide",2020-02-01
"2020-02",NA,21,"magdalena","homicide",2020-02-01
"2020-02",NA,16,"meta","homicide",2020-02-01
"2020-02",NA,27,"nariño","homicide",2020-02-01
"2020-02",NA,27,"norte de santander","homicide",2020-02-01
"2020-02",NA,5,"santander","homicide",2020-02-01
"2020-02",NA,106,"valle del cauca","homicide",2020-02-01
"2020-02",NA,25,"atlantico","homicide",2020-02-01
"2020-02",NA,54,"bogota d.c.","homicide",2020-02-01
"2020-02",NA,19,"bolivar","homicide",2020-02-01
"2020-02",NA,2,"caldas","homicide",2020-02-01
"2020-02",NA,11,"choco","homicide",2020-02-01
"2020-02",NA,14,"quindio","homicide",2020-02-01
"2020-02",NA,6,"sucre","homicide",2020-02-01
"2020-02",NA,12,"tolima","homicide",2020-02-01
"2020-02","buenaventura",6,"valle del cauca","homicide",2020-02-01
"2020-02",NA,2,"boyaca","homicide",2020-02-01
"2020-02",NA,13,"cesar","homicide",2020-02-01
"2020-02",NA,7,"risaralda","homicide",2020-02-01
"2020-02",NA,11,"la guajira","homicide",2020-02-01
"2020-02","arauca",8,"arauca","homicide",2020-02-01
"2020-02",NA,3,"huila","homicide",2020-02-01
"2020-02",NA,13,"putumayo","homicide",2020-02-01
"2020-02",NA,11,"caqueta","homicide",2020-02-01
"2020-02",NA,3,"casanare","homicide",2020-02-01
"2020-02",NA,1,"vichada","homicide",2020-02-01
"2020-02","tumaco",1,"nariño","homicide",2020-02-01
"2020-03",NA,115,"antioquia","homicide",2020-03-01
"2020-03",NA,20,"atlantico","homicide",2020-03-01
"2020-03",NA,63,"bogota d.c.","homicide",2020-03-01
"2020-03",NA,18,"bolivar","homicide",2020-03-01
"2020-03",NA,8,"caqueta","homicide",2020-03-01
"2020-03",NA,38,"cauca","homicide",2020-03-01
"2020-03",NA,21,"cordoba","homicide",2020-03-01
"2020-03",NA,11,"cundinamarca","homicide",2020-03-01
"2020-03",NA,15,"magdalena","homicide",2020-03-01
"2020-03",NA,14,"meta","homicide",2020-03-01
"2020-03",NA,30,"norte de santander","homicide",2020-03-01
"2020-03",NA,21,"putumayo","homicide",2020-03-01
"2020-03",NA,7,"quindio","homicide",2020-03-01
"2020-03",NA,7,"santander","homicide",2020-03-01
"2020-03",NA,10,"sucre","homicide",2020-03-01
"2020-03",NA,106,"valle del cauca","homicide",2020-03-01
"2020-03",NA,4,"huila","homicide",2020-03-01
"2020-03",NA,24,"nariño","homicide",2020-03-01
"2020-03",NA,1,"amazonas","homicide",2020-03-01
"2020-03",NA,25,"choco","homicide",2020-03-01
"2020-03",NA,8,"risaralda","homicide",2020-03-01
"2020-03",NA,1,"tolima","homicide",2020-03-01
"2020-03",NA,8,"la guajira","homicide",2020-03-01
"2020-03","arauca",7,"arauca","homicide",2020-03-01
"2020-03",NA,2,"casanare","homicide",2020-03-01
"2020-03",NA,1,"guaviare","homicide",2020-03-01
"2020-03",NA,1,"boyaca","homicide",2020-03-01
"2020-03","tumaco",7,"nariño","homicide",2020-03-01
"2020-03","buenaventura",1,"valle del cauca","homicide",2020-03-01
"2020-03",NA,3,"cesar","homicide",2020-03-01
"2020-03",NA,1,"caldas","homicide",2020-03-01
"2020-04",NA,102,"antioquia","homicide",2020-04-01
"2020-04",NA,16,"cundinamarca","homicide",2020-04-01
"2020-04",NA,13,"meta","homicide",2020-04-01
"2020-04",NA,23,"norte de santander","homicide",2020-04-01
"2020-04",NA,4,"risaralda","homicide",2020-04-01
"2020-04",NA,81,"valle del cauca","homicide",2020-04-01
"2020-04",NA,17,"atlantico","homicide",2020-04-01
"2020-04",NA,16,"bolivar","homicide",2020-04-01
"2020-04",NA,27,"choco","homicide",2020-04-01
"2020-04",NA,9,"putumayo","homicide",2020-04-01
"2020-04",NA,5,"tolima","homicide",2020-04-01
"2020-04",NA,3,"vichada","homicide",2020-04-01
"2020-04",NA,29,"bogota d.c.","homicide",2020-04-01
"2020-04",NA,40,"cauca","homicide",2020-04-01
"2020-04",NA,8,"la guajira","homicide",2020-04-01
"2020-04",NA,16,"magdalena","homicide",2020-04-01
"2020-04",NA,22,"nariño","homicide",2020-04-01
"2020-04",NA,6,"cesar","homicide",2020-04-01
"2020-04",NA,3,"santander","homicide",2020-04-01
"2020-04","buenaventura",9,"valle del cauca","homicide",2020-04-01
"2020-04",NA,1,"boyaca","homicide",2020-04-01
"2020-04",NA,1,"san andres islas","homicide",2020-04-01
"2020-04",NA,5,"caqueta","homicide",2020-04-01
"2020-04",NA,2,"huila","homicide",2020-04-01
"2020-04","arauca",2,"arauca","homicide",2020-04-01
"2020-04",NA,2,"quindio","homicide",2020-04-01
"2020-04",NA,1,"caldas","homicide",2020-04-01
"2020-04",NA,8,"cordoba","homicide",2020-04-01
"2020-04","tumaco",2,"nariño","homicide",2020-04-01
"2020-04",NA,1,"casanare","homicide",2020-04-01
"2020-04",NA,1,"guaviare","homicide",2020-04-01
"2020-05",NA,106,"antioquia","homicide",2020-05-01
"2020-05",NA,60,"bogota d.c.","homicide",2020-05-01
"2020-05",NA,17,"magdalena","homicide",2020-05-01
"2020-05",NA,28,"nariño","homicide",2020-05-01
"2020-05",NA,8,"quindio","homicide",2020-05-01
"2020-05",NA,5,"santander","homicide",2020-05-01
"2020-05","buenaventura",5,"valle del cauca","homicide",2020-05-01
"2020-05",NA,122,"valle del cauca","homicide",2020-05-01
"2020-05",NA,16,"meta","homicide",2020-05-01
"2020-05",NA,39,"norte de santander","homicide",2020-05-01
"2020-05",NA,3,"tolima","homicide",2020-05-01
"2020-05",NA,33,"atlantico","homicide",2020-05-01
"2020-05",NA,3,"caqueta","homicide",2020-05-01
"2020-05",NA,45,"cauca","homicide",2020-05-01
"2020-05",NA,14,"cesar","homicide",2020-05-01
"2020-05",NA,17,"choco","homicide",2020-05-01
"2020-05",NA,10,"bolivar","homicide",2020-05-01
"2020-05",NA,3,"casanare","homicide",2020-05-01
"2020-05",NA,11,"cundinamarca","homicide",2020-05-01
"2020-05",NA,8,"la guajira","homicide",2020-05-01
"2020-05","tumaco",1,"nariño","homicide",2020-05-01
"2020-05",NA,17,"cordoba","homicide",2020-05-01
"2020-05",NA,8,"risaralda","homicide",2020-05-01
"2020-05",NA,8,"huila","homicide",2020-05-01
"2020-05","arauca",4,"arauca","homicide",2020-05-01
"2020-05",NA,3,"boyaca","homicide",2020-05-01
"2020-05",NA,2,"caldas","homicide",2020-05-01
"2020-05",NA,7,"putumayo","homicide",2020-05-01
"2020-05",NA,1,"sucre","homicide",2020-05-01
"2020-05",NA,1,"vichada","homicide",2020-05-01
"2020-06",NA,130,"antioquia","homicide",2020-06-01
"2020-06",NA,17,"bolivar","homicide",2020-06-01
"2020-06",NA,56,"cauca","homicide",2020-06-01
"2020-06",NA,21,"cordoba","homicide",2020-06-01
"2020-06",NA,14,"magdalena","homicide",2020-06-01
"2020-06",NA,39,"nariño","homicide",2020-06-01
"2020-06",NA,39,"norte de santander","homicide",2020-06-01
"2020-06","buenaventura",7,"valle del cauca","homicide",2020-06-01
"2020-06",NA,152,"valle del cauca","homicide",2020-06-01
"2020-06",NA,25,"atlantico","homicide",2020-06-01
"2020-06",NA,57,"bogota d.c.","homicide",2020-06-01
"2020-06",NA,5,"caqueta","homicide",2020-06-01
"2020-06",NA,4,"casanare","homicide",2020-06-01
"2020-06",NA,9,"huila","homicide",2020-06-01
"2020-06",NA,16,"putumayo","homicide",2020-06-01
"2020-06",NA,13,"quindio","homicide",2020-06-01
"2020-06",NA,15,"cundinamarca","homicide",2020-06-01
"2020-06",NA,12,"risaralda","homicide",2020-06-01
"2020-06",NA,14,"tolima","homicide",2020-06-01
"2020-06",NA,4,"vichada","homicide",2020-06-01
"2020-06",NA,17,"choco","homicide",2020-06-01
"2020-06",NA,5,"santander","homicide",2020-06-01
"2020-06","tumaco",3,"nariño","homicide",2020-06-01
"2020-06","arauca",4,"arauca","homicide",2020-06-01
"2020-06",NA,6,"la guajira","homicide",2020-06-01
"2020-06",NA,16,"meta","homicide",2020-06-01
"2020-06",NA,8,"cesar","homicide",2020-06-01
"2020-06",NA,8,"sucre","homicide",2020-06-01
"2020-06",NA,1,"boyaca","homicide",2020-06-01
"2020-06",NA,4,"caldas","homicide",2020-06-01
"2020-06",NA,1,"guaviare","homicide",2020-06-01
"2020-07",NA,130,"antioquia","homicide",2020-07-01
"2020-07",NA,48,"bogota d.c.","homicide",2020-07-01
"2020-07",NA,21,"bolivar","homicide",2020-07-01
"2020-07",NA,27,"cordoba","homicide",2020-07-01
"2020-07",NA,24,"cundinamarca","homicide",2020-07-01
"2020-07",NA,17,"huila","homicide",2020-07-01
"2020-07",NA,65,"norte de santander","homicide",2020-07-01
"2020-07",NA,17,"quindio","homicide",2020-07-01
"2020-07",NA,15,"risaralda","homicide",2020-07-01
"2020-07",NA,133,"valle del cauca","homicide",2020-07-01
"2020-07",NA,58,"cauca","homicide",2020-07-01
"2020-07",NA,25,"nariño","homicide",2020-07-01
"2020-07",NA,6,"sucre","homicide",2020-07-01
"2020-07",NA,5,"caldas","homicide",2020-07-01
"2020-07",NA,11,"magdalena","homicide",2020-07-01
"2020-07",NA,10,"meta","homicide",2020-07-01
"2020-07",NA,19,"choco","homicide",2020-07-01
"2020-07",NA,12,"la guajira","homicide",2020-07-01
"2020-07",NA,2,"san andres islas","homicide",2020-07-01
"2020-07",NA,5,"caqueta","homicide",2020-07-01
"2020-07",NA,17,"cesar","homicide",2020-07-01
"2020-07",NA,11,"santander","homicide",2020-07-01
"2020-07",NA,7,"tolima","homicide",2020-07-01
"2020-07","buenaventura",5,"valle del cauca","homicide",2020-07-01
"2020-07","arauca",8,"arauca","homicide",2020-07-01
"2020-07",NA,29,"atlantico","homicide",2020-07-01
"2020-07",NA,10,"putumayo","homicide",2020-07-01
"2020-07","tumaco",6,"nariño","homicide",2020-07-01
"2020-07",NA,3,"casanare","homicide",2020-07-01
"2020-08",NA,164,"antioquia","homicide",2020-08-01
"2020-08",NA,36,"atlantico","homicide",2020-08-01
"2020-08",NA,49,"bogota d.c.","homicide",2020-08-01
"2020-08",NA,71,"cauca","homicide",2020-08-01
"2020-08",NA,19,"la guajira","homicide",2020-08-01
"2020-08",NA,51,"nariño","homicide",2020-08-01
"2020-08",NA,50,"norte de santander","homicide",2020-08-01
"2020-08",NA,17,"risaralda","homicide",2020-08-01
"2020-08",NA,4,"santander","homicide",2020-08-01
"2020-08","buenaventura",4,"valle del cauca","homicide",2020-08-01
"2020-08",NA,166,"valle del cauca","homicide",2020-08-01
"2020-08","arauca",12,"arauca","homicide",2020-08-01
"2020-08",NA,25,"bolivar","homicide",2020-08-01
"2020-08",NA,7,"caqueta","homicide",2020-08-01
"2020-08",NA,18,"cordoba","homicide",2020-08-01
"2020-08",NA,18,"cundinamarca","homicide",2020-08-01
"2020-08",NA,19,"magdalena","homicide",2020-08-01
"2020-08",NA,14,"tolima","homicide",2020-08-01
"2020-08",NA,11,"quindio","homicide",2020-08-01
"2020-08",NA,10,"huila","homicide",2020-08-01
"2020-08","tumaco",2,"nariño","homicide",2020-08-01
"2020-08",NA,4,"putumayo","homicide",2020-08-01
"2020-08",NA,8,"cesar","homicide",2020-08-01
"2020-08",NA,23,"choco","homicide",2020-08-01
"2020-08",NA,13,"meta","homicide",2020-08-01
"2020-08",NA,8,"sucre","homicide",2020-08-01
"2020-08",NA,3,"caldas","homicide",2020-08-01
"2020-08",NA,2,"guaviare","homicide",2020-08-01
"2020-08",NA,2,"boyaca","homicide",2020-08-01
"2020-08",NA,2,"san andres islas","homicide",2020-08-01
"2020-08",NA,2,"casanare","homicide",2020-08-01
"2020-09",NA,127,"antioquia","homicide",2020-09-01
"2020-09",NA,40,"atlantico","homicide",2020-09-01
"2020-09",NA,72,"bogota d.c.","homicide",2020-09-01
"2020-09",NA,36,"bolivar","homicide",2020-09-01
"2020-09",NA,55,"cauca","homicide",2020-09-01
"2020-09",NA,11,"la guajira","homicide",2020-09-01
"2020-09",NA,19,"magdalena","homicide",2020-09-01
"2020-09",NA,20,"meta","homicide",2020-09-01
"2020-09",NA,8,"putumayo","homicide",2020-09-01
"2020-09",NA,15,"quindio","homicide",2020-09-01
"2020-09",NA,16,"risaralda","homicide",2020-09-01
"2020-09",NA,11,"santander","homicide",2020-09-01
"2020-09",NA,15,"sucre","homicide",2020-09-01
"2020-09",NA,145,"valle del cauca","homicide",2020-09-01
"2020-09",NA,15,"cesar","homicide",2020-09-01
"2020-09",NA,44,"nariño","homicide",2020-09-01
"2020-09",NA,42,"norte de santander","homicide",2020-09-01
"2020-09",NA,6,"caldas","homicide",2020-09-01
"2020-09",NA,22,"cordoba","homicide",2020-09-01
"2020-09",NA,9,"tolima","homicide",2020-09-01
"2020-09",NA,7,"caqueta","homicide",2020-09-01
"2020-09",NA,9,"huila","homicide",2020-09-01
"2020-09","arauca",8,"arauca","homicide",2020-09-01
"2020-09",NA,17,"choco","homicide",2020-09-01
"2020-09",NA,22,"cundinamarca","homicide",2020-09-01
"2020-09","buenaventura",12,"valle del cauca","homicide",2020-09-01
"2020-09",NA,6,"casanare","homicide",2020-09-01
"2020-09",NA,1,"vichada","homicide",2020-09-01
"2020-10",NA,2,"amazonas","homicide",2020-10-01
"2020-10",NA,141,"antioquia","homicide",2020-10-01
"2020-10","arauca",5,"arauca","homicide",2020-10-01
"2020-10",NA,31,"atlantico","homicide",2020-10-01
"2020-10",NA,54,"bogota d.c.","homicide",2020-10-01
"2020-10",NA,26,"bolivar","homicide",2020-10-01
"2020-10",NA,62,"cauca","homicide",2020-10-01
"2020-10",NA,27,"choco","homicide",2020-10-01
"2020-10",NA,31,"cordoba","homicide",2020-10-01
"2020-10",NA,27,"cundinamarca","homicide",2020-10-01
"2020-10",NA,18,"meta","homicide",2020-10-01
"2020-10",NA,36,"nariño","homicide",2020-10-01
"2020-10",NA,37,"norte de santander","homicide",2020-10-01
"2020-10",NA,13,"putumayo","homicide",2020-10-01
"2020-10",NA,183,"valle del cauca","homicide",2020-10-01
"2020-10",NA,14,"caqueta","homicide",2020-10-01
"2020-10",NA,15,"quindio","homicide",2020-10-01
"2020-10",NA,10,"risaralda","homicide",2020-10-01
"2020-10",NA,8,"santander","homicide",2020-10-01
"2020-10",NA,10,"la guajira","homicide",2020-10-01
"2020-10","tumaco",2,"nariño","homicide",2020-10-01
"2020-10",NA,9,"tolima","homicide",2020-10-01
"2020-10","buenaventura",6,"valle del cauca","homicide",2020-10-01
"2020-10",NA,8,"huila","homicide",2020-10-01
"2020-10",NA,11,"magdalena","homicide",2020-10-01
"2020-10",NA,18,"sucre","homicide",2020-10-01
"2020-10",NA,11,"cesar","homicide",2020-10-01
"2020-10",NA,1,"boyaca","homicide",2020-10-01
"2020-10",NA,6,"caldas","homicide",2020-10-01
"2020-10",NA,5,"casanare","homicide",2020-10-01
"2020-10",NA,2,"guaviare","homicide",2020-10-01
"2020-10",NA,2,"san andres islas","homicide",2020-10-01
"2020-11",NA,155,"antioquia","homicide",2020-11-01
"2020-11",NA,62,"bogota d.c.","homicide",2020-11-01
"2020-11",NA,18,"bolivar","homicide",2020-11-01
"2020-11",NA,70,"cauca","homicide",2020-11-01
"2020-11",NA,21,"cordoba","homicide",2020-11-01
"2020-11",NA,12,"huila","homicide",2020-11-01
"2020-11",NA,17,"magdalena","homicide",2020-11-01
"2020-11",NA,15,"meta","homicide",2020-11-01
"2020-11","tumaco",6,"nariño","homicide",2020-11-01
"2020-11",NA,43,"nariño","homicide",2020-11-01
"2020-11",NA,15,"risaralda","homicide",2020-11-01
"2020-11",NA,136,"valle del cauca","homicide",2020-11-01
"2020-11",NA,27,"atlantico","homicide",2020-11-01
"2020-11",NA,21,"choco","homicide",2020-11-01
"2020-11",NA,13,"cundinamarca","homicide",2020-11-01
"2020-11",NA,9,"quindio","homicide",2020-11-01
"2020-11",NA,12,"tolima","homicide",2020-11-01
"2020-11",NA,11,"la guajira","homicide",2020-11-01
"2020-11",NA,34,"norte de santander","homicide",2020-11-01
"2020-11","buenaventura",3,"valle del cauca","homicide",2020-11-01
"2020-11",NA,12,"caqueta","homicide",2020-11-01
"2020-11",NA,5,"casanare","homicide",2020-11-01
"2020-11",NA,10,"sucre","homicide",2020-11-01
"2020-11",NA,5,"santander","homicide",2020-11-01
"2020-11",NA,7,"caldas","homicide",2020-11-01
"2020-11",NA,14,"putumayo","homicide",2020-11-01
"2020-11",NA,5,"cesar","homicide",2020-11-01
"2020-11",NA,4,"guaviare","homicide",2020-11-01
"2020-11","arauca",7,"arauca","homicide",2020-11-01
"2020-11",NA,2,"san andres islas","homicide",2020-11-01
"2020-12",NA,161,"antioquia","homicide",2020-12-01
"2020-12",NA,68,"bogota d.c.","homicide",2020-12-01
"2020-12",NA,18,"bolivar","homicide",2020-12-01
"2020-12",NA,9,"caqueta","homicide",2020-12-01
"2020-12",NA,10,"casanare","homicide",2020-12-01
"2020-12",NA,61,"cauca","homicide",2020-12-01
"2020-12",NA,19,"la guajira","homicide",2020-12-01
"2020-12",NA,43,"norte de santander","homicide",2020-12-01
"2020-12",NA,3,"san andres islas","homicide",2020-12-01
"2020-12",NA,9,"sucre","homicide",2020-12-01
"2020-12",NA,162,"valle del cauca","homicide",2020-12-01
"2020-12",NA,10,"cesar","homicide",2020-12-01
"2020-12",NA,17,"choco","homicide",2020-12-01
"2020-12",NA,1,"guainia","homicide",2020-12-01
"2020-12",NA,40,"nariño","homicide",2020-12-01
"2020-12",NA,13,"putumayo","homicide",2020-12-01
"2020-12",NA,15,"risaralda","homicide",2020-12-01
"2020-12",NA,15,"cordoba","homicide",2020-12-01
"2020-12",NA,14,"huila","homicide",2020-12-01
"2020-12",NA,28,"magdalena","homicide",2020-12-01
"2020-12",NA,22,"meta","homicide",2020-12-01
"2020-12",NA,10,"santander","homicide",2020-12-01
"2020-12",NA,13,"tolima","homicide",2020-12-01
"2020-12",NA,17,"cundinamarca","homicide",2020-12-01
"2020-12",NA,29,"atlantico","homicide",2020-12-01
"2020-12",NA,10,"quindio","homicide",2020-12-01
"2020-12",NA,6,"caldas","homicide",2020-12-01
"2020-12","tumaco",5,"nariño","homicide",2020-12-01
"2020-12","buenaventura",11,"valle del cauca","homicide",2020-12-01
"2020-12","arauca",9,"arauca","homicide",2020-12-01
"2020-12",NA,4,"guaviare","homicide",2020-12-01
"2020-12",NA,2,"boyaca","homicide",2020-12-01
"2020-12",NA,1,"amazonas","homicide",2020-12-01
"2021-01",NA,158,"antioquia","homicide",2021-01-01
"2021-01",NA,50,"cauca","homicide",2021-01-01
"2021-01",NA,20,"choco","homicide",2021-01-01
"2021-01",NA,24,"cordoba","homicide",2021-01-01
"2021-01",NA,41,"nariño","homicide",2021-01-01
"2021-01",NA,8,"quindio","homicide",2021-01-01
"2021-01",NA,5,"santander","homicide",2021-01-01
"2021-01","buenaventura",21,"valle del cauca","homicide",2021-01-01
"2021-01",NA,133,"valle del cauca","homicide",2021-01-01
"2021-01",NA,27,"atlantico","homicide",2021-01-01
"2021-01",NA,23,"bolivar","homicide",2021-01-01
"2021-01",NA,8,"caqueta","homicide",2021-01-01
"2021-01",NA,12,"cundinamarca","homicide",2021-01-01
"2021-01",NA,27,"norte de santander","homicide",2021-01-01
"2021-01",NA,12,"tolima","homicide",2021-01-01
"2021-01",NA,33,"bogota d.c.","homicide",2021-01-01
"2021-01",NA,7,"casanare","homicide",2021-01-01
"2021-01",NA,12,"risaralda","homicide",2021-01-01
"2021-01","arauca",8,"arauca","homicide",2021-01-01
"2021-01",NA,18,"magdalena","homicide",2021-01-01
"2021-01",NA,15,"meta","homicide",2021-01-01
"2021-01",NA,3,"san andres islas","homicide",2021-01-01
"2021-01",NA,8,"cesar","homicide",2021-01-01
"2021-01",NA,3,"guaviare","homicide",2021-01-01
"2021-01",NA,19,"la guajira","homicide",2021-01-01
"2021-01",NA,12,"huila","homicide",2021-01-01
"2021-01",NA,15,"sucre","homicide",2021-01-01
"2021-01",NA,9,"putumayo","homicide",2021-01-01
"2021-01",NA,5,"caldas","homicide",2021-01-01
"2021-01",NA,3,"boyaca","homicide",2021-01-01
"2021-01","tumaco",7,"nariño","homicide",2021-01-01
"2021-01",NA,1,"amazonas","homicide",2021-01-01
"2021-02",NA,165,"antioquia","homicide",2021-02-01
"2021-02",NA,41,"bogota d.c.","homicide",2021-02-01
"2021-02",NA,17,"bolivar","homicide",2021-02-01
"2021-02",NA,2,"casanare","homicide",2021-02-01
"2021-02",NA,52,"cauca","homicide",2021-02-01
"2021-02",NA,17,"cordoba","homicide",2021-02-01
"2021-02",NA,14,"cundinamarca","homicide",2021-02-01
"2021-02",NA,16,"meta","homicide",2021-02-01
"2021-02",NA,17,"putumayo","homicide",2021-02-01
"2021-02",NA,102,"valle del cauca","homicide",2021-02-01
"2021-02",NA,39,"atlantico","homicide",2021-02-01
"2021-02",NA,6,"caldas","homicide",2021-02-01
"2021-02",NA,13,"huila","homicide",2021-02-01
"2021-02",NA,21,"magdalena","homicide",2021-02-01
"2021-02",NA,36,"nariño","homicide",2021-02-01
"2021-02",NA,13,"tolima","homicide",2021-02-01
"2021-02",NA,18,"choco","homicide",2021-02-01
"2021-02",NA,33,"norte de santander","homicide",2021-02-01
"2021-02","buenaventura",8,"valle del cauca","homicide",2021-02-01
"2021-02","arauca",16,"arauca","homicide",2021-02-01
"2021-02",NA,15,"quindio","homicide",2021-02-01
"2021-02",NA,18,"sucre","homicide",2021-02-01
"2021-02",NA,6,"caqueta","homicide",2021-02-01
"2021-02",NA,11,"la guajira","homicide",2021-02-01
"2021-02","tumaco",5,"nariño","homicide",2021-02-01
"2021-02",NA,7,"risaralda","homicide",2021-02-01
"2021-02",NA,5,"santander","homicide",2021-02-01
"2021-02",NA,6,"cesar","homicide",2021-02-01
"2021-02",NA,2,"san andres islas","homicide",2021-02-01
"2021-03",NA,132,"antioquia","homicide",2021-03-01
"2021-03",NA,29,"bogota d.c.","homicide",2021-03-01
"2021-03",NA,11,"bolivar","homicide",2021-03-01
"2021-03",NA,6,"caldas","homicide",2021-03-01
"2021-03",NA,48,"cauca","homicide",2021-03-01
"2021-03",NA,7,"putumayo","homicide",2021-03-01
"2021-03",NA,18,"sucre","homicide",2021-03-01
"2021-03",NA,126,"valle del cauca","homicide",2021-03-01
"2021-03",NA,34,"atlantico","homicide",2021-03-01
"2021-03",NA,3,"casanare","homicide",2021-03-01
"2021-03",NA,29,"nariño","homicide",2021-03-01
"2021-03",NA,6,"risaralda","homicide",2021-03-01
"2021-03","buenaventura",8,"valle del cauca","homicide",2021-03-01
"2021-03",NA,9,"cesar","homicide",2021-03-01
"2021-03",NA,19,"choco","homicide",2021-03-01
"2021-03",NA,37,"cordoba","homicide",2021-03-01
"2021-03",NA,18,"magdalena","homicide",2021-03-01
"2021-03",NA,14,"meta","homicide",2021-03-01
"2021-03",NA,34,"norte de santander","homicide",2021-03-01
"2021-03",NA,3,"san andres islas","homicide",2021-03-01
"2021-03",NA,14,"cundinamarca","homicide",2021-03-01
"2021-03",NA,10,"la guajira","homicide",2021-03-01
"2021-03",NA,8,"santander","homicide",2021-03-01
"2021-03",NA,9,"tolima","homicide",2021-03-01
"2021-03",NA,16,"caqueta","homicide",2021-03-01
"2021-03","arauca",10,"arauca","homicide",2021-03-01
"2021-03",NA,7,"quindio","homicide",2021-03-01
"2021-03",NA,8,"huila","homicide",2021-03-01
"2021-03","tumaco",2,"nariño","homicide",2021-03-01
"2021-04",NA,141,"antioquia","homicide",2021-04-01
"2021-04",NA,43,"bogota d.c.","homicide",2021-04-01
"2021-04",NA,15,"bolivar","homicide",2021-04-01
"2021-04",NA,51,"cauca","homicide",2021-04-01
"2021-04",NA,16,"cundinamarca","homicide",2021-04-01
"2021-04",NA,9,"magdalena","homicide",2021-04-01
"2021-04",NA,52,"nariño","homicide",2021-04-01
"2021-04",NA,115,"valle del cauca","homicide",2021-04-01
"2021-04",NA,35,"choco","homicide",2021-04-01
"2021-04",NA,17,"huila","homicide",2021-04-01
"2021-04",NA,14,"quindio","homicide",2021-04-01
"2021-04",NA,19,"sucre","homicide",2021-04-01
"2021-04",NA,11,"tolima","homicide",2021-04-01
"2021-04",NA,9,"cesar","homicide",2021-04-01
"2021-04",NA,24,"meta","homicide",2021-04-01
"2021-04",NA,42,"norte de santander","homicide",2021-04-01
"2021-04",NA,8,"risaralda","homicide",2021-04-01
"2021-04","buenaventura",16,"valle del cauca","homicide",2021-04-01
"2021-04",NA,29,"atlantico","homicide",2021-04-01
"2021-04",NA,10,"caqueta","homicide",2021-04-01
"2021-04",NA,8,"putumayo","homicide",2021-04-01
"2021-04",NA,6,"caldas","homicide",2021-04-01
"2021-04",NA,30,"cordoba","homicide",2021-04-01
"2021-04",NA,5,"la guajira","homicide",2021-04-01
"2021-04","arauca",11,"arauca","homicide",2021-04-01
"2021-04",NA,2,"san andres islas","homicide",2021-04-01
"2021-04","tumaco",3,"nariño","homicide",2021-04-01
"2021-04",NA,3,"santander","homicide",2021-04-01
"2021-04",NA,2,"boyaca","homicide",2021-04-01
"2021-04",NA,1,"casanare","homicide",2021-04-01
"2021-04",NA,2,"amazonas","homicide",2021-04-01
"2021-05",NA,163,"antioquia","homicide",2021-05-01
"2021-05",NA,54,"atlantico","homicide",2021-05-01
"2021-05",NA,47,"bogota d.c.","homicide",2021-05-01
"2021-05",NA,63,"cauca","homicide",2021-05-01
"2021-05",NA,15,"cesar","homicide",2021-05-01
"2021-05",NA,17,"cundinamarca","homicide",2021-05-01
"2021-05",NA,26,"magdalena","homicide",2021-05-01
"2021-05",NA,37,"norte de santander","homicide",2021-05-01
"2021-05",NA,9,"putumayo","homicide",2021-05-01
"2021-05",NA,25,"risaralda","homicide",2021-05-01
"2021-05",NA,20,"tolima","homicide",2021-05-01
"2021-05",NA,243,"valle del cauca","homicide",2021-05-01
"2021-05",NA,5,"guaviare","homicide",2021-05-01
"2021-05",NA,21,"bolivar","homicide",2021-05-01
"2021-05",NA,9,"caqueta","homicide",2021-05-01
"2021-05",NA,35,"cordoba","homicide",2021-05-01
"2021-05",NA,13,"la guajira","homicide",2021-05-01
"2021-05",NA,30,"nariño","homicide",2021-05-01
"2021-05",NA,24,"sucre","homicide",2021-05-01
"2021-05","arauca",16,"arauca","homicide",2021-05-01
"2021-05",NA,27,"huila","homicide",2021-05-01
"2021-05","buenaventura",18,"valle del cauca","homicide",2021-05-01
"2021-05",NA,9,"choco","homicide",2021-05-01
"2021-05",NA,13,"meta","homicide",2021-05-01
"2021-05",NA,1,"amazonas","homicide",2021-05-01
"2021-05",NA,3,"casanare","homicide",2021-05-01
"2021-05",NA,14,"quindio","homicide",2021-05-01
"2021-05","tumaco",5,"nariño","homicide",2021-05-01
"2021-05",NA,8,"santander","homicide",2021-05-01
"2021-05",NA,5,"caldas","homicide",2021-05-01
"2021-05",NA,2,"boyaca","homicide",2021-05-01
"2021-06",NA,163,"antioquia","homicide",2021-06-01
"2021-06",NA,56,"atlantico","homicide",2021-06-01
"2021-06",NA,57,"bogota d.c.","homicide",2021-06-01
"2021-06",NA,13,"bolivar","homicide",2021-06-01
"2021-06",NA,70,"cauca","homicide",2021-06-01
"2021-06",NA,24,"choco","homicide",2021-06-01
"2021-06",NA,22,"cordoba","homicide",2021-06-01
"2021-06",NA,41,"norte de santander","homicide",2021-06-01
"2021-06",NA,13,"santander","homicide",2021-06-01
"2021-06",NA,14,"sucre","homicide",2021-06-01
"2021-06","buenaventura",13,"valle del cauca","homicide",2021-06-01
"2021-06",NA,197,"valle del cauca","homicide",2021-06-01
"2021-06",NA,3,"casanare","homicide",2021-06-01
"2021-06",NA,23,"cesar","homicide",2021-06-01
"2021-06",NA,22,"cundinamarca","homicide",2021-06-01
"2021-06",NA,17,"huila","homicide",2021-06-01
"2021-06",NA,33,"magdalena","homicide",2021-06-01
"2021-06",NA,22,"tolima","homicide",2021-06-01
"2021-06",NA,16,"nariño","homicide",2021-06-01
"2021-06",NA,24,"putumayo","homicide",2021-06-01
"2021-06",NA,9,"risaralda","homicide",2021-06-01
"2021-06",NA,6,"caldas","homicide",2021-06-01
"2021-06",NA,9,"la guajira","homicide",2021-06-01
"2021-06",NA,7,"quindio","homicide",2021-06-01
"2021-06",NA,21,"meta","homicide",2021-06-01
"2021-06","tumaco",6,"nariño","homicide",2021-06-01
"2021-06","arauca",8,"arauca","homicide",2021-06-01
"2021-06",NA,6,"caqueta","homicide",2021-06-01
"2021-06",NA,1,"guainia","homicide",2021-06-01
"2021-06",NA,2,"guaviare","homicide",2021-06-01
"2021-06",NA,4,"san andres islas","homicide",2021-06-01
"2021-06",NA,1,"vichada","homicide",2021-06-01
"2021-06",NA,1,"boyaca","homicide",2021-06-01
"2021-07",NA,140,"antioquia","homicide",2021-07-01
"2021-07",NA,52,"bogota d.c.","homicide",2021-07-01
"2021-07",NA,19,"bolivar","homicide",2021-07-01
"2021-07",NA,61,"cauca","homicide",2021-07-01
"2021-07",NA,28,"magdalena","homicide",2021-07-01
"2021-07",NA,44,"norte de santander","homicide",2021-07-01
"2021-07",NA,33,"tolima","homicide",2021-07-01
"2021-07",NA,172,"valle del cauca","homicide",2021-07-01
"2021-07",NA,2,"vichada","homicide",2021-07-01
"2021-07",NA,36,"atlantico","homicide",2021-07-01
"2021-07",NA,18,"choco","homicide",2021-07-01
"2021-07",NA,25,"cordoba","homicide",2021-07-01
"2021-07",NA,27,"cundinamarca","homicide",2021-07-01
"2021-07",NA,13,"la guajira","homicide",2021-07-01
"2021-07",NA,20,"meta","homicide",2021-07-01
"2021-07",NA,17,"quindio","homicide",2021-07-01
"2021-07","buenaventura",25,"valle del cauca","homicide",2021-07-01
"2021-07",NA,14,"caqueta","homicide",2021-07-01
"2021-07",NA,17,"cesar","homicide",2021-07-01
"2021-07",NA,3,"san andres islas","homicide",2021-07-01
"2021-07",NA,8,"santander","homicide",2021-07-01
"2021-07",NA,20,"sucre","homicide",2021-07-01
"2021-07",NA,10,"caldas","homicide",2021-07-01
"2021-07",NA,30,"nariño","homicide",2021-07-01
"2021-07",NA,12,"putumayo","homicide",2021-07-01
"2021-07",NA,12,"risaralda","homicide",2021-07-01
"2021-07","arauca",17,"arauca","homicide",2021-07-01
"2021-07",NA,9,"huila","homicide",2021-07-01
"2021-07","tumaco",7,"nariño","homicide",2021-07-01
"2021-07",NA,3,"guaviare","homicide",2021-07-01
"2021-07",NA,1,"casanare","homicide",2021-07-01
"2021-08",NA,142,"antioquia","homicide",2021-08-01
"2021-08",NA,56,"atlantico","homicide",2021-08-01
"2021-08",NA,46,"bogota d.c.","homicide",2021-08-01
"2021-08",NA,19,"bolivar","homicide",2021-08-01
"2021-08",NA,66,"cauca","homicide",2021-08-01
"2021-08",NA,22,"cesar","homicide",2021-08-01
"2021-08",NA,21,"choco","homicide",2021-08-01
"2021-08",NA,18,"cordoba","homicide",2021-08-01
"2021-08",NA,24,"meta","homicide",2021-08-01
"2021-08",NA,43,"norte de santander","homicide",2021-08-01
"2021-08",NA,14,"putumayo","homicide",2021-08-01
"2021-08",NA,15,"risaralda","homicide",2021-08-01
"2021-08",NA,26,"tolima","homicide",2021-08-01
"2021-08","buenaventura",13,"valle del cauca","homicide",2021-08-01
"2021-08",NA,150,"valle del cauca","homicide",2021-08-01
"2021-08",NA,5,"caldas","homicide",2021-08-01
"2021-08",NA,14,"huila","homicide",2021-08-01
"2021-08",NA,35,"magdalena","homicide",2021-08-01
"2021-08",NA,52,"nariño","homicide",2021-08-01
"2021-08",NA,6,"quindio","homicide",2021-08-01
"2021-08","arauca",27,"arauca","homicide",2021-08-01
"2021-08",NA,7,"santander","homicide",2021-08-01
"2021-08",NA,4,"casanare","homicide",2021-08-01
"2021-08",NA,25,"cundinamarca","homicide",2021-08-01
"2021-08",NA,10,"sucre","homicide",2021-08-01
"2021-08",NA,8,"caqueta","homicide",2021-08-01
"2021-08",NA,1,"san andres islas","homicide",2021-08-01
"2021-08",NA,2,"boyaca","homicide",2021-08-01
"2021-08",NA,3,"guaviare","homicide",2021-08-01
"2021-08",NA,9,"la guajira","homicide",2021-08-01
"2021-08",NA,1,"amazonas","homicide",2021-08-01
"2021-09",NA,116,"antioquia","homicide",2021-09-01
"2021-09",NA,58,"atlantico","homicide",2021-09-01
"2021-09",NA,11,"cesar","homicide",2021-09-01
"2021-09",NA,20,"cundinamarca","homicide",2021-09-01
"2021-09",NA,26,"magdalena","homicide",2021-09-01
"2021-09","tumaco",11,"nariño","homicide",2021-09-01
"2021-09",NA,50,"norte de santander","homicide",2021-09-01
"2021-09",NA,9,"santander","homicide",2021-09-01
"2021-09",NA,150,"valle del cauca","homicide",2021-09-01
"2021-09",NA,37,"bogota d.c.","homicide",2021-09-01
"2021-09",NA,20,"bolivar","homicide",2021-09-01
"2021-09",NA,6,"casanare","homicide",2021-09-01
"2021-09",NA,2,"guaviare","homicide",2021-09-01
"2021-09",NA,17,"huila","homicide",2021-09-01
"2021-09",NA,20,"sucre","homicide",2021-09-01
"2021-09","arauca",21,"arauca","homicide",2021-09-01
"2021-09",NA,47,"cauca","homicide",2021-09-01
"2021-09",NA,35,"choco","homicide",2021-09-01
"2021-09",NA,30,"nariño","homicide",2021-09-01
"2021-09",NA,9,"tolima","homicide",2021-09-01
"2021-09",NA,18,"cordoba","homicide",2021-09-01
"2021-09",NA,25,"meta","homicide",2021-09-01
"2021-09",NA,18,"putumayo","homicide",2021-09-01
"2021-09",NA,14,"la guajira","homicide",2021-09-01
"2021-09",NA,11,"risaralda","homicide",2021-09-01
"2021-09",NA,3,"boyaca","homicide",2021-09-01
"2021-09",NA,1,"san andres islas","homicide",2021-09-01
"2021-09",NA,8,"quindio","homicide",2021-09-01
"2021-09",NA,7,"caqueta","homicide",2021-09-01
"2021-09",NA,4,"caldas","homicide",2021-09-01
"2021-09",NA,2,"amazonas","homicide",2021-09-01
"2021-09","buenaventura",10,"valle del cauca","homicide",2021-09-01
"2021-10",NA,4,"amazonas","homicide",2021-10-01
"2021-10",NA,163,"antioquia","homicide",2021-10-01
"2021-10",NA,55,"bogota d.c.","homicide",2021-10-01
"2021-10",NA,6,"caqueta","homicide",2021-10-01
"2021-10",NA,68,"cauca","homicide",2021-10-01
"2021-10",NA,25,"cordoba","homicide",2021-10-01
"2021-10",NA,19,"meta","homicide",2021-10-01
"2021-10",NA,39,"nariño","homicide",2021-10-01
"2021-10",NA,51,"norte de santander","homicide",2021-10-01
"2021-10",NA,10,"putumayo","homicide",2021-10-01
"2021-10",NA,9,"quindio","homicide",2021-10-01
"2021-10",NA,173,"valle del cauca","homicide",2021-10-01
"2021-10","arauca",15,"arauca","homicide",2021-10-01
"2021-10",NA,40,"atlantico","homicide",2021-10-01
"2021-10",NA,14,"bolivar","homicide",2021-10-01
"2021-10",NA,3,"casanare","homicide",2021-10-01
"2021-10",NA,14,"cundinamarca","homicide",2021-10-01
"2021-10",NA,23,"magdalena","homicide",2021-10-01
"2021-10",NA,18,"tolima","homicide",2021-10-01
"2021-10","buenaventura",15,"valle del cauca","homicide",2021-10-01
"2021-10",NA,7,"huila","homicide",2021-10-01
"2021-10","tumaco",1,"nariño","homicide",2021-10-01
"2021-10",NA,15,"la guajira","homicide",2021-10-01
"2021-10",NA,13,"risaralda","homicide",2021-10-01
"2021-10",NA,1,"san andres islas","homicide",2021-10-01
"2021-10",NA,13,"santander","homicide",2021-10-01
"2021-10",NA,7,"sucre","homicide",2021-10-01
"2021-10",NA,18,"choco","homicide",2021-10-01
"2021-10",NA,6,"caldas","homicide",2021-10-01
"2021-10",NA,20,"cesar","homicide",2021-10-01
"2021-10",NA,3,"boyaca","homicide",2021-10-01
"2021-10",NA,2,"guainia","homicide",2021-10-01
"2021-11",NA,117,"antioquia","homicide",2021-11-01
"2021-11","arauca",12,"arauca","homicide",2021-11-01
"2021-11",NA,19,"atlantico","homicide",2021-11-01
"2021-11",NA,20,"bolivar","homicide",2021-11-01
"2021-11",NA,44,"cauca","homicide",2021-11-01
"2021-11",NA,20,"cesar","homicide",2021-11-01
"2021-11",NA,34,"cordoba","homicide",2021-11-01
"2021-11",NA,31,"cundinamarca","homicide",2021-11-01
"2021-11",NA,4,"la guajira","homicide",2021-11-01
"2021-11",NA,17,"magdalena","homicide",2021-11-01
"2021-11",NA,26,"nariño","homicide",2021-11-01
"2021-11",NA,35,"norte de santander","homicide",2021-11-01
"2021-11",NA,11,"putumayo","homicide",2021-11-01
"2021-11",NA,18,"sucre","homicide",2021-11-01
"2021-11","buenaventura",13,"valle del cauca","homicide",2021-11-01
"2021-11",NA,116,"valle del cauca","homicide",2021-11-01
"2021-11",NA,48,"bogota d.c.","homicide",2021-11-01
"2021-11",NA,20,"meta","homicide",2021-11-01
"2021-11",NA,17,"risaralda","homicide",2021-11-01
"2021-11",NA,6,"casanare","homicide",2021-11-01
"2021-11",NA,13,"huila","homicide",2021-11-01
"2021-11",NA,3,"quindio","homicide",2021-11-01
"2021-11",NA,8,"caqueta","homicide",2021-11-01
"2021-11",NA,15,"choco","homicide",2021-11-01
"2021-11",NA,11,"santander","homicide",2021-11-01
"2021-11",NA,19,"tolima","homicide",2021-11-01
"2021-11",NA,3,"vichada","homicide",2021-11-01
"2021-11",NA,8,"guaviare","homicide",2021-11-01
"2021-11",NA,2,"amazonas","homicide",2021-11-01
"2021-11","tumaco",1,"nariño","homicide",2021-11-01
"2021-11",NA,4,"caldas","homicide",2021-11-01
"2021-11",NA,1,"boyaca","homicide",2021-11-01
"2021-12",NA,131,"antioquia","homicide",2021-12-01
"2021-12","arauca",9,"arauca","homicide",2021-12-01
"2021-12",NA,40,"atlantico","homicide",2021-12-01
"2021-12",NA,33,"bolivar","homicide",2021-12-01
"2021-12",NA,49,"cauca","homicide",2021-12-01
"2021-12",NA,23,"cundinamarca","homicide",2021-12-01
"2021-12",NA,13,"huila","homicide",2021-12-01
"2021-12",NA,14,"meta","homicide",2021-12-01
"2021-12",NA,33,"nariño","homicide",2021-12-01
"2021-12",NA,46,"norte de santander","homicide",2021-12-01
"2021-12",NA,10,"risaralda","homicide",2021-12-01
"2021-12",NA,153,"valle del cauca","homicide",2021-12-01
"2021-12",NA,22,"cesar","homicide",2021-12-01
"2021-12",NA,26,"magdalena","homicide",2021-12-01
"2021-12",NA,6,"quindio","homicide",2021-12-01
"2021-12",NA,8,"sucre","homicide",2021-12-01
"2021-12",NA,49,"bogota d.c.","homicide",2021-12-01
"2021-12",NA,16,"caqueta","homicide",2021-12-01
"2021-12",NA,17,"choco","homicide",2021-12-01
"2021-12",NA,20,"cordoba","homicide",2021-12-01
"2021-12",NA,4,"la guajira","homicide",2021-12-01
"2021-12",NA,1,"guainia","homicide",2021-12-01
"2021-12",NA,5,"san andres islas","homicide",2021-12-01
"2021-12",NA,22,"tolima","homicide",2021-12-01
"2021-12",NA,7,"caldas","homicide",2021-12-01
"2021-12",NA,6,"casanare","homicide",2021-12-01
"2021-12","buenaventura",12,"valle del cauca","homicide",2021-12-01
"2021-12",NA,3,"amazonas","homicide",2021-12-01
"2021-12",NA,2,"guaviare","homicide",2021-12-01
"2021-12",NA,15,"santander","homicide",2021-12-01
"2021-12",NA,9,"putumayo","homicide",2021-12-01
"2021-12","tumaco",2,"nariño","homicide",2021-12-01
"2021-12",NA,2,"boyaca","homicide",2021-12-01
"2022-01",NA,118,"antioquia","homicide",2022-01-01
"2022-01",NA,44,"atlantico","homicide",2022-01-01
"2022-01",NA,35,"bogota d.c.","homicide",2022-01-01
"2022-01",NA,32,"bolivar","homicide",2022-01-01
"2022-01",NA,58,"cauca","homicide",2022-01-01
"2022-01",NA,29,"choco","homicide",2022-01-01
"2022-01",NA,7,"huila","homicide",2022-01-01
"2022-01",NA,11,"la guajira","homicide",2022-01-01
"2022-01",NA,13,"meta","homicide",2022-01-01
"2022-01",NA,23,"nariño","homicide",2022-01-01
"2022-01",NA,1,"san andres islas","homicide",2022-01-01
"2022-01",NA,12,"santander","homicide",2022-01-01
"2022-01",NA,17,"sucre","homicide",2022-01-01
"2022-01",NA,133,"valle del cauca","homicide",2022-01-01
"2022-01","arauca",64,"arauca","homicide",2022-01-01
"2022-01",NA,5,"boyaca","homicide",2022-01-01
"2022-01",NA,16,"cundinamarca","homicide",2022-01-01
"2022-01",NA,3,"guaviare","homicide",2022-01-01
"2022-01",NA,44,"magdalena","homicide",2022-01-01
"2022-01","tumaco",3,"nariño","homicide",2022-01-01
"2022-01",NA,6,"quindio","homicide",2022-01-01
"2022-01","buenaventura",14,"valle del cauca","homicide",2022-01-01
"2022-01",NA,18,"cesar","homicide",2022-01-01
"2022-01",NA,36,"cordoba","homicide",2022-01-01
"2022-01",NA,33,"norte de santander","homicide",2022-01-01
"2022-01",NA,11,"putumayo","homicide",2022-01-01
"2022-01",NA,7,"casanare","homicide",2022-01-01
"2022-01",NA,9,"risaralda","homicide",2022-01-01
"2022-01",NA,9,"tolima","homicide",2022-01-01
"2022-01",NA,5,"caldas","homicide",2022-01-01
"2022-01",NA,1,"vichada","homicide",2022-01-01
"2022-01",NA,1,"amazonas","homicide",2022-01-01
"2022-01",NA,6,"caqueta","homicide",2022-01-01
"2022-02",NA,100,"antioquia","homicide",2022-02-01
"2022-02",NA,42,"atlantico","homicide",2022-02-01
"2022-02",NA,33,"bogota d.c.","homicide",2022-02-01
"2022-02",NA,28,"bolivar","homicide",2022-02-01
"2022-02",NA,9,"caqueta","homicide",2022-02-01
"2022-02",NA,52,"cauca","homicide",2022-02-01
"2022-02",NA,43,"cordoba","homicide",2022-02-01
"2022-02",NA,24,"nariño","homicide",2022-02-01
"2022-02",NA,11,"putumayo","homicide",2022-02-01
"2022-02",NA,15,"santander","homicide",2022-02-01
"2022-02",NA,137,"valle del cauca","homicide",2022-02-01
"2022-02","arauca",39,"arauca","homicide",2022-02-01
"2022-02",NA,19,"cesar","homicide",2022-02-01
"2022-02",NA,31,"choco","homicide",2022-02-01
"2022-02",NA,25,"meta","homicide",2022-02-01
"2022-02",NA,35,"norte de santander","homicide",2022-02-01
"2022-02",NA,11,"sucre","homicide",2022-02-01
"2022-02",NA,10,"la guajira","homicide",2022-02-01
"2022-02",NA,29,"magdalena","homicide",2022-02-01
"2022-02",NA,9,"quindio","homicide",2022-02-01
"2022-02",NA,10,"tolima","homicide",2022-02-01
"2022-02",NA,3,"casanare","homicide",2022-02-01
"2022-02",NA,16,"cundinamarca","homicide",2022-02-01
"2022-02",NA,13,"huila","homicide",2022-02-01
"2022-02","buenaventura",13,"valle del cauca","homicide",2022-02-01
"2022-02",NA,8,"risaralda","homicide",2022-02-01
"2022-02",NA,3,"amazonas","homicide",2022-02-01
"2022-02",NA,5,"caldas","homicide",2022-02-01
"2022-02",NA,2,"boyaca","homicide",2022-02-01
"2022-02",NA,1,"guaviare","homicide",2022-02-01
"2022-02","tumaco",2,"nariño","homicide",2022-02-01
"2022-03",NA,118,"antioquia","homicide",2022-03-01
"2022-03","arauca",30,"arauca","homicide",2022-03-01
"2022-03",NA,49,"atlantico","homicide",2022-03-01
"2022-03",NA,40,"cauca","homicide",2022-03-01
"2022-03",NA,32,"choco","homicide",2022-03-01
"2022-03",NA,36,"cordoba","homicide",2022-03-01
"2022-03",NA,8,"huila","homicide",2022-03-01
"2022-03",NA,17,"la guajira","homicide",2022-03-01
"2022-03",NA,7,"meta","homicide",2022-03-01
"2022-03",NA,9,"sucre","homicide",2022-03-01
"2022-03",NA,131,"valle del cauca","homicide",2022-03-01
"2022-03",NA,4,"vichada","homicide",2022-03-01
"2022-03",NA,44,"bolivar","homicide",2022-03-01
"2022-03",NA,19,"cundinamarca","homicide",2022-03-01
"2022-03",NA,18,"nariño","homicide",2022-03-01
"2022-03",NA,16,"tolima","homicide",2022-03-01
"2022-03",NA,45,"bogota d.c.","homicide",2022-03-01
"2022-03",NA,3,"guaviare","homicide",2022-03-01
"2022-03",NA,45,"norte de santander","homicide",2022-03-01
"2022-03",NA,3,"san andres islas","homicide",2022-03-01
"2022-03","buenaventura",13,"valle del cauca","homicide",2022-03-01
"2022-03",NA,6,"boyaca","homicide",2022-03-01
"2022-03",NA,9,"caqueta","homicide",2022-03-01
"2022-03",NA,21,"magdalena","homicide",2022-03-01
"2022-03",NA,9,"putumayo","homicide",2022-03-01
"2022-03",NA,9,"risaralda","homicide",2022-03-01
"2022-03",NA,8,"santander","homicide",2022-03-01
"2022-03",NA,6,"amazonas","homicide",2022-03-01
"2022-03",NA,14,"cesar","homicide",2022-03-01
"2022-03",NA,2,"caldas","homicide",2022-03-01
"2022-03",NA,3,"quindio","homicide",2022-03-01
"2022-03",NA,3,"casanare","homicide",2022-03-01
"2022-04",NA,146,"antioquia","homicide",2022-04-01
"2022-04",NA,44,"atlantico","homicide",2022-04-01
"2022-04",NA,44,"bogota d.c.","homicide",2022-04-01
"2022-04",NA,20,"cesar","homicide",2022-04-01
"2022-04",NA,9,"la guajira","homicide",2022-04-01
"2022-04",NA,21,"meta","homicide",2022-04-01
"2022-04",NA,28,"nariño","homicide",2022-04-01
"2022-04",NA,16,"putumayo","homicide",2022-04-01
"2022-04",NA,12,"risaralda","homicide",2022-04-01
"2022-04",NA,14,"santander","homicide",2022-04-01
"2022-04",NA,11,"tolima","homicide",2022-04-01
"2022-04",NA,142,"valle del cauca","homicide",2022-04-01
"2022-04",NA,40,"bolivar","homicide",2022-04-01
"2022-04",NA,3,"casanare","homicide",2022-04-01
"2022-04",NA,67,"cauca","homicide",2022-04-01
"2022-04",NA,23,"choco","homicide",2022-04-01
"2022-04",NA,9,"guaviare","homicide",2022-04-01
"2022-04",NA,34,"magdalena","homicide",2022-04-01
"2022-04",NA,50,"norte de santander","homicide",2022-04-01
"2022-04",NA,11,"sucre","homicide",2022-04-01
"2022-04","buenaventura",10,"valle del cauca","homicide",2022-04-01
"2022-04",NA,2,"boyaca","homicide",2022-04-01
"2022-04",NA,10,"quindio","homicide",2022-04-01
"2022-04","arauca",24,"arauca","homicide",2022-04-01
"2022-04",NA,9,"cordoba","homicide",2022-04-01
"2022-04",NA,14,"cundinamarca","homicide",2022-04-01
"2022-04",NA,4,"caldas","homicide",2022-04-01
"2022-04",NA,2,"vichada","homicide",2022-04-01
"2022-04",NA,4,"huila","homicide",2022-04-01
"2022-04",NA,1,"caqueta","homicide",2022-04-01
"2022-04","tumaco",1,"nariño","homicide",2022-04-01
"2022-04",NA,1,"amazonas","homicide",2022-04-01
"2022-05",NA,135,"antioquia","homicide",2022-05-01
"2022-05","arauca",25,"arauca","homicide",2022-05-01
"2022-05",NA,46,"atlantico","homicide",2022-05-01
"2022-05",NA,44,"bolivar","homicide",2022-05-01
"2022-05",NA,3,"boyaca","homicide",2022-05-01
"2022-05",NA,57,"cauca","homicide",2022-05-01
"2022-05",NA,18,"cesar","homicide",2022-05-01
"2022-05",NA,27,"choco","homicide",2022-05-01
"2022-05",NA,20,"cordoba","homicide",2022-05-01
"2022-05",NA,37,"magdalena","homicide",2022-05-01
"2022-05",NA,18,"meta","homicide",2022-05-01
"2022-05",NA,24,"nariño","homicide",2022-05-01
"2022-05",NA,9,"putumayo","homicide",2022-05-01
"2022-05",NA,14,"quindio","homicide",2022-05-01
"2022-05",NA,12,"santander","homicide",2022-05-01
"2022-05",NA,19,"sucre","homicide",2022-05-01
"2022-05",NA,14,"tolima","homicide",2022-05-01
"2022-05",NA,143,"valle del cauca","homicide",2022-05-01
"2022-05",NA,43,"bogota d.c.","homicide",2022-05-01
"2022-05",NA,12,"caqueta","homicide",2022-05-01
"2022-05",NA,24,"cundinamarca","homicide",2022-05-01
"2022-05",NA,27,"norte de santander","homicide",2022-05-01
"2022-05",NA,8,"huila","homicide",2022-05-01
"2022-05",NA,10,"la guajira","homicide",2022-05-01
"2022-05",NA,2,"casanare","homicide",2022-05-01
"2022-05",NA,15,"risaralda","homicide",2022-05-01
"2022-05",NA,5,"caldas","homicide",2022-05-01
"2022-05","buenaventura",9,"valle del cauca","homicide",2022-05-01
"2022-05","tumaco",1,"nariño","homicide",2022-05-01
"2022-05",NA,2,"guaviare","homicide",2022-05-01
"2022-05",NA,1,"amazonas","homicide",2022-05-01
"2022-06",NA,124,"antioquia","homicide",2022-06-01
"2022-06","arauca",32,"arauca","homicide",2022-06-01
"2022-06",NA,45,"atlantico","homicide",2022-06-01
"2022-06",NA,30,"bogota d.c.","homicide",2022-06-01
"2022-06",NA,45,"bolivar","homicide",2022-06-01
"2022-06",NA,53,"cauca","homicide",2022-06-01
"2022-06",NA,22,"cesar","homicide",2022-06-01
"2022-06",NA,20,"cordoba","homicide",2022-06-01
"2022-06",NA,33,"magdalena","homicide",2022-06-01
"2022-06",NA,43,"nariño","homicide",2022-06-01
"2022-06",NA,10,"risaralda","homicide",2022-06-01
"2022-06",NA,13,"santander","homicide",2022-06-01
"2022-06",NA,113,"valle del cauca","homicide",2022-06-01
"2022-06",NA,14,"caqueta","homicide",2022-06-01
"2022-06",NA,19,"meta","homicide",2022-06-01
"2022-06",NA,26,"norte de santander","homicide",2022-06-01
"2022-06",NA,13,"cundinamarca","homicide",2022-06-01
"2022-06",NA,9,"huila","homicide",2022-06-01
"2022-06",NA,11,"la guajira","homicide",2022-06-01
"2022-06",NA,9,"sucre","homicide",2022-06-01
"2022-06",NA,25,"choco","homicide",2022-06-01
"2022-06",NA,11,"putumayo","homicide",2022-06-01
"2022-06",NA,3,"casanare","homicide",2022-06-01
"2022-06",NA,16,"tolima","homicide",2022-06-01
"2022-06",NA,3,"quindio","homicide",2022-06-01
"2022-06","buenaventura",7,"valle del cauca","homicide",2022-06-01
"2022-06",NA,4,"caldas","homicide",2022-06-01
"2022-06",NA,3,"guaviare","homicide",2022-06-01
"2022-06",NA,4,"amazonas","homicide",2022-06-01
"2022-06",NA,1,"vichada","homicide",2022-06-01
"2022-07",NA,154,"antioquia","homicide",2022-07-01
"2022-07",NA,45,"atlantico","homicide",2022-07-01
"2022-07",NA,36,"bogota d.c.","homicide",2022-07-01
"2022-07",NA,2,"boyaca","homicide",2022-07-01
"2022-07",NA,18,"caqueta","homicide",2022-07-01
"2022-07",NA,73,"cauca","homicide",2022-07-01
"2022-07",NA,19,"choco","homicide",2022-07-01
"2022-07",NA,37,"cordoba","homicide",2022-07-01
"2022-07",NA,16,"huila","homicide",2022-07-01
"2022-07",NA,15,"la guajira","homicide",2022-07-01
"2022-07",NA,36,"nariño","homicide",2022-07-01
"2022-07",NA,18,"tolima","homicide",2022-07-01
"2022-07",NA,129,"valle del cauca","homicide",2022-07-01
"2022-07","arauca",21,"arauca","homicide",2022-07-01
"2022-07",NA,31,"bolivar","homicide",2022-07-01
"2022-07",NA,24,"cesar","homicide",2022-07-01
"2022-07",NA,16,"cundinamarca","homicide",2022-07-01
"2022-07",NA,9,"meta","homicide",2022-07-01
"2022-07",NA,28,"norte de santander","homicide",2022-07-01
"2022-07",NA,15,"risaralda","homicide",2022-07-01
"2022-07","buenaventura",9,"valle del cauca","homicide",2022-07-01
"2022-07",NA,27,"putumayo","homicide",2022-07-01
"2022-07",NA,5,"san andres islas","homicide",2022-07-01
"2022-07",NA,2,"vichada","homicide",2022-07-01
"2022-07",NA,30,"magdalena","homicide",2022-07-01
"2022-07",NA,6,"sucre","homicide",2022-07-01
"2022-07",NA,3,"caldas","homicide",2022-07-01
"2022-07",NA,9,"quindio","homicide",2022-07-01
"2022-07",NA,4,"guaviare","homicide",2022-07-01
"2022-07",NA,5,"santander","homicide",2022-07-01
"2022-07",NA,2,"casanare","homicide",2022-07-01
"2022-07","tumaco",7,"nariño","homicide",2022-07-01
"2022-07",NA,2,"amazonas","homicide",2022-07-01
"2022-08",NA,114,"antioquia","homicide",2022-08-01
"2022-08",NA,37,"atlantico","homicide",2022-08-01
"2022-08",NA,51,"bogota d.c.","homicide",2022-08-01
"2022-08",NA,13,"caqueta","homicide",2022-08-01
"2022-08",NA,66,"cauca","homicide",2022-08-01
"2022-08",NA,18,"cesar","homicide",2022-08-01
"2022-08",NA,22,"cordoba","homicide",2022-08-01
"2022-08",NA,19,"cundinamarca","homicide",2022-08-01
"2022-08",NA,12,"risaralda","homicide",2022-08-01
"2022-08",NA,19,"santander","homicide",2022-08-01
"2022-08",NA,21,"tolima","homicide",2022-08-01
"2022-08","buenaventura",14,"valle del cauca","homicide",2022-08-01
"2022-08",NA,132,"valle del cauca","homicide",2022-08-01
"2022-08","arauca",23,"arauca","homicide",2022-08-01
"2022-08",NA,4,"caldas","homicide",2022-08-01
"2022-08",NA,39,"magdalena","homicide",2022-08-01
"2022-08",NA,36,"nariño","homicide",2022-08-01
"2022-08",NA,30,"norte de santander","homicide",2022-08-01
"2022-08",NA,18,"putumayo","homicide",2022-08-01
"2022-08",NA,7,"quindio","homicide",2022-08-01
"2022-08",NA,48,"bolivar","homicide",2022-08-01
"2022-08",NA,15,"meta","homicide",2022-08-01
"2022-08",NA,7,"huila","homicide",2022-08-01
"2022-08",NA,17,"choco","homicide",2022-08-01
"2022-08",NA,13,"sucre","homicide",2022-08-01
"2022-08",NA,4,"guaviare","homicide",2022-08-01
"2022-08",NA,2,"boyaca","homicide",2022-08-01
"2022-08",NA,2,"san andres islas","homicide",2022-08-01
"2022-08",NA,10,"la guajira","homicide",2022-08-01
"2022-08",NA,1,"guainia","homicide",2022-08-01
"2022-08","tumaco",1,"nariño","homicide",2022-08-01
"2022-08",NA,1,"casanare","homicide",2022-08-01
"2022-09",NA,128,"antioquia","homicide",2022-09-01
"2022-09","arauca",15,"arauca","homicide",2022-09-01
"2022-09",NA,34,"atlantico","homicide",2022-09-01
"2022-09",NA,6,"casanare","homicide",2022-09-01
"2022-09",NA,57,"cauca","homicide",2022-09-01
"2022-09",NA,23,"cesar","homicide",2022-09-01
"2022-09",NA,12,"choco","homicide",2022-09-01
"2022-09",NA,12,"cundinamarca","homicide",2022-09-01
"2022-09",NA,28,"meta","homicide",2022-09-01
"2022-09",NA,43,"nariño","homicide",2022-09-01
"2022-09",NA,31,"norte de santander","homicide",2022-09-01
"2022-09",NA,22,"tolima","homicide",2022-09-01
"2022-09",NA,125,"valle del cauca","homicide",2022-09-01
"2022-09",NA,4,"amazonas","homicide",2022-09-01
"2022-09",NA,42,"bogota d.c.","homicide",2022-09-01
"2022-09",NA,34,"bolivar","homicide",2022-09-01
"2022-09",NA,47,"cordoba","homicide",2022-09-01
"2022-09",NA,21,"huila","homicide",2022-09-01
"2022-09",NA,6,"la guajira","homicide",2022-09-01
"2022-09",NA,6,"quindio","homicide",2022-09-01
"2022-09",NA,35,"magdalena","homicide",2022-09-01
"2022-09",NA,10,"risaralda","homicide",2022-09-01
"2022-09",NA,18,"sucre","homicide",2022-09-01
"2022-09",NA,9,"caqueta","homicide",2022-09-01
"2022-09",NA,17,"putumayo","homicide",2022-09-01
"2022-09",NA,19,"santander","homicide",2022-09-01
"2022-09",NA,5,"boyaca","homicide",2022-09-01
"2022-09","tumaco",5,"nariño","homicide",2022-09-01
"2022-09","buenaventura",1,"valle del cauca","homicide",2022-09-01
"2022-09",NA,4,"caldas","homicide",2022-09-01
"2022-09",NA,1,"san andres islas","homicide",2022-09-01
"2022-10",NA,126,"antioquia","homicide",2022-10-01
"2022-10",NA,48,"atlantico","homicide",2022-10-01
"2022-10",NA,43,"bolivar","homicide",2022-10-01
"2022-10",NA,4,"caqueta","homicide",2022-10-01
"2022-10",NA,71,"cauca","homicide",2022-10-01
"2022-10",NA,12,"cundinamarca","homicide",2022-10-01
"2022-10",NA,10,"la guajira","homicide",2022-10-01
"2022-10",NA,38,"magdalena","homicide",2022-10-01
"2022-10",NA,16,"meta","homicide",2022-10-01
"2022-10",NA,27,"nariño","homicide",2022-10-01
"2022-10",NA,14,"putumayo","homicide",2022-10-01
"2022-10",NA,9,"quindio","homicide",2022-10-01
"2022-10",NA,14,"risaralda","homicide",2022-10-01
"2022-10",NA,17,"sucre","homicide",2022-10-01
"2022-10",NA,148,"valle del cauca","homicide",2022-10-01
"2022-10","arauca",11,"arauca","homicide",2022-10-01
"2022-10",NA,38,"bogota d.c.","homicide",2022-10-01
"2022-10",NA,17,"santander","homicide",2022-10-01
"2022-10",NA,33,"tolima","homicide",2022-10-01
"2022-10",NA,17,"cesar","homicide",2022-10-01
"2022-10",NA,22,"choco","homicide",2022-10-01
"2022-10",NA,32,"cordoba","homicide",2022-10-01
"2022-10",NA,10,"huila","homicide",2022-10-01
"2022-10",NA,24,"norte de santander","homicide",2022-10-01
"2022-10",NA,8,"caldas","homicide",2022-10-01
"2022-10",NA,4,"boyaca","homicide",2022-10-01
"2022-10",NA,4,"san andres islas","homicide",2022-10-01
"2022-10","buenaventura",3,"valle del cauca","homicide",2022-10-01
"2022-10",NA,2,"casanare","homicide",2022-10-01
"2022-10",NA,1,"amazonas","homicide",2022-10-01
"2022-11",NA,112,"antioquia","homicide",2022-11-01
"2022-11","arauca",28,"arauca","homicide",2022-11-01
"2022-11",NA,44,"atlantico","homicide",2022-11-01
"2022-11",NA,29,"bogota d.c.","homicide",2022-11-01
"2022-11",NA,32,"bolivar","homicide",2022-11-01
"2022-11",NA,68,"cauca","homicide",2022-11-01
"2022-11",NA,42,"cordoba","homicide",2022-11-01
"2022-11",NA,19,"cundinamarca","homicide",2022-11-01
"2022-11",NA,15,"huila","homicide",2022-11-01
"2022-11",NA,31,"magdalena","homicide",2022-11-01
"2022-11",NA,41,"nariño","homicide",2022-11-01
"2022-11",NA,33,"putumayo","homicide",2022-11-01
"2022-11",NA,10,"quindio","homicide",2022-11-01
"2022-11",NA,29,"risaralda","homicide",2022-11-01
"2022-11",NA,14,"santander","homicide",2022-11-01
"2022-11",NA,20,"sucre","homicide",2022-11-01
"2022-11",NA,21,"tolima","homicide",2022-11-01
"2022-11",NA,130,"valle del cauca","homicide",2022-11-01
"2022-11",NA,6,"caldas","homicide",2022-11-01
"2022-11","tumaco",4,"nariño","homicide",2022-11-01
"2022-11",NA,27,"norte de santander","homicide",2022-11-01
"2022-11",NA,5,"caqueta","homicide",2022-11-01
"2022-11",NA,21,"cesar","homicide",2022-11-01
"2022-11",NA,14,"meta","homicide",2022-11-01
"2022-11",NA,18,"choco","homicide",2022-11-01
"2022-11",NA,11,"la guajira","homicide",2022-11-01
"2022-11",NA,5,"san andres islas","homicide",2022-11-01
"2022-11",NA,3,"vichada","homicide",2022-11-01
"2022-11",NA,2,"casanare","homicide",2022-11-01
"2022-11","buenaventura",1,"valle del cauca","homicide",2022-11-01
"2022-11",NA,2,"boyaca","homicide",2022-11-01
"2022-11",NA,4,"amazonas","homicide",2022-11-01
"2022-12",NA,109,"antioquia","homicide",2022-12-01
"2022-12","arauca",32,"arauca","homicide",2022-12-01
"2022-12",NA,50,"atlantico","homicide",2022-12-01
"2022-12",NA,46,"bolivar","homicide",2022-12-01
"2022-12",NA,6,"caldas","homicide",2022-12-01
"2022-12",NA,58,"cauca","homicide",2022-12-01
"2022-12",NA,20,"cordoba","homicide",2022-12-01
"2022-12",NA,12,"la guajira","homicide",2022-12-01
"2022-12",NA,33,"magdalena","homicide",2022-12-01
"2022-12",NA,43,"nariño","homicide",2022-12-01
"2022-12",NA,38,"norte de santander","homicide",2022-12-01
"2022-12",NA,156,"valle del cauca","homicide",2022-12-01
"2022-12",NA,22,"cesar","homicide",2022-12-01
"2022-12",NA,23,"choco","homicide",2022-12-01
"2022-12",NA,8,"quindio","homicide",2022-12-01
"2022-12",NA,26,"santander","homicide",2022-12-01
"2022-12",NA,27,"tolima","homicide",2022-12-01
"2022-12",NA,36,"bogota d.c.","homicide",2022-12-01
"2022-12",NA,8,"caqueta","homicide",2022-12-01
"2022-12",NA,14,"cundinamarca","homicide",2022-12-01
"2022-12",NA,16,"meta","homicide",2022-12-01
"2022-12",NA,10,"sucre","homicide",2022-12-01
"2022-12",NA,10,"huila","homicide",2022-12-01
"2022-12",NA,12,"putumayo","homicide",2022-12-01
"2022-12",NA,19,"risaralda","homicide",2022-12-01
"2022-12",NA,2,"vichada","homicide",2022-12-01
"2022-12",NA,2,"guaviare","homicide",2022-12-01
"2022-12",NA,2,"boyaca","homicide",2022-12-01
"2022-12","buenaventura",2,"valle del cauca","homicide",2022-12-01
"2022-12",NA,2,"san andres islas","homicide",2022-12-01
"2022-12",NA,2,"casanare","homicide",2022-12-01
"2022-12","tumaco",1,"nariño","homicide",2022-12-01
"2022-12",NA,1,"amazonas","homicide",2022-12-01
"2023-01",NA,98,"antioquia","homicide",2023-01-01
"2023-01",NA,62,"atlantico","homicide",2023-01-01
"2023-01",NA,54,"bogota d.c.","homicide",2023-01-01
"2023-01",NA,32,"bolivar","homicide",2023-01-01
"2023-01",NA,7,"caqueta","homicide",2023-01-01
"2023-01",NA,63,"cauca","homicide",2023-01-01
"2023-01",NA,26,"cesar","homicide",2023-01-01
"2023-01",NA,9,"choco","homicide",2023-01-01
"2023-01",NA,24,"magdalena","homicide",2023-01-01
"2023-01",NA,18,"nariño","homicide",2023-01-01
"2023-01",NA,38,"norte de santander","homicide",2023-01-01
"2023-01",NA,20,"tolima","homicide",2023-01-01
"2023-01",NA,143,"valle del cauca","homicide",2023-01-01
"2023-01",NA,2,"casanare","homicide",2023-01-01
"2023-01",NA,18,"cundinamarca","homicide",2023-01-01
"2023-01",NA,10,"la guajira","homicide",2023-01-01
"2023-01",NA,15,"meta","homicide",2023-01-01
"2023-01",NA,8,"quindio","homicide",2023-01-01
"2023-01",NA,15,"santander","homicide",2023-01-01
"2023-01","arauca",20,"arauca","homicide",2023-01-01
"2023-01","buenaventura",8,"valle del cauca","homicide",2023-01-01
"2023-01",NA,21,"cordoba","homicide",2023-01-01
"2023-01",NA,19,"putumayo","homicide",2023-01-01
"2023-01",NA,12,"risaralda","homicide",2023-01-01
"2023-01",NA,25,"sucre","homicide",2023-01-01
"2023-01",NA,10,"huila","homicide",2023-01-01
"2023-01","tumaco",1,"nariño","homicide",2023-01-01
"2023-01",NA,1,"amazonas","homicide",2023-01-01
"2023-01",NA,2,"caldas","homicide",2023-01-01
"2023-01",NA,3,"guaviare","homicide",2023-01-01
"2023-01",NA,2,"boyaca","homicide",2023-01-01
"2023-02",NA,94,"antioquia","homicide",2023-02-01
"2023-02",NA,49,"bolivar","homicide",2023-02-01
"2023-02",NA,6,"boyaca","homicide",2023-02-01
"2023-02",NA,10,"caqueta","homicide",2023-02-01
"2023-02",NA,30,"magdalena","homicide",2023-02-01
"2023-02",NA,11,"meta","homicide",2023-02-01
"2023-02",NA,33,"norte de santander","homicide",2023-02-01
"2023-02",NA,11,"risaralda","homicide",2023-02-01
"2023-02",NA,132,"valle del cauca","homicide",2023-02-01
"2023-02","arauca",14,"arauca","homicide",2023-02-01
"2023-02",NA,47,"atlantico","homicide",2023-02-01
"2023-02",NA,45,"bogota d.c.","homicide",2023-02-01
"2023-02",NA,47,"cauca","homicide",2023-02-01
"2023-02",NA,23,"cesar","homicide",2023-02-01
"2023-02",NA,21,"cordoba","homicide",2023-02-01
"2023-02",NA,23,"nariño","homicide",2023-02-01
"2023-02",NA,2,"san andres islas","homicide",2023-02-01
"2023-02",NA,22,"santander","homicide",2023-02-01
"2023-02",NA,15,"quindio","homicide",2023-02-01
"2023-02",NA,24,"sucre","homicide",2023-02-01
"2023-02",NA,17,"tolima","homicide",2023-02-01
"2023-02",NA,9,"cundinamarca","homicide",2023-02-01
"2023-02",NA,7,"choco","homicide",2023-02-01
"2023-02",NA,1,"amazonas","homicide",2023-02-01
"2023-02",NA,1,"casanare","homicide",2023-02-01
"2023-02",NA,3,"guaviare","homicide",2023-02-01
"2023-02",NA,5,"la guajira","homicide",2023-02-01
"2023-02",NA,8,"huila","homicide",2023-02-01
"2023-02",NA,1,"vichada","homicide",2023-02-01
"2023-02",NA,2,"putumayo","homicide",2023-02-01
"2023-02",NA,3,"caldas","homicide",2023-02-01
"2023-02","tumaco",2,"nariño","homicide",2023-02-01
"2023-02","buenaventura",1,"valle del cauca","homicide",2023-02-01
"2023-03",NA,80,"antioquia","homicide",2023-03-01
"2023-03","arauca",13,"arauca","homicide",2023-03-01
"2023-03",NA,50,"atlantico","homicide",2023-03-01
"2023-03",NA,50,"bogota d.c.","homicide",2023-03-01
"2023-03",NA,25,"cesar","homicide",2023-03-01
"2023-03",NA,30,"choco","homicide",2023-03-01
"2023-03",NA,24,"cordoba","homicide",2023-03-01
"2023-03",NA,12,"huila","homicide",2023-03-01
"2023-03",NA,9,"la guajira","homicide",2023-03-01
"2023-03",NA,10,"quindio","homicide",2023-03-01
"2023-03",NA,32,"santander","homicide",2023-03-01
"2023-03",NA,25,"tolima","homicide",2023-03-01
"2023-03",NA,136,"valle del cauca","homicide",2023-03-01
"2023-03",NA,47,"cauca","homicide",2023-03-01
"2023-03",NA,9,"guaviare","homicide",2023-03-01
"2023-03",NA,32,"magdalena","homicide",2023-03-01
"2023-03",NA,19,"meta","homicide",2023-03-01
"2023-03",NA,38,"norte de santander","homicide",2023-03-01
"2023-03",NA,17,"risaralda","homicide",2023-03-01
"2023-03",NA,22,"sucre","homicide",2023-03-01
"2023-03",NA,39,"bolivar","homicide",2023-03-01
"2023-03",NA,8,"caqueta","homicide",2023-03-01
"2023-03",NA,23,"cundinamarca","homicide",2023-03-01
"2023-03",NA,4,"caldas","homicide",2023-03-01
"2023-03",NA,19,"nariño","homicide",2023-03-01
"2023-03",NA,4,"casanare","homicide",2023-03-01
"2023-03",NA,3,"amazonas","homicide",2023-03-01
"2023-03","tumaco",4,"nariño","homicide",2023-03-01
"2023-03","buenaventura",2,"valle del cauca","homicide",2023-03-01
"2023-03",NA,4,"boyaca","homicide",2023-03-01
"2023-03",NA,9,"putumayo","homicide",2023-03-01
"2023-03",NA,4,"san andres islas","homicide",2023-03-01
"2023-04",NA,110,"antioquia","homicide",2023-04-01
"2023-04",NA,37,"atlantico","homicide",2023-04-01
"2023-04",NA,41,"bogota d.c.","homicide",2023-04-01
"2023-04",NA,10,"caqueta","homicide",2023-04-01
"2023-04",NA,44,"cauca","homicide",2023-04-01
"2023-04",NA,19,"choco","homicide",2023-04-01
"2023-04",NA,24,"cordoba","homicide",2023-04-01
"2023-04",NA,9,"huila","homicide",2023-04-01
"2023-04",NA,12,"quindio","homicide",2023-04-01
"2023-04",NA,22,"risaralda","homicide",2023-04-01
"2023-04",NA,22,"sucre","homicide",2023-04-01
"2023-04",NA,23,"tolima","homicide",2023-04-01
"2023-04",NA,139,"valle del cauca","homicide",2023-04-01
"2023-04",NA,4,"caldas","homicide",2023-04-01
"2023-04",NA,1,"guaviare","homicide",2023-04-01
"2023-04",NA,10,"la guajira","homicide",2023-04-01
"2023-04",NA,34,"magdalena","homicide",2023-04-01
"2023-04","buenaventura",10,"valle del cauca","homicide",2023-04-01
"2023-04",NA,1,"amazonas","homicide",2023-04-01
"2023-04",NA,18,"cesar","homicide",2023-04-01
"2023-04",NA,11,"cundinamarca","homicide",2023-04-01
"2023-04",NA,19,"meta","homicide",2023-04-01
"2023-04",NA,4,"san andres islas","homicide",2023-04-01
"2023-04",NA,22,"santander","homicide",2023-04-01
"2023-04",NA,32,"bolivar","homicide",2023-04-01
"2023-04",NA,2,"boyaca","homicide",2023-04-01
"2023-04",NA,5,"putumayo","homicide",2023-04-01
"2023-04","arauca",4,"arauca","homicide",2023-04-01
"2023-04",NA,19,"nariño","homicide",2023-04-01
"2023-04",NA,31,"norte de santander","homicide",2023-04-01
"2023-04",NA,2,"vichada","homicide",2023-04-01
"2023-04","tumaco",1,"nariño","homicide",2023-04-01
"2023-04",NA,1,"casanare","homicide",2023-04-01
"2023-05",NA,110,"antioquia","homicide",2023-05-01
"2023-05",NA,50,"atlantico","homicide",2023-05-01
"2023-05",NA,58,"bogota d.c.","homicide",2023-05-01
"2023-05",NA,55,"cauca","homicide",2023-05-01
"2023-05",NA,18,"la guajira","homicide",2023-05-01
"2023-05",NA,11,"nariño","homicide",2023-05-01
"2023-05",NA,30,"norte de santander","homicide",2023-05-01
"2023-05",NA,15,"risaralda","homicide",2023-05-01
"2023-05",NA,2,"san andres islas","homicide",2023-05-01
"2023-05",NA,151,"valle del cauca","homicide",2023-05-01
"2023-05","arauca",12,"arauca","homicide",2023-05-01
"2023-05",NA,51,"bolivar","homicide",2023-05-01
"2023-05",NA,9,"caqueta","homicide",2023-05-01
"2023-05",NA,13,"cordoba","homicide",2023-05-01
"2023-05",NA,31,"magdalena","homicide",2023-05-01
"2023-05",NA,19,"putumayo","homicide",2023-05-01
"2023-05",NA,2,"casanare","homicide",2023-05-01
"2023-05",NA,8,"choco","homicide",2023-05-01
"2023-05",NA,15,"santander","homicide",2023-05-01
"2023-05",NA,19,"tolima","homicide",2023-05-01
"2023-05",NA,26,"cesar","homicide",2023-05-01
"2023-05",NA,13,"huila","homicide",2023-05-01
"2023-05",NA,20,"meta","homicide",2023-05-01
"2023-05","buenaventura",16,"valle del cauca","homicide",2023-05-01
"2023-05",NA,18,"cundinamarca","homicide",2023-05-01
"2023-05",NA,11,"quindio","homicide",2023-05-01
"2023-05",NA,43,"sucre","homicide",2023-05-01
"2023-05","tumaco",3,"nariño","homicide",2023-05-01
"2023-05",NA,2,"boyaca","homicide",2023-05-01
"2023-05",NA,1,"caldas","homicide",2023-05-01
"2023-05",NA,2,"guaviare","homicide",2023-05-01
"2023-06",NA,107,"antioquia","homicide",2023-06-01
"2023-06","arauca",15,"arauca","homicide",2023-06-01
"2023-06",NA,53,"atlantico","homicide",2023-06-01
"2023-06",NA,49,"bolivar","homicide",2023-06-01
"2023-06",NA,59,"cauca","homicide",2023-06-01
"2023-06",NA,31,"cordoba","homicide",2023-06-01
"2023-06",NA,17,"cundinamarca","homicide",2023-06-01
"2023-06",NA,38,"magdalena","homicide",2023-06-01
"2023-06",NA,22,"nariño","homicide",2023-06-01
"2023-06",NA,43,"norte de santander","homicide",2023-06-01
"2023-06",NA,26,"sucre","homicide",2023-06-01
"2023-06",NA,130,"valle del cauca","homicide",2023-06-01
"2023-06",NA,53,"bogota d.c.","homicide",2023-06-01
"2023-06",NA,28,"cesar","homicide",2023-06-01
"2023-06",NA,11,"meta","homicide",2023-06-01
"2023-06",NA,22,"putumayo","homicide",2023-06-01
"2023-06",NA,29,"tolima","homicide",2023-06-01
"2023-06",NA,9,"caqueta","homicide",2023-06-01
"2023-06",NA,7,"guaviare","homicide",2023-06-01
"2023-06",NA,30,"huila","homicide",2023-06-01
"2023-06",NA,9,"quindio","homicide",2023-06-01
"2023-06",NA,13,"risaralda","homicide",2023-06-01
"2023-06",NA,12,"santander","homicide",2023-06-01
"2023-06",NA,1,"vichada","homicide",2023-06-01
"2023-06",NA,9,"la guajira","homicide",2023-06-01
"2023-06","buenaventura",15,"valle del cauca","homicide",2023-06-01
"2023-06",NA,14,"choco","homicide",2023-06-01
"2023-06",NA,2,"caldas","homicide",2023-06-01
"2023-06",NA,5,"boyaca","homicide",2023-06-01
"2023-06",NA,1,"casanare","homicide",2023-06-01
"2023-06","tumaco",2,"nariño","homicide",2023-06-01
"2023-06",NA,2,"san andres islas","homicide",2023-06-01
"2023-06",NA,1,"amazonas","homicide",2023-06-01
"2023-07",NA,129,"antioquia","homicide",2023-07-01
"2023-07",NA,50,"atlantico","homicide",2023-07-01
"2023-07",NA,50,"bogota d.c.","homicide",2023-07-01
"2023-07",NA,66,"bolivar","homicide",2023-07-01
"2023-07",NA,9,"caldas","homicide",2023-07-01
"2023-07",NA,74,"cauca","homicide",2023-07-01
"2023-07",NA,25,"choco","homicide",2023-07-01
"2023-07",NA,18,"cundinamarca","homicide",2023-07-01
"2023-07",NA,14,"huila","homicide",2023-07-01
"2023-07",NA,37,"magdalena","homicide",2023-07-01
"2023-07","tumaco",2,"nariño","homicide",2023-07-01
"2023-07",NA,31,"nariño","homicide",2023-07-01
"2023-07",NA,33,"norte de santander","homicide",2023-07-01
"2023-07",NA,13,"quindio","homicide",2023-07-01
"2023-07",NA,4,"san andres islas","homicide",2023-07-01
"2023-07",NA,40,"sucre","homicide",2023-07-01
"2023-07",NA,22,"tolima","homicide",2023-07-01
"2023-07","buenaventura",18,"valle del cauca","homicide",2023-07-01
"2023-07",NA,160,"valle del cauca","homicide",2023-07-01
"2023-07",NA,19,"cesar","homicide",2023-07-01
"2023-07",NA,30,"cordoba","homicide",2023-07-01
"2023-07",NA,8,"meta","homicide",2023-07-01
"2023-07",NA,19,"putumayo","homicide",2023-07-01
"2023-07",NA,16,"santander","homicide",2023-07-01
"2023-07",NA,2,"casanare","homicide",2023-07-01
"2023-07",NA,2,"vichada","homicide",2023-07-01
"2023-07",NA,12,"caqueta","homicide",2023-07-01
"2023-07",NA,11,"risaralda","homicide",2023-07-01
"2023-07",NA,4,"la guajira","homicide",2023-07-01
"2023-07",NA,2,"guaviare","homicide",2023-07-01
"2023-07","arauca",3,"arauca","homicide",2023-07-01
"2023-07",NA,2,"boyaca","homicide",2023-07-01
"2023-08",NA,108,"antioquia","homicide",2023-08-01
"2023-08",NA,35,"atlantico","homicide",2023-08-01
"2023-08",NA,50,"bolivar","homicide",2023-08-01
"2023-08",NA,6,"caldas","homicide",2023-08-01
"2023-08",NA,58,"cauca","homicide",2023-08-01
"2023-08",NA,5,"guaviare","homicide",2023-08-01
"2023-08",NA,17,"meta","homicide",2023-08-01
"2023-08",NA,21,"santander","homicide",2023-08-01
"2023-08",NA,16,"sucre","homicide",2023-08-01
"2023-08",NA,144,"valle del cauca","homicide",2023-08-01
"2023-08",NA,7,"casanare","homicide",2023-08-01
"2023-08",NA,24,"cordoba","homicide",2023-08-01
"2023-08",NA,30,"huila","homicide",2023-08-01
"2023-08",NA,48,"magdalena","homicide",2023-08-01
"2023-08",NA,39,"nariño","homicide",2023-08-01
"2023-08",NA,37,"norte de santander","homicide",2023-08-01
"2023-08",NA,37,"putumayo","homicide",2023-08-01
"2023-08",NA,39,"bogota d.c.","homicide",2023-08-01
"2023-08",NA,17,"choco","homicide",2023-08-01
"2023-08",NA,26,"cundinamarca","homicide",2023-08-01
"2023-08",NA,12,"la guajira","homicide",2023-08-01
"2023-08","buenaventura",4,"valle del cauca","homicide",2023-08-01
"2023-08",NA,36,"cesar","homicide",2023-08-01
"2023-08",NA,8,"quindio","homicide",2023-08-01
"2023-08",NA,2,"vichada","homicide",2023-08-01
"2023-08",NA,2,"amazonas","homicide",2023-08-01
"2023-08",NA,11,"caqueta","homicide",2023-08-01
"2023-08",NA,17,"tolima","homicide",2023-08-01
"2023-08","arauca",8,"arauca","homicide",2023-08-01
"2023-08",NA,13,"risaralda","homicide",2023-08-01
"2023-08",NA,4,"san andres islas","homicide",2023-08-01
"2023-08","tumaco",5,"nariño","homicide",2023-08-01
"2023-08",NA,1,"boyaca","homicide",2023-08-01
"2023-09",NA,110,"antioquia","homicide",2023-09-01
"2023-09","arauca",19,"arauca","homicide",2023-09-01
"2023-09",NA,47,"atlantico","homicide",2023-09-01
"2023-09",NA,56,"bogota d.c.","homicide",2023-09-01
"2023-09",NA,39,"bolivar","homicide",2023-09-01
"2023-09",NA,7,"caldas","homicide",2023-09-01
"2023-09",NA,32,"cesar","homicide",2023-09-01
"2023-09",NA,31,"cordoba","homicide",2023-09-01
"2023-09",NA,43,"magdalena","homicide",2023-09-01
"2023-09",NA,24,"meta","homicide",2023-09-01
"2023-09",NA,49,"norte de santander","homicide",2023-09-01
"2023-09",NA,12,"santander","homicide",2023-09-01
"2023-09",NA,23,"sucre","homicide",2023-09-01
"2023-09",NA,133,"valle del cauca","homicide",2023-09-01
"2023-09",NA,10,"caqueta","homicide",2023-09-01
"2023-09",NA,59,"cauca","homicide",2023-09-01
"2023-09",NA,19,"cundinamarca","homicide",2023-09-01
"2023-09",NA,28,"huila","homicide",2023-09-01
"2023-09",NA,16,"la guajira","homicide",2023-09-01
"2023-09",NA,23,"putumayo","homicide",2023-09-01
"2023-09",NA,20,"tolima","homicide",2023-09-01
"2023-09",NA,27,"nariño","homicide",2023-09-01
"2023-09",NA,5,"quindio","homicide",2023-09-01
"2023-09",NA,11,"risaralda","homicide",2023-09-01
"2023-09",NA,3,"san andres islas","homicide",2023-09-01
"2023-09","buenaventura",4,"valle del cauca","homicide",2023-09-01
"2023-09","tumaco",1,"nariño","homicide",2023-09-01
"2023-09",NA,2,"casanare","homicide",2023-09-01
"2023-09",NA,3,"guaviare","homicide",2023-09-01
"2023-09",NA,1,"amazonas","homicide",2023-09-01
"2023-09",NA,6,"choco","homicide",2023-09-01
"2023-09",NA,3,"boyaca","homicide",2023-09-01
"2023-10",NA,100,"antioquia","homicide",2023-10-01
"2023-10",NA,41,"atlantico","homicide",2023-10-01
"2023-10",NA,54,"bogota d.c.","homicide",2023-10-01
"2023-10",NA,40,"bolivar","homicide",2023-10-01
"2023-10",NA,2,"casanare","homicide",2023-10-01
"2023-10",NA,67,"cauca","homicide",2023-10-01
"2023-10",NA,13,"cesar","homicide",2023-10-01
"2023-10",NA,14,"cordoba","homicide",2023-10-01
"2023-10",NA,32,"huila","homicide",2023-10-01
"2023-10",NA,14,"la guajira","homicide",2023-10-01
"2023-10",NA,41,"magdalena","homicide",2023-10-01
"2023-10",NA,14,"meta","homicide",2023-10-01
"2023-10",NA,38,"norte de santander","homicide",2023-10-01
"2023-10",NA,5,"quindio","homicide",2023-10-01
"2023-10",NA,15,"santander","homicide",2023-10-01
"2023-10",NA,21,"sucre","homicide",2023-10-01
"2023-10",NA,118,"valle del cauca","homicide",2023-10-01
"2023-10",NA,18,"cundinamarca","homicide",2023-10-01
"2023-10",NA,25,"nariño","homicide",2023-10-01
"2023-10",NA,25,"putumayo","homicide",2023-10-01
"2023-10",NA,21,"tolima","homicide",2023-10-01
"2023-10","buenaventura",9,"valle del cauca","homicide",2023-10-01
"2023-10",NA,17,"choco","homicide",2023-10-01
"2023-10","arauca",7,"arauca","homicide",2023-10-01
"2023-10",NA,2,"caldas","homicide",2023-10-01
"2023-10",NA,10,"caqueta","homicide",2023-10-01
"2023-10",NA,15,"risaralda","homicide",2023-10-01
"2023-10",NA,1,"guaviare","homicide",2023-10-01
"2023-10",NA,8,"san andres islas","homicide",2023-10-01
"2023-10","tumaco",2,"nariño","homicide",2023-10-01
"2023-10",NA,2,"boyaca","homicide",2023-10-01
"2023-10",NA,1,"amazonas","homicide",2023-10-01
"2023-11",NA,137,"antioquia","homicide",2023-11-01
"2023-11",NA,47,"atlantico","homicide",2023-11-01
"2023-11",NA,48,"magdalena","homicide",2023-11-01
"2023-11",NA,27,"nariño","homicide",2023-11-01
"2023-11",NA,40,"norte de santander","homicide",2023-11-01
"2023-11",NA,8,"quindio","homicide",2023-11-01
"2023-11",NA,153,"valle del cauca","homicide",2023-11-01
"2023-11",NA,51,"bogota d.c.","homicide",2023-11-01
"2023-11",NA,49,"bolivar","homicide",2023-11-01
"2023-11",NA,7,"casanare","homicide",2023-11-01
"2023-11",NA,14,"choco","homicide",2023-11-01
"2023-11",NA,19,"cundinamarca","homicide",2023-11-01
"2023-11",NA,9,"meta","homicide",2023-11-01
"2023-11",NA,15,"sucre","homicide",2023-11-01
"2023-11",NA,17,"tolima","homicide",2023-11-01
"2023-11",NA,4,"caldas","homicide",2023-11-01
"2023-11",NA,64,"cauca","homicide",2023-11-01
"2023-11",NA,20,"cesar","homicide",2023-11-01
"2023-11",NA,25,"huila","homicide",2023-11-01
"2023-11",NA,16,"putumayo","homicide",2023-11-01
"2023-11","buenaventura",18,"valle del cauca","homicide",2023-11-01
"2023-11",NA,7,"la guajira","homicide",2023-11-01
"2023-11","arauca",10,"arauca","homicide",2023-11-01
"2023-11",NA,3,"boyaca","homicide",2023-11-01
"2023-11",NA,20,"cordoba","homicide",2023-11-01
"2023-11",NA,22,"santander","homicide",2023-11-01
"2023-11",NA,2,"san andres islas","homicide",2023-11-01
"2023-11",NA,6,"risaralda","homicide",2023-11-01
"2023-11",NA,4,"caqueta","homicide",2023-11-01
"2023-11",NA,3,"amazonas","homicide",2023-11-01
"2023-11",NA,2,"guaviare","homicide",2023-11-01
"2023-11","tumaco",1,"nariño","homicide",2023-11-01
"2023-12",NA,131,"antioquia","homicide",2023-12-01
"2023-12","arauca",15,"arauca","homicide",2023-12-01
"2023-12",NA,45,"atlantico","homicide",2023-12-01
"2023-12",NA,57,"bogota d.c.","homicide",2023-12-01
"2023-12",NA,37,"bolivar","homicide",2023-12-01
"2023-12",NA,65,"cauca","homicide",2023-12-01
"2023-12",NA,37,"cesar","homicide",2023-12-01
"2023-12",NA,30,"cundinamarca","homicide",2023-12-01
"2023-12",NA,24,"meta","homicide",2023-12-01
"2023-12",NA,34,"nariño","homicide",2023-12-01
"2023-12",NA,39,"norte de santander","homicide",2023-12-01
"2023-12",NA,19,"putumayo","homicide",2023-12-01
"2023-12",NA,1,"san andres islas","homicide",2023-12-01
"2023-12",NA,14,"santander","homicide",2023-12-01
"2023-12",NA,155,"valle del cauca","homicide",2023-12-01
"2023-12",NA,14,"caqueta","homicide",2023-12-01
"2023-12",NA,25,"choco","homicide",2023-12-01
"2023-12",NA,15,"la guajira","homicide",2023-12-01
"2023-12",NA,27,"sucre","homicide",2023-12-01
"2023-12",NA,18,"tolima","homicide",2023-12-01
"2023-12",NA,39,"magdalena","homicide",2023-12-01
"2023-12",NA,11,"quindio","homicide",2023-12-01
"2023-12",NA,16,"risaralda","homicide",2023-12-01
"2023-12","buenaventura",13,"valle del cauca","homicide",2023-12-01
"2023-12",NA,17,"huila","homicide",2023-12-01
"2023-12",NA,15,"caldas","homicide",2023-12-01
"2023-12",NA,11,"cordoba","homicide",2023-12-01
"2023-12",NA,1,"casanare","homicide",2023-12-01
"2023-12",NA,2,"boyaca","homicide",2023-12-01
"2023-12",NA,2,"vichada","homicide",2023-12-01
"2023-12","tumaco",2,"nariño","homicide",2023-12-01
"2024-01",NA,112,"antioquia","homicide",2024-01-01
"2024-01",NA,61,"cauca","homicide",2024-01-01
"2024-01",NA,13,"quindio","homicide",2024-01-01
"2024-01",NA,60,"atlantico","homicide",2024-01-01
"2024-01",NA,45,"bogota d.c.","homicide",2024-01-01
"2024-01","buenaventura",6,"valle del cauca","homicide",2024-01-01
"2024-01",NA,155,"valle del cauca","homicide",2024-01-01
"2024-01",NA,29,"huila","homicide",2024-01-01
"2024-01",NA,52,"bolivar","homicide",2024-01-01
"2024-01",NA,19,"tolima","homicide",2024-01-01
"2024-01",NA,18,"choco","homicide",2024-01-01
"2024-01",NA,21,"nariño","homicide",2024-01-01
"2024-01",NA,9,"caqueta","homicide",2024-01-01
"2024-01","arauca",7,"arauca","homicide",2024-01-01
"2024-01",NA,16,"meta","homicide",2024-01-01
"2024-01",NA,13,"santander","homicide",2024-01-01
"2024-01",NA,26,"norte de santander","homicide",2024-01-01
"2024-01",NA,22,"putumayo","homicide",2024-01-01
"2024-01",NA,25,"cordoba","homicide",2024-01-01
"2024-01",NA,14,"risaralda","homicide",2024-01-01
"2024-01",NA,29,"magdalena","homicide",2024-01-01
"2024-01",NA,17,"cundinamarca","homicide",2024-01-01
"2024-01",NA,18,"la guajira","homicide",2024-01-01
"2024-01",NA,18,"sucre","homicide",2024-01-01
"2024-01",NA,20,"cesar","homicide",2024-01-01
"2024-01",NA,3,"boyaca","homicide",2024-01-01
"2024-01","tumaco",1,"nariño","homicide",2024-01-01
"2024-01",NA,4,"casanare","homicide",2024-01-01
"2024-01",NA,3,"caldas","homicide",2024-01-01
"2024-01",NA,5,"san andres islas","homicide",2024-01-01
"2024-02",NA,19,"huila","homicide",2024-02-01
"2024-02",NA,85,"antioquia","homicide",2024-02-01
"2024-02",NA,52,"atlantico","homicide",2024-02-01
"2024-02",NA,49,"bogota d.c.","homicide",2024-02-01
"2024-02",NA,55,"cauca","homicide",2024-02-01
"2024-02",NA,119,"valle del cauca","homicide",2024-02-01
"2024-02",NA,48,"bolivar","homicide",2024-02-01
"2024-02",NA,24,"norte de santander","homicide",2024-02-01
"2024-02",NA,27,"tolima","homicide",2024-02-01
"2024-02",NA,19,"nariño","homicide",2024-02-01
"2024-02",NA,27,"cordoba","homicide",2024-02-01
"2024-02",NA,12,"sucre","homicide",2024-02-01
"2024-02",NA,15,"cundinamarca","homicide",2024-02-01
"2024-02",NA,10,"quindio","homicide",2024-02-01
"2024-02","buenaventura",3,"valle del cauca","homicide",2024-02-01
"2024-02",NA,15,"risaralda","homicide",2024-02-01
"2024-02",NA,11,"la guajira","homicide",2024-02-01
"2024-02",NA,44,"magdalena","homicide",2024-02-01
"2024-02",NA,5,"boyaca","homicide",2024-02-01
"2024-02",NA,20,"choco","homicide",2024-02-01
"2024-02",NA,23,"cesar","homicide",2024-02-01
"2024-02",NA,6,"casanare","homicide",2024-02-01
"2024-02",NA,11,"putumayo","homicide",2024-02-01
"2024-02","arauca",2,"arauca","homicide",2024-02-01
"2024-02",NA,4,"caldas","homicide",2024-02-01
"2024-02",NA,15,"santander","homicide",2024-02-01
"2024-02",NA,10,"meta","homicide",2024-02-01
"2024-02",NA,4,"caqueta","homicide",2024-02-01
"2024-02","tumaco",1,"nariño","homicide",2024-02-01
"2024-02",NA,1,"guaviare","homicide",2024-02-01
"2024-02",NA,1,"vichada","homicide",2024-02-01
"2024-02",NA,1,"amazonas","homicide",2024-02-01
"2024-03",NA,96,"antioquia","homicide",2024-03-01
"2024-03",NA,45,"magdalena","homicide",2024-03-01
"2024-03",NA,50,"atlantico","homicide",2024-03-01
"2024-03","buenaventura",8,"valle del cauca","homicide",2024-03-01
"2024-03",NA,104,"valle del cauca","homicide",2024-03-01
"2024-03",NA,50,"cauca","homicide",2024-03-01
"2024-03",NA,20,"putumayo","homicide",2024-03-01
"2024-03",NA,39,"bolivar","homicide",2024-03-01
"2024-03",NA,17,"sucre","homicide",2024-03-01
"2024-03","arauca",15,"arauca","homicide",2024-03-01
"2024-03",NA,46,"norte de santander","homicide",2024-03-01
"2024-03",NA,53,"bogota d.c.","homicide",2024-03-01
"2024-03",NA,20,"huila","homicide",2024-03-01
"2024-03",NA,4,"boyaca","homicide",2024-03-01
"2024-03",NA,13,"la guajira","homicide",2024-03-01
"2024-03",NA,19,"santander","homicide",2024-03-01
"2024-03",NA,26,"cordoba","homicide",2024-03-01
"2024-03",NA,24,"cesar","homicide",2024-03-01
"2024-03",NA,10,"quindio","homicide",2024-03-01
"2024-03",NA,17,"choco","homicide",2024-03-01
"2024-03",NA,7,"risaralda","homicide",2024-03-01
"2024-03",NA,8,"meta","homicide",2024-03-01
"2024-03",NA,20,"nariño","homicide",2024-03-01
"2024-03",NA,3,"san andres islas","homicide",2024-03-01
"2024-03",NA,16,"tolima","homicide",2024-03-01
"2024-03",NA,11,"cundinamarca","homicide",2024-03-01
"2024-03",NA,6,"caqueta","homicide",2024-03-01
"2024-03",NA,5,"caldas","homicide",2024-03-01
"2024-03",NA,1,"guaviare","homicide",2024-03-01
"2024-03",NA,2,"vichada","homicide",2024-03-01
"2024-03",NA,2,"casanare","homicide",2024-03-01
"2024-03","tumaco",2,"nariño","homicide",2024-03-01
"2024-04",NA,16,"tolima","homicide",2024-04-01
"2024-04","arauca",13,"arauca","homicide",2024-04-01
"2024-04",NA,76,"antioquia","homicide",2024-04-01
"2024-04",NA,145,"valle del cauca","homicide",2024-04-01
"2024-04",NA,51,"bolivar","homicide",2024-04-01
"2024-04",NA,28,"magdalena","homicide",2024-04-01
"2024-04",NA,36,"norte de santander","homicide",2024-04-01
"2024-04",NA,4,"caqueta","homicide",2024-04-01
"2024-04",NA,47,"cauca","homicide",2024-04-01
"2024-04",NA,21,"cesar","homicide",2024-04-01
"2024-04",NA,11,"sucre","homicide",2024-04-01
"2024-04",NA,51,"atlantico","homicide",2024-04-01
"2024-04",NA,22,"santander","homicide",2024-04-01
"2024-04",NA,20,"choco","homicide",2024-04-01
"2024-04",NA,8,"la guajira","homicide",2024-04-01
"2024-04",NA,14,"nariño","homicide",2024-04-01
"2024-04",NA,19,"cundinamarca","homicide",2024-04-01
"2024-04",NA,67,"bogota d.c.","homicide",2024-04-01
"2024-04",NA,22,"cordoba","homicide",2024-04-01
"2024-04",NA,6,"quindio","homicide",2024-04-01
"2024-04",NA,1,"vichada","homicide",2024-04-01
"2024-04",NA,12,"risaralda","homicide",2024-04-01
"2024-04",NA,19,"huila","homicide",2024-04-01
"2024-04",NA,9,"putumayo","homicide",2024-04-01
"2024-04",NA,15,"meta","homicide",2024-04-01
"2024-04",NA,4,"caldas","homicide",2024-04-01
"2024-04",NA,3,"guaviare","homicide",2024-04-01
"2024-04",NA,2,"amazonas","homicide",2024-04-01
"2024-04",NA,2,"boyaca","homicide",2024-04-01
"2024-04","buenaventura",9,"valle del cauca","homicide",2024-04-01
"2024-04","tumaco",3,"nariño","homicide",2024-04-01
"2024-04",NA,3,"casanare","homicide",2024-04-01
"2024-04",NA,2,"san andres islas","homicide",2024-04-01
"2024-05",NA,30,"santander","homicide",2024-05-01
"2024-05",NA,49,"bogota d.c.","homicide",2024-05-01
"2024-05","buenaventura",8,"valle del cauca","homicide",2024-05-01
"2024-05",NA,70,"cauca","homicide",2024-05-01
"2024-05",NA,108,"antioquia","homicide",2024-05-01
"2024-05",NA,153,"valle del cauca","homicide",2024-05-01
"2024-05",NA,46,"norte de santander","homicide",2024-05-01
"2024-05",NA,36,"magdalena","homicide",2024-05-01
"2024-05",NA,24,"cordoba","homicide",2024-05-01
"2024-05",NA,20,"la guajira","homicide",2024-05-01
"2024-05",NA,2,"san andres islas","homicide",2024-05-01
"2024-05",NA,48,"bolivar","homicide",2024-05-01
"2024-05",NA,59,"atlantico","homicide",2024-05-01
"2024-05",NA,21,"meta","homicide",2024-05-01
"2024-05",NA,16,"huila","homicide",2024-05-01
"2024-05",NA,6,"putumayo","homicide",2024-05-01
"2024-05",NA,19,"choco","homicide",2024-05-01
"2024-05","arauca",20,"arauca","homicide",2024-05-01
"2024-05",NA,19,"nariño","homicide",2024-05-01
"2024-05",NA,13,"cundinamarca","homicide",2024-05-01
"2024-05",NA,18,"cesar","homicide",2024-05-01
"2024-05","tumaco",1,"nariño","homicide",2024-05-01
"2024-05",NA,10,"sucre","homicide",2024-05-01
"2024-05",NA,17,"tolima","homicide",2024-05-01
"2024-05",NA,6,"quindio","homicide",2024-05-01
"2024-05",NA,6,"caldas","homicide",2024-05-01
"2024-05",NA,16,"caqueta","homicide",2024-05-01
"2024-05",NA,9,"risaralda","homicide",2024-05-01
"2024-05",NA,2,"amazonas","homicide",2024-05-01
"2024-05",NA,2,"boyaca","homicide",2024-05-01
"2024-05",NA,1,"casanare","homicide",2024-05-01
"2024-06",NA,35,"bolivar","homicide",2024-06-01
"2024-06",NA,156,"valle del cauca","homicide",2024-06-01
"2024-06",NA,98,"antioquia","homicide",2024-06-01
"2024-06",NA,29,"santander","homicide",2024-06-01
"2024-06",NA,59,"atlantico","homicide",2024-06-01
"2024-06",NA,36,"bogota d.c.","homicide",2024-06-01
"2024-06",NA,53,"norte de santander","homicide",2024-06-01
"2024-06",NA,16,"tolima","homicide",2024-06-01
"2024-06",NA,22,"nariño","homicide",2024-06-01
"2024-06",NA,21,"putumayo","homicide",2024-06-01
"2024-06",NA,25,"magdalena","homicide",2024-06-01
"2024-06",NA,24,"cordoba","homicide",2024-06-01
"2024-06",NA,22,"cundinamarca","homicide",2024-06-01
"2024-06",NA,9,"risaralda","homicide",2024-06-01
"2024-06",NA,24,"cesar","homicide",2024-06-01
"2024-06",NA,67,"cauca","homicide",2024-06-01
"2024-06",NA,10,"meta","homicide",2024-06-01
"2024-06",NA,11,"la guajira","homicide",2024-06-01
"2024-06",NA,19,"sucre","homicide",2024-06-01
"2024-06",NA,15,"huila","homicide",2024-06-01
"2024-06",NA,9,"quindio","homicide",2024-06-01
"2024-06",NA,24,"choco","homicide",2024-06-01
"2024-06","arauca",15,"arauca","homicide",2024-06-01
"2024-06",NA,10,"caqueta","homicide",2024-06-01
"2024-06",NA,3,"casanare","homicide",2024-06-01
"2024-06",NA,3,"san andres islas","homicide",2024-06-01
"2024-06",NA,9,"caldas","homicide",2024-06-01
"2024-06",NA,2,"boyaca","homicide",2024-06-01
"2024-06","buenaventura",3,"valle del cauca","homicide",2024-06-01
"2024-07",NA,17,"tolima","homicide",2024-07-01
"2024-07",NA,133,"valle del cauca","homicide",2024-07-01
"2024-07",NA,58,"atlantico","homicide",2024-07-01
"2024-07",NA,118,"antioquia","homicide",2024-07-01
"2024-07",NA,70,"bogota d.c.","homicide",2024-07-01
"2024-07",NA,25,"santander","homicide",2024-07-01
"2024-07",NA,57,"cauca","homicide",2024-07-01
"2024-07",NA,24,"nariño","homicide",2024-07-01
"2024-07",NA,48,"bolivar","homicide",2024-07-01
"2024-07",NA,48,"magdalena","homicide",2024-07-01
"2024-07",NA,24,"norte de santander","homicide",2024-07-01
"2024-07",NA,14,"cesar","homicide",2024-07-01
"2024-07",NA,21,"choco","homicide",2024-07-01
"2024-07",NA,23,"cundinamarca","homicide",2024-07-01
"2024-07",NA,1,"boyaca","homicide",2024-07-01
"2024-07",NA,17,"sucre","homicide",2024-07-01
"2024-07",NA,7,"risaralda","homicide",2024-07-01
"2024-07",NA,26,"huila","homicide",2024-07-01
"2024-07",NA,17,"la guajira","homicide",2024-07-01
"2024-07",NA,10,"meta","homicide",2024-07-01
"2024-07",NA,3,"caldas","homicide",2024-07-01
"2024-07","buenaventura",5,"valle del cauca","homicide",2024-07-01
"2024-07",NA,15,"cordoba","homicide",2024-07-01
"2024-07","arauca",15,"arauca","homicide",2024-07-01
"2024-07","tumaco",2,"nariño","homicide",2024-07-01
"2024-07",NA,3,"caqueta","homicide",2024-07-01
"2024-07",NA,12,"quindio","homicide",2024-07-01
"2024-07",NA,1,"guaviare","homicide",2024-07-01
"2024-07",NA,7,"putumayo","homicide",2024-07-01
"2024-08",NA,150,"valle del cauca","homicide",2024-08-01
"2024-08",NA,81,"atlantico","homicide",2024-08-01
"2024-08",NA,3,"boyaca","homicide",2024-08-01
"2024-08",NA,71,"cauca","homicide",2024-08-01
"2024-08",NA,129,"antioquia","homicide",2024-08-01
"2024-08",NA,45,"magdalena","homicide",2024-08-01
"2024-08",NA,17,"tolima","homicide",2024-08-01
"2024-08",NA,11,"sucre","homicide",2024-08-01
"2024-08",NA,24,"choco","homicide",2024-08-01
"2024-08",NA,72,"bolivar","homicide",2024-08-01
"2024-08",NA,39,"norte de santander","homicide",2024-08-01
"2024-08",NA,7,"caldas","homicide",2024-08-01
"2024-08",NA,49,"bogota d.c.","homicide",2024-08-01
"2024-08",NA,5,"guaviare","homicide",2024-08-01
"2024-08",NA,7,"quindio","homicide",2024-08-01
"2024-08",NA,20,"la guajira","homicide",2024-08-01
"2024-08",NA,29,"cesar","homicide",2024-08-01
"2024-08","arauca",18,"arauca","homicide",2024-08-01
"2024-08",NA,4,"amazonas","homicide",2024-08-01
"2024-08",NA,2,"san andres islas","homicide",2024-08-01
"2024-08",NA,12,"nariño","homicide",2024-08-01
"2024-08",NA,15,"caqueta","homicide",2024-08-01
"2024-08",NA,16,"cundinamarca","homicide",2024-08-01
"2024-08",NA,15,"cordoba","homicide",2024-08-01
"2024-08",NA,15,"meta","homicide",2024-08-01
"2024-08","buenaventura",2,"valle del cauca","homicide",2024-08-01
"2024-08",NA,19,"huila","homicide",2024-08-01
"2024-08",NA,11,"risaralda","homicide",2024-08-01
"2024-08",NA,2,"casanare","homicide",2024-08-01
"2024-08",NA,26,"santander","homicide",2024-08-01
"2024-08",NA,13,"putumayo","homicide",2024-08-01
"2024-08","tumaco",4,"nariño","homicide",2024-08-01
"2024-09",NA,133,"antioquia","homicide",2024-09-01
"2024-09","tumaco",3,"nariño","homicide",2024-09-01
"2024-09",NA,75,"atlantico","homicide",2024-09-01
"2024-09",NA,67,"bogota d.c.","homicide",2024-09-01
"2024-09",NA,139,"valle del cauca","homicide",2024-09-01
"2024-09",NA,46,"bolivar","homicide",2024-09-01
"2024-09",NA,15,"la guajira","homicide",2024-09-01
"2024-09",NA,25,"nariño","homicide",2024-09-01
"2024-09",NA,54,"cauca","homicide",2024-09-01
"2024-09",NA,12,"risaralda","homicide",2024-09-01
"2024-09",NA,21,"huila","homicide",2024-09-01
"2024-09",NA,11,"putumayo","homicide",2024-09-01
"2024-09",NA,32,"santander","homicide",2024-09-01
"2024-09",NA,12,"tolima","homicide",2024-09-01
"2024-09",NA,7,"caqueta","homicide",2024-09-01
"2024-09",NA,20,"sucre","homicide",2024-09-01
"2024-09",NA,23,"cundinamarca","homicide",2024-09-01
"2024-09","arauca",15,"arauca","homicide",2024-09-01
"2024-09",NA,32,"norte de santander","homicide",2024-09-01
"2024-09",NA,25,"choco","homicide",2024-09-01
"2024-09",NA,12,"meta","homicide",2024-09-01
"2024-09",NA,43,"magdalena","homicide",2024-09-01
"2024-09",NA,6,"caldas","homicide",2024-09-01
"2024-09",NA,8,"quindio","homicide",2024-09-01
"2024-09",NA,25,"cesar","homicide",2024-09-01
"2024-09",NA,1,"san andres islas","homicide",2024-09-01
"2024-09",NA,2,"casanare","homicide",2024-09-01
"2024-09",NA,3,"vichada","homicide",2024-09-01
"2024-09",NA,11,"cordoba","homicide",2024-09-01
"2024-09","buenaventura",4,"valle del cauca","homicide",2024-09-01
"2024-09",NA,6,"boyaca","homicide",2024-09-01
"2024-09",NA,1,"amazonas","homicide",2024-09-01
"2024-10",NA,105,"antioquia","homicide",2024-10-01
"2024-10",NA,39,"santander","homicide",2024-10-01
"2024-10",NA,89,"atlantico","homicide",2024-10-01
"2024-10",NA,54,"bogota d.c.","homicide",2024-10-01
"2024-10",NA,143,"valle del cauca","homicide",2024-10-01
"2024-10",NA,33,"bolivar","homicide",2024-10-01
"2024-10",NA,8,"caldas","homicide",2024-10-01
"2024-10",NA,12,"nariño","homicide",2024-10-01
"2024-10",NA,39,"magdalena","homicide",2024-10-01
"2024-10",NA,20,"cundinamarca","homicide",2024-10-01
"2024-10",NA,29,"huila","homicide",2024-10-01
"2024-10",NA,48,"norte de santander","homicide",2024-10-01
"2024-10",NA,32,"risaralda","homicide",2024-10-01
"2024-10",NA,9,"quindio","homicide",2024-10-01
"2024-10",NA,8,"putumayo","homicide",2024-10-01
"2024-10",NA,27,"cesar","homicide",2024-10-01
"2024-10",NA,18,"la guajira","homicide",2024-10-01
"2024-10",NA,59,"cauca","homicide",2024-10-01
"2024-10",NA,10,"sucre","homicide",2024-10-01
"2024-10","arauca",13,"arauca","homicide",2024-10-01
"2024-10",NA,14,"tolima","homicide",2024-10-01
"2024-10",NA,9,"casanare","homicide",2024-10-01
"2024-10",NA,16,"cordoba","homicide",2024-10-01
"2024-10",NA,17,"choco","homicide",2024-10-01
"2024-10",NA,14,"meta","homicide",2024-10-01
"2024-10",NA,4,"caqueta","homicide",2024-10-01
"2024-10",NA,3,"guaviare","homicide",2024-10-01
"2024-10",NA,2,"boyaca","homicide",2024-10-01
"2024-10","buenaventura",2,"valle del cauca","homicide",2024-10-01
"2024-10",NA,1,"vichada","homicide",2024-10-01
"2024-11",NA,117,"antioquia","homicide",2024-11-01
"2024-11",NA,31,"santander","homicide",2024-11-01
"2024-11",NA,83,"atlantico","homicide",2024-11-01
"2024-11",NA,72,"bogota d.c.","homicide",2024-11-01
"2024-11",NA,161,"valle del cauca","homicide",2024-11-01
"2024-11",NA,45,"bolivar","homicide",2024-11-01
"2024-11",NA,22,"cesar","homicide",2024-11-01
"2024-11",NA,14,"cordoba","homicide",2024-11-01
"2024-11",NA,27,"putumayo","homicide",2024-11-01
"2024-11",NA,59,"cauca","homicide",2024-11-01
"2024-11",NA,18,"meta","homicide",2024-11-01
"2024-11",NA,45,"magdalena","homicide",2024-11-01
"2024-11","arauca",21,"arauca","homicide",2024-11-01
"2024-11",NA,35,"norte de santander","homicide",2024-11-01
"2024-11",NA,27,"tolima","homicide",2024-11-01
"2024-11",NA,38,"risaralda","homicide",2024-11-01
"2024-11",NA,12,"choco","homicide",2024-11-01
"2024-11",NA,6,"quindio","homicide",2024-11-01
"2024-11",NA,18,"cundinamarca","homicide",2024-11-01
"2024-11",NA,8,"caldas","homicide",2024-11-01
"2024-11",NA,19,"huila","homicide",2024-11-01
"2024-11",NA,21,"la guajira","homicide",2024-11-01
"2024-11",NA,30,"nariño","homicide",2024-11-01
"2024-11",NA,8,"sucre","homicide",2024-11-01
"2024-11","buenaventura",8,"valle del cauca","homicide",2024-11-01
"2024-11",NA,3,"san andres islas","homicide",2024-11-01
"2024-11",NA,4,"caqueta","homicide",2024-11-01
"2024-11",NA,1,"vichada","homicide",2024-11-01
"2024-11",NA,2,"casanare","homicide",2024-11-01
"2024-11",NA,2,"boyaca","homicide",2024-11-01
"2024-11",NA,1,"guaviare","homicide",2024-11-01
"2024-12",NA,45,"cesar","homicide",2024-12-01
"2024-12",NA,81,"antioquia","homicide",2024-12-01
"2024-12",NA,63,"bogota d.c.","homicide",2024-12-01
"2024-12","buenaventura",4,"valle del cauca","homicide",2024-12-01
"2024-12",NA,63,"cauca","homicide",2024-12-01
"2024-12",NA,146,"valle del cauca","homicide",2024-12-01
"2024-12",NA,54,"magdalena","homicide",2024-12-01
"2024-12",NA,43,"norte de santander","homicide",2024-12-01
"2024-12",NA,33,"risaralda","homicide",2024-12-01
"2024-12",NA,21,"cundinamarca","homicide",2024-12-01
"2024-12",NA,32,"santander","homicide",2024-12-01
"2024-12",NA,22,"meta","homicide",2024-12-01
"2024-12",NA,80,"atlantico","homicide",2024-12-01
"2024-12",NA,12,"putumayo","homicide",2024-12-01
"2024-12",NA,29,"huila","homicide",2024-12-01
"2024-12",NA,7,"caqueta","homicide",2024-12-01
"2024-12",NA,34,"bolivar","homicide",2024-12-01
"2024-12",NA,16,"nariño","homicide",2024-12-01
"2024-12","arauca",12,"arauca","homicide",2024-12-01
"2024-12",NA,17,"la guajira","homicide",2024-12-01
"2024-12",NA,11,"cordoba","homicide",2024-12-01
"2024-12",NA,11,"choco","homicide",2024-12-01
"2024-12",NA,9,"caldas","homicide",2024-12-01
"2024-12",NA,7,"guaviare","homicide",2024-12-01
"2024-12",NA,9,"sucre","homicide",2024-12-01
"2024-12",NA,7,"quindio","homicide",2024-12-01
"2024-12",NA,2,"casanare","homicide",2024-12-01
"2024-12",NA,2,"san andres islas","homicide",2024-12-01
"2024-12",NA,8,"tolima","homicide",2024-12-01
"2024-12",NA,2,"amazonas","homicide",2024-12-01
"2025-01",NA,98,"antioquia","homicide",2025-01-01
"2025-01",NA,81,"atlantico","homicide",2025-01-01
"2025-01",NA,62,"bogota d.c.","homicide",2025-01-01
"2025-01",NA,41,"bolivar","homicide",2025-01-01
"2025-01",NA,12,"caldas","homicide",2025-01-01
"2025-01",NA,56,"cauca","homicide",2025-01-01
"2025-01",NA,14,"huila","homicide",2025-01-01
"2025-01",NA,20,"la guajira","homicide",2025-01-01
"2025-01",NA,12,"nariño","homicide",2025-01-01
"2025-01",NA,25,"risaralda","homicide",2025-01-01
"2025-01",NA,17,"sucre","homicide",2025-01-01
"2025-01",NA,12,"tolima","homicide",2025-01-01
"2025-01",NA,160,"valle del cauca","homicide",2025-01-01
"2025-01","buenaventura",14,"valle del cauca","homicide",2025-01-01
"2025-01",NA,1,"amazonas","homicide",2025-01-01
"2025-01",NA,20,"cesar","homicide",2025-01-01
"2025-01",NA,26,"choco","homicide",2025-01-01
"2025-01",NA,11,"putumayo","homicide",2025-01-01
"2025-01",NA,18,"cundinamarca","homicide",2025-01-01
"2025-01",NA,44,"magdalena","homicide",2025-01-01
"2025-01",NA,26,"meta","homicide",2025-01-01
"2025-01",NA,9,"caqueta","homicide",2025-01-01
"2025-01",NA,84,"norte de santander","homicide",2025-01-01
"2025-01",NA,30,"santander","homicide",2025-01-01
"2025-01",NA,1,"boyaca","homicide",2025-01-01
"2025-01","arauca",7,"arauca","homicide",2025-01-01
"2025-01",NA,6,"casanare","homicide",2025-01-01
"2025-01",NA,22,"guaviare","homicide",2025-01-01
"2025-01",NA,9,"quindio","homicide",2025-01-01
"2025-01",NA,17,"cordoba","homicide",2025-01-01
"2025-01",NA,1,"san andres islas","homicide",2025-01-01
"2025-02",NA,87,"antioquia","homicide",2025-02-01
"2025-02",NA,43,"atlantico","homicide",2025-02-01
"2025-02",NA,44,"bolivar","homicide",2025-02-01
"2025-02",NA,9,"caldas","homicide",2025-02-01
"2025-02",NA,51,"cauca","homicide",2025-02-01
"2025-02",NA,19,"cesar","homicide",2025-02-01
"2025-02",NA,16,"cundinamarca","homicide",2025-02-01
"2025-02",NA,14,"la guajira","homicide",2025-02-01
"2025-02",NA,52,"norte de santander","homicide",2025-02-01
"2025-02",NA,11,"quindio","homicide",2025-02-01
"2025-02",NA,25,"risaralda","homicide",2025-02-01
"2025-02",NA,27,"santander","homicide",2025-02-01
"2025-02",NA,11,"tolima","homicide",2025-02-01
"2025-02",NA,116,"valle del cauca","homicide",2025-02-01
"2025-02","arauca",7,"arauca","homicide",2025-02-01
"2025-02",NA,44,"bogota d.c.","homicide",2025-02-01
"2025-02",NA,16,"choco","homicide",2025-02-01
"2025-02",NA,19,"huila","homicide",2025-02-01
"2025-02",NA,37,"magdalena","homicide",2025-02-01
"2025-02",NA,16,"meta","homicide",2025-02-01
"2025-02",NA,10,"nariño","homicide",2025-02-01
"2025-02",NA,3,"casanare","homicide",2025-02-01
"2025-02",NA,8,"cordoba","homicide",2025-02-01
"2025-02","buenaventura",12,"valle del cauca","homicide",2025-02-01
"2025-02",NA,2,"amazonas","homicide",2025-02-01
"2025-02",NA,2,"san andres islas","homicide",2025-02-01
"2025-02",NA,11,"sucre","homicide",2025-02-01
"2025-02",NA,8,"caqueta","homicide",2025-02-01
"2025-02",NA,1,"boyaca","homicide",2025-02-01
"2025-02",NA,2,"putumayo","homicide",2025-02-01
"2025-02",NA,2,"vichada","homicide",2025-02-01
"2025-03",NA,136,"antioquia","homicide",2025-03-01
"2025-03",NA,71,"bogota d.c.","homicide",2025-03-01
"2025-03",NA,35,"bolivar","homicide",2025-03-01
"2025-03",NA,61,"cauca","homicide",2025-03-01
"2025-03",NA,23,"cundinamarca","homicide",2025-03-01
"2025-03",NA,22,"huila","homicide",2025-03-01
"2025-03",NA,53,"magdalena","homicide",2025-03-01
"2025-03",NA,23,"meta","homicide",2025-03-01
"2025-03",NA,17,"nariño","homicide",2025-03-01
"2025-03",NA,65,"norte de santander","homicide",2025-03-01
"2025-03",NA,10,"quindio","homicide",2025-03-01
"2025-03",NA,33,"risaralda","homicide",2025-03-01
"2025-03",NA,17,"tolima","homicide",2025-03-01
"2025-03",NA,141,"valle del cauca","homicide",2025-03-01
"2025-03",NA,3,"casanare","homicide",2025-03-01
"2025-03",NA,59,"atlantico","homicide",2025-03-01
"2025-03",NA,8,"choco","homicide",2025-03-01
"2025-03",NA,13,"la guajira","homicide",2025-03-01
"2025-03",NA,23,"santander","homicide",2025-03-01
"2025-03",NA,15,"sucre","homicide",2025-03-01
"2025-03","arauca",10,"arauca","homicide",2025-03-01
"2025-03",NA,7,"caqueta","homicide",2025-03-01
"2025-03",NA,20,"cesar","homicide",2025-03-01
"2025-03","buenaventura",19,"valle del cauca","homicide",2025-03-01
"2025-03",NA,3,"putumayo","homicide",2025-03-01
"2025-03",NA,2,"san andres islas","homicide",2025-03-01
"2025-03",NA,1,"boyaca","homicide",2025-03-01
"2025-03",NA,2,"guaviare","homicide",2025-03-01
"2025-03",NA,2,"caldas","homicide",2025-03-01
"2025-03",NA,3,"cordoba","homicide",2025-03-01
"2025-03","tumaco",2,"nariño","homicide",2025-03-01
"2025-04",NA,120,"antioquia","homicide",2025-04-01
"2025-04",NA,58,"atlantico","homicide",2025-04-01
"2025-04",NA,66,"bogota d.c.","homicide",2025-04-01
"2025-04",NA,26,"cesar","homicide",2025-04-01
"2025-04",NA,21,"cundinamarca","homicide",2025-04-01
"2025-04",NA,16,"choco","homicide",2025-04-01
"2025-04",NA,44,"magdalena","homicide",2025-04-01
"2025-04",NA,45,"norte de santander","homicide",2025-04-01
"2025-04",NA,8,"sucre","homicide",2025-04-01
"2025-04",NA,16,"tolima","homicide",2025-04-01
"2025-04",NA,134,"valle del cauca","homicide",2025-04-01
"2025-04","buenaventura",7,"valle del cauca","homicide",2025-04-01
"2025-04",NA,45,"bolivar","homicide",2025-04-01
"2025-04",NA,43,"cauca","homicide",2025-04-01
"2025-04",NA,9,"la guajira","homicide",2025-04-01
"2025-04",NA,27,"risaralda","homicide",2025-04-01
"2025-04",NA,33,"santander","homicide",2025-04-01
"2025-04","arauca",6,"arauca","homicide",2025-04-01
"2025-04",NA,6,"caldas","homicide",2025-04-01
"2025-04",NA,16,"cordoba","homicide",2025-04-01
"2025-04",NA,24,"huila","homicide",2025-04-01
"2025-04",NA,6,"putumayo","homicide",2025-04-01
"2025-04",NA,11,"nariño","homicide",2025-04-01
"2025-04",NA,5,"casanare","homicide",2025-04-01
"2025-04",NA,17,"guaviare","homicide",2025-04-01
"2025-04",NA,20,"meta","homicide",2025-04-01
"2025-04",NA,1,"vichada","homicide",2025-04-01
"2025-04",NA,6,"caqueta","homicide",2025-04-01
"2025-04",NA,9,"quindio","homicide",2025-04-01
"2025-04",NA,1,"san andres islas","homicide",2025-04-01
"2025-05",NA,110,"antioquia","homicide",2025-05-01
"2025-05",NA,53,"atlantico","homicide",2025-05-01
"2025-05",NA,60,"bogota d.c.","homicide",2025-05-01
"2025-05",NA,39,"bolivar","homicide",2025-05-01
"2025-05",NA,65,"cauca","homicide",2025-05-01
"2025-05",NA,31,"cesar","homicide",2025-05-01
"2025-05",NA,57,"magdalena","homicide",2025-05-01
"2025-05",NA,27,"meta","homicide",2025-05-01
"2025-05",NA,72,"norte de santander","homicide",2025-05-01
"2025-05",NA,26,"santander","homicide",2025-05-01
"2025-05",NA,152,"valle del cauca","homicide",2025-05-01
"2025-05",NA,9,"casanare","homicide",2025-05-01
"2025-05",NA,6,"putumayo","homicide",2025-05-01
"2025-05",NA,7,"caldas","homicide",2025-05-01
"2025-05",NA,19,"choco","homicide",2025-05-01
"2025-05",NA,18,"huila","homicide",2025-05-01
"2025-05",NA,22,"la guajira","homicide",2025-05-01
"2025-05",NA,29,"risaralda","homicide",2025-05-01
"2025-05",NA,23,"cundinamarca","homicide",2025-05-01
"2025-05",NA,11,"cordoba","homicide",2025-05-01
"2025-05",NA,1,"vichada","homicide",2025-05-01
"2025-05",NA,13,"nariño","homicide",2025-05-01
"2025-05",NA,6,"tolima","homicide",2025-05-01
"2025-05",NA,3,"guaviare","homicide",2025-05-01
"2025-05",NA,2,"caqueta","homicide",2025-05-01
"2025-05",NA,13,"sucre","homicide",2025-05-01
"2025-05","buenaventura",6,"valle del cauca","homicide",2025-05-01
"2025-05",NA,3,"san andres islas","homicide",2025-05-01
"2025-05","arauca",2,"arauca","homicide",2025-05-01
"2025-05",NA,8,"quindio","homicide",2025-05-01
"2025-05","tumaco",3,"nariño","homicide",2025-05-01
"2025-05",NA,1,"boyaca","homicide",2025-05-01
"2025-05",NA,1,"amazonas","homicide",2025-05-01
"2025-06",NA,116,"antioquia","homicide",2025-06-01
"2025-06",NA,64,"atlantico","homicide",2025-06-01
"2025-06",NA,60,"bogota d.c.","homicide",2025-06-01
"2025-06",NA,55,"bolivar","homicide",2025-06-01
"2025-06",NA,57,"cauca","homicide",2025-06-01
"2025-06",NA,58,"magdalena","homicide",2025-06-01
"2025-06",NA,14,"meta","homicide",2025-06-01
"2025-06","tumaco",1,"nariño","homicide",2025-06-01
"2025-06",NA,23,"nariño","homicide",2025-06-01
"2025-06",NA,62,"norte de santander","homicide",2025-06-01
"2025-06",NA,14,"quindio","homicide",2025-06-01
"2025-06",NA,18,"tolima","homicide",2025-06-01
"2025-06",NA,153,"valle del cauca","homicide",2025-06-01
"2025-06",NA,8,"casanare","homicide",2025-06-01
"2025-06",NA,3,"putumayo","homicide",2025-06-01
"2025-06",NA,14,"cordoba","homicide",2025-06-01
"2025-06",NA,24,"cesar","homicide",2025-06-01
"2025-06",NA,19,"cundinamarca","homicide",2025-06-01
"2025-06",NA,14,"choco","homicide",2025-06-01
"2025-06",NA,29,"risaralda","homicide",2025-06-01
"2025-06",NA,25,"santander","homicide",2025-06-01
"2025-06","buenaventura",12,"valle del cauca","homicide",2025-06-01
"2025-06",NA,14,"la guajira","homicide",2025-06-01
"2025-06",NA,12,"sucre","homicide",2025-06-01
"2025-06","arauca",8,"arauca","homicide",2025-06-01
"2025-06",NA,6,"caldas","homicide",2025-06-01
"2025-06",NA,1,"caqueta","homicide",2025-06-01
"2025-06",NA,10,"huila","homicide",2025-06-01
"2025-06",NA,2,"amazonas","homicide",2025-06-01
"2025-06",NA,3,"guaviare","homicide",2025-06-01
"2025-06",NA,2,"san andres islas","homicide",2025-06-01
"2025-06",NA,1,"boyaca","homicide",2025-06-01
"2025-07",NA,139,"antioquia","homicide",2025-07-01
"2025-07",NA,55,"bolivar","homicide",2025-07-01
"2025-07",NA,55,"cauca","homicide",2025-07-01
"2025-07",NA,19,"cordoba","homicide",2025-07-01
"2025-07",NA,41,"magdalena","homicide",2025-07-01
"2025-07",NA,14,"nariño","homicide",2025-07-01
"2025-07",NA,38,"risaralda","homicide",2025-07-01
"2025-07",NA,19,"santander","homicide",2025-07-01
"2025-07",NA,18,"tolima","homicide",2025-07-01
"2025-07",NA,120,"valle del cauca","homicide",2025-07-01
"2025-07","buenaventura",13,"valle del cauca","homicide",2025-07-01
"2025-07",NA,6,"putumayo","homicide",2025-07-01
"2025-07",NA,12,"choco","homicide",2025-07-01
"2025-07",NA,18,"la guajira","homicide",2025-07-01
"2025-07",NA,16,"meta","homicide",2025-07-01
"2025-07",NA,59,"norte de santander","homicide",2025-07-01
"2025-07",NA,12,"quindio","homicide",2025-07-01
"2025-07",NA,68,"atlantico","homicide",2025-07-01
"2025-07",NA,67,"bogota d.c.","homicide",2025-07-01
"2025-07",NA,17,"cesar","homicide",2025-07-01
"2025-07",NA,26,"cundinamarca","homicide",2025-07-01
"2025-07",NA,7,"caldas","homicide",2025-07-01
"2025-07","arauca",9,"arauca","homicide",2025-07-01
"2025-07",NA,38,"huila","homicide",2025-07-01
"2025-07",NA,13,"sucre","homicide",2025-07-01
"2025-07",NA,9,"caqueta","homicide",2025-07-01
"2025-07",NA,3,"casanare","homicide",2025-07-01
"2025-07",NA,1,"amazonas","homicide",2025-07-01
"2025-07",NA,3,"san andres islas","homicide",2025-07-01
"2025-07",NA,1,"vichada","homicide",2025-07-01
"2025-07",NA,1,"boyaca","homicide",2025-07-01
"2025-07",NA,1,"guaviare","homicide",2025-07-01
"2025-08",NA,117,"antioquia","homicide",2025-08-01
"2025-08",NA,72,"atlantico","homicide",2025-08-01
"2025-08",NA,66,"bogota d.c.","homicide",2025-08-01
"2025-08",NA,69,"bolivar","homicide",2025-08-01
"2025-08",NA,6,"caldas","homicide",2025-08-01
"2025-08",NA,76,"cauca","homicide",2025-08-01
"2025-08",NA,18,"cesar","homicide",2025-08-01
"2025-08",NA,14,"cordoba","homicide",2025-08-01
"2025-08",NA,27,"cundinamarca","homicide",2025-08-01
"2025-08",NA,25,"la guajira","homicide",2025-08-01
"2025-08",NA,45,"magdalena","homicide",2025-08-01
"2025-08",NA,27,"meta","homicide",2025-08-01
"2025-08",NA,19,"nariño","homicide",2025-08-01
"2025-08",NA,69,"norte de santander","homicide",2025-08-01
"2025-08",NA,22,"santander","homicide",2025-08-01
"2025-08",NA,15,"tolima","homicide",2025-08-01
"2025-08",NA,138,"valle del cauca","homicide",2025-08-01
"2025-08","arauca",13,"arauca","homicide",2025-08-01
"2025-08",NA,31,"risaralda","homicide",2025-08-01
"2025-08",NA,15,"sucre","homicide",2025-08-01
"2025-08","buenaventura",11,"valle del cauca","homicide",2025-08-01
"2025-08",NA,4,"boyaca","homicide",2025-08-01
"2025-08",NA,18,"huila","homicide",2025-08-01
"2025-08","tumaco",2,"nariño","homicide",2025-08-01
"2025-08",NA,10,"choco","homicide",2025-08-01
"2025-08",NA,13,"quindio","homicide",2025-08-01
"2025-08",NA,2,"putumayo","homicide",2025-08-01
"2025-08",NA,3,"guaviare","homicide",2025-08-01
"2025-08",NA,8,"caqueta","homicide",2025-08-01
"2025-08",NA,2,"casanare","homicide",2025-08-01
"2025-08",NA,3,"san andres islas","homicide",2025-08-01
"2025-08",NA,1,"vichada","homicide",2025-08-01
"2025-09",NA,144,"antioquia","homicide",2025-09-01
"2025-09",NA,55,"atlantico","homicide",2025-09-01
"2025-09",NA,51,"bogota d.c.","homicide",2025-09-01
"2025-09",NA,4,"caqueta","homicide",2025-09-01
"2025-09",NA,75,"cauca","homicide",2025-09-01
"2025-09",NA,21,"cesar","homicide",2025-09-01
"2025-09",NA,13,"cordoba","homicide",2025-09-01
"2025-09",NA,32,"cundinamarca","homicide",2025-09-01
"2025-09",NA,36,"magdalena","homicide",2025-09-01
"2025-09",NA,28,"meta","homicide",2025-09-01
"2025-09",NA,18,"nariño","homicide",2025-09-01
"2025-09",NA,37,"norte de santander","homicide",2025-09-01
"2025-09",NA,9,"quindio","homicide",2025-09-01
"2025-09",NA,35,"risaralda","homicide",2025-09-01
"2025-09",NA,19,"santander","homicide",2025-09-01
"2025-09",NA,21,"tolima","homicide",2025-09-01
"2025-09",NA,168,"valle del cauca","homicide",2025-09-01
"2025-09",NA,65,"bolivar","homicide",2025-09-01
"2025-09",NA,1,"boyaca","homicide",2025-09-01
"2025-09",NA,20,"la guajira","homicide",2025-09-01
"2025-09",NA,17,"sucre","homicide",2025-09-01
"2025-09","buenaventura",11,"valle del cauca","homicide",2025-09-01
"2025-09","arauca",18,"arauca","homicide",2025-09-01
"2025-09",NA,8,"caldas","homicide",2025-09-01
"2025-09",NA,11,"choco","homicide",2025-09-01
"2025-09",NA,27,"huila","homicide",2025-09-01
"2025-09",NA,4,"casanare","homicide",2025-09-01
"2025-09",NA,4,"putumayo","homicide",2025-09-01
"2025-09",NA,6,"san andres islas","homicide",2025-09-01
"2025-09",NA,1,"amazonas","homicide",2025-09-01
"2025-09","tumaco",1,"nariño","homicide",2025-09-01
"2025-09",NA,6,"guaviare","homicide",2025-09-01
"2025-09",NA,1,"vichada","homicide",2025-09-01
"2025-09",NA,1,"guainia","homicide",2025-09-01
"2025-10",NA,114,"antioquia","homicide",2025-10-01
"2025-10",NA,40,"atlantico","homicide",2025-10-01
"2025-10",NA,63,"bogota d.c.","homicide",2025-10-01
"2025-10",NA,43,"bolivar","homicide",2025-10-01
"2025-10",NA,7,"caqueta","homicide",2025-10-01
"2025-10",NA,56,"cauca","homicide",2025-10-01
"2025-10",NA,31,"cesar","homicide",2025-10-01
"2025-10",NA,23,"choco","homicide",2025-10-01
"2025-10",NA,50,"norte de santander","homicide",2025-10-01
"2025-10",NA,16,"risaralda","homicide",2025-10-01
"2025-10",NA,12,"sucre","homicide",2025-10-01
"2025-10",NA,18,"tolima","homicide",2025-10-01
"2025-10",NA,164,"valle del cauca","homicide",2025-10-01
"2025-10",NA,5,"san andres islas","homicide",2025-10-01
"2025-10",NA,25,"huila","homicide",2025-10-01
"2025-10",NA,38,"magdalena","homicide",2025-10-01
"2025-10",NA,19,"meta","homicide",2025-10-01
"2025-10",NA,9,"quindio","homicide",2025-10-01
"2025-10",NA,35,"santander","homicide",2025-10-01
"2025-10",NA,10,"cordoba","homicide",2025-10-01
"2025-10",NA,22,"cundinamarca","homicide",2025-10-01
"2025-10",NA,3,"putumayo","homicide",2025-10-01
"2025-10","arauca",12,"arauca","homicide",2025-10-01
"2025-10",NA,5,"casanare","homicide",2025-10-01
"2025-10",NA,5,"caldas","homicide",2025-10-01
"2025-10",NA,20,"la guajira","homicide",2025-10-01
"2025-10",NA,11,"nariño","homicide",2025-10-01
"2025-10","buenaventura",1,"valle del cauca","homicide",2025-10-01
"2025-10",NA,1,"guainia","homicide",2025-10-01
"2025-10",NA,1,"boyaca","homicide",2025-10-01
"2025-10",NA,1,"guaviare","homicide",2025-10-01
"2025-11",NA,92,"antioquia","homicide",2025-11-01
"2025-11",NA,56,"atlantico","homicide",2025-11-01
"2025-11",NA,46,"bolivar","homicide",2025-11-01
"2025-11",NA,57,"cauca","homicide",2025-11-01
"2025-11",NA,32,"cesar","homicide",2025-11-01
"2025-11",NA,11,"cordoba","homicide",2025-11-01
"2025-11",NA,25,"cundinamarca","homicide",2025-11-01
"2025-11",NA,24,"la guajira","homicide",2025-11-01
"2025-11",NA,44,"magdalena","homicide",2025-11-01
"2025-11",NA,62,"norte de santander","homicide",2025-11-01
"2025-11",NA,16,"risaralda","homicide",2025-11-01
"2025-11",NA,15,"sucre","homicide",2025-11-01
"2025-11",NA,188,"valle del cauca","homicide",2025-11-01
"2025-11","buenaventura",6,"valle del cauca","homicide",2025-11-01
"2025-11",NA,57,"bogota d.c.","homicide",2025-11-01
"2025-11",NA,6,"caldas","homicide",2025-11-01
"2025-11",NA,26,"huila","homicide",2025-11-01
"2025-11",NA,29,"santander","homicide",2025-11-01
"2025-11",NA,29,"tolima","homicide",2025-11-01
"2025-11",NA,4,"putumayo","homicide",2025-11-01
"2025-11",NA,15,"choco","homicide",2025-11-01
"2025-11",NA,18,"nariño","homicide",2025-11-01
"2025-11",NA,26,"meta","homicide",2025-11-01
"2025-11",NA,9,"quindio","homicide",2025-11-01
"2025-11","arauca",8,"arauca","homicide",2025-11-01
"2025-11",NA,1,"guainia","homicide",2025-11-01
"2025-11",NA,6,"boyaca","homicide",2025-11-01
"2025-11",NA,3,"san andres islas","homicide",2025-11-01
"2025-11",NA,1,"casanare","homicide",2025-11-01
"2025-11",NA,2,"guaviare","homicide",2025-11-01
"2025-11",NA,1,"amazonas","homicide",2025-11-01
"2025-12",NA,109,"antioquia","homicide",2025-12-01
"2025-12",NA,59,"bogota d.c.","homicide",2025-12-01
"2025-12",NA,42,"bolivar","homicide",2025-12-01
"2025-12",NA,58,"cauca","homicide",2025-12-01
"2025-12",NA,10,"choco","homicide",2025-12-01
"2025-12",NA,38,"magdalena","homicide",2025-12-01
"2025-12",NA,28,"meta","homicide",2025-12-01
"2025-12",NA,13,"quindio","homicide",2025-12-01
"2025-12",NA,21,"risaralda","homicide",2025-12-01
"2025-12",NA,37,"santander","homicide",2025-12-01
"2025-12",NA,17,"sucre","homicide",2025-12-01
"2025-12",NA,177,"valle del cauca","homicide",2025-12-01
"2025-12",NA,68,"atlantico","homicide",2025-12-01
"2025-12",NA,18,"caqueta","homicide",2025-12-01
"2025-12",NA,39,"cesar","homicide",2025-12-01
"2025-12",NA,11,"cordoba","homicide",2025-12-01
"2025-12",NA,31,"la guajira","homicide",2025-12-01
"2025-12",NA,14,"nariño","homicide",2025-12-01
"2025-12",NA,53,"norte de santander","homicide",2025-12-01
"2025-12",NA,27,"cundinamarca","homicide",2025-12-01
"2025-12",NA,18,"huila","homicide",2025-12-01
"2025-12",NA,27,"tolima","homicide",2025-12-01
"2025-12",NA,6,"casanare","homicide",2025-12-01
"2025-12",NA,5,"san andres islas","homicide",2025-12-01
"2025-12","arauca",5,"arauca","homicide",2025-12-01
"2025-12",NA,6,"putumayo","homicide",2025-12-01
"2025-12",NA,4,"boyaca","homicide",2025-12-01
"2025-12",NA,7,"caldas","homicide",2025-12-01
"2025-12","buenaventura",2,"valle del cauca","homicide",2025-12-01
"2026-01",NA,138,"antioquia","homicide",2026-01-01
"2026-01",NA,93,"atlantico","homicide",2026-01-01
"2026-01",NA,52,"bogota d.c.","homicide",2026-01-01
"2026-01",NA,36,"bolivar","homicide",2026-01-01
"2026-01",NA,55,"cauca","homicide",2026-01-01
"2026-01",NA,23,"huila","homicide",2026-01-01
"2026-01",NA,28,"magdalena","homicide",2026-01-01
"2026-01",NA,14,"meta","homicide",2026-01-01
"2026-01",NA,33,"santander","homicide",2026-01-01
"2026-01",NA,162,"valle del cauca","homicide",2026-01-01
"2026-01",NA,4,"boyaca","homicide",2026-01-01
"2026-01",NA,24,"tolima","homicide",2026-01-01
"2026-01",NA,8,"caldas","homicide",2026-01-01
"2026-01",NA,15,"cundinamarca","homicide",2026-01-01
"2026-01",NA,10,"choco","homicide",2026-01-01
"2026-01",NA,18,"nariño","homicide",2026-01-01
"2026-01",NA,37,"norte de santander","homicide",2026-01-01
"2026-01",NA,14,"quindio","homicide",2026-01-01
"2026-01",NA,22,"risaralda","homicide",2026-01-01
"2026-01",NA,13,"sucre","homicide",2026-01-01
"2026-01","buenaventura",5,"valle del cauca","homicide",2026-01-01
"2026-01",NA,9,"caqueta","homicide",2026-01-01
"2026-01",NA,30,"cesar","homicide",2026-01-01
"2026-01",NA,36,"la guajira","homicide",2026-01-01
"2026-01",NA,5,"putumayo","homicide",2026-01-01
"2026-01","arauca",3,"arauca","homicide",2026-01-01
"2026-01",NA,3,"san andres islas","homicide",2026-01-01
"2026-01",NA,4,"cordoba","homicide",2026-01-01
"2026-01",NA,2,"casanare","homicide",2026-01-01
"2026-01",NA,1,"amazonas","homicide",2026-01-01
"2026-01",NA,29,"guaviare","homicide",2026-01-01
"2026-01",NA,1,"vichada","homicide",2026-01-01
"2026-02",NA,110,"antioquia","homicide",2026-02-01
"2026-02",NA,93,"atlantico","homicide",2026-02-01
"2026-02",NA,47,"bogota d.c.","homicide",2026-02-01
"2026-02",NA,29,"cauca","homicide",2026-02-01
"2026-02",NA,21,"cesar","homicide",2026-02-01
"2026-02",NA,34,"magdalena","homicide",2026-02-01
"2026-02",NA,30,"meta","homicide",2026-02-01
"2026-02",NA,13,"nariño","homicide",2026-02-01
"2026-02",NA,46,"norte de santander","homicide",2026-02-01
"2026-02",NA,26,"santander","homicide",2026-02-01
"2026-02",NA,133,"valle del cauca","homicide",2026-02-01
"2026-02",NA,16,"cundinamarca","homicide",2026-02-01
"2026-02",NA,25,"huila","homicide",2026-02-01
"2026-02",NA,18,"risaralda","homicide",2026-02-01
"2026-02",NA,49,"bolivar","homicide",2026-02-01
"2026-02",NA,13,"caldas","homicide",2026-02-01
"2026-02",NA,15,"choco","homicide",2026-02-01
"2026-02",NA,11,"la guajira","homicide",2026-02-01
"2026-02",NA,11,"quindio","homicide",2026-02-01
"2026-02",NA,6,"casanare","homicide",2026-02-01
"2026-02",NA,10,"caqueta","homicide",2026-02-01
"2026-02",NA,19,"sucre","homicide",2026-02-01
"2026-02",NA,25,"tolima","homicide",2026-02-01
"2026-02","buenaventura",6,"valle del cauca","homicide",2026-02-01
"2026-02","arauca",6,"arauca","homicide",2026-02-01
"2026-02",NA,9,"cordoba","homicide",2026-02-01
"2026-02",NA,4,"putumayo","homicide",2026-02-01
"2026-02",NA,2,"boyaca","homicide",2026-02-01
"2026-02",NA,1,"guaviare","homicide",2026-02-01
"2026-03",NA,106,"antioquia","homicide",2026-03-01
"2026-03",NA,92,"atlantico","homicide",2026-03-01
"2026-03",NA,43,"bogota d.c.","homicide",2026-03-01
"2026-03",NA,11,"caqueta","homicide",2026-03-01
"2026-03",NA,55,"cauca","homicide",2026-03-01
"2026-03",NA,9,"cordoba","homicide",2026-03-01
"2026-03",NA,12,"cundinamarca","homicide",2026-03-01
"2026-03",NA,22,"huila","homicide",2026-03-01
"2026-03",NA,20,"risaralda","homicide",2026-03-01
"2026-03",NA,31,"santander","homicide",2026-03-01
"2026-03",NA,10,"sucre","homicide",2026-03-01
"2026-03",NA,21,"tolima","homicide",2026-03-01
"2026-03",NA,169,"valle del cauca","homicide",2026-03-01
"2026-03",NA,37,"bolivar","homicide",2026-03-01
"2026-03",NA,9,"caldas","homicide",2026-03-01
"2026-03",NA,14,"choco","homicide",2026-03-01
"2026-03",NA,19,"meta","homicide",2026-03-01
"2026-03",NA,18,"nariño","homicide",2026-03-01
"2026-03",NA,44,"norte de santander","homicide",2026-03-01
"2026-03","arauca",7,"arauca","homicide",2026-03-01
"2026-03",NA,15,"la guajira","homicide",2026-03-01
"2026-03",NA,4,"san andres islas","homicide",2026-03-01
"2026-03",NA,19,"cesar","homicide",2026-03-01
"2026-03",NA,27,"magdalena","homicide",2026-03-01
"2026-03","buenaventura",19,"valle del cauca","homicide",2026-03-01
"2026-03",NA,10,"putumayo","homicide",2026-03-01
"2026-03",NA,16,"quindio","homicide",2026-03-01
"2026-03",NA,5,"boyaca","homicide",2026-03-01
"2026-03",NA,4,"casanare","homicide",2026-03-01
"2026-03","tumaco",1,"nariño","homicide",2026-03-01
"2026-03",NA,1,"amazonas","homicide",2026-03-01
"2026-03",NA,1,"vichada","homicide",2026-03-01
"2026-03",NA,24,"cauca","terrorism",2026-03-01
"2026-03",NA,2,"cesar","terrorism",2026-03-01
"2026-03",NA,6,"caqueta","terrorism",2026-03-01
"2026-03",NA,5,"nariño","terrorism",2026-03-01
"2026-03",NA,5,"casanare","terrorism",2026-03-01
"2026-03",NA,8,"norte de santander","terrorism",2026-03-01
"2026-03",NA,2,"la guajira","terrorism",2026-03-01
"2026-03",NA,7,"valle del cauca","terrorism",2026-03-01
"2026-03",NA,6,"huila","terrorism",2026-03-01
"2026-03",NA,5,"antioquia","terrorism",2026-03-01
"2026-03",NA,6,"choco","terrorism",2026-03-01
"2026-03",NA,6,"guaviare","terrorism",2026-03-01
"2026-03","arauca",2,"arauca","terrorism",2026-03-01
"2026-03",NA,9,"bolivar","terrorism",2026-03-01
"2026-03",NA,1,"magdalena","terrorism",2026-03-01
"2026-03",NA,1,"meta","terrorism",2026-03-01
"2026-03",NA,1,"bogota d.c.","terrorism",2026-03-01
"2026-02",NA,30,"cauca","terrorism",2026-02-01
"2026-02",NA,10,"bolivar","terrorism",2026-02-01
"2026-02",NA,1,"choco","terrorism",2026-02-01
"2026-02",NA,4,"valle del cauca","terrorism",2026-02-01
"2026-02",NA,5,"nariño","terrorism",2026-02-01
"2026-02",NA,12,"norte de santander","terrorism",2026-02-01
"2026-02",NA,4,"caqueta","terrorism",2026-02-01
"2026-02",NA,2,"tolima","terrorism",2026-02-01
"2026-02","arauca",7,"arauca","terrorism",2026-02-01
"2026-02",NA,10,"huila","terrorism",2026-02-01
"2026-02",NA,3,"casanare","terrorism",2026-02-01
"2026-02",NA,4,"bogota d.c.","terrorism",2026-02-01
"2026-02",NA,2,"atlantico","terrorism",2026-02-01
"2026-02",NA,1,"magdalena","terrorism",2026-02-01
"2026-02",NA,1,"cundinamarca","terrorism",2026-02-01
"2026-02","buenaventura",2,"valle del cauca","terrorism",2026-02-01
"2026-02",NA,4,"guaviare","terrorism",2026-02-01
"2026-02",NA,6,"antioquia","terrorism",2026-02-01
"2026-02",NA,3,"la guajira","terrorism",2026-02-01
"2026-01",NA,8,"guaviare","terrorism",2026-01-01
"2026-01",NA,34,"cauca","terrorism",2026-01-01
"2026-01",NA,4,"valle del cauca","terrorism",2026-01-01
"2026-01",NA,5,"choco","terrorism",2026-01-01
"2026-01",NA,3,"caqueta","terrorism",2026-01-01
"2026-01",NA,8,"bolivar","terrorism",2026-01-01
"2026-01",NA,12,"norte de santander","terrorism",2026-01-01
"2026-01",NA,5,"nariño","terrorism",2026-01-01
"2026-01","arauca",6,"arauca","terrorism",2026-01-01
"2026-01",NA,1,"cesar","terrorism",2026-01-01
"2026-01",NA,4,"bogota d.c.","terrorism",2026-01-01
"2026-01",NA,6,"antioquia","terrorism",2026-01-01
"2026-01",NA,2,"tolima","terrorism",2026-01-01
"2026-01",NA,3,"casanare","terrorism",2026-01-01
"2026-01",NA,4,"huila","terrorism",2026-01-01
"2026-01",NA,2,"la guajira","terrorism",2026-01-01
"2025-12",NA,6,"antioquia","terrorism",2025-12-01
"2025-12",NA,26,"cauca","terrorism",2025-12-01
"2025-12",NA,1,"casanare","terrorism",2025-12-01
"2025-12",NA,11,"norte de santander","terrorism",2025-12-01
"2025-12","arauca",3,"arauca","terrorism",2025-12-01
"2025-12",NA,7,"nariño","terrorism",2025-12-01
"2025-12",NA,9,"cesar","terrorism",2025-12-01
"2025-12",NA,2,"guaviare","terrorism",2025-12-01
"2025-12",NA,2,"huila","terrorism",2025-12-01
"2025-12",NA,1,"meta","terrorism",2025-12-01
"2025-12",NA,5,"choco","terrorism",2025-12-01
"2025-12","buenaventura",2,"valle del cauca","terrorism",2025-12-01
"2025-12",NA,4,"la guajira","terrorism",2025-12-01
"2025-12",NA,2,"valle del cauca","terrorism",2025-12-01
"2025-12",NA,3,"santander","terrorism",2025-12-01
"2025-12",NA,3,"caqueta","terrorism",2025-12-01
"2025-12",NA,1,"putumayo","terrorism",2025-12-01
"2025-12",NA,1,"magdalena","terrorism",2025-12-01
"2025-12",NA,2,"tolima","terrorism",2025-12-01
"2025-12",NA,1,"sucre","terrorism",2025-12-01
"2025-11",NA,57,"cauca","terrorism",2025-11-01
"2025-11",NA,8,"guaviare","terrorism",2025-11-01
"2025-11",NA,2,"huila","terrorism",2025-11-01
"2025-11",NA,2,"casanare","terrorism",2025-11-01
"2025-11",NA,6,"antioquia","terrorism",2025-11-01
"2025-11","arauca",6,"arauca","terrorism",2025-11-01
"2025-11",NA,2,"caqueta","terrorism",2025-11-01
"2025-11",NA,2,"bolivar","terrorism",2025-11-01
"2025-11",NA,11,"norte de santander","terrorism",2025-11-01
"2025-11",NA,6,"nariño","terrorism",2025-11-01
"2025-11",NA,3,"bogota d.c.","terrorism",2025-11-01
"2025-11","buenaventura",3,"valle del cauca","terrorism",2025-11-01
"2025-11",NA,2,"meta","terrorism",2025-11-01
"2025-11",NA,1,"cesar","terrorism",2025-11-01
"2025-11",NA,7,"valle del cauca","terrorism",2025-11-01
"2025-11",NA,1,"atlantico","terrorism",2025-11-01
"2025-11",NA,1,"magdalena","terrorism",2025-11-01
"2025-11",NA,2,"choco","terrorism",2025-11-01
"2025-11",NA,6,"boyaca","terrorism",2025-11-01
"2025-11",NA,1,"la guajira","terrorism",2025-11-01
"2025-10",NA,2,"huila","terrorism",2025-10-01
"2025-10",NA,31,"cauca","terrorism",2025-10-01
"2025-10","buenaventura",5,"valle del cauca","terrorism",2025-10-01
"2025-10",NA,6,"guaviare","terrorism",2025-10-01
"2025-10",NA,8,"antioquia","terrorism",2025-10-01
"2025-10",NA,4,"cesar","terrorism",2025-10-01
"2025-10",NA,4,"choco","terrorism",2025-10-01
"2025-10","arauca",4,"arauca","terrorism",2025-10-01
"2025-10",NA,9,"valle del cauca","terrorism",2025-10-01
"2025-10",NA,4,"meta","terrorism",2025-10-01
"2025-10",NA,3,"norte de santander","terrorism",2025-10-01
"2025-10",NA,5,"caqueta","terrorism",2025-10-01
"2025-10",NA,2,"nariño","terrorism",2025-10-01
"2025-10",NA,1,"risaralda","terrorism",2025-10-01
"2025-10",NA,6,"bolivar","terrorism",2025-10-01
"2025-10",NA,1,"santander","terrorism",2025-10-01
"2025-10",NA,2,"boyaca","terrorism",2025-10-01
"2025-10",NA,2,"bogota d.c.","terrorism",2025-10-01
"2025-10",NA,1,"sucre","terrorism",2025-10-01
"2025-09",NA,6,"nariño","terrorism",2025-09-01
"2025-09","arauca",7,"arauca","terrorism",2025-09-01
"2025-09",NA,6,"norte de santander","terrorism",2025-09-01
"2025-09",NA,3,"bolivar","terrorism",2025-09-01
"2025-09",NA,2,"atlantico","terrorism",2025-09-01
"2025-09",NA,10,"choco","terrorism",2025-09-01
"2025-09",NA,28,"cauca","terrorism",2025-09-01
"2025-09",NA,2,"huila","terrorism",2025-09-01
"2025-09",NA,10,"valle del cauca","terrorism",2025-09-01
"2025-09",NA,13,"antioquia","terrorism",2025-09-01
"2025-09","buenaventura",1,"valle del cauca","terrorism",2025-09-01
"2025-09",NA,2,"casanare","terrorism",2025-09-01
"2025-09",NA,1,"santander","terrorism",2025-09-01
"2025-09",NA,2,"cesar","terrorism",2025-09-01
"2025-09",NA,1,"tolima","terrorism",2025-09-01
"2025-09",NA,1,"caqueta","terrorism",2025-09-01
"2025-09",NA,3,"meta","terrorism",2025-09-01
"2025-09",NA,2,"bogota d.c.","terrorism",2025-09-01
"2025-09",NA,1,"sucre","terrorism",2025-09-01
"2025-09",NA,1,"la guajira","terrorism",2025-09-01
"2025-09",NA,1,"putumayo","terrorism",2025-09-01
"2025-09",NA,1,"guaviare","terrorism",2025-09-01
"2025-09",NA,1,"quindio","terrorism",2025-09-01
"2025-08","arauca",7,"arauca","terrorism",2025-08-01
"2025-08",NA,13,"antioquia","terrorism",2025-08-01
"2025-08",NA,15,"cauca","terrorism",2025-08-01
"2025-08",NA,8,"huila","terrorism",2025-08-01
"2025-08","buenaventura",1,"valle del cauca","terrorism",2025-08-01
"2025-08",NA,5,"bogota d.c.","terrorism",2025-08-01
"2025-08",NA,32,"valle del cauca","terrorism",2025-08-01
"2025-08",NA,9,"guaviare","terrorism",2025-08-01
"2025-08",NA,11,"norte de santander","terrorism",2025-08-01
"2025-08",NA,4,"meta","terrorism",2025-08-01
"2025-08",NA,4,"choco","terrorism",2025-08-01
"2025-08",NA,1,"putumayo","terrorism",2025-08-01
"2025-08",NA,5,"bolivar","terrorism",2025-08-01
"2025-08",NA,3,"cesar","terrorism",2025-08-01
"2025-08",NA,5,"caqueta","terrorism",2025-08-01
"2025-08",NA,7,"nariño","terrorism",2025-08-01
"2025-08",NA,1,"casanare","terrorism",2025-08-01
"2025-08",NA,1,"magdalena","terrorism",2025-08-01
"2025-07",NA,18,"antioquia","terrorism",2025-07-01
"2025-07",NA,45,"cauca","terrorism",2025-07-01
"2025-07",NA,2,"bogota d.c.","terrorism",2025-07-01
"2025-07",NA,1,"vichada","terrorism",2025-07-01
"2025-07","arauca",10,"arauca","terrorism",2025-07-01
"2025-07",NA,19,"norte de santander","terrorism",2025-07-01
"2025-07",NA,18,"valle del cauca","terrorism",2025-07-01
"2025-07",NA,3,"casanare","terrorism",2025-07-01
"2025-07",NA,2,"nariño","terrorism",2025-07-01
"2025-07",NA,8,"meta","terrorism",2025-07-01
"2025-07",NA,4,"bolivar","terrorism",2025-07-01
"2025-07",NA,6,"choco","terrorism",2025-07-01
"2025-07",NA,1,"cundinamarca","terrorism",2025-07-01
"2025-07",NA,7,"cesar","terrorism",2025-07-01
"2025-07","buenaventura",5,"valle del cauca","terrorism",2025-07-01
"2025-07",NA,5,"boyaca","terrorism",2025-07-01
"2025-07",NA,6,"guaviare","terrorism",2025-07-01
"2025-07",NA,2,"santander","terrorism",2025-07-01
"2025-07",NA,1,"putumayo","terrorism",2025-07-01
"2025-07",NA,2,"huila","terrorism",2025-07-01
"2025-07",NA,1,"caqueta","terrorism",2025-07-01
"2025-06",NA,39,"cauca","terrorism",2025-06-01
"2025-06",NA,10,"nariño","terrorism",2025-06-01
"2025-06",NA,3,"meta","terrorism",2025-06-01
"2025-06",NA,3,"santander","terrorism",2025-06-01
"2025-06",NA,2,"bolivar","terrorism",2025-06-01
"2025-06",NA,2,"choco","terrorism",2025-06-01
"2025-06",NA,7,"huila","terrorism",2025-06-01
"2025-06",NA,35,"valle del cauca","terrorism",2025-06-01
"2025-06",NA,2,"cesar","terrorism",2025-06-01
"2025-06",NA,5,"norte de santander","terrorism",2025-06-01
"2025-06",NA,1,"putumayo","terrorism",2025-06-01
"2025-06",NA,3,"guaviare","terrorism",2025-06-01
"2025-06",NA,3,"bogota d.c.","terrorism",2025-06-01
"2025-06",NA,1,"la guajira","terrorism",2025-06-01
"2025-06",NA,9,"antioquia","terrorism",2025-06-01
"2025-06",NA,1,"cordoba","terrorism",2025-06-01
"2025-06","buenaventura",6,"valle del cauca","terrorism",2025-06-01
"2025-06",NA,1,"magdalena","terrorism",2025-06-01
"2025-06","arauca",1,"arauca","terrorism",2025-06-01
"2025-06",NA,1,"caqueta","terrorism",2025-06-01
"2025-05",NA,7,"norte de santander","terrorism",2025-05-01
"2025-05","arauca",5,"arauca","terrorism",2025-05-01
"2025-05",NA,4,"nariño","terrorism",2025-05-01
"2025-05",NA,21,"cauca","terrorism",2025-05-01
"2025-05",NA,5,"huila","terrorism",2025-05-01
"2025-05",NA,4,"choco","terrorism",2025-05-01
"2025-05",NA,17,"valle del cauca","terrorism",2025-05-01
"2025-05",NA,6,"cesar","terrorism",2025-05-01
"2025-05",NA,2,"casanare","terrorism",2025-05-01
"2025-05",NA,4,"guaviare","terrorism",2025-05-01
"2025-05",NA,4,"antioquia","terrorism",2025-05-01
"2025-05",NA,3,"bogota d.c.","terrorism",2025-05-01
"2025-05",NA,2,"cundinamarca","terrorism",2025-05-01
"2025-05",NA,1,"putumayo","terrorism",2025-05-01
"2025-05",NA,2,"sucre","terrorism",2025-05-01
"2025-05",NA,2,"caqueta","terrorism",2025-05-01
"2025-05",NA,2,"bolivar","terrorism",2025-05-01
"2025-05",NA,1,"la guajira","terrorism",2025-05-01
"2025-05",NA,2,"cordoba","terrorism",2025-05-01
"2025-04",NA,26,"cauca","terrorism",2025-04-01
"2025-04","arauca",8,"arauca","terrorism",2025-04-01
"2025-04",NA,11,"norte de santander","terrorism",2025-04-01
"2025-04",NA,2,"sucre","terrorism",2025-04-01
"2025-04",NA,17,"choco","terrorism",2025-04-01
"2025-04",NA,1,"cesar","terrorism",2025-04-01
"2025-04",NA,6,"caqueta","terrorism",2025-04-01
"2025-04",NA,7,"valle del cauca","terrorism",2025-04-01
"2025-04",NA,5,"bolivar","terrorism",2025-04-01
"2025-04",NA,6,"antioquia","terrorism",2025-04-01
"2025-04",NA,13,"huila","terrorism",2025-04-01
"2025-04",NA,3,"nariño","terrorism",2025-04-01
"2025-04",NA,2,"tolima","terrorism",2025-04-01
"2025-04","buenaventura",3,"valle del cauca","terrorism",2025-04-01
"2025-04",NA,2,"guaviare","terrorism",2025-04-01
"2025-04",NA,4,"bogota d.c.","terrorism",2025-04-01
"2025-04",NA,2,"casanare","terrorism",2025-04-01
"2025-04",NA,1,"la guajira","terrorism",2025-04-01
"2025-04",NA,1,"boyaca","terrorism",2025-04-01
"2025-04",NA,1,"meta","terrorism",2025-04-01
"2025-04",NA,1,"putumayo","terrorism",2025-04-01
"2025-03","arauca",8,"arauca","terrorism",2025-03-01
"2025-03",NA,13,"norte de santander","terrorism",2025-03-01
"2025-03",NA,6,"choco","terrorism",2025-03-01
"2025-03",NA,1,"tolima","terrorism",2025-03-01
"2025-03",NA,35,"cauca","terrorism",2025-03-01
"2025-03",NA,6,"valle del cauca","terrorism",2025-03-01
"2025-03",NA,4,"bogota d.c.","terrorism",2025-03-01
"2025-03",NA,4,"huila","terrorism",2025-03-01
"2025-03",NA,6,"guaviare","terrorism",2025-03-01
"2025-03",NA,3,"bolivar","terrorism",2025-03-01
"2025-03",NA,1,"nariño","terrorism",2025-03-01
"2025-03",NA,1,"putumayo","terrorism",2025-03-01
"2025-03",NA,1,"meta","terrorism",2025-03-01
"2025-03","buenaventura",2,"valle del cauca","terrorism",2025-03-01
"2025-03",NA,2,"caqueta","terrorism",2025-03-01
"2025-03",NA,2,"antioquia","terrorism",2025-03-01
"2025-03",NA,1,"magdalena","terrorism",2025-03-01
"2025-03",NA,1,"boyaca","terrorism",2025-03-01
"2025-02",NA,6,"bolivar","terrorism",2025-02-01
"2025-02",NA,4,"valle del cauca","terrorism",2025-02-01
"2025-02",NA,2,"guaviare","terrorism",2025-02-01
"2025-02",NA,2,"bogota d.c.","terrorism",2025-02-01
"2025-02",NA,17,"norte de santander","terrorism",2025-02-01
"2025-02",NA,3,"meta","terrorism",2025-02-01
"2025-02",NA,36,"cauca","terrorism",2025-02-01
"2025-02",NA,18,"choco","terrorism",2025-02-01
"2025-02",NA,2,"antioquia","terrorism",2025-02-01
"2025-02",NA,1,"caqueta","terrorism",2025-02-01
"2025-02",NA,2,"nariño","terrorism",2025-02-01
"2025-02","arauca",11,"arauca","terrorism",2025-02-01
"2025-02",NA,6,"huila","terrorism",2025-02-01
"2025-02",NA,1,"santander","terrorism",2025-02-01
"2025-02",NA,1,"cesar","terrorism",2025-02-01
"2025-02","buenaventura",2,"valle del cauca","terrorism",2025-02-01
"2025-02",NA,1,"la guajira","terrorism",2025-02-01
"2025-02",NA,1,"boyaca","terrorism",2025-02-01
"2025-01",NA,5,"bolivar","terrorism",2025-01-01
"2025-01",NA,9,"choco","terrorism",2025-01-01
"2025-01",NA,26,"cauca","terrorism",2025-01-01
"2025-01",NA,14,"valle del cauca","terrorism",2025-01-01
"2025-01","arauca",15,"arauca","terrorism",2025-01-01
"2025-01",NA,3,"antioquia","terrorism",2025-01-01
"2025-01",NA,3,"putumayo","terrorism",2025-01-01
"2025-01","tumaco",1,"nariño","terrorism",2025-01-01
"2025-01",NA,6,"guaviare","terrorism",2025-01-01
"2025-01",NA,2,"sucre","terrorism",2025-01-01
"2025-01",NA,7,"norte de santander","terrorism",2025-01-01
"2025-01","buenaventura",2,"valle del cauca","terrorism",2025-01-01
"2025-01",NA,1,"risaralda","terrorism",2025-01-01
"2025-01",NA,3,"caqueta","terrorism",2025-01-01
"2025-01",NA,2,"la guajira","terrorism",2025-01-01
"2025-01",NA,2,"nariño","terrorism",2025-01-01
"2025-01",NA,3,"huila","terrorism",2025-01-01
"2025-01",NA,1,"cesar","terrorism",2025-01-01
"2025-01",NA,3,"bogota d.c.","terrorism",2025-01-01
"2025-01",NA,1,"tolima","terrorism",2025-01-01
"2025-01",NA,1,"cundinamarca","terrorism",2025-01-01
"2024-12",NA,1,"guaviare","terrorism",2024-12-01
"2024-12",NA,8,"norte de santander","terrorism",2024-12-01
"2024-12",NA,4,"putumayo","terrorism",2024-12-01
"2024-12",NA,9,"choco","terrorism",2024-12-01
"2024-12",NA,1,"la guajira","terrorism",2024-12-01
"2024-12",NA,5,"antioquia","terrorism",2024-12-01
"2024-12",NA,4,"valle del cauca","terrorism",2024-12-01
"2024-12",NA,1,"meta","terrorism",2024-12-01
"2024-12",NA,2,"cesar","terrorism",2024-12-01
"2024-12",NA,8,"huila","terrorism",2024-12-01
"2024-12","buenaventura",1,"valle del cauca","terrorism",2024-12-01
"2024-12","arauca",2,"arauca","terrorism",2024-12-01
"2024-12",NA,4,"cauca","terrorism",2024-12-01
"2024-12",NA,1,"tolima","terrorism",2024-12-01
"2024-12",NA,1,"nariño","terrorism",2024-12-01
"2024-12",NA,2,"caqueta","terrorism",2024-12-01
"2024-11",NA,6,"huila","terrorism",2024-11-01
"2024-11",NA,21,"cauca","terrorism",2024-11-01
"2024-11",NA,5,"caqueta","terrorism",2024-11-01
"2024-11",NA,2,"tolima","terrorism",2024-11-01
"2024-11",NA,8,"norte de santander","terrorism",2024-11-01
"2024-11","arauca",5,"arauca","terrorism",2024-11-01
"2024-11",NA,9,"valle del cauca","terrorism",2024-11-01
"2024-11",NA,4,"casanare","terrorism",2024-11-01
"2024-11",NA,4,"choco","terrorism",2024-11-01
"2024-11",NA,1,"cordoba","terrorism",2024-11-01
"2024-11",NA,1,"boyaca","terrorism",2024-11-01
"2024-11",NA,1,"putumayo","terrorism",2024-11-01
"2024-10",NA,18,"norte de santander","terrorism",2024-10-01
"2024-10",NA,1,"caqueta","terrorism",2024-10-01
"2024-10",NA,13,"choco","terrorism",2024-10-01
"2024-10",NA,5,"huila","terrorism",2024-10-01
"2024-10",NA,1,"santander","terrorism",2024-10-01
"2024-10",NA,4,"antioquia","terrorism",2024-10-01
"2024-10",NA,22,"cauca","terrorism",2024-10-01
"2024-10",NA,2,"putumayo","terrorism",2024-10-01
"2024-10",NA,3,"casanare","terrorism",2024-10-01
"2024-10",NA,3,"tolima","terrorism",2024-10-01
"2024-10",NA,8,"bolivar","terrorism",2024-10-01
"2024-10",NA,7,"bogota d.c.","terrorism",2024-10-01
"2024-10","arauca",5,"arauca","terrorism",2024-10-01
"2024-10",NA,4,"valle del cauca","terrorism",2024-10-01
"2024-10",NA,2,"guaviare","terrorism",2024-10-01
"2024-10",NA,1,"meta","terrorism",2024-10-01
"2024-10",NA,1,"magdalena","terrorism",2024-10-01
"2024-09",NA,11,"huila","terrorism",2024-09-01
"2024-09",NA,16,"norte de santander","terrorism",2024-09-01
"2024-09",NA,4,"bolivar","terrorism",2024-09-01
"2024-09",NA,2,"cundinamarca","terrorism",2024-09-01
"2024-09",NA,12,"choco","terrorism",2024-09-01
"2024-09",NA,22,"cauca","terrorism",2024-09-01
"2024-09",NA,4,"valle del cauca","terrorism",2024-09-01
"2024-09",NA,8,"antioquia","terrorism",2024-09-01
"2024-09",NA,1,"guaviare","terrorism",2024-09-01
"2024-09",NA,3,"casanare","terrorism",2024-09-01
"2024-09",NA,1,"guainia","terrorism",2024-09-01
"2024-09","arauca",14,"arauca","terrorism",2024-09-01
"2024-09",NA,6,"bogota d.c.","terrorism",2024-09-01
"2024-09",NA,1,"magdalena","terrorism",2024-09-01
"2024-09",NA,2,"cesar","terrorism",2024-09-01
"2024-09",NA,6,"caqueta","terrorism",2024-09-01
"2024-09",NA,4,"boyaca","terrorism",2024-09-01
"2024-09",NA,2,"nariño","terrorism",2024-09-01
"2024-09","tumaco",1,"nariño","terrorism",2024-09-01
"2024-08",NA,35,"cauca","terrorism",2024-08-01
"2024-08","arauca",14,"arauca","terrorism",2024-08-01
"2024-08",NA,12,"norte de santander","terrorism",2024-08-01
"2024-08",NA,6,"bogota d.c.","terrorism",2024-08-01
"2024-08",NA,7,"valle del cauca","terrorism",2024-08-01
"2024-08",NA,7,"tolima","terrorism",2024-08-01
"2024-08",NA,4,"bolivar","terrorism",2024-08-01
"2024-08",NA,12,"antioquia","terrorism",2024-08-01
"2024-08",NA,7,"choco","terrorism",2024-08-01
"2024-08",NA,1,"cundinamarca","terrorism",2024-08-01
"2024-08",NA,4,"nariño","terrorism",2024-08-01
"2024-08",NA,8,"huila","terrorism",2024-08-01
"2024-08",NA,7,"guaviare","terrorism",2024-08-01
"2024-08",NA,1,"santander","terrorism",2024-08-01
"2024-08",NA,3,"caqueta","terrorism",2024-08-01
"2024-08","tumaco",1,"nariño","terrorism",2024-08-01
"2024-08",NA,1,"putumayo","terrorism",2024-08-01
"2024-08",NA,1,"vaupes","terrorism",2024-08-01
"2024-08",NA,1,"casanare","terrorism",2024-08-01
"2024-08",NA,1,"magdalena","terrorism",2024-08-01
"2024-07",NA,6,"bogota d.c.","terrorism",2024-07-01
"2024-07",NA,3,"caqueta","terrorism",2024-07-01
"2024-07",NA,8,"choco","terrorism",2024-07-01
"2024-07",NA,2,"tolima","terrorism",2024-07-01
"2024-07",NA,44,"cauca","terrorism",2024-07-01
"2024-07",NA,1,"atlantico","terrorism",2024-07-01
"2024-07",NA,7,"bolivar","terrorism",2024-07-01
"2024-07",NA,3,"nariño","terrorism",2024-07-01
"2024-07",NA,3,"la guajira","terrorism",2024-07-01
"2024-07",NA,10,"huila","terrorism",2024-07-01
"2024-07",NA,6,"valle del cauca","terrorism",2024-07-01
"2024-07",NA,16,"norte de santander","terrorism",2024-07-01
"2024-07",NA,5,"meta","terrorism",2024-07-01
"2024-07",NA,1,"putumayo","terrorism",2024-07-01
"2024-07",NA,5,"antioquia","terrorism",2024-07-01
"2024-07","arauca",12,"arauca","terrorism",2024-07-01
"2024-07","buenaventura",1,"valle del cauca","terrorism",2024-07-01
"2024-07",NA,1,"cesar","terrorism",2024-07-01
"2024-07",NA,3,"boyaca","terrorism",2024-07-01
"2024-06","arauca",8,"arauca","terrorism",2024-06-01
"2024-06",NA,6,"antioquia","terrorism",2024-06-01
"2024-06",NA,29,"cauca","terrorism",2024-06-01
"2024-06",NA,3,"magdalena","terrorism",2024-06-01
"2024-06",NA,4,"norte de santander","terrorism",2024-06-01
"2024-06",NA,17,"valle del cauca","terrorism",2024-06-01
"2024-06",NA,7,"choco","terrorism",2024-06-01
"2024-06",NA,9,"nariño","terrorism",2024-06-01
"2024-06",NA,2,"bolivar","terrorism",2024-06-01
"2024-06",NA,4,"huila","terrorism",2024-06-01
"2024-06",NA,2,"risaralda","terrorism",2024-06-01
"2024-06",NA,1,"cesar","terrorism",2024-06-01
"2024-06",NA,1,"tolima","terrorism",2024-06-01
"2024-06",NA,8,"meta","terrorism",2024-06-01
"2024-06",NA,2,"caqueta","terrorism",2024-06-01
"2024-06",NA,1,"bogota d.c.","terrorism",2024-06-01
"2024-06",NA,1,"guaviare","terrorism",2024-06-01
"2024-06","buenaventura",2,"valle del cauca","terrorism",2024-06-01
"2024-05",NA,8,"huila","terrorism",2024-05-01
"2024-05",NA,15,"antioquia","terrorism",2024-05-01
"2024-05",NA,36,"cauca","terrorism",2024-05-01
"2024-05",NA,4,"casanare","terrorism",2024-05-01
"2024-05","arauca",1,"arauca","terrorism",2024-05-01
"2024-05",NA,2,"caqueta","terrorism",2024-05-01
"2024-05",NA,1,"cordoba","terrorism",2024-05-01
"2024-05",NA,5,"choco","terrorism",2024-05-01
"2024-05",NA,6,"norte de santander","terrorism",2024-05-01
"2024-05",NA,7,"valle del cauca","terrorism",2024-05-01
"2024-05",NA,2,"santander","terrorism",2024-05-01
"2024-05",NA,6,"bolivar","terrorism",2024-05-01
"2024-05",NA,6,"meta","terrorism",2024-05-01
"2024-05",NA,4,"nariño","terrorism",2024-05-01
"2024-05",NA,2,"bogota d.c.","terrorism",2024-05-01
"2024-05",NA,1,"putumayo","terrorism",2024-05-01
"2024-05",NA,1,"magdalena","terrorism",2024-05-01
"2024-05","buenaventura",1,"valle del cauca","terrorism",2024-05-01
"2024-05",NA,1,"guaviare","terrorism",2024-05-01
"2024-04",NA,7,"choco","terrorism",2024-04-01
"2024-04",NA,11,"casanare","terrorism",2024-04-01
"2024-04",NA,5,"caqueta","terrorism",2024-04-01
"2024-04",NA,5,"huila","terrorism",2024-04-01
"2024-04",NA,24,"cauca","terrorism",2024-04-01
"2024-04",NA,6,"guaviare","terrorism",2024-04-01
"2024-04",NA,5,"bolivar","terrorism",2024-04-01
"2024-04",NA,1,"la guajira","terrorism",2024-04-01
"2024-04",NA,3,"bogota d.c.","terrorism",2024-04-01
"2024-04",NA,1,"tolima","terrorism",2024-04-01
"2024-04",NA,1,"meta","terrorism",2024-04-01
"2024-04",NA,4,"antioquia","terrorism",2024-04-01
"2024-04",NA,23,"valle del cauca","terrorism",2024-04-01
"2024-04",NA,2,"norte de santander","terrorism",2024-04-01
"2024-04",NA,1,"magdalena","terrorism",2024-04-01
"2024-04",NA,1,"atlantico","terrorism",2024-04-01
"2024-04","arauca",1,"arauca","terrorism",2024-04-01
"2024-04",NA,1,"sucre","terrorism",2024-04-01
"2024-04",NA,2,"putumayo","terrorism",2024-04-01
"2024-04",NA,1,"nariño","terrorism",2024-04-01
"2024-03",NA,4,"valle del cauca","terrorism",2024-03-01
"2024-03",NA,5,"antioquia","terrorism",2024-03-01
"2024-03",NA,2,"quindio","terrorism",2024-03-01
"2024-03",NA,10,"huila","terrorism",2024-03-01
"2024-03",NA,18,"cauca","terrorism",2024-03-01
"2024-03",NA,6,"norte de santander","terrorism",2024-03-01
"2024-03",NA,1,"bolivar","terrorism",2024-03-01
"2024-03",NA,4,"choco","terrorism",2024-03-01
"2024-03",NA,2,"meta","terrorism",2024-03-01
"2024-03",NA,3,"nariño","terrorism",2024-03-01
"2024-03","arauca",3,"arauca","terrorism",2024-03-01
"2024-03",NA,1,"sucre","terrorism",2024-03-01
"2024-03",NA,3,"guaviare","terrorism",2024-03-01
"2024-03",NA,1,"santander","terrorism",2024-03-01
"2024-03",NA,1,"bogota d.c.","terrorism",2024-03-01
"2024-03",NA,1,"risaralda","terrorism",2024-03-01
"2024-03",NA,2,"cesar","terrorism",2024-03-01
"2024-03",NA,3,"magdalena","terrorism",2024-03-01
"2024-03","tumaco",1,"nariño","terrorism",2024-03-01
"2024-03","buenaventura",1,"valle del cauca","terrorism",2024-03-01
"2024-03",NA,1,"caqueta","terrorism",2024-03-01
"2024-02",NA,3,"nariño","terrorism",2024-02-01
"2024-02",NA,4,"norte de santander","terrorism",2024-02-01
"2024-02",NA,9,"antioquia","terrorism",2024-02-01
"2024-02",NA,2,"meta","terrorism",2024-02-01
"2024-02",NA,3,"huila","terrorism",2024-02-01
"2024-02",NA,2,"putumayo","terrorism",2024-02-01
"2024-02",NA,19,"cauca","terrorism",2024-02-01
"2024-02",NA,3,"bolivar","terrorism",2024-02-01
"2024-02",NA,1,"bogota d.c.","terrorism",2024-02-01
"2024-02",NA,1,"cesar","terrorism",2024-02-01
"2024-02","arauca",4,"arauca","terrorism",2024-02-01
"2024-02",NA,2,"caqueta","terrorism",2024-02-01
"2024-02",NA,3,"choco","terrorism",2024-02-01
"2024-02",NA,2,"valle del cauca","terrorism",2024-02-01
"2024-02",NA,2,"santander","terrorism",2024-02-01
"2024-02",NA,1,"atlantico","terrorism",2024-02-01
"2024-02",NA,1,"magdalena","terrorism",2024-02-01
"2024-02",NA,1,"guaviare","terrorism",2024-02-01
"2024-02",NA,1,"tolima","terrorism",2024-02-01
"2024-01",NA,1,"santander","terrorism",2024-01-01
"2024-01",NA,7,"bolivar","terrorism",2024-01-01
"2024-01",NA,7,"antioquia","terrorism",2024-01-01
"2024-01",NA,1,"cesar","terrorism",2024-01-01
"2024-01",NA,12,"cauca","terrorism",2024-01-01
"2024-01",NA,1,"caqueta","terrorism",2024-01-01
"2024-01",NA,1,"caldas","terrorism",2024-01-01
"2024-01",NA,2,"choco","terrorism",2024-01-01
"2024-01",NA,7,"valle del cauca","terrorism",2024-01-01
"2024-01",NA,6,"nariño","terrorism",2024-01-01
"2024-01",NA,1,"magdalena","terrorism",2024-01-01
"2024-01",NA,1,"huila","terrorism",2024-01-01
"2024-01",NA,2,"bogota d.c.","terrorism",2024-01-01
"2024-01",NA,3,"norte de santander","terrorism",2024-01-01
"2024-01","arauca",2,"arauca","terrorism",2024-01-01
"2024-01",NA,1,"cordoba","terrorism",2024-01-01
"2024-01",NA,2,"putumayo","terrorism",2024-01-01
"2023-12",NA,1,"quindio","terrorism",2023-12-01
"2023-12",NA,2,"choco","terrorism",2023-12-01
"2023-12","arauca",3,"arauca","terrorism",2023-12-01
"2023-12",NA,1,"bolivar","terrorism",2023-12-01
"2023-12",NA,10,"antioquia","terrorism",2023-12-01
"2023-12",NA,7,"cauca","terrorism",2023-12-01
"2023-12",NA,6,"norte de santander","terrorism",2023-12-01
"2023-12",NA,2,"meta","terrorism",2023-12-01
"2023-12",NA,1,"nariño","terrorism",2023-12-01
"2023-12",NA,3,"la guajira","terrorism",2023-12-01
"2023-12",NA,2,"huila","terrorism",2023-12-01
"2023-12",NA,2,"valle del cauca","terrorism",2023-12-01
"2023-12",NA,1,"atlantico","terrorism",2023-12-01
"2023-12",NA,2,"cundinamarca","terrorism",2023-12-01
"2023-12","buenaventura",1,"valle del cauca","terrorism",2023-12-01
"2023-12",NA,1,"caqueta","terrorism",2023-12-01
"2023-11",NA,9,"antioquia","terrorism",2023-11-01
"2023-11",NA,4,"choco","terrorism",2023-11-01
"2023-11",NA,5,"norte de santander","terrorism",2023-11-01
"2023-11",NA,1,"cesar","terrorism",2023-11-01
"2023-11",NA,11,"cauca","terrorism",2023-11-01
"2023-11","arauca",2,"arauca","terrorism",2023-11-01
"2023-11",NA,2,"bogota d.c.","terrorism",2023-11-01
"2023-11",NA,1,"caqueta","terrorism",2023-11-01
"2023-11",NA,1,"atlantico","terrorism",2023-11-01
"2023-11",NA,3,"bolivar","terrorism",2023-11-01
"2023-11",NA,2,"huila","terrorism",2023-11-01
"2023-11",NA,1,"meta","terrorism",2023-11-01
"2023-11",NA,1,"la guajira","terrorism",2023-11-01
"2023-11",NA,1,"valle del cauca","terrorism",2023-11-01
"2023-11",NA,3,"nariño","terrorism",2023-11-01
"2023-11",NA,1,"magdalena","terrorism",2023-11-01
"2023-11",NA,1,"putumayo","terrorism",2023-11-01
"2023-11",NA,1,"casanare","terrorism",2023-11-01
"2023-10",NA,4,"choco","terrorism",2023-10-01
"2023-10",NA,13,"cauca","terrorism",2023-10-01
"2023-10",NA,2,"cordoba","terrorism",2023-10-01
"2023-10",NA,2,"putumayo","terrorism",2023-10-01
"2023-10","arauca",6,"arauca","terrorism",2023-10-01
"2023-10",NA,2,"santander","terrorism",2023-10-01
"2023-10",NA,6,"antioquia","terrorism",2023-10-01
"2023-10",NA,2,"meta","terrorism",2023-10-01
"2023-10",NA,3,"nariño","terrorism",2023-10-01
"2023-10",NA,4,"huila","terrorism",2023-10-01
"2023-10",NA,5,"valle del cauca","terrorism",2023-10-01
"2023-10",NA,2,"bolivar","terrorism",2023-10-01
"2023-10",NA,1,"atlantico","terrorism",2023-10-01
"2023-10",NA,2,"casanare","terrorism",2023-10-01
"2023-10",NA,3,"norte de santander","terrorism",2023-10-01
"2023-10",NA,1,"bogota d.c.","terrorism",2023-10-01
"2023-10",NA,1,"caqueta","terrorism",2023-10-01
"2023-10",NA,2,"guaviare","terrorism",2023-10-01
"2023-10","buenaventura",1,"valle del cauca","terrorism",2023-10-01
"2023-09",NA,7,"nariño","terrorism",2023-09-01
"2023-09",NA,5,"norte de santander","terrorism",2023-09-01
"2023-09",NA,4,"choco","terrorism",2023-09-01
"2023-09",NA,26,"cauca","terrorism",2023-09-01
"2023-09",NA,2,"atlantico","terrorism",2023-09-01
"2023-09","arauca",2,"arauca","terrorism",2023-09-01
"2023-09",NA,10,"valle del cauca","terrorism",2023-09-01
"2023-09",NA,1,"cordoba","terrorism",2023-09-01
"2023-09","tumaco",2,"nariño","terrorism",2023-09-01
"2023-09",NA,11,"antioquia","terrorism",2023-09-01
"2023-09",NA,4,"bogota d.c.","terrorism",2023-09-01
"2023-09",NA,1,"magdalena","terrorism",2023-09-01
"2023-09",NA,3,"meta","terrorism",2023-09-01
"2023-09",NA,3,"bolivar","terrorism",2023-09-01
"2023-09",NA,2,"huila","terrorism",2023-09-01
"2023-09",NA,1,"caqueta","terrorism",2023-09-01
"2023-09",NA,1,"santander","terrorism",2023-09-01
"2023-08",NA,14,"norte de santander","terrorism",2023-08-01
"2023-08",NA,6,"meta","terrorism",2023-08-01
"2023-08",NA,5,"bolivar","terrorism",2023-08-01
"2023-08",NA,4,"valle del cauca","terrorism",2023-08-01
"2023-08",NA,33,"cauca","terrorism",2023-08-01
"2023-08",NA,4,"atlantico","terrorism",2023-08-01
"2023-08",NA,5,"choco","terrorism",2023-08-01
"2023-08",NA,7,"antioquia","terrorism",2023-08-01
"2023-08",NA,3,"tolima","terrorism",2023-08-01
"2023-08",NA,27,"nariño","terrorism",2023-08-01
"2023-08",NA,1,"huila","terrorism",2023-08-01
"2023-08",NA,2,"magdalena","terrorism",2023-08-01
"2023-08","arauca",1,"arauca","terrorism",2023-08-01
"2023-08",NA,1,"la guajira","terrorism",2023-08-01
"2023-08",NA,1,"casanare","terrorism",2023-08-01
"2023-08",NA,2,"caldas","terrorism",2023-08-01
"2023-08",NA,1,"santander","terrorism",2023-08-01
"2023-08",NA,1,"caqueta","terrorism",2023-08-01
"2023-08",NA,1,"putumayo","terrorism",2023-08-01
"2023-08",NA,1,"cordoba","terrorism",2023-08-01
"2023-07","arauca",8,"arauca","terrorism",2023-07-01
"2023-07",NA,20,"cauca","terrorism",2023-07-01
"2023-07",NA,1,"caqueta","terrorism",2023-07-01
"2023-07",NA,7,"valle del cauca","terrorism",2023-07-01
"2023-07",NA,10,"antioquia","terrorism",2023-07-01
"2023-07",NA,5,"huila","terrorism",2023-07-01
"2023-07",NA,6,"nariño","terrorism",2023-07-01
"2023-07",NA,1,"caldas","terrorism",2023-07-01
"2023-07",NA,19,"norte de santander","terrorism",2023-07-01
"2023-07",NA,2,"cesar","terrorism",2023-07-01
"2023-07",NA,7,"choco","terrorism",2023-07-01
"2023-07",NA,1,"bogota d.c.","terrorism",2023-07-01
"2023-07",NA,1,"putumayo","terrorism",2023-07-01
"2023-07",NA,2,"meta","terrorism",2023-07-01
"2023-07",NA,4,"santander","terrorism",2023-07-01
"2023-07",NA,2,"guaviare","terrorism",2023-07-01
"2023-07","buenaventura",1,"valle del cauca","terrorism",2023-07-01
"2023-07",NA,1,"bolivar","terrorism",2023-07-01
"2023-07",NA,2,"magdalena","terrorism",2023-07-01
"2023-07",NA,1,"la guajira","terrorism",2023-07-01
"2023-07",NA,1,"amazonas","terrorism",2023-07-01
"2023-06","arauca",4,"arauca","terrorism",2023-06-01
"2023-06",NA,6,"choco","terrorism",2023-06-01
"2023-06",NA,17,"antioquia","terrorism",2023-06-01
"2023-06",NA,1,"bogota d.c.","terrorism",2023-06-01
"2023-06",NA,6,"norte de santander","terrorism",2023-06-01
"2023-06",NA,15,"cauca","terrorism",2023-06-01
"2023-06",NA,7,"nariño","terrorism",2023-06-01
"2023-06",NA,10,"valle del cauca","terrorism",2023-06-01
"2023-06",NA,2,"guaviare","terrorism",2023-06-01
"2023-06",NA,2,"putumayo","terrorism",2023-06-01
"2023-06",NA,2,"caqueta","terrorism",2023-06-01
"2023-06",NA,2,"atlantico","terrorism",2023-06-01
"2023-06",NA,1,"boyaca","terrorism",2023-06-01
"2023-06",NA,3,"tolima","terrorism",2023-06-01
"2023-06",NA,1,"huila","terrorism",2023-06-01
"2023-06",NA,1,"cundinamarca","terrorism",2023-06-01
"2023-06",NA,1,"cesar","terrorism",2023-06-01
"2023-05",NA,1,"casanare","terrorism",2023-05-01
"2023-05",NA,3,"antioquia","terrorism",2023-05-01
"2023-05","arauca",9,"arauca","terrorism",2023-05-01
"2023-05",NA,1,"cordoba","terrorism",2023-05-01
"2023-05",NA,8,"cauca","terrorism",2023-05-01
"2023-05",NA,7,"norte de santander","terrorism",2023-05-01
"2023-05",NA,2,"huila","terrorism",2023-05-01
"2023-05",NA,5,"choco","terrorism",2023-05-01
"2023-05",NA,1,"putumayo","terrorism",2023-05-01
"2023-05",NA,3,"caqueta","terrorism",2023-05-01
"2023-05",NA,1,"guaviare","terrorism",2023-05-01
"2023-05",NA,1,"sucre","terrorism",2023-05-01
"2023-05",NA,1,"meta","terrorism",2023-05-01
"2023-05",NA,1,"bogota d.c.","terrorism",2023-05-01
"2023-05",NA,2,"nariño","terrorism",2023-05-01
"2023-05",NA,1,"cesar","terrorism",2023-05-01
"2023-04",NA,3,"putumayo","terrorism",2023-04-01
"2023-04",NA,3,"santander","terrorism",2023-04-01
"2023-04",NA,6,"valle del cauca","terrorism",2023-04-01
"2023-04",NA,12,"cauca","terrorism",2023-04-01
"2023-04",NA,4,"tolima","terrorism",2023-04-01
"2023-04",NA,7,"nariño","terrorism",2023-04-01
"2023-04",NA,7,"norte de santander","terrorism",2023-04-01
"2023-04",NA,2,"choco","terrorism",2023-04-01
"2023-04",NA,3,"antioquia","terrorism",2023-04-01
"2023-04",NA,1,"meta","terrorism",2023-04-01
"2023-04","arauca",1,"arauca","terrorism",2023-04-01
"2023-04",NA,2,"atlantico","terrorism",2023-04-01
"2023-04",NA,1,"bogota d.c.","terrorism",2023-04-01
"2023-03",NA,9,"bolivar","terrorism",2023-03-01
"2023-03",NA,10,"nariño","terrorism",2023-03-01
"2023-03",NA,9,"norte de santander","terrorism",2023-03-01
"2023-03",NA,6,"valle del cauca","terrorism",2023-03-01
"2023-03",NA,1,"magdalena","terrorism",2023-03-01
"2023-03",NA,3,"cauca","terrorism",2023-03-01
"2023-03",NA,2,"atlantico","terrorism",2023-03-01
"2023-03",NA,2,"guaviare","terrorism",2023-03-01
"2023-03",NA,1,"bogota d.c.","terrorism",2023-03-01
"2023-03",NA,17,"antioquia","terrorism",2023-03-01
"2023-03",NA,1,"putumayo","terrorism",2023-03-01
"2023-03","arauca",7,"arauca","terrorism",2023-03-01
"2023-03",NA,1,"meta","terrorism",2023-03-01
"2023-03",NA,2,"santander","terrorism",2023-03-01
"2023-03",NA,1,"cesar","terrorism",2023-03-01
"2023-03",NA,1,"vichada","terrorism",2023-03-01
"2023-03",NA,1,"cordoba","terrorism",2023-03-01
"2023-03",NA,1,"boyaca","terrorism",2023-03-01
"2023-02",NA,16,"antioquia","terrorism",2023-02-01
"2023-02","arauca",6,"arauca","terrorism",2023-02-01
"2023-02",NA,2,"bogota d.c.","terrorism",2023-02-01
"2023-02",NA,11,"norte de santander","terrorism",2023-02-01
"2023-02",NA,1,"cordoba","terrorism",2023-02-01
"2023-02",NA,2,"bolivar","terrorism",2023-02-01
"2023-02",NA,2,"nariño","terrorism",2023-02-01
"2023-02",NA,4,"magdalena","terrorism",2023-02-01
"2023-02",NA,8,"choco","terrorism",2023-02-01
"2023-02",NA,4,"cauca","terrorism",2023-02-01
"2023-02",NA,1,"guaviare","terrorism",2023-02-01
"2023-02",NA,1,"tolima","terrorism",2023-02-01
"2023-02",NA,1,"cesar","terrorism",2023-02-01
"2023-02",NA,1,"la guajira","terrorism",2023-02-01
"2023-02",NA,1,"santander","terrorism",2023-02-01
"2023-01","tumaco",1,"nariño","terrorism",2023-01-01
"2023-01",NA,5,"nariño","terrorism",2023-01-01
"2023-01",NA,8,"norte de santander","terrorism",2023-01-01
"2023-01",NA,6,"magdalena","terrorism",2023-01-01
"2023-01",NA,3,"atlantico","terrorism",2023-01-01
"2023-01",NA,1,"santander","terrorism",2023-01-01
"2023-01",NA,6,"cauca","terrorism",2023-01-01
"2023-01",NA,3,"valle del cauca","terrorism",2023-01-01
"2023-01",NA,9,"antioquia","terrorism",2023-01-01
"2023-01",NA,6,"choco","terrorism",2023-01-01
"2023-01",NA,2,"sucre","terrorism",2023-01-01
"2023-01",NA,2,"cordoba","terrorism",2023-01-01
"2023-01",NA,6,"bolivar","terrorism",2023-01-01
"2023-01",NA,1,"bogota d.c.","terrorism",2023-01-01
"2022-12",NA,12,"cauca","terrorism",2022-12-01
"2022-12",NA,1,"boyaca","terrorism",2022-12-01
"2022-12",NA,1,"santander","terrorism",2022-12-01
"2022-12",NA,1,"bogota d.c.","terrorism",2022-12-01
"2022-12",NA,3,"valle del cauca","terrorism",2022-12-01
"2022-12",NA,2,"meta","terrorism",2022-12-01
"2022-12",NA,1,"choco","terrorism",2022-12-01
"2022-12",NA,1,"casanare","terrorism",2022-12-01
"2022-12",NA,1,"norte de santander","terrorism",2022-12-01
"2022-12",NA,1,"cundinamarca","terrorism",2022-12-01
"2022-12",NA,1,"magdalena","terrorism",2022-12-01
"2022-12",NA,2,"nariño","terrorism",2022-12-01
"2022-12",NA,2,"cesar","terrorism",2022-12-01
"2022-12",NA,1,"bolivar","terrorism",2022-12-01
"2022-12","tumaco",1,"nariño","terrorism",2022-12-01
"2022-11",NA,1,"caqueta","terrorism",2022-11-01
"2022-11",NA,1,"cauca","terrorism",2022-11-01
"2022-11",NA,1,"valle del cauca","terrorism",2022-11-01
"2022-11",NA,1,"guaviare","terrorism",2022-11-01
"2022-11",NA,3,"antioquia","terrorism",2022-11-01
"2022-11",NA,5,"norte de santander","terrorism",2022-11-01
"2022-11","arauca",8,"arauca","terrorism",2022-11-01
"2022-11",NA,1,"risaralda","terrorism",2022-11-01
"2022-11",NA,2,"santander","terrorism",2022-11-01
"2022-11",NA,2,"nariño","terrorism",2022-11-01
"2022-11",NA,3,"bolivar","terrorism",2022-11-01
"2022-11",NA,1,"meta","terrorism",2022-11-01
"2022-11",NA,2,"choco","terrorism",2022-11-01
"2022-10",NA,1,"magdalena","terrorism",2022-10-01
"2022-10",NA,1,"bolivar","terrorism",2022-10-01
"2022-10",NA,1,"valle del cauca","terrorism",2022-10-01
"2022-10",NA,12,"choco","terrorism",2022-10-01
"2022-10","arauca",2,"arauca","terrorism",2022-10-01
"2022-10",NA,5,"norte de santander","terrorism",2022-10-01
"2022-10",NA,1,"caqueta","terrorism",2022-10-01
"2022-10",NA,6,"sucre","terrorism",2022-10-01
"2022-10",NA,3,"antioquia","terrorism",2022-10-01
"2022-10",NA,1,"atlantico","terrorism",2022-10-01
"2022-10",NA,2,"nariño","terrorism",2022-10-01
"2022-10",NA,1,"bogota d.c.","terrorism",2022-10-01
"2022-09",NA,2,"choco","terrorism",2022-09-01
"2022-09",NA,4,"norte de santander","terrorism",2022-09-01
"2022-09",NA,5,"cauca","terrorism",2022-09-01
"2022-09",NA,2,"valle del cauca","terrorism",2022-09-01
"2022-09",NA,5,"antioquia","terrorism",2022-09-01
"2022-09",NA,1,"caqueta","terrorism",2022-09-01
"2022-09",NA,1,"guaviare","terrorism",2022-09-01
"2022-09",NA,1,"cordoba","terrorism",2022-09-01
"2022-09",NA,1,"huila","terrorism",2022-09-01
"2022-08",NA,2,"bolivar","terrorism",2022-08-01
"2022-08",NA,1,"tolima","terrorism",2022-08-01
"2022-08",NA,1,"santander","terrorism",2022-08-01
"2022-08",NA,10,"choco","terrorism",2022-08-01
"2022-08",NA,2,"meta","terrorism",2022-08-01
"2022-08",NA,3,"magdalena","terrorism",2022-08-01
"2022-08",NA,6,"norte de santander","terrorism",2022-08-01
"2022-08",NA,3,"cauca","terrorism",2022-08-01
"2022-08",NA,1,"casanare","terrorism",2022-08-01
"2022-08","arauca",1,"arauca","terrorism",2022-08-01
"2022-08",NA,1,"putumayo","terrorism",2022-08-01
"2022-08",NA,2,"antioquia","terrorism",2022-08-01
"2022-08",NA,2,"sucre","terrorism",2022-08-01
"2022-07",NA,15,"norte de santander","terrorism",2022-07-01
"2022-07",NA,1,"tolima","terrorism",2022-07-01
"2022-07",NA,9,"choco","terrorism",2022-07-01
"2022-07",NA,7,"cauca","terrorism",2022-07-01
"2022-07",NA,6,"cordoba","terrorism",2022-07-01
"2022-07",NA,2,"nariño","terrorism",2022-07-01
"2022-07",NA,1,"valle del cauca","terrorism",2022-07-01
"2022-07",NA,6,"sucre","terrorism",2022-07-01
"2022-07",NA,15,"antioquia","terrorism",2022-07-01
"2022-07",NA,2,"cesar","terrorism",2022-07-01
"2022-07",NA,2,"magdalena","terrorism",2022-07-01
"2022-07",NA,8,"bolivar","terrorism",2022-07-01
"2022-07","arauca",1,"arauca","terrorism",2022-07-01
"2022-07",NA,1,"meta","terrorism",2022-07-01
"2022-06",NA,2,"santander","terrorism",2022-06-01
"2022-06",NA,5,"antioquia","terrorism",2022-06-01
"2022-06",NA,1,"sucre","terrorism",2022-06-01
"2022-06",NA,5,"norte de santander","terrorism",2022-06-01
"2022-06","arauca",1,"arauca","terrorism",2022-06-01
"2022-06",NA,3,"cauca","terrorism",2022-06-01
"2022-06",NA,1,"casanare","terrorism",2022-06-01
"2022-06",NA,3,"nariño","terrorism",2022-06-01
"2022-06",NA,1,"valle del cauca","terrorism",2022-06-01
"2022-06",NA,1,"magdalena","terrorism",2022-06-01
"2022-05",NA,1,"putumayo","terrorism",2022-05-01
"2022-05",NA,3,"meta","terrorism",2022-05-01
"2022-05",NA,1,"casanare","terrorism",2022-05-01
"2022-05",NA,3,"cauca","terrorism",2022-05-01
"2022-05",NA,7,"magdalena","terrorism",2022-05-01
"2022-05",NA,123,"antioquia","terrorism",2022-05-01
"2022-05",NA,6,"choco","terrorism",2022-05-01
"2022-05","arauca",4,"arauca","terrorism",2022-05-01
"2022-05",NA,7,"norte de santander","terrorism",2022-05-01
"2022-05","tumaco",1,"nariño","terrorism",2022-05-01
"2022-05",NA,24,"cordoba","terrorism",2022-05-01
"2022-05",NA,1,"huila","terrorism",2022-05-01
"2022-05",NA,13,"bolivar","terrorism",2022-05-01
"2022-05",NA,1,"la guajira","terrorism",2022-05-01
"2022-05",NA,29,"sucre","terrorism",2022-05-01
"2022-05","buenaventura",2,"valle del cauca","terrorism",2022-05-01
"2022-05",NA,11,"cesar","terrorism",2022-05-01
"2022-05",NA,1,"caqueta","terrorism",2022-05-01
"2022-05",NA,1,"atlantico","terrorism",2022-05-01
"2022-05",NA,1,"valle del cauca","terrorism",2022-05-01
"2022-04",NA,10,"antioquia","terrorism",2022-04-01
"2022-04",NA,1,"quindio","terrorism",2022-04-01
"2022-04",NA,1,"bogota d.c.","terrorism",2022-04-01
"2022-04",NA,6,"cauca","terrorism",2022-04-01
"2022-04",NA,5,"nariño","terrorism",2022-04-01
"2022-04",NA,1,"casanare","terrorism",2022-04-01
"2022-04",NA,9,"norte de santander","terrorism",2022-04-01
"2022-04",NA,1,"choco","terrorism",2022-04-01
"2022-04","arauca",1,"arauca","terrorism",2022-04-01
"2022-04",NA,1,"meta","terrorism",2022-04-01
"2022-04",NA,1,"valle del cauca","terrorism",2022-04-01
"2022-04",NA,1,"caqueta","terrorism",2022-04-01
"2022-03",NA,20,"norte de santander","terrorism",2022-03-01
"2022-03",NA,4,"choco","terrorism",2022-03-01
"2022-03",NA,6,"antioquia","terrorism",2022-03-01
"2022-03",NA,3,"bogota d.c.","terrorism",2022-03-01
"2022-03",NA,1,"valle del cauca","terrorism",2022-03-01
"2022-03",NA,4,"cauca","terrorism",2022-03-01
"2022-03",NA,1,"santander","terrorism",2022-03-01
"2022-03",NA,1,"huila","terrorism",2022-03-01
"2022-03",NA,1,"cesar","terrorism",2022-03-01
"2022-02",NA,31,"norte de santander","terrorism",2022-02-01
"2022-02",NA,6,"choco","terrorism",2022-02-01
"2022-02",NA,3,"bolivar","terrorism",2022-02-01
"2022-02",NA,7,"antioquia","terrorism",2022-02-01
"2022-02",NA,9,"nariño","terrorism",2022-02-01
"2022-02",NA,5,"huila","terrorism",2022-02-01
"2022-02",NA,8,"cesar","terrorism",2022-02-01
"2022-02",NA,3,"valle del cauca","terrorism",2022-02-01
"2022-02",NA,11,"cauca","terrorism",2022-02-01
"2022-02",NA,1,"casanare","terrorism",2022-02-01
"2022-02",NA,2,"santander","terrorism",2022-02-01
"2022-02","arauca",3,"arauca","terrorism",2022-02-01
"2022-02",NA,3,"magdalena","terrorism",2022-02-01
"2022-02",NA,1,"sucre","terrorism",2022-02-01
"2022-02",NA,1,"cordoba","terrorism",2022-02-01
"2022-02",NA,1,"meta","terrorism",2022-02-01
"2022-02",NA,1,"guaviare","terrorism",2022-02-01
"2022-01",NA,2,"la guajira","terrorism",2022-01-01
"2022-01",NA,23,"norte de santander","terrorism",2022-01-01
"2022-01",NA,1,"casanare","terrorism",2022-01-01
"2022-01","arauca",13,"arauca","terrorism",2022-01-01
"2022-01",NA,5,"antioquia","terrorism",2022-01-01
"2022-01",NA,7,"valle del cauca","terrorism",2022-01-01
"2022-01",NA,5,"cauca","terrorism",2022-01-01
"2022-01",NA,3,"cesar","terrorism",2022-01-01
"2022-01",NA,8,"choco","terrorism",2022-01-01
"2022-01",NA,1,"guaviare","terrorism",2022-01-01
"2022-01",NA,3,"nariño","terrorism",2022-01-01
"2022-01",NA,1,"sucre","terrorism",2022-01-01
"2022-01",NA,1,"meta","terrorism",2022-01-01
"2021-12",NA,5,"cauca","terrorism",2021-12-01
"2021-12",NA,1,"atlantico","terrorism",2021-12-01
"2021-12",NA,5,"norte de santander","terrorism",2021-12-01
"2021-12","arauca",3,"arauca","terrorism",2021-12-01
"2021-12",NA,2,"bolivar","terrorism",2021-12-01
"2021-12",NA,4,"nariño","terrorism",2021-12-01
"2021-12",NA,3,"antioquia","terrorism",2021-12-01
"2021-12",NA,4,"valle del cauca","terrorism",2021-12-01
"2021-12",NA,1,"caqueta","terrorism",2021-12-01
"2021-12",NA,3,"choco","terrorism",2021-12-01
"2021-12",NA,4,"meta","terrorism",2021-12-01
"2021-12",NA,1,"guaviare","terrorism",2021-12-01
"2021-12",NA,2,"bogota d.c.","terrorism",2021-12-01
"2021-11",NA,7,"antioquia","terrorism",2021-11-01
"2021-11",NA,2,"meta","terrorism",2021-11-01
"2021-11",NA,4,"cauca","terrorism",2021-11-01
"2021-11",NA,7,"norte de santander","terrorism",2021-11-01
"2021-11",NA,8,"nariño","terrorism",2021-11-01
"2021-11",NA,1,"bogota d.c.","terrorism",2021-11-01
"2021-11","arauca",3,"arauca","terrorism",2021-11-01
"2021-11",NA,2,"cordoba","terrorism",2021-11-01
"2021-11",NA,2,"bolivar","terrorism",2021-11-01
"2021-11",NA,4,"choco","terrorism",2021-11-01
"2021-11",NA,1,"caqueta","terrorism",2021-11-01
"2021-11",NA,1,"valle del cauca","terrorism",2021-11-01
"2021-11",NA,1,"casanare","terrorism",2021-11-01
"2021-10",NA,13,"norte de santander","terrorism",2021-10-01
"2021-10",NA,3,"bogota d.c.","terrorism",2021-10-01
"2021-10","buenaventura",4,"valle del cauca","terrorism",2021-10-01
"2021-10",NA,8,"cauca","terrorism",2021-10-01
"2021-10",NA,4,"antioquia","terrorism",2021-10-01
"2021-10",NA,2,"bolivar","terrorism",2021-10-01
"2021-10",NA,1,"sucre","terrorism",2021-10-01
"2021-10",NA,1,"choco","terrorism",2021-10-01
"2021-10",NA,1,"guainia","terrorism",2021-10-01
"2021-10",NA,1,"casanare","terrorism",2021-10-01
"2021-10",NA,2,"santander","terrorism",2021-10-01
"2021-10","arauca",4,"arauca","terrorism",2021-10-01
"2021-10",NA,1,"nariño","terrorism",2021-10-01
"2021-10",NA,2,"meta","terrorism",2021-10-01
"2021-10",NA,1,"cundinamarca","terrorism",2021-10-01
"2021-10",NA,1,"valle del cauca","terrorism",2021-10-01
"2021-09",NA,2,"bolivar","terrorism",2021-09-01
"2021-09",NA,9,"norte de santander","terrorism",2021-09-01
"2021-09",NA,3,"cauca","terrorism",2021-09-01
"2021-09",NA,7,"valle del cauca","terrorism",2021-09-01
"2021-09","arauca",7,"arauca","terrorism",2021-09-01
"2021-09",NA,3,"nariño","terrorism",2021-09-01
"2021-09",NA,1,"quindio","terrorism",2021-09-01
"2021-09",NA,1,"cordoba","terrorism",2021-09-01
"2021-09",NA,5,"antioquia","terrorism",2021-09-01
"2021-09","tumaco",2,"nariño","terrorism",2021-09-01
"2021-09",NA,1,"caqueta","terrorism",2021-09-01
"2021-09",NA,1,"santander","terrorism",2021-09-01
"2021-09",NA,1,"meta","terrorism",2021-09-01
"2021-09",NA,1,"choco","terrorism",2021-09-01
"2021-09",NA,2,"atlantico","terrorism",2021-09-01
"2021-09",NA,1,"casanare","terrorism",2021-09-01
"2021-08",NA,7,"norte de santander","terrorism",2021-08-01
"2021-08",NA,4,"tolima","terrorism",2021-08-01
"2021-08",NA,10,"antioquia","terrorism",2021-08-01
"2021-08",NA,3,"bogota d.c.","terrorism",2021-08-01
"2021-08",NA,3,"nariño","terrorism",2021-08-01
"2021-08","arauca",3,"arauca","terrorism",2021-08-01
"2021-08","tumaco",1,"nariño","terrorism",2021-08-01
"2021-08",NA,3,"casanare","terrorism",2021-08-01
"2021-08",NA,1,"magdalena","terrorism",2021-08-01
"2021-08",NA,1,"cesar","terrorism",2021-08-01
"2021-08",NA,1,"bolivar","terrorism",2021-08-01
"2021-08",NA,1,"cauca","terrorism",2021-08-01
"2021-08",NA,3,"choco","terrorism",2021-08-01
"2021-08",NA,1,"valle del cauca","terrorism",2021-08-01
"2021-08",NA,1,"santander","terrorism",2021-08-01
"2021-08",NA,1,"cundinamarca","terrorism",2021-08-01
"2021-07",NA,5,"nariño","terrorism",2021-07-01
"2021-07",NA,2,"huila","terrorism",2021-07-01
"2021-07",NA,9,"norte de santander","terrorism",2021-07-01
"2021-07",NA,9,"cauca","terrorism",2021-07-01
"2021-07",NA,2,"magdalena","terrorism",2021-07-01
"2021-07",NA,3,"choco","terrorism",2021-07-01
"2021-07","arauca",4,"arauca","terrorism",2021-07-01
"2021-07",NA,4,"antioquia","terrorism",2021-07-01
"2021-07",NA,1,"santander","terrorism",2021-07-01
"2021-07",NA,1,"la guajira","terrorism",2021-07-01
"2021-07",NA,3,"valle del cauca","terrorism",2021-07-01
"2021-07",NA,1,"cundinamarca","terrorism",2021-07-01
"2021-07",NA,1,"bolivar","terrorism",2021-07-01
"2021-07",NA,1,"quindio","terrorism",2021-07-01
"2021-07",NA,1,"casanare","terrorism",2021-07-01
"2021-07",NA,1,"tolima","terrorism",2021-07-01
"2021-07","tumaco",1,"nariño","terrorism",2021-07-01
"2021-06","arauca",3,"arauca","terrorism",2021-06-01
"2021-06",NA,17,"antioquia","terrorism",2021-06-01
"2021-06",NA,4,"bogota d.c.","terrorism",2021-06-01
"2021-06",NA,1,"cundinamarca","terrorism",2021-06-01
"2021-06",NA,1,"tolima","terrorism",2021-06-01
"2021-06",NA,18,"norte de santander","terrorism",2021-06-01
"2021-06",NA,3,"choco","terrorism",2021-06-01
"2021-06",NA,2,"guaviare","terrorism",2021-06-01
"2021-06",NA,1,"meta","terrorism",2021-06-01
"2021-06",NA,1,"bolivar","terrorism",2021-06-01
"2021-06",NA,2,"nariño","terrorism",2021-06-01
"2021-06",NA,11,"valle del cauca","terrorism",2021-06-01
"2021-06",NA,2,"cauca","terrorism",2021-06-01
"2021-06",NA,1,"huila","terrorism",2021-06-01
"2021-05",NA,2,"cesar","terrorism",2021-05-01
"2021-05",NA,6,"bogota d.c.","terrorism",2021-05-01
"2021-05",NA,15,"norte de santander","terrorism",2021-05-01
"2021-05",NA,12,"cauca","terrorism",2021-05-01
"2021-05",NA,29,"valle del cauca","terrorism",2021-05-01
"2021-05",NA,6,"cundinamarca","terrorism",2021-05-01
"2021-05",NA,3,"meta","terrorism",2021-05-01
"2021-05","arauca",2,"arauca","terrorism",2021-05-01
"2021-05",NA,5,"choco","terrorism",2021-05-01
"2021-05",NA,3,"santander","terrorism",2021-05-01
"2021-05",NA,13,"antioquia","terrorism",2021-05-01
"2021-05","buenaventura",3,"valle del cauca","terrorism",2021-05-01
"2021-05",NA,4,"nariño","terrorism",2021-05-01
"2021-05",NA,1,"guaviare","terrorism",2021-05-01
"2021-05",NA,1,"casanare","terrorism",2021-05-01
"2021-05",NA,1,"risaralda","terrorism",2021-05-01
"2021-05","tumaco",1,"nariño","terrorism",2021-05-01
"2021-05",NA,2,"bolivar","terrorism",2021-05-01
"2021-05",NA,2,"caldas","terrorism",2021-05-01
"2021-05",NA,1,"la guajira","terrorism",2021-05-01
"2021-04",NA,2,"atlantico","terrorism",2021-04-01
"2021-04",NA,13,"antioquia","terrorism",2021-04-01
"2021-04",NA,10,"valle del cauca","terrorism",2021-04-01
"2021-04",NA,1,"risaralda","terrorism",2021-04-01
"2021-04",NA,11,"choco","terrorism",2021-04-01
"2021-04",NA,1,"quindio","terrorism",2021-04-01
"2021-04",NA,1,"santander","terrorism",2021-04-01
"2021-04",NA,4,"caldas","terrorism",2021-04-01
"2021-04",NA,2,"bogota d.c.","terrorism",2021-04-01
"2021-04",NA,1,"tolima","terrorism",2021-04-01
"2021-04",NA,1,"meta","terrorism",2021-04-01
"2021-04",NA,10,"nariño","terrorism",2021-04-01
"2021-04",NA,2,"putumayo","terrorism",2021-04-01
"2021-04",NA,4,"cauca","terrorism",2021-04-01
"2021-04",NA,1,"caqueta","terrorism",2021-04-01
"2021-04",NA,4,"norte de santander","terrorism",2021-04-01
"2021-04",NA,1,"magdalena","terrorism",2021-04-01
"2021-04",NA,1,"la guajira","terrorism",2021-04-01
"2021-04",NA,1,"guaviare","terrorism",2021-04-01
"2021-03",NA,3,"valle del cauca","terrorism",2021-03-01
"2021-03",NA,15,"antioquia","terrorism",2021-03-01
"2021-03","buenaventura",2,"valle del cauca","terrorism",2021-03-01
"2021-03",NA,9,"cauca","terrorism",2021-03-01
"2021-03",NA,2,"cordoba","terrorism",2021-03-01
"2021-03",NA,1,"caqueta","terrorism",2021-03-01
"2021-03",NA,1,"nariño","terrorism",2021-03-01
"2021-03",NA,1,"bogota d.c.","terrorism",2021-03-01
"2021-03","arauca",5,"arauca","terrorism",2021-03-01
"2021-03",NA,3,"norte de santander","terrorism",2021-03-01
"2021-03",NA,1,"choco","terrorism",2021-03-01
"2021-03",NA,1,"cesar","terrorism",2021-03-01
"2021-03",NA,1,"la guajira","terrorism",2021-03-01
"2021-03",NA,1,"magdalena","terrorism",2021-03-01
"2021-02",NA,1,"meta","terrorism",2021-02-01
"2021-02",NA,8,"antioquia","terrorism",2021-02-01
"2021-02",NA,3,"nariño","terrorism",2021-02-01
"2021-02",NA,1,"la guajira","terrorism",2021-02-01
"2021-02",NA,3,"choco","terrorism",2021-02-01
"2021-02",NA,3,"norte de santander","terrorism",2021-02-01
"2021-02",NA,1,"cauca","terrorism",2021-02-01
"2021-02","arauca",3,"arauca","terrorism",2021-02-01
"2021-02",NA,1,"putumayo","terrorism",2021-02-01
"2021-02",NA,1,"atlantico","terrorism",2021-02-01
"2021-02",NA,1,"tolima","terrorism",2021-02-01
"2021-02",NA,1,"bogota d.c.","terrorism",2021-02-01
"2021-02",NA,1,"magdalena","terrorism",2021-02-01
"2021-02",NA,6,"casanare","terrorism",2021-02-01
"2021-01",NA,1,"casanare","terrorism",2021-01-01
"2021-01",NA,2,"putumayo","terrorism",2021-01-01
"2021-01",NA,7,"norte de santander","terrorism",2021-01-01
"2021-01",NA,2,"meta","terrorism",2021-01-01
"2021-01",NA,6,"choco","terrorism",2021-01-01
"2021-01","arauca",8,"arauca","terrorism",2021-01-01
"2021-01","tumaco",1,"nariño","terrorism",2021-01-01
"2021-01",NA,1,"valle del cauca","terrorism",2021-01-01
"2021-01",NA,1,"atlantico","terrorism",2021-01-01
"2021-01",NA,2,"nariño","terrorism",2021-01-01
"2021-01",NA,1,"cauca","terrorism",2021-01-01
"2021-01",NA,3,"antioquia","terrorism",2021-01-01
"2020-12",NA,3,"norte de santander","terrorism",2020-12-01
"2020-12",NA,5,"antioquia","terrorism",2020-12-01
"2020-12","arauca",8,"arauca","terrorism",2020-12-01
"2020-12",NA,2,"bolivar","terrorism",2020-12-01
"2020-12",NA,2,"nariño","terrorism",2020-12-01
"2020-12",NA,1,"tolima","terrorism",2020-12-01
"2020-12",NA,1,"valle del cauca","terrorism",2020-12-01
"2020-12",NA,1,"putumayo","terrorism",2020-12-01
"2020-12",NA,1,"choco","terrorism",2020-12-01
"2020-11",NA,2,"cauca","terrorism",2020-11-01
"2020-11","arauca",2,"arauca","terrorism",2020-11-01
"2020-11",NA,1,"bolivar","terrorism",2020-11-01
"2020-11",NA,2,"norte de santander","terrorism",2020-11-01
"2020-11","tumaco",1,"nariño","terrorism",2020-11-01
"2020-11",NA,2,"valle del cauca","terrorism",2020-11-01
"2020-11",NA,6,"nariño","terrorism",2020-11-01
"2020-11",NA,1,"meta","terrorism",2020-11-01
"2020-11",NA,2,"antioquia","terrorism",2020-11-01
"2020-10",NA,7,"nariño","terrorism",2020-10-01
"2020-10",NA,2,"cauca","terrorism",2020-10-01
"2020-10",NA,3,"norte de santander","terrorism",2020-10-01
"2020-10","arauca",3,"arauca","terrorism",2020-10-01
"2020-10",NA,2,"choco","terrorism",2020-10-01
"2020-10",NA,2,"cesar","terrorism",2020-10-01
"2020-10",NA,2,"bogota d.c.","terrorism",2020-10-01
"2020-10",NA,1,"quindio","terrorism",2020-10-01
"2020-10",NA,1,"la guajira","terrorism",2020-10-01
"2020-10",NA,2,"meta","terrorism",2020-10-01
"2020-10",NA,4,"antioquia","terrorism",2020-10-01
"2020-10",NA,1,"casanare","terrorism",2020-10-01
"2020-10",NA,2,"bolivar","terrorism",2020-10-01
"2020-10",NA,1,"caldas","terrorism",2020-10-01
"2020-09",NA,1,"sucre","terrorism",2020-09-01
"2020-09",NA,1,"cordoba","terrorism",2020-09-01
"2020-09",NA,5,"caqueta","terrorism",2020-09-01
"2020-09","arauca",7,"arauca","terrorism",2020-09-01
"2020-09",NA,4,"choco","terrorism",2020-09-01
"2020-09",NA,5,"cauca","terrorism",2020-09-01
"2020-09",NA,6,"antioquia","terrorism",2020-09-01
"2020-09",NA,4,"valle del cauca","terrorism",2020-09-01
"2020-09",NA,1,"norte de santander","terrorism",2020-09-01
"2020-09",NA,1,"guaviare","terrorism",2020-09-01
"2020-09",NA,5,"bolivar","terrorism",2020-09-01
"2020-09",NA,3,"cesar","terrorism",2020-09-01
"2020-09",NA,1,"cundinamarca","terrorism",2020-09-01
"2020-09",NA,7,"bogota d.c.","terrorism",2020-09-01
"2020-09",NA,1,"quindio","terrorism",2020-09-01
"2020-09",NA,1,"meta","terrorism",2020-09-01
"2020-09",NA,2,"putumayo","terrorism",2020-09-01
"2020-08",NA,2,"putumayo","terrorism",2020-08-01
"2020-08",NA,1,"guaviare","terrorism",2020-08-01
"2020-08",NA,4,"cauca","terrorism",2020-08-01
"2020-08",NA,4,"bolivar","terrorism",2020-08-01
"2020-08",NA,4,"norte de santander","terrorism",2020-08-01
"2020-08",NA,1,"choco","terrorism",2020-08-01
"2020-08",NA,2,"antioquia","terrorism",2020-08-01
"2020-08","arauca",1,"arauca","terrorism",2020-08-01
"2020-08",NA,1,"cundinamarca","terrorism",2020-08-01
"2020-08",NA,1,"valle del cauca","terrorism",2020-08-01
"2020-08",NA,1,"caqueta","terrorism",2020-08-01
"2020-08",NA,1,"nariño","terrorism",2020-08-01
"2020-07","arauca",7,"arauca","terrorism",2020-07-01
"2020-07",NA,1,"cundinamarca","terrorism",2020-07-01
"2020-07",NA,1,"guaviare","terrorism",2020-07-01
"2020-07",NA,2,"choco","terrorism",2020-07-01
"2020-07",NA,2,"antioquia","terrorism",2020-07-01
"2020-07",NA,4,"bolivar","terrorism",2020-07-01
"2020-07",NA,5,"cauca","terrorism",2020-07-01
"2020-07",NA,3,"valle del cauca","terrorism",2020-07-01
"2020-07",NA,1,"meta","terrorism",2020-07-01
"2020-07",NA,2,"nariño","terrorism",2020-07-01
"2020-07",NA,1,"norte de santander","terrorism",2020-07-01
"2020-07",NA,1,"caldas","terrorism",2020-07-01
"2020-06","arauca",1,"arauca","terrorism",2020-06-01
"2020-06",NA,3,"cauca","terrorism",2020-06-01
"2020-06",NA,1,"valle del cauca","terrorism",2020-06-01
"2020-06",NA,4,"bolivar","terrorism",2020-06-01
"2020-06",NA,1,"atlantico","terrorism",2020-06-01
"2020-06",NA,1,"norte de santander","terrorism",2020-06-01
"2020-05",NA,2,"bogota d.c.","terrorism",2020-05-01
"2020-05","tumaco",1,"nariño","terrorism",2020-05-01
"2020-05",NA,7,"antioquia","terrorism",2020-05-01
"2020-05",NA,4,"norte de santander","terrorism",2020-05-01
"2020-05",NA,1,"valle del cauca","terrorism",2020-05-01
"2020-05",NA,3,"choco","terrorism",2020-05-01
"2020-05","arauca",11,"arauca","terrorism",2020-05-01
"2020-05",NA,2,"bolivar","terrorism",2020-05-01
"2020-05",NA,1,"guaviare","terrorism",2020-05-01
"2020-05",NA,7,"cauca","terrorism",2020-05-01
"2020-05",NA,1,"nariño","terrorism",2020-05-01
"2020-05",NA,2,"cordoba","terrorism",2020-05-01
"2020-05",NA,1,"atlantico","terrorism",2020-05-01
"2020-05","buenaventura",1,"valle del cauca","terrorism",2020-05-01
"2020-04",NA,1,"bolivar","terrorism",2020-04-01
"2020-04",NA,2,"norte de santander","terrorism",2020-04-01
"2020-04",NA,10,"cauca","terrorism",2020-04-01
"2020-04",NA,7,"antioquia","terrorism",2020-04-01
"2020-04",NA,3,"valle del cauca","terrorism",2020-04-01
"2020-04",NA,1,"meta","terrorism",2020-04-01
"2020-04",NA,1,"caqueta","terrorism",2020-04-01
"2020-04",NA,1,"putumayo","terrorism",2020-04-01
"2020-04","arauca",1,"arauca","terrorism",2020-04-01
"2020-03",NA,7,"cauca","terrorism",2020-03-01
"2020-03",NA,6,"valle del cauca","terrorism",2020-03-01
"2020-03",NA,3,"antioquia","terrorism",2020-03-01
"2020-03",NA,1,"bogota d.c.","terrorism",2020-03-01
"2020-03",NA,2,"caldas","terrorism",2020-03-01
"2020-03",NA,1,"choco","terrorism",2020-03-01
"2020-03",NA,1,"caqueta","terrorism",2020-03-01
"2020-03",NA,1,"guaviare","terrorism",2020-03-01
"2020-03",NA,1,"meta","terrorism",2020-03-01
"2020-03","tumaco",1,"nariño","terrorism",2020-03-01
"2020-03","arauca",1,"arauca","terrorism",2020-03-01
"2020-02",NA,5,"cauca","terrorism",2020-02-01
"2020-02",NA,2,"cundinamarca","terrorism",2020-02-01
"2020-02",NA,5,"choco","terrorism",2020-02-01
"2020-02","arauca",20,"arauca","terrorism",2020-02-01
"2020-02",NA,2,"meta","terrorism",2020-02-01
"2020-02",NA,8,"antioquia","terrorism",2020-02-01
"2020-02",NA,3,"bolivar","terrorism",2020-02-01
"2020-02",NA,20,"norte de santander","terrorism",2020-02-01
"2020-02",NA,2,"caqueta","terrorism",2020-02-01
"2020-02",NA,8,"cesar","terrorism",2020-02-01
"2020-02",NA,1,"magdalena","terrorism",2020-02-01
"2020-02",NA,1,"nariño","terrorism",2020-02-01
"2020-02",NA,2,"tolima","terrorism",2020-02-01
"2020-02",NA,6,"guaviare","terrorism",2020-02-01
"2020-02",NA,1,"cordoba","terrorism",2020-02-01
"2020-02",NA,1,"vichada","terrorism",2020-02-01
"2020-02",NA,1,"bogota d.c.","terrorism",2020-02-01
"2020-01","arauca",17,"arauca","terrorism",2020-01-01
"2020-01","tumaco",2,"nariño","terrorism",2020-01-01
"2020-01",NA,2,"valle del cauca","terrorism",2020-01-01
"2020-01",NA,1,"guaviare","terrorism",2020-01-01
"2020-01",NA,3,"cauca","terrorism",2020-01-01
"2020-01",NA,1,"meta","terrorism",2020-01-01
"2020-01",NA,3,"choco","terrorism",2020-01-01
"2020-01",NA,1,"cordoba","terrorism",2020-01-01
"2020-01",NA,6,"antioquia","terrorism",2020-01-01
"2020-01",NA,1,"tolima","terrorism",2020-01-01
"2020-01",NA,2,"nariño","terrorism",2020-01-01
"2020-01",NA,2,"norte de santander","terrorism",2020-01-01
"2020-01",NA,1,"casanare","terrorism",2020-01-01
"2020-01",NA,1,"cundinamarca","terrorism",2020-01-01
"2020-01",NA,2,"la guajira","terrorism",2020-01-01
"2020-01",NA,1,"bolivar","terrorism",2020-01-01
"2020-01",NA,1,"sucre","terrorism",2020-01-01
"2020-01",NA,1,"quindio","terrorism",2020-01-01
"2019-12",NA,5,"guaviare","terrorism",2019-12-01
"2019-12",NA,5,"cauca","terrorism",2019-12-01
"2019-12",NA,10,"antioquia","terrorism",2019-12-01
"2019-12",NA,1,"bolivar","terrorism",2019-12-01
"2019-12",NA,1,"meta","terrorism",2019-12-01
"2019-12",NA,1,"quindio","terrorism",2019-12-01
"2019-12",NA,1,"nariño","terrorism",2019-12-01
"2019-12",NA,1,"valle del cauca","terrorism",2019-12-01
"2019-12",NA,1,"boyaca","terrorism",2019-12-01
"2019-12",NA,3,"cordoba","terrorism",2019-12-01
"2019-12",NA,1,"cesar","terrorism",2019-12-01
"2019-11",NA,6,"valle del cauca","terrorism",2019-11-01
"2019-11",NA,14,"cauca","terrorism",2019-11-01
"2019-11",NA,5,"antioquia","terrorism",2019-11-01
"2019-11",NA,2,"nariño","terrorism",2019-11-01
"2019-11",NA,3,"norte de santander","terrorism",2019-11-01
"2019-11",NA,2,"cundinamarca","terrorism",2019-11-01
"2019-11",NA,2,"putumayo","terrorism",2019-11-01
"2019-11",NA,2,"atlantico","terrorism",2019-11-01
"2019-11",NA,1,"tolima","terrorism",2019-11-01
"2019-11",NA,6,"guaviare","terrorism",2019-11-01
"2019-11",NA,2,"cordoba","terrorism",2019-11-01
"2019-11","arauca",7,"arauca","terrorism",2019-11-01
"2019-11",NA,2,"bogota d.c.","terrorism",2019-11-01
"2019-11",NA,2,"bolivar","terrorism",2019-11-01
"2019-11",NA,1,"choco","terrorism",2019-11-01
"2019-10",NA,2,"bogota d.c.","terrorism",2019-10-01
"2019-10","tumaco",1,"nariño","terrorism",2019-10-01
"2019-10",NA,9,"antioquia","terrorism",2019-10-01
"2019-10",NA,5,"cauca","terrorism",2019-10-01
"2019-10",NA,2,"valle del cauca","terrorism",2019-10-01
"2019-10",NA,6,"guaviare","terrorism",2019-10-01
"2019-10",NA,1,"cordoba","terrorism",2019-10-01
"2019-10",NA,1,"guainia","terrorism",2019-10-01
"2019-10",NA,3,"putumayo","terrorism",2019-10-01
"2019-10","buenaventura",1,"valle del cauca","terrorism",2019-10-01
"2019-10",NA,4,"caqueta","terrorism",2019-10-01
"2019-10",NA,2,"risaralda","terrorism",2019-10-01
"2019-10",NA,1,"cesar","terrorism",2019-10-01
"2019-10","arauca",3,"arauca","terrorism",2019-10-01
"2019-10",NA,1,"la guajira","terrorism",2019-10-01
"2019-10",NA,1,"choco","terrorism",2019-10-01
"2019-10",NA,6,"norte de santander","terrorism",2019-10-01
"2019-10",NA,3,"meta","terrorism",2019-10-01
"2019-10",NA,1,"magdalena","terrorism",2019-10-01
"2019-10",NA,1,"nariño","terrorism",2019-10-01
"2019-10",NA,1,"huila","terrorism",2019-10-01
"2019-10",NA,1,"vichada","terrorism",2019-10-01
"2019-09",NA,1,"meta","terrorism",2019-09-01
"2019-09",NA,9,"antioquia","terrorism",2019-09-01
"2019-09",NA,1,"santander","terrorism",2019-09-01
"2019-09",NA,4,"bogota d.c.","terrorism",2019-09-01
"2019-09",NA,5,"putumayo","terrorism",2019-09-01
"2019-09",NA,6,"norte de santander","terrorism",2019-09-01
"2019-09",NA,2,"huila","terrorism",2019-09-01
"2019-09",NA,2,"guaviare","terrorism",2019-09-01
"2019-09",NA,3,"magdalena","terrorism",2019-09-01
"2019-09",NA,5,"nariño","terrorism",2019-09-01
"2019-09",NA,6,"cundinamarca","terrorism",2019-09-01
"2019-09","arauca",12,"arauca","terrorism",2019-09-01
"2019-09",NA,1,"boyaca","terrorism",2019-09-01
"2019-09",NA,1,"cauca","terrorism",2019-09-01
"2019-08",NA,5,"putumayo","terrorism",2019-08-01
"2019-08",NA,2,"choco","terrorism",2019-08-01
"2019-08","arauca",10,"arauca","terrorism",2019-08-01
"2019-08",NA,3,"caqueta","terrorism",2019-08-01
"2019-08",NA,4,"norte de santander","terrorism",2019-08-01
"2019-08",NA,11,"antioquia","terrorism",2019-08-01
"2019-08",NA,4,"cauca","terrorism",2019-08-01
"2019-08",NA,2,"sucre","terrorism",2019-08-01
"2019-08",NA,1,"bolivar","terrorism",2019-08-01
"2019-08",NA,1,"la guajira","terrorism",2019-08-01
"2019-08",NA,1,"tolima","terrorism",2019-08-01
"2019-08",NA,1,"cordoba","terrorism",2019-08-01
"2019-08",NA,1,"meta","terrorism",2019-08-01
"2019-08",NA,4,"huila","terrorism",2019-08-01
"2019-08","tumaco",1,"nariño","terrorism",2019-08-01
"2019-08",NA,1,"nariño","terrorism",2019-08-01
"2019-08",NA,3,"valle del cauca","terrorism",2019-08-01
"2019-08",NA,1,"guaviare","terrorism",2019-08-01
"2019-07",NA,3,"cesar","terrorism",2019-07-01
"2019-07",NA,3,"putumayo","terrorism",2019-07-01
"2019-07",NA,20,"antioquia","terrorism",2019-07-01
"2019-07",NA,8,"huila","terrorism",2019-07-01
"2019-07",NA,7,"norte de santander","terrorism",2019-07-01
"2019-07",NA,9,"guaviare","terrorism",2019-07-01
"2019-07","arauca",20,"arauca","terrorism",2019-07-01
"2019-07",NA,3,"cauca","terrorism",2019-07-01
"2019-07","tumaco",1,"nariño","terrorism",2019-07-01
"2019-07",NA,1,"caldas","terrorism",2019-07-01
"2019-07",NA,1,"magdalena","terrorism",2019-07-01
"2019-07",NA,7,"nariño","terrorism",2019-07-01
"2019-07",NA,1,"caqueta","terrorism",2019-07-01
"2019-07",NA,1,"risaralda","terrorism",2019-07-01
"2019-07",NA,1,"atlantico","terrorism",2019-07-01
"2019-06",NA,9,"antioquia","terrorism",2019-06-01
"2019-06",NA,1,"huila","terrorism",2019-06-01
"2019-06",NA,4,"guaviare","terrorism",2019-06-01
"2019-06",NA,6,"putumayo","terrorism",2019-06-01
"2019-06","arauca",10,"arauca","terrorism",2019-06-01
"2019-06",NA,1,"la guajira","terrorism",2019-06-01
"2019-06",NA,3,"cauca","terrorism",2019-06-01
"2019-06",NA,1,"quindio","terrorism",2019-06-01
"2019-06",NA,3,"norte de santander","terrorism",2019-06-01
"2019-06",NA,3,"bolivar","terrorism",2019-06-01
"2019-06",NA,3,"choco","terrorism",2019-06-01
"2019-06",NA,1,"nariño","terrorism",2019-06-01
"2019-06",NA,1,"valle del cauca","terrorism",2019-06-01
"2019-06",NA,1,"caqueta","terrorism",2019-06-01
"2019-06",NA,1,"tolima","terrorism",2019-06-01
"2019-06",NA,1,"bogota d.c.","terrorism",2019-06-01
"2019-05",NA,7,"guaviare","terrorism",2019-05-01
"2019-05","arauca",29,"arauca","terrorism",2019-05-01
"2019-05",NA,10,"norte de santander","terrorism",2019-05-01
"2019-05",NA,1,"bolivar","terrorism",2019-05-01
"2019-05",NA,1,"tolima","terrorism",2019-05-01
"2019-05",NA,2,"meta","terrorism",2019-05-01
"2019-05",NA,5,"antioquia","terrorism",2019-05-01
"2019-05",NA,1,"valle del cauca","terrorism",2019-05-01
"2019-05",NA,1,"casanare","terrorism",2019-05-01
"2019-05",NA,2,"cordoba","terrorism",2019-05-01
"2019-05",NA,4,"choco","terrorism",2019-05-01
"2019-05",NA,1,"bogota d.c.","terrorism",2019-05-01
"2019-05",NA,2,"vichada","terrorism",2019-05-01
"2019-05",NA,3,"caqueta","terrorism",2019-05-01
"2019-05",NA,1,"santander","terrorism",2019-05-01
"2019-05",NA,3,"nariño","terrorism",2019-05-01
"2019-05",NA,1,"huila","terrorism",2019-05-01
"2019-05",NA,3,"cauca","terrorism",2019-05-01
"2019-05",NA,1,"putumayo","terrorism",2019-05-01
"2019-05",NA,1,"atlantico","terrorism",2019-05-01
"2019-05",NA,1,"cundinamarca","terrorism",2019-05-01
"2019-04","arauca",11,"arauca","terrorism",2019-04-01
"2019-04",NA,1,"cordoba","terrorism",2019-04-01
"2019-04",NA,2,"quindio","terrorism",2019-04-01
"2019-04",NA,6,"meta","terrorism",2019-04-01
"2019-04",NA,5,"cauca","terrorism",2019-04-01
"2019-04",NA,11,"antioquia","terrorism",2019-04-01
"2019-04",NA,1,"cesar","terrorism",2019-04-01
"2019-04",NA,1,"santander","terrorism",2019-04-01
"2019-04",NA,3,"choco","terrorism",2019-04-01
"2019-04",NA,4,"valle del cauca","terrorism",2019-04-01
"2019-04",NA,6,"putumayo","terrorism",2019-04-01
"2019-04",NA,2,"nariño","terrorism",2019-04-01
"2019-04",NA,4,"norte de santander","terrorism",2019-04-01
"2019-04",NA,1,"huila","terrorism",2019-04-01
"2019-04",NA,1,"caqueta","terrorism",2019-04-01
"2019-03",NA,14,"norte de santander","terrorism",2019-03-01
"2019-03",NA,5,"nariño","terrorism",2019-03-01
"2019-03",NA,1,"caldas","terrorism",2019-03-01
"2019-03",NA,10,"antioquia","terrorism",2019-03-01
"2019-03",NA,13,"cauca","terrorism",2019-03-01
"2019-03",NA,4,"putumayo","terrorism",2019-03-01
"2019-03","arauca",14,"arauca","terrorism",2019-03-01
"2019-03",NA,2,"valle del cauca","terrorism",2019-03-01
"2019-03",NA,1,"cundinamarca","terrorism",2019-03-01
"2019-03",NA,1,"meta","terrorism",2019-03-01
"2019-03",NA,2,"choco","terrorism",2019-03-01
"2019-03",NA,1,"magdalena","terrorism",2019-03-01
"2019-03",NA,1,"bogota d.c.","terrorism",2019-03-01
"2019-03",NA,1,"santander","terrorism",2019-03-01
"2019-02",NA,4,"choco","terrorism",2019-02-01
"2019-02",NA,1,"la guajira","terrorism",2019-02-01
"2019-02","arauca",8,"arauca","terrorism",2019-02-01
"2019-02",NA,6,"norte de santander","terrorism",2019-02-01
"2019-02",NA,5,"guaviare","terrorism",2019-02-01
"2019-02",NA,1,"cesar","terrorism",2019-02-01
"2019-02",NA,3,"meta","terrorism",2019-02-01
"2019-02",NA,6,"nariño","terrorism",2019-02-01
"2019-02",NA,7,"antioquia","terrorism",2019-02-01
"2019-02",NA,3,"bolivar","terrorism",2019-02-01
"2019-02",NA,1,"cundinamarca","terrorism",2019-02-01
"2019-02",NA,5,"cauca","terrorism",2019-02-01
"2019-02",NA,10,"putumayo","terrorism",2019-02-01
"2019-02",NA,1,"quindio","terrorism",2019-02-01
"2019-02",NA,1,"huila","terrorism",2019-02-01
"2019-02",NA,2,"bogota d.c.","terrorism",2019-02-01
"2019-02",NA,2,"caldas","terrorism",2019-02-01
"2019-02",NA,1,"casanare","terrorism",2019-02-01
"2019-02",NA,1,"valle del cauca","terrorism",2019-02-01
"2019-02",NA,2,"atlantico","terrorism",2019-02-01
"2019-02",NA,1,"cordoba","terrorism",2019-02-01
"2019-02","tumaco",2,"nariño","terrorism",2019-02-01
"2019-02",NA,1,"santander","terrorism",2019-02-01
"2019-02",NA,1,"tolima","terrorism",2019-02-01
"2019-01",NA,6,"nariño","terrorism",2019-01-01
"2019-01",NA,3,"bolivar","terrorism",2019-01-01
"2019-01",NA,7,"antioquia","terrorism",2019-01-01
"2019-01","arauca",12,"arauca","terrorism",2019-01-01
"2019-01",NA,4,"meta","terrorism",2019-01-01
"2019-01",NA,3,"cauca","terrorism",2019-01-01
"2019-01",NA,5,"norte de santander","terrorism",2019-01-01
"2019-01",NA,3,"putumayo","terrorism",2019-01-01
"2019-01",NA,1,"valle del cauca","terrorism",2019-01-01
"2019-01",NA,2,"santander","terrorism",2019-01-01
"2019-01",NA,2,"caldas","terrorism",2019-01-01
"2019-01",NA,1,"casanare","terrorism",2019-01-01
"2019-01",NA,3,"bogota d.c.","terrorism",2019-01-01
"2019-01",NA,1,"guaviare","terrorism",2019-01-01
"2019-01",NA,1,"atlantico","terrorism",2019-01-01
"2019-01","tumaco",1,"nariño","terrorism",2019-01-01
"2019-01",NA,2,"tolima","terrorism",2019-01-01
"2019-01",NA,1,"huila","terrorism",2019-01-01
"2019-01",NA,1,"boyaca","terrorism",2019-01-01
"2018-12",NA,3,"casanare","terrorism",2018-12-01
"2018-12",NA,4,"guaviare","terrorism",2018-12-01
"2018-12",NA,4,"norte de santander","terrorism",2018-12-01
"2018-12",NA,1,"santander","terrorism",2018-12-01
"2018-12",NA,2,"cauca","terrorism",2018-12-01
"2018-12",NA,7,"antioquia","terrorism",2018-12-01
"2018-12",NA,2,"meta","terrorism",2018-12-01
"2018-12","arauca",6,"arauca","terrorism",2018-12-01
"2018-12",NA,1,"tolima","terrorism",2018-12-01
"2018-12",NA,4,"nariño","terrorism",2018-12-01
"2018-12",NA,1,"putumayo","terrorism",2018-12-01
"2018-12",NA,3,"bogota d.c.","terrorism",2018-12-01
"2018-12",NA,1,"bolivar","terrorism",2018-12-01
"2018-12",NA,2,"choco","terrorism",2018-12-01
"2018-12",NA,1,"valle del cauca","terrorism",2018-12-01
"2018-11",NA,1,"bolivar","terrorism",2018-11-01
"2018-11","arauca",13,"arauca","terrorism",2018-11-01
"2018-11",NA,2,"bogota d.c.","terrorism",2018-11-01
"2018-11",NA,3,"choco","terrorism",2018-11-01
"2018-11",NA,6,"antioquia","terrorism",2018-11-01
"2018-11",NA,5,"putumayo","terrorism",2018-11-01
"2018-11",NA,6,"nariño","terrorism",2018-11-01
"2018-11",NA,7,"cesar","terrorism",2018-11-01
"2018-11",NA,2,"boyaca","terrorism",2018-11-01
"2018-11",NA,2,"norte de santander","terrorism",2018-11-01
"2018-11",NA,1,"valle del cauca","terrorism",2018-11-01
"2018-11","tumaco",1,"nariño","terrorism",2018-11-01
"2018-11",NA,1,"atlantico","terrorism",2018-11-01
"2018-11",NA,2,"meta","terrorism",2018-11-01
"2018-11",NA,2,"cauca","terrorism",2018-11-01
"2018-11",NA,2,"tolima","terrorism",2018-11-01
"2018-11",NA,1,"magdalena","terrorism",2018-11-01
"2018-11",NA,1,"guaviare","terrorism",2018-11-01
"2018-11",NA,1,"quindio","terrorism",2018-11-01
"2018-10",NA,3,"guaviare","terrorism",2018-10-01
"2018-10",NA,4,"nariño","terrorism",2018-10-01
"2018-10",NA,3,"boyaca","terrorism",2018-10-01
"2018-10","buenaventura",3,"valle del cauca","terrorism",2018-10-01
"2018-10",NA,1,"atlantico","terrorism",2018-10-01
"2018-10",NA,1,"norte de santander","terrorism",2018-10-01
"2018-10",NA,2,"cesar","terrorism",2018-10-01
"2018-10","arauca",3,"arauca","terrorism",2018-10-01
"2018-10",NA,4,"bogota d.c.","terrorism",2018-10-01
"2018-10",NA,2,"valle del cauca","terrorism",2018-10-01
"2018-10",NA,3,"tolima","terrorism",2018-10-01
"2018-10",NA,5,"putumayo","terrorism",2018-10-01
"2018-10",NA,2,"casanare","terrorism",2018-10-01
"2018-10",NA,1,"santander","terrorism",2018-10-01
"2018-10",NA,4,"antioquia","terrorism",2018-10-01
"2018-10",NA,1,"sucre","terrorism",2018-10-01
"2018-10",NA,2,"cauca","terrorism",2018-10-01
"2018-10",NA,1,"meta","terrorism",2018-10-01
"2018-09","arauca",7,"arauca","terrorism",2018-09-01
"2018-09",NA,12,"nariño","terrorism",2018-09-01
"2018-09",NA,1,"choco","terrorism",2018-09-01
"2018-09",NA,3,"cauca","terrorism",2018-09-01
"2018-09",NA,2,"bogota d.c.","terrorism",2018-09-01
"2018-09",NA,1,"tolima","terrorism",2018-09-01
"2018-09",NA,1,"bolivar","terrorism",2018-09-01
"2018-09",NA,3,"antioquia","terrorism",2018-09-01
"2018-09",NA,1,"huila","terrorism",2018-09-01
"2018-09",NA,1,"guaviare","terrorism",2018-09-01
"2018-09",NA,2,"putumayo","terrorism",2018-09-01
"2018-09",NA,3,"norte de santander","terrorism",2018-09-01
"2018-09",NA,1,"valle del cauca","terrorism",2018-09-01
"2018-09",NA,1,"boyaca","terrorism",2018-09-01
"2018-09",NA,1,"cesar","terrorism",2018-09-01
"2018-09",NA,1,"caqueta","terrorism",2018-09-01
"2018-09",NA,1,"caldas","terrorism",2018-09-01
"2018-09",NA,1,"santander","terrorism",2018-09-01
"2018-08","arauca",13,"arauca","terrorism",2018-08-01
"2018-08",NA,3,"norte de santander","terrorism",2018-08-01
"2018-08",NA,14,"antioquia","terrorism",2018-08-01
"2018-08",NA,8,"nariño","terrorism",2018-08-01
"2018-08",NA,5,"valle del cauca","terrorism",2018-08-01
"2018-08",NA,9,"cauca","terrorism",2018-08-01
"2018-08",NA,4,"tolima","terrorism",2018-08-01
"2018-08",NA,1,"boyaca","terrorism",2018-08-01
"2018-08",NA,1,"choco","terrorism",2018-08-01
"2018-08",NA,2,"putumayo","terrorism",2018-08-01
"2018-08",NA,2,"bolivar","terrorism",2018-08-01
"2018-08",NA,4,"guaviare","terrorism",2018-08-01
"2018-08",NA,1,"bogota d.c.","terrorism",2018-08-01
"2018-08",NA,1,"santander","terrorism",2018-08-01
"2018-08",NA,1,"cesar","terrorism",2018-08-01
"2018-07",NA,5,"choco","terrorism",2018-07-01
"2018-07",NA,9,"antioquia","terrorism",2018-07-01
"2018-07",NA,3,"norte de santander","terrorism",2018-07-01
"2018-07",NA,3,"huila","terrorism",2018-07-01
"2018-07",NA,5,"meta","terrorism",2018-07-01
"2018-07",NA,2,"cesar","terrorism",2018-07-01
"2018-07",NA,17,"nariño","terrorism",2018-07-01
"2018-07",NA,3,"tolima","terrorism",2018-07-01
"2018-07",NA,3,"putumayo","terrorism",2018-07-01
"2018-07",NA,1,"cordoba","terrorism",2018-07-01
"2018-07","arauca",14,"arauca","terrorism",2018-07-01
"2018-07",NA,1,"caldas","terrorism",2018-07-01
"2018-07",NA,5,"casanare","terrorism",2018-07-01
"2018-07",NA,1,"guaviare","terrorism",2018-07-01
"2018-07",NA,3,"cauca","terrorism",2018-07-01
"2018-07",NA,1,"sucre","terrorism",2018-07-01
"2018-07","buenaventura",4,"valle del cauca","terrorism",2018-07-01
"2018-07",NA,1,"valle del cauca","terrorism",2018-07-01
"2018-07",NA,1,"santander","terrorism",2018-07-01
"2018-07",NA,1,"magdalena","terrorism",2018-07-01
"2018-07",NA,1,"bolivar","terrorism",2018-07-01
"2018-07",NA,1,"boyaca","terrorism",2018-07-01
"2018-06",NA,2,"meta","terrorism",2018-06-01
"2018-06","arauca",3,"arauca","terrorism",2018-06-01
"2018-06",NA,16,"nariño","terrorism",2018-06-01
"2018-06",NA,2,"bolivar","terrorism",2018-06-01
"2018-06",NA,10,"antioquia","terrorism",2018-06-01
"2018-06",NA,3,"norte de santander","terrorism",2018-06-01
"2018-06",NA,3,"valle del cauca","terrorism",2018-06-01
"2018-06",NA,3,"cauca","terrorism",2018-06-01
"2018-06",NA,1,"huila","terrorism",2018-06-01
"2018-06",NA,1,"atlantico","terrorism",2018-06-01
"2018-06",NA,2,"choco","terrorism",2018-06-01
"2018-06",NA,1,"magdalena","terrorism",2018-06-01
"2018-06",NA,1,"guaviare","terrorism",2018-06-01
"2018-05",NA,4,"meta","terrorism",2018-05-01
"2018-05",NA,23,"nariño","terrorism",2018-05-01
"2018-05","arauca",5,"arauca","terrorism",2018-05-01
"2018-05",NA,5,"putumayo","terrorism",2018-05-01
"2018-05",NA,9,"tolima","terrorism",2018-05-01
"2018-05",NA,1,"bogota d.c.","terrorism",2018-05-01
"2018-05",NA,6,"huila","terrorism",2018-05-01
"2018-05",NA,3,"cauca","terrorism",2018-05-01
"2018-05",NA,1,"casanare","terrorism",2018-05-01
"2018-05",NA,1,"caqueta","terrorism",2018-05-01
"2018-05",NA,4,"antioquia","terrorism",2018-05-01
"2018-05",NA,1,"guaviare","terrorism",2018-05-01
"2018-05",NA,1,"bolivar","terrorism",2018-05-01
"2018-05",NA,1,"choco","terrorism",2018-05-01
"2018-05",NA,1,"cesar","terrorism",2018-05-01
"2018-04",NA,12,"antioquia","terrorism",2018-04-01
"2018-04",NA,30,"nariño","terrorism",2018-04-01
"2018-04",NA,1,"quindio","terrorism",2018-04-01
"2018-04",NA,1,"huila","terrorism",2018-04-01
"2018-04","arauca",1,"arauca","terrorism",2018-04-01
"2018-04",NA,3,"magdalena","terrorism",2018-04-01
"2018-04",NA,2,"tolima","terrorism",2018-04-01
"2018-04",NA,1,"valle del cauca","terrorism",2018-04-01
"2018-04",NA,1,"meta","terrorism",2018-04-01
"2018-04",NA,1,"cesar","terrorism",2018-04-01
"2018-04",NA,9,"norte de santander","terrorism",2018-04-01
"2018-04",NA,2,"bolivar","terrorism",2018-04-01
"2018-04","tumaco",3,"nariño","terrorism",2018-04-01
"2018-04",NA,4,"guaviare","terrorism",2018-04-01
"2018-04",NA,2,"cordoba","terrorism",2018-04-01
"2018-04",NA,1,"choco","terrorism",2018-04-01
"2018-04",NA,1,"caldas","terrorism",2018-04-01
"2018-04",NA,1,"cauca","terrorism",2018-04-01
"2018-04",NA,1,"bogota d.c.","terrorism",2018-04-01
"2018-03",NA,22,"nariño","terrorism",2018-03-01
"2018-03",NA,2,"choco","terrorism",2018-03-01
"2018-03","arauca",17,"arauca","terrorism",2018-03-01
"2018-03",NA,2,"tolima","terrorism",2018-03-01
"2018-03",NA,2,"bolivar","terrorism",2018-03-01
"2018-03",NA,6,"antioquia","terrorism",2018-03-01
"2018-03",NA,1,"valle del cauca","terrorism",2018-03-01
"2018-03",NA,2,"cauca","terrorism",2018-03-01
"2018-03",NA,1,"huila","terrorism",2018-03-01
"2018-03",NA,2,"cundinamarca","terrorism",2018-03-01
"2018-03",NA,2,"meta","terrorism",2018-03-01
"2018-03",NA,6,"bogota d.c.","terrorism",2018-03-01
"2018-03",NA,1,"sucre","terrorism",2018-03-01
"2018-03",NA,3,"guaviare","terrorism",2018-03-01
"2018-03",NA,3,"caqueta","terrorism",2018-03-01
"2018-03",NA,1,"quindio","terrorism",2018-03-01
"2018-03",NA,1,"boyaca","terrorism",2018-03-01
"2018-03",NA,2,"norte de santander","terrorism",2018-03-01
"2018-03","tumaco",2,"nariño","terrorism",2018-03-01
"2018-02",NA,7,"guaviare","terrorism",2018-02-01
"2018-02",NA,11,"antioquia","terrorism",2018-02-01
"2018-02",NA,9,"nariño","terrorism",2018-02-01
"2018-02","arauca",14,"arauca","terrorism",2018-02-01
"2018-02","tumaco",5,"nariño","terrorism",2018-02-01
"2018-02",NA,9,"norte de santander","terrorism",2018-02-01
"2018-02",NA,2,"meta","terrorism",2018-02-01
"2018-02",NA,1,"boyaca","terrorism",2018-02-01
"2018-02",NA,1,"cundinamarca","terrorism",2018-02-01
"2018-02",NA,1,"caqueta","terrorism",2018-02-01
"2018-02",NA,2,"la guajira","terrorism",2018-02-01
"2018-02",NA,2,"bolivar","terrorism",2018-02-01
"2018-02",NA,6,"bogota d.c.","terrorism",2018-02-01
"2018-02",NA,5,"choco","terrorism",2018-02-01
"2018-02",NA,2,"cauca","terrorism",2018-02-01
"2018-02",NA,10,"cesar","terrorism",2018-02-01
"2018-02",NA,2,"valle del cauca","terrorism",2018-02-01
"2018-02",NA,1,"atlantico","terrorism",2018-02-01
"2018-02",NA,2,"cordoba","terrorism",2018-02-01
"2018-01",NA,11,"meta","terrorism",2018-01-01
"2018-01",NA,5,"antioquia","terrorism",2018-01-01
"2018-01",NA,14,"nariño","terrorism",2018-01-01
"2018-01",NA,4,"atlantico","terrorism",2018-01-01
"2018-01",NA,1,"tolima","terrorism",2018-01-01
"2018-01",NA,3,"boyaca","terrorism",2018-01-01
"2018-01",NA,6,"choco","terrorism",2018-01-01
"2018-01",NA,1,"cauca","terrorism",2018-01-01
"2018-01","arauca",14,"arauca","terrorism",2018-01-01
"2018-01",NA,3,"norte de santander","terrorism",2018-01-01
"2018-01",NA,3,"caqueta","terrorism",2018-01-01
"2018-01",NA,3,"bogota d.c.","terrorism",2018-01-01
"2018-01",NA,1,"bolivar","terrorism",2018-01-01
"2018-01",NA,1,"cundinamarca","terrorism",2018-01-01
"2018-01",NA,1,"valle del cauca","terrorism",2018-01-01
"2018-01",NA,2,"casanare","terrorism",2018-01-01
"2018-01",NA,1,"cordoba","terrorism",2018-01-01
"2018-01",NA,1,"putumayo","terrorism",2018-01-01
"2018-01",NA,1,"cesar","terrorism",2018-01-01
"2018-01",NA,0,"amazonas","political_violence",2018-01-01
"2018-01",NA,19,"antioquia","political_violence",2018-01-01
"2018-01",NA,3,"atlantico","political_violence",2018-01-01
"2018-01",NA,5,"bolivar","political_violence",2018-01-01
"2018-01",NA,3,"boyaca","political_violence",2018-01-01
"2018-01",NA,0,"caldas","political_violence",2018-01-01
"2018-01",NA,2,"caqueta","political_violence",2018-01-01
"2018-01",NA,5,"casanare","political_violence",2018-01-01
"2018-01",NA,14,"cauca","political_violence",2018-01-01
"2018-01",NA,4,"cesar","political_violence",2018-01-01
"2018-01",NA,17,"choco","political_violence",2018-01-01
"2018-01",NA,10,"cordoba","political_violence",2018-01-01
"2018-01",NA,0,"cundinamarca","political_violence",2018-01-01
"2018-01",NA,1,"huila","political_violence",2018-01-01
"2018-01",NA,3,"la guajira","political_violence",2018-01-01
"2018-01",NA,0,"magdalena","political_violence",2018-01-01
"2018-01",NA,5,"meta","political_violence",2018-01-01
"2018-01",NA,11,"narino","political_violence",2018-01-01
"2018-01","tumaco",17,"narino","political_violence",2018-01-01
"2018-01",NA,26,"norte de santander","political_violence",2018-01-01
"2018-01",NA,1,"putumayo","political_violence",2018-01-01
"2018-01",NA,0,"quindio","political_violence",2018-01-01
"2018-01",NA,0,"risaralda","political_violence",2018-01-01
"2018-01",NA,1,"santander","political_violence",2018-01-01
"2018-01",NA,1,"sucre","political_violence",2018-01-01
"2018-01",NA,0,"tolima","political_violence",2018-01-01
"2018-01",NA,5,"valle del cauca","political_violence",2018-01-01
"2018-01","buenaventura",2,"valle del cauca","political_violence",2018-01-01
"2018-01",NA,0,"vaupes","political_violence",2018-01-01
"2018-01","arauca",36,"arauca","political_violence",2018-01-01
"2018-01",NA,0,"guainia","political_violence",2018-01-01
"2018-01",NA,0,"vichada","political_violence",2018-01-01
"2018-01",NA,0,"guaviare","political_violence",2018-01-01
"2018-01",NA,0,"san andres y providencia","political_violence",2018-01-01
"2018-01",NA,1,"bogota, d.c.","political_violence",2018-01-01
"2018-02",NA,0,"amazonas","political_violence",2018-02-01
"2018-02",NA,19,"antioquia","political_violence",2018-02-01
"2018-02",NA,0,"atlantico","political_violence",2018-02-01
"2018-02",NA,3,"bolivar","political_violence",2018-02-01
"2018-02",NA,1,"boyaca","political_violence",2018-02-01
"2018-02",NA,0,"caldas","political_violence",2018-02-01
"2018-02",NA,2,"caqueta","political_violence",2018-02-01
"2018-02",NA,2,"casanare","political_violence",2018-02-01
"2018-02",NA,10,"cauca","political_violence",2018-02-01
"2018-02",NA,7,"cesar","political_violence",2018-02-01
"2018-02",NA,14,"choco","political_violence",2018-02-01
"2018-02",NA,3,"cordoba","political_violence",2018-02-01
"2018-02",NA,0,"cundinamarca","political_violence",2018-02-01
"2018-02",NA,0,"huila","political_violence",2018-02-01
"2018-02",NA,1,"la guajira","political_violence",2018-02-01
"2018-02",NA,0,"magdalena","political_violence",2018-02-01
"2018-02",NA,3,"meta","political_violence",2018-02-01
"2018-02",NA,4,"narino","political_violence",2018-02-01
"2018-02","tumaco",17,"narino","political_violence",2018-02-01
"2018-02",NA,23,"norte de santander","political_violence",2018-02-01
"2018-02",NA,1,"putumayo","political_violence",2018-02-01
"2018-02",NA,2,"quindio","political_violence",2018-02-01
"2018-02",NA,1,"risaralda","political_violence",2018-02-01
"2018-02",NA,1,"santander","political_violence",2018-02-01
"2018-02",NA,0,"sucre","political_violence",2018-02-01
"2018-02",NA,0,"tolima","political_violence",2018-02-01
"2018-02",NA,2,"valle del cauca","political_violence",2018-02-01
"2018-02","buenaventura",1,"valle del cauca","political_violence",2018-02-01
"2018-02",NA,0,"vaupes","political_violence",2018-02-01
"2018-02","arauca",13,"arauca","political_violence",2018-02-01
"2018-02",NA,0,"guainia","political_violence",2018-02-01
"2018-02",NA,0,"vichada","political_violence",2018-02-01
"2018-02",NA,2,"guaviare","political_violence",2018-02-01
"2018-02",NA,0,"san andres y providencia","political_violence",2018-02-01
"2018-02",NA,3,"bogota, d.c.","political_violence",2018-02-01
"2018-03",NA,0,"amazonas","political_violence",2018-03-01
"2018-03",NA,17,"antioquia","political_violence",2018-03-01
"2018-03",NA,0,"atlantico","political_violence",2018-03-01
"2018-03",NA,3,"bolivar","political_violence",2018-03-01
"2018-03",NA,0,"boyaca","political_violence",2018-03-01
"2018-03",NA,2,"caldas","political_violence",2018-03-01
"2018-03",NA,0,"caqueta","political_violence",2018-03-01
"2018-03",NA,0,"casanare","political_violence",2018-03-01
"2018-03",NA,11,"cauca","political_violence",2018-03-01
"2018-03",NA,0,"cesar","political_violence",2018-03-01
"2018-03",NA,3,"choco","political_violence",2018-03-01
"2018-03",NA,3,"cordoba","political_violence",2018-03-01
"2018-03",NA,0,"cundinamarca","political_violence",2018-03-01
"2018-03",NA,0,"huila","political_violence",2018-03-01
"2018-03",NA,1,"la guajira","political_violence",2018-03-01
"2018-03",NA,1,"magdalena","political_violence",2018-03-01
"2018-03",NA,2,"meta","political_violence",2018-03-01
"2018-03",NA,8,"narino","political_violence",2018-03-01
"2018-03","tumaco",17,"narino","political_violence",2018-03-01
"2018-03",NA,21,"norte de santander","political_violence",2018-03-01
"2018-03",NA,2,"putumayo","political_violence",2018-03-01
"2018-03",NA,0,"quindio","political_violence",2018-03-01
"2018-03",NA,0,"risaralda","political_violence",2018-03-01
"2018-03",NA,1,"santander","political_violence",2018-03-01
"2018-03",NA,1,"sucre","political_violence",2018-03-01
"2018-03",NA,0,"tolima","political_violence",2018-03-01
"2018-03",NA,1,"valle del cauca","political_violence",2018-03-01
"2018-03","buenaventura",0,"valle del cauca","political_violence",2018-03-01
"2018-03",NA,0,"vaupes","political_violence",2018-03-01
"2018-03","arauca",14,"arauca","political_violence",2018-03-01
"2018-03",NA,0,"guainia","political_violence",2018-03-01
"2018-03",NA,0,"vichada","political_violence",2018-03-01
"2018-03",NA,2,"guaviare","political_violence",2018-03-01
"2018-03",NA,0,"san andres y providencia","political_violence",2018-03-01
"2018-03",NA,0,"bogota, d.c.","political_violence",2018-03-01
"2018-04",NA,0,"amazonas","political_violence",2018-04-01
"2018-04",NA,21,"antioquia","political_violence",2018-04-01
"2018-04",NA,2,"atlantico","political_violence",2018-04-01
"2018-04",NA,2,"bolivar","political_violence",2018-04-01
"2018-04",NA,0,"boyaca","political_violence",2018-04-01
"2018-04",NA,0,"caldas","political_violence",2018-04-01
"2018-04",NA,5,"caqueta","political_violence",2018-04-01
"2018-04",NA,0,"casanare","political_violence",2018-04-01
"2018-04",NA,17,"cauca","political_violence",2018-04-01
"2018-04",NA,0,"cesar","political_violence",2018-04-01
"2018-04",NA,5,"choco","political_violence",2018-04-01
"2018-04",NA,7,"cordoba","political_violence",2018-04-01
"2018-04",NA,0,"cundinamarca","political_violence",2018-04-01
"2018-04",NA,2,"huila","political_violence",2018-04-01
"2018-04",NA,1,"la guajira","political_violence",2018-04-01
"2018-04",NA,0,"magdalena","political_violence",2018-04-01
"2018-04",NA,1,"meta","political_violence",2018-04-01
"2018-04",NA,13,"narino","political_violence",2018-04-01
"2018-04","tumaco",22,"narino","political_violence",2018-04-01
"2018-04",NA,35,"norte de santander","political_violence",2018-04-01
"2018-04",NA,16,"putumayo","political_violence",2018-04-01
"2018-04",NA,1,"quindio","political_violence",2018-04-01
"2018-04",NA,0,"risaralda","political_violence",2018-04-01
"2018-04",NA,1,"santander","political_violence",2018-04-01
"2018-04",NA,1,"sucre","political_violence",2018-04-01
"2018-04",NA,0,"tolima","political_violence",2018-04-01
"2018-04",NA,4,"valle del cauca","political_violence",2018-04-01
"2018-04","buenaventura",2,"valle del cauca","political_violence",2018-04-01
"2018-04",NA,0,"vaupes","political_violence",2018-04-01
"2018-04","arauca",15,"arauca","political_violence",2018-04-01
"2018-04",NA,0,"guainia","political_violence",2018-04-01
"2018-04",NA,0,"vichada","political_violence",2018-04-01
"2018-04",NA,1,"guaviare","political_violence",2018-04-01
"2018-04",NA,0,"san andres y providencia","political_violence",2018-04-01
"2018-04",NA,1,"bogota, d.c.","political_violence",2018-04-01
"2018-05",NA,0,"amazonas","political_violence",2018-05-01
"2018-05",NA,16,"antioquia","political_violence",2018-05-01
"2018-05",NA,0,"atlantico","political_violence",2018-05-01
"2018-05",NA,4,"bolivar","political_violence",2018-05-01
"2018-05",NA,0,"boyaca","political_violence",2018-05-01
"2018-05",NA,0,"caldas","political_violence",2018-05-01
"2018-05",NA,7,"caqueta","political_violence",2018-05-01
"2018-05",NA,1,"casanare","political_violence",2018-05-01
"2018-05",NA,14,"cauca","political_violence",2018-05-01
"2018-05",NA,1,"cesar","political_violence",2018-05-01
"2018-05",NA,6,"choco","political_violence",2018-05-01
"2018-05",NA,0,"cordoba","political_violence",2018-05-01
"2018-05",NA,0,"cundinamarca","political_violence",2018-05-01
"2018-05",NA,1,"huila","political_violence",2018-05-01
"2018-05",NA,3,"la guajira","political_violence",2018-05-01
"2018-05",NA,1,"magdalena","political_violence",2018-05-01
"2018-05",NA,3,"meta","political_violence",2018-05-01
"2018-05",NA,11,"narino","political_violence",2018-05-01
"2018-05","tumaco",17,"narino","political_violence",2018-05-01
"2018-05",NA,25,"norte de santander","political_violence",2018-05-01
"2018-05",NA,8,"putumayo","political_violence",2018-05-01
"2018-05",NA,0,"quindio","political_violence",2018-05-01
"2018-05",NA,1,"risaralda","political_violence",2018-05-01
"2018-05",NA,2,"santander","political_violence",2018-05-01
"2018-05",NA,1,"sucre","political_violence",2018-05-01
"2018-05",NA,0,"tolima","political_violence",2018-05-01
"2018-05",NA,7,"valle del cauca","political_violence",2018-05-01
"2018-05","buenaventura",4,"valle del cauca","political_violence",2018-05-01
"2018-05",NA,0,"vaupes","political_violence",2018-05-01
"2018-05","arauca",10,"arauca","political_violence",2018-05-01
"2018-05",NA,0,"guainia","political_violence",2018-05-01
"2018-05",NA,0,"vichada","political_violence",2018-05-01
"2018-05",NA,2,"guaviare","political_violence",2018-05-01
"2018-05",NA,0,"san andres y providencia","political_violence",2018-05-01
"2018-05",NA,1,"bogota, d.c.","political_violence",2018-05-01
"2018-06",NA,0,"amazonas","political_violence",2018-06-01
"2018-06",NA,14,"antioquia","political_violence",2018-06-01
"2018-06",NA,0,"atlantico","political_violence",2018-06-01
"2018-06",NA,2,"bolivar","political_violence",2018-06-01
"2018-06",NA,0,"boyaca","political_violence",2018-06-01
"2018-06",NA,0,"caldas","political_violence",2018-06-01
"2018-06",NA,4,"caqueta","political_violence",2018-06-01
"2018-06",NA,1,"casanare","political_violence",2018-06-01
"2018-06",NA,10,"cauca","political_violence",2018-06-01
"2018-06",NA,1,"cesar","political_violence",2018-06-01
"2018-06",NA,4,"choco","political_violence",2018-06-01
"2018-06",NA,6,"cordoba","political_violence",2018-06-01
"2018-06",NA,0,"cundinamarca","political_violence",2018-06-01
"2018-06",NA,0,"huila","political_violence",2018-06-01
"2018-06",NA,3,"la guajira","political_violence",2018-06-01
"2018-06",NA,0,"magdalena","political_violence",2018-06-01
"2018-06",NA,2,"meta","political_violence",2018-06-01
"2018-06",NA,4,"narino","political_violence",2018-06-01
"2018-06","tumaco",21,"narino","political_violence",2018-06-01
"2018-06",NA,38,"norte de santander","political_violence",2018-06-01
"2018-06",NA,4,"putumayo","political_violence",2018-06-01
"2018-06",NA,0,"quindio","political_violence",2018-06-01
"2018-06",NA,2,"risaralda","political_violence",2018-06-01
"2018-06",NA,0,"santander","political_violence",2018-06-01
"2018-06",NA,0,"sucre","political_violence",2018-06-01
"2018-06",NA,0,"tolima","political_violence",2018-06-01
"2018-06",NA,1,"valle del cauca","political_violence",2018-06-01
"2018-06","buenaventura",3,"valle del cauca","political_violence",2018-06-01
"2018-06",NA,0,"vaupes","political_violence",2018-06-01
"2018-06","arauca",8,"arauca","political_violence",2018-06-01
"2018-06",NA,0,"guainia","political_violence",2018-06-01
"2018-06",NA,1,"vichada","political_violence",2018-06-01
"2018-06",NA,1,"guaviare","political_violence",2018-06-01
"2018-06",NA,0,"san andres y providencia","political_violence",2018-06-01
"2018-06",NA,0,"bogota, d.c.","political_violence",2018-06-01
"2018-07",NA,0,"amazonas","political_violence",2018-07-01
"2018-07",NA,19,"antioquia","political_violence",2018-07-01
"2018-07",NA,2,"atlantico","political_violence",2018-07-01
"2018-07",NA,1,"bolivar","political_violence",2018-07-01
"2018-07",NA,2,"boyaca","political_violence",2018-07-01
"2018-07",NA,0,"caldas","political_violence",2018-07-01
"2018-07",NA,8,"caqueta","political_violence",2018-07-01
"2018-07",NA,2,"casanare","political_violence",2018-07-01
"2018-07",NA,9,"cauca","political_violence",2018-07-01
"2018-07",NA,3,"cesar","political_violence",2018-07-01
"2018-07",NA,7,"choco","political_violence",2018-07-01
"2018-07",NA,2,"cordoba","political_violence",2018-07-01
"2018-07",NA,0,"cundinamarca","political_violence",2018-07-01
"2018-07",NA,1,"huila","political_violence",2018-07-01
"2018-07",NA,2,"la guajira","political_violence",2018-07-01
"2018-07",NA,0,"magdalena","political_violence",2018-07-01
"2018-07",NA,1,"meta","political_violence",2018-07-01
"2018-07",NA,8,"narino","political_violence",2018-07-01
"2018-07","tumaco",19,"narino","political_violence",2018-07-01
"2018-07",NA,26,"norte de santander","political_violence",2018-07-01
"2018-07",NA,6,"putumayo","political_violence",2018-07-01
"2018-07",NA,0,"quindio","political_violence",2018-07-01
"2018-07",NA,0,"risaralda","political_violence",2018-07-01
"2018-07",NA,4,"santander","political_violence",2018-07-01
"2018-07",NA,0,"sucre","political_violence",2018-07-01
"2018-07",NA,2,"tolima","political_violence",2018-07-01
"2018-07",NA,9,"valle del cauca","political_violence",2018-07-01
"2018-07","buenaventura",2,"valle del cauca","political_violence",2018-07-01
"2018-07",NA,0,"vaupes","political_violence",2018-07-01
"2018-07","arauca",15,"arauca","political_violence",2018-07-01
"2018-07",NA,0,"guainia","political_violence",2018-07-01
"2018-07",NA,0,"vichada","political_violence",2018-07-01
"2018-07",NA,1,"guaviare","political_violence",2018-07-01
"2018-07",NA,0,"san andres y providencia","political_violence",2018-07-01
"2018-07",NA,0,"bogota, d.c.","political_violence",2018-07-01
"2018-08",NA,0,"amazonas","political_violence",2018-08-01
"2018-08",NA,24,"antioquia","political_violence",2018-08-01
"2018-08",NA,1,"atlantico","political_violence",2018-08-01
"2018-08",NA,0,"bolivar","political_violence",2018-08-01
"2018-08",NA,0,"boyaca","political_violence",2018-08-01
"2018-08",NA,0,"caldas","political_violence",2018-08-01
"2018-08",NA,3,"caqueta","political_violence",2018-08-01
"2018-08",NA,0,"casanare","political_violence",2018-08-01
"2018-08",NA,18,"cauca","political_violence",2018-08-01
"2018-08",NA,4,"cesar","political_violence",2018-08-01
"2018-08",NA,5,"choco","political_violence",2018-08-01
"2018-08",NA,3,"cordoba","political_violence",2018-08-01
"2018-08",NA,0,"cundinamarca","political_violence",2018-08-01
"2018-08",NA,0,"huila","political_violence",2018-08-01
"2018-08",NA,2,"la guajira","political_violence",2018-08-01
"2018-08",NA,1,"magdalena","political_violence",2018-08-01
"2018-08",NA,7,"meta","political_violence",2018-08-01
"2018-08",NA,11,"narino","political_violence",2018-08-01
"2018-08","tumaco",13,"narino","political_violence",2018-08-01
"2018-08",NA,23,"norte de santander","political_violence",2018-08-01
"2018-08",NA,14,"putumayo","political_violence",2018-08-01
"2018-08",NA,2,"quindio","political_violence",2018-08-01
"2018-08",NA,1,"risaralda","political_violence",2018-08-01
"2018-08",NA,1,"santander","political_violence",2018-08-01
"2018-08",NA,0,"sucre","political_violence",2018-08-01
"2018-08",NA,1,"tolima","political_violence",2018-08-01
"2018-08",NA,9,"valle del cauca","political_violence",2018-08-01
"2018-08","buenaventura",0,"valle del cauca","political_violence",2018-08-01
"2018-08",NA,0,"vaupes","political_violence",2018-08-01
"2018-08","arauca",22,"arauca","political_violence",2018-08-01
"2018-08",NA,0,"guainia","political_violence",2018-08-01
"2018-08",NA,1,"vichada","political_violence",2018-08-01
"2018-08",NA,1,"guaviare","political_violence",2018-08-01
"2018-08",NA,0,"san andres y providencia","political_violence",2018-08-01
"2018-08",NA,2,"bogota, d.c.","political_violence",2018-08-01
"2018-09",NA,0,"amazonas","political_violence",2018-09-01
"2018-09",NA,39,"antioquia","political_violence",2018-09-01
"2018-09",NA,3,"atlantico","political_violence",2018-09-01
"2018-09",NA,0,"bolivar","political_violence",2018-09-01
"2018-09",NA,0,"boyaca","political_violence",2018-09-01
"2018-09",NA,0,"caldas","political_violence",2018-09-01
"2018-09",NA,0,"caqueta","political_violence",2018-09-01
"2018-09",NA,0,"casanare","political_violence",2018-09-01
"2018-09",NA,11,"cauca","political_violence",2018-09-01
"2018-09",NA,3,"cesar","political_violence",2018-09-01
"2018-09",NA,6,"choco","political_violence",2018-09-01
"2018-09",NA,4,"cordoba","political_violence",2018-09-01
"2018-09",NA,1,"cundinamarca","political_violence",2018-09-01
"2018-09",NA,1,"huila","political_violence",2018-09-01
"2018-09",NA,3,"la guajira","political_violence",2018-09-01
"2018-09",NA,1,"magdalena","political_violence",2018-09-01
"2018-09",NA,2,"meta","political_violence",2018-09-01
"2018-09",NA,3,"narino","political_violence",2018-09-01
"2018-09","tumaco",14,"narino","political_violence",2018-09-01
"2018-09",NA,10,"norte de santander","political_violence",2018-09-01
"2018-09",NA,8,"putumayo","political_violence",2018-09-01
"2018-09",NA,0,"quindio","political_violence",2018-09-01
"2018-09",NA,0,"risaralda","political_violence",2018-09-01
"2018-09",NA,1,"santander","political_violence",2018-09-01
"2018-09",NA,1,"sucre","political_violence",2018-09-01
"2018-09",NA,0,"tolima","political_violence",2018-09-01
"2018-09",NA,11,"valle del cauca","political_violence",2018-09-01
"2018-09","buenaventura",1,"valle del cauca","political_violence",2018-09-01
"2018-09",NA,0,"vaupes","political_violence",2018-09-01
"2018-09","arauca",9,"arauca","political_violence",2018-09-01
"2018-09",NA,0,"guainia","political_violence",2018-09-01
"2018-09",NA,1,"vichada","political_violence",2018-09-01
"2018-09",NA,8,"guaviare","political_violence",2018-09-01
"2018-09",NA,0,"san andres y providencia","political_violence",2018-09-01
"2018-09",NA,2,"bogota, d.c.","political_violence",2018-09-01
"2018-10",NA,0,"amazonas","political_violence",2018-10-01
"2018-10",NA,21,"antioquia","political_violence",2018-10-01
"2018-10",NA,0,"atlantico","political_violence",2018-10-01
"2018-10",NA,0,"bolivar","political_violence",2018-10-01
"2018-10",NA,3,"boyaca","political_violence",2018-10-01
"2018-10",NA,0,"caldas","political_violence",2018-10-01
"2018-10",NA,3,"caqueta","political_violence",2018-10-01
"2018-10",NA,0,"casanare","political_violence",2018-10-01
"2018-10",NA,25,"cauca","political_violence",2018-10-01
"2018-10",NA,2,"cesar","political_violence",2018-10-01
"2018-10",NA,6,"choco","political_violence",2018-10-01
"2018-10",NA,7,"cordoba","political_violence",2018-10-01
"2018-10",NA,1,"cundinamarca","political_violence",2018-10-01
"2018-10",NA,0,"huila","political_violence",2018-10-01
"2018-10",NA,1,"la guajira","political_violence",2018-10-01
"2018-10",NA,0,"magdalena","political_violence",2018-10-01
"2018-10",NA,2,"meta","political_violence",2018-10-01
"2018-10",NA,6,"narino","political_violence",2018-10-01
"2018-10","tumaco",15,"narino","political_violence",2018-10-01
"2018-10",NA,19,"norte de santander","political_violence",2018-10-01
"2018-10",NA,5,"putumayo","political_violence",2018-10-01
"2018-10",NA,0,"quindio","political_violence",2018-10-01
"2018-10",NA,0,"risaralda","political_violence",2018-10-01
"2018-10",NA,0,"santander","political_violence",2018-10-01
"2018-10",NA,2,"sucre","political_violence",2018-10-01
"2018-10",NA,0,"tolima","political_violence",2018-10-01
"2018-10",NA,3,"valle del cauca","political_violence",2018-10-01
"2018-10","buenaventura",0,"valle del cauca","political_violence",2018-10-01
"2018-10",NA,0,"vaupes","political_violence",2018-10-01
"2018-10","arauca",14,"arauca","political_violence",2018-10-01
"2018-10",NA,0,"guainia","political_violence",2018-10-01
"2018-10",NA,0,"vichada","political_violence",2018-10-01
"2018-10",NA,1,"guaviare","political_violence",2018-10-01
"2018-10",NA,0,"san andres y providencia","political_violence",2018-10-01
"2018-10",NA,5,"bogota, d.c.","political_violence",2018-10-01
"2018-11",NA,0,"amazonas","political_violence",2018-11-01
"2018-11",NA,12,"antioquia","political_violence",2018-11-01
"2018-11",NA,2,"atlantico","political_violence",2018-11-01
"2018-11",NA,3,"bolivar","political_violence",2018-11-01
"2018-11",NA,5,"boyaca","political_violence",2018-11-01
"2018-11",NA,2,"caldas","political_violence",2018-11-01
"2018-11",NA,4,"caqueta","political_violence",2018-11-01
"2018-11",NA,3,"casanare","political_violence",2018-11-01
"2018-11",NA,18,"cauca","political_violence",2018-11-01
"2018-11",NA,8,"cesar","political_violence",2018-11-01
"2018-11",NA,3,"choco","political_violence",2018-11-01
"2018-11",NA,9,"cordoba","political_violence",2018-11-01
"2018-11",NA,2,"cundinamarca","political_violence",2018-11-01
"2018-11",NA,0,"huila","political_violence",2018-11-01
"2018-11",NA,6,"la guajira","political_violence",2018-11-01
"2018-11",NA,2,"magdalena","political_violence",2018-11-01
"2018-11",NA,4,"meta","political_violence",2018-11-01
"2018-11",NA,12,"narino","political_violence",2018-11-01
"2018-11","tumaco",19,"narino","political_violence",2018-11-01
"2018-11",NA,33,"norte de santander","political_violence",2018-11-01
"2018-11",NA,1,"putumayo","political_violence",2018-11-01
"2018-11",NA,0,"quindio","political_violence",2018-11-01
"2018-11",NA,0,"risaralda","political_violence",2018-11-01
"2018-11",NA,3,"santander","political_violence",2018-11-01
"2018-11",NA,1,"sucre","political_violence",2018-11-01
"2018-11",NA,0,"tolima","political_violence",2018-11-01
"2018-11",NA,2,"valle del cauca","political_violence",2018-11-01
"2018-11","buenaventura",1,"valle del cauca","political_violence",2018-11-01
"2018-11",NA,0,"vaupes","political_violence",2018-11-01
"2018-11","arauca",15,"arauca","political_violence",2018-11-01
"2018-11",NA,0,"guainia","political_violence",2018-11-01
"2018-11",NA,0,"vichada","political_violence",2018-11-01
"2018-11",NA,0,"guaviare","political_violence",2018-11-01
"2018-11",NA,0,"san andres y providencia","political_violence",2018-11-01
"2018-11",NA,4,"bogota, d.c.","political_violence",2018-11-01
"2018-12",NA,0,"amazonas","political_violence",2018-12-01
"2018-12",NA,20,"antioquia","political_violence",2018-12-01
"2018-12",NA,0,"atlantico","political_violence",2018-12-01
"2018-12",NA,5,"bolivar","political_violence",2018-12-01
"2018-12",NA,0,"boyaca","political_violence",2018-12-01
"2018-12",NA,5,"caldas","political_violence",2018-12-01
"2018-12",NA,3,"caqueta","political_violence",2018-12-01
"2018-12",NA,2,"casanare","political_violence",2018-12-01
"2018-12",NA,24,"cauca","political_violence",2018-12-01
"2018-12",NA,2,"cesar","political_violence",2018-12-01
"2018-12",NA,7,"choco","political_violence",2018-12-01
"2018-12",NA,8,"cordoba","political_violence",2018-12-01
"2018-12",NA,0,"cundinamarca","political_violence",2018-12-01
"2018-12",NA,0,"huila","political_violence",2018-12-01
"2018-12",NA,2,"la guajira","political_violence",2018-12-01
"2018-12",NA,4,"magdalena","political_violence",2018-12-01
"2018-12",NA,6,"meta","political_violence",2018-12-01
"2018-12",NA,6,"narino","political_violence",2018-12-01
"2018-12","tumaco",10,"narino","political_violence",2018-12-01
"2018-12",NA,38,"norte de santander","political_violence",2018-12-01
"2018-12",NA,2,"putumayo","political_violence",2018-12-01
"2018-12",NA,0,"quindio","political_violence",2018-12-01
"2018-12",NA,0,"risaralda","political_violence",2018-12-01
"2018-12",NA,3,"santander","political_violence",2018-12-01
"2018-12",NA,1,"sucre","political_violence",2018-12-01
"2018-12",NA,1,"tolima","political_violence",2018-12-01
"2018-12",NA,7,"valle del cauca","political_violence",2018-12-01
"2018-12","buenaventura",1,"valle del cauca","political_violence",2018-12-01
"2018-12",NA,0,"vaupes","political_violence",2018-12-01
"2018-12","arauca",10,"arauca","political_violence",2018-12-01
"2018-12",NA,0,"guainia","political_violence",2018-12-01
"2018-12",NA,0,"vichada","political_violence",2018-12-01
"2018-12",NA,1,"guaviare","political_violence",2018-12-01
"2018-12",NA,0,"san andres y providencia","political_violence",2018-12-01
"2018-12",NA,5,"bogota, d.c.","political_violence",2018-12-01
"2019-01",NA,0,"amazonas","political_violence",2019-01-01
"2019-01",NA,14,"antioquia","political_violence",2019-01-01
"2019-01",NA,1,"atlantico","political_violence",2019-01-01
"2019-01",NA,8,"bolivar","political_violence",2019-01-01
"2019-01",NA,1,"boyaca","political_violence",2019-01-01
"2019-01",NA,1,"caldas","political_violence",2019-01-01
"2019-01",NA,1,"caqueta","political_violence",2019-01-01
"2019-01",NA,1,"casanare","political_violence",2019-01-01
"2019-01",NA,22,"cauca","political_violence",2019-01-01
"2019-01",NA,2,"cesar","political_violence",2019-01-01
"2019-01",NA,4,"choco","political_violence",2019-01-01
"2019-01",NA,8,"cordoba","political_violence",2019-01-01
"2019-01",NA,0,"cundinamarca","political_violence",2019-01-01
"2019-01",NA,0,"huila","political_violence",2019-01-01
"2019-01",NA,0,"la guajira","political_violence",2019-01-01
"2019-01",NA,3,"magdalena","political_violence",2019-01-01
"2019-01",NA,3,"meta","political_violence",2019-01-01
"2019-01",NA,5,"narino","political_violence",2019-01-01
"2019-01","tumaco",13,"narino","political_violence",2019-01-01
"2019-01",NA,38,"norte de santander","political_violence",2019-01-01
"2019-01",NA,2,"putumayo","political_violence",2019-01-01
"2019-01",NA,1,"quindio","political_violence",2019-01-01
"2019-01",NA,0,"risaralda","political_violence",2019-01-01
"2019-01",NA,0,"santander","political_violence",2019-01-01
"2019-01",NA,0,"sucre","political_violence",2019-01-01
"2019-01",NA,3,"tolima","political_violence",2019-01-01
"2019-01",NA,6,"valle del cauca","political_violence",2019-01-01
"2019-01","buenaventura",1,"valle del cauca","political_violence",2019-01-01
"2019-01",NA,2,"vaupes","political_violence",2019-01-01
"2019-01","arauca",19,"arauca","political_violence",2019-01-01
"2019-01",NA,0,"guainia","political_violence",2019-01-01
"2019-01",NA,0,"vichada","political_violence",2019-01-01
"2019-01",NA,0,"guaviare","political_violence",2019-01-01
"2019-01",NA,0,"san andres y providencia","political_violence",2019-01-01
"2019-01",NA,4,"bogota, d.c.","political_violence",2019-01-01
"2019-02",NA,0,"amazonas","political_violence",2019-02-01
"2019-02",NA,16,"antioquia","political_violence",2019-02-01
"2019-02",NA,2,"atlantico","political_violence",2019-02-01
"2019-02",NA,3,"bolivar","political_violence",2019-02-01
"2019-02",NA,0,"boyaca","political_violence",2019-02-01
"2019-02",NA,0,"caldas","political_violence",2019-02-01
"2019-02",NA,1,"caqueta","political_violence",2019-02-01
"2019-02",NA,0,"casanare","political_violence",2019-02-01
"2019-02",NA,16,"cauca","political_violence",2019-02-01
"2019-02",NA,5,"cesar","political_violence",2019-02-01
"2019-02",NA,16,"choco","political_violence",2019-02-01
"2019-02",NA,8,"cordoba","political_violence",2019-02-01
"2019-02",NA,0,"cundinamarca","political_violence",2019-02-01
"2019-02",NA,0,"huila","political_violence",2019-02-01
"2019-02",NA,1,"la guajira","political_violence",2019-02-01
"2019-02",NA,1,"magdalena","political_violence",2019-02-01
"2019-02",NA,0,"meta","political_violence",2019-02-01
"2019-02",NA,5,"narino","political_violence",2019-02-01
"2019-02","tumaco",7,"narino","political_violence",2019-02-01
"2019-02",NA,35,"norte de santander","political_violence",2019-02-01
"2019-02",NA,10,"putumayo","political_violence",2019-02-01
"2019-02",NA,0,"quindio","political_violence",2019-02-01
"2019-02",NA,0,"risaralda","political_violence",2019-02-01
"2019-02",NA,2,"santander","political_violence",2019-02-01
"2019-02",NA,0,"sucre","political_violence",2019-02-01
"2019-02",NA,2,"tolima","political_violence",2019-02-01
"2019-02",NA,3,"valle del cauca","political_violence",2019-02-01
"2019-02","buenaventura",0,"valle del cauca","political_violence",2019-02-01
"2019-02",NA,0,"vaupes","political_violence",2019-02-01
"2019-02","arauca",33,"arauca","political_violence",2019-02-01
"2019-02",NA,0,"guainia","political_violence",2019-02-01
"2019-02",NA,0,"vichada","political_violence",2019-02-01
"2019-02",NA,1,"guaviare","political_violence",2019-02-01
"2019-02",NA,0,"san andres y providencia","political_violence",2019-02-01
"2019-02",NA,1,"bogota, d.c.","political_violence",2019-02-01
"2019-03",NA,0,"amazonas","political_violence",2019-03-01
"2019-03",NA,13,"antioquia","political_violence",2019-03-01
"2019-03",NA,0,"atlantico","political_violence",2019-03-01
"2019-03",NA,3,"bolivar","political_violence",2019-03-01
"2019-03",NA,0,"boyaca","political_violence",2019-03-01
"2019-03",NA,1,"caldas","political_violence",2019-03-01
"2019-03",NA,3,"caqueta","political_violence",2019-03-01
"2019-03",NA,1,"casanare","political_violence",2019-03-01
"2019-03",NA,47,"cauca","political_violence",2019-03-01
"2019-03",NA,1,"cesar","political_violence",2019-03-01
"2019-03",NA,8,"choco","political_violence",2019-03-01
"2019-03",NA,11,"cordoba","political_violence",2019-03-01
"2019-03",NA,1,"cundinamarca","political_violence",2019-03-01
"2019-03",NA,0,"huila","political_violence",2019-03-01
"2019-03",NA,3,"la guajira","political_violence",2019-03-01
"2019-03",NA,0,"magdalena","political_violence",2019-03-01
"2019-03",NA,3,"meta","political_violence",2019-03-01
"2019-03",NA,7,"narino","political_violence",2019-03-01
"2019-03","tumaco",20,"narino","political_violence",2019-03-01
"2019-03",NA,40,"norte de santander","political_violence",2019-03-01
"2019-03",NA,3,"putumayo","political_violence",2019-03-01
"2019-03",NA,0,"quindio","political_violence",2019-03-01
"2019-03",NA,0,"risaralda","political_violence",2019-03-01
"2019-03",NA,2,"santander","political_violence",2019-03-01
"2019-03",NA,0,"sucre","political_violence",2019-03-01
"2019-03",NA,1,"tolima","political_violence",2019-03-01
"2019-03",NA,7,"valle del cauca","political_violence",2019-03-01
"2019-03","buenaventura",2,"valle del cauca","political_violence",2019-03-01
"2019-03",NA,0,"vaupes","political_violence",2019-03-01
"2019-03","arauca",29,"arauca","political_violence",2019-03-01
"2019-03",NA,0,"guainia","political_violence",2019-03-01
"2019-03",NA,0,"vichada","political_violence",2019-03-01
"2019-03",NA,0,"guaviare","political_violence",2019-03-01
"2019-03",NA,0,"san andres y providencia","political_violence",2019-03-01
"2019-03",NA,1,"bogota, d.c.","political_violence",2019-03-01
"2019-04",NA,0,"amazonas","political_violence",2019-04-01
"2019-04",NA,25,"antioquia","political_violence",2019-04-01
"2019-04",NA,0,"atlantico","political_violence",2019-04-01
"2019-04",NA,2,"bolivar","political_violence",2019-04-01
"2019-04",NA,0,"boyaca","political_violence",2019-04-01
"2019-04",NA,0,"caldas","political_violence",2019-04-01
"2019-04",NA,3,"caqueta","political_violence",2019-04-01
"2019-04",NA,0,"casanare","political_violence",2019-04-01
"2019-04",NA,22,"cauca","political_violence",2019-04-01
"2019-04",NA,0,"cesar","political_violence",2019-04-01
"2019-04",NA,12,"choco","political_violence",2019-04-01
"2019-04",NA,10,"cordoba","political_violence",2019-04-01
"2019-04",NA,0,"cundinamarca","political_violence",2019-04-01
"2019-04",NA,0,"huila","political_violence",2019-04-01
"2019-04",NA,3,"la guajira","political_violence",2019-04-01
"2019-04",NA,1,"magdalena","political_violence",2019-04-01
"2019-04",NA,4,"meta","political_violence",2019-04-01
"2019-04",NA,9,"narino","political_violence",2019-04-01
"2019-04","tumaco",10,"narino","political_violence",2019-04-01
"2019-04",NA,42,"norte de santander","political_violence",2019-04-01
"2019-04",NA,5,"putumayo","political_violence",2019-04-01
"2019-04",NA,1,"quindio","political_violence",2019-04-01
"2019-04",NA,0,"risaralda","political_violence",2019-04-01
"2019-04",NA,3,"santander","political_violence",2019-04-01
"2019-04",NA,2,"sucre","political_violence",2019-04-01
"2019-04",NA,0,"tolima","political_violence",2019-04-01
"2019-04",NA,4,"valle del cauca","political_violence",2019-04-01
"2019-04","buenaventura",0,"valle del cauca","political_violence",2019-04-01
"2019-04",NA,0,"vaupes","political_violence",2019-04-01
"2019-04","arauca",15,"arauca","political_violence",2019-04-01
"2019-04",NA,0,"guainia","political_violence",2019-04-01
"2019-04",NA,0,"vichada","political_violence",2019-04-01
"2019-04",NA,0,"guaviare","political_violence",2019-04-01
"2019-04",NA,0,"san andres y providencia","political_violence",2019-04-01
"2019-04",NA,4,"bogota, d.c.","political_violence",2019-04-01
"2019-05",NA,0,"amazonas","political_violence",2019-05-01
"2019-05",NA,21,"antioquia","political_violence",2019-05-01
"2019-05",NA,4,"atlantico","political_violence",2019-05-01
"2019-05",NA,5,"bolivar","political_violence",2019-05-01
"2019-05",NA,0,"boyaca","political_violence",2019-05-01
"2019-05",NA,0,"caldas","political_violence",2019-05-01
"2019-05",NA,1,"caqueta","political_violence",2019-05-01
"2019-05",NA,1,"casanare","political_violence",2019-05-01
"2019-05",NA,23,"cauca","political_violence",2019-05-01
"2019-05",NA,1,"cesar","political_violence",2019-05-01
"2019-05",NA,9,"choco","political_violence",2019-05-01
"2019-05",NA,8,"cordoba","political_violence",2019-05-01
"2019-05",NA,0,"cundinamarca","political_violence",2019-05-01
"2019-05",NA,1,"huila","political_violence",2019-05-01
"2019-05",NA,0,"la guajira","political_violence",2019-05-01
"2019-05",NA,3,"magdalena","political_violence",2019-05-01
"2019-05",NA,4,"meta","political_violence",2019-05-01
"2019-05",NA,9,"narino","political_violence",2019-05-01
"2019-05","tumaco",2,"narino","political_violence",2019-05-01
"2019-05",NA,32,"norte de santander","political_violence",2019-05-01
"2019-05",NA,2,"putumayo","political_violence",2019-05-01
"2019-05",NA,0,"quindio","political_violence",2019-05-01
"2019-05",NA,1,"risaralda","political_violence",2019-05-01
"2019-05",NA,2,"santander","political_violence",2019-05-01
"2019-05",NA,0,"sucre","political_violence",2019-05-01
"2019-05",NA,0,"tolima","political_violence",2019-05-01
"2019-05",NA,8,"valle del cauca","political_violence",2019-05-01
"2019-05","buenaventura",0,"valle del cauca","political_violence",2019-05-01
"2019-05",NA,1,"vaupes","political_violence",2019-05-01
"2019-05","arauca",33,"arauca","political_violence",2019-05-01
"2019-05",NA,0,"guainia","political_violence",2019-05-01
"2019-05",NA,0,"vichada","political_violence",2019-05-01
"2019-05",NA,1,"guaviare","political_violence",2019-05-01
"2019-05",NA,0,"san andres y providencia","political_violence",2019-05-01
"2019-05",NA,7,"bogota, d.c.","political_violence",2019-05-01
"2019-06",NA,0,"amazonas","political_violence",2019-06-01
"2019-06",NA,17,"antioquia","political_violence",2019-06-01
"2019-06",NA,1,"atlantico","political_violence",2019-06-01
"2019-06",NA,1,"bolivar","political_violence",2019-06-01
"2019-06",NA,1,"boyaca","political_violence",2019-06-01
"2019-06",NA,0,"caldas","political_violence",2019-06-01
"2019-06",NA,0,"caqueta","political_violence",2019-06-01
"2019-06",NA,1,"casanare","political_violence",2019-06-01
"2019-06",NA,27,"cauca","political_violence",2019-06-01
"2019-06",NA,0,"cesar","political_violence",2019-06-01
"2019-06",NA,8,"choco","political_violence",2019-06-01
"2019-06",NA,4,"cordoba","political_violence",2019-06-01
"2019-06",NA,2,"cundinamarca","political_violence",2019-06-01
"2019-06",NA,4,"huila","political_violence",2019-06-01
"2019-06",NA,3,"la guajira","political_violence",2019-06-01
"2019-06",NA,1,"magdalena","political_violence",2019-06-01
"2019-06",NA,2,"meta","political_violence",2019-06-01
"2019-06",NA,6,"narino","political_violence",2019-06-01
"2019-06","tumaco",6,"narino","political_violence",2019-06-01
"2019-06",NA,33,"norte de santander","political_violence",2019-06-01
"2019-06",NA,3,"putumayo","political_violence",2019-06-01
"2019-06",NA,0,"quindio","political_violence",2019-06-01
"2019-06",NA,0,"risaralda","political_violence",2019-06-01
"2019-06",NA,0,"santander","political_violence",2019-06-01
"2019-06",NA,2,"sucre","political_violence",2019-06-01
"2019-06",NA,0,"tolima","political_violence",2019-06-01
"2019-06",NA,8,"valle del cauca","political_violence",2019-06-01
"2019-06","buenaventura",2,"valle del cauca","political_violence",2019-06-01
"2019-06",NA,0,"vaupes","political_violence",2019-06-01
"2019-06","arauca",23,"arauca","political_violence",2019-06-01
"2019-06",NA,0,"guainia","political_violence",2019-06-01
"2019-06",NA,1,"vichada","political_violence",2019-06-01
"2019-06",NA,1,"guaviare","political_violence",2019-06-01
"2019-06",NA,0,"san andres y providencia","political_violence",2019-06-01
"2019-06",NA,3,"bogota, d.c.","political_violence",2019-06-01
"2019-07",NA,0,"amazonas","political_violence",2019-07-01
"2019-07",NA,16,"antioquia","political_violence",2019-07-01
"2019-07",NA,2,"atlantico","political_violence",2019-07-01
"2019-07",NA,8,"bolivar","political_violence",2019-07-01
"2019-07",NA,0,"boyaca","political_violence",2019-07-01
"2019-07",NA,0,"caldas","political_violence",2019-07-01
"2019-07",NA,4,"caqueta","political_violence",2019-07-01
"2019-07",NA,1,"casanare","political_violence",2019-07-01
"2019-07",NA,11,"cauca","political_violence",2019-07-01
"2019-07",NA,6,"cesar","political_violence",2019-07-01
"2019-07",NA,9,"choco","political_violence",2019-07-01
"2019-07",NA,2,"cordoba","political_violence",2019-07-01
"2019-07",NA,0,"cundinamarca","political_violence",2019-07-01
"2019-07",NA,1,"huila","political_violence",2019-07-01
"2019-07",NA,3,"la guajira","political_violence",2019-07-01
"2019-07",NA,2,"magdalena","political_violence",2019-07-01
"2019-07",NA,1,"meta","political_violence",2019-07-01
"2019-07",NA,12,"narino","political_violence",2019-07-01
"2019-07","tumaco",1,"narino","political_violence",2019-07-01
"2019-07",NA,34,"norte de santander","political_violence",2019-07-01
"2019-07",NA,4,"putumayo","political_violence",2019-07-01
"2019-07",NA,0,"quindio","political_violence",2019-07-01
"2019-07",NA,2,"risaralda","political_violence",2019-07-01
"2019-07",NA,3,"santander","political_violence",2019-07-01
"2019-07",NA,0,"sucre","political_violence",2019-07-01
"2019-07",NA,0,"tolima","political_violence",2019-07-01
"2019-07",NA,4,"valle del cauca","political_violence",2019-07-01
"2019-07","buenaventura",3,"valle del cauca","political_violence",2019-07-01
"2019-07",NA,0,"vaupes","political_violence",2019-07-01
"2019-07","arauca",17,"arauca","political_violence",2019-07-01
"2019-07",NA,0,"guainia","political_violence",2019-07-01
"2019-07",NA,2,"vichada","political_violence",2019-07-01
"2019-07",NA,2,"guaviare","political_violence",2019-07-01
"2019-07",NA,0,"san andres y providencia","political_violence",2019-07-01
"2019-07",NA,2,"bogota, d.c.","political_violence",2019-07-01
"2019-08",NA,0,"amazonas","political_violence",2019-08-01
"2019-08",NA,31,"antioquia","political_violence",2019-08-01
"2019-08",NA,3,"atlantico","political_violence",2019-08-01
"2019-08",NA,3,"bolivar","political_violence",2019-08-01
"2019-08",NA,0,"boyaca","political_violence",2019-08-01
"2019-08",NA,1,"caldas","political_violence",2019-08-01
"2019-08",NA,3,"caqueta","political_violence",2019-08-01
"2019-08",NA,1,"casanare","political_violence",2019-08-01
"2019-08",NA,24,"cauca","political_violence",2019-08-01
"2019-08",NA,0,"cesar","political_violence",2019-08-01
"2019-08",NA,9,"choco","political_violence",2019-08-01
"2019-08",NA,5,"cordoba","political_violence",2019-08-01
"2019-08",NA,0,"cundinamarca","political_violence",2019-08-01
"2019-08",NA,1,"huila","political_violence",2019-08-01
"2019-08",NA,0,"la guajira","political_violence",2019-08-01
"2019-08",NA,1,"magdalena","political_violence",2019-08-01
"2019-08",NA,2,"meta","political_violence",2019-08-01
"2019-08",NA,3,"narino","political_violence",2019-08-01
"2019-08","tumaco",2,"narino","political_violence",2019-08-01
"2019-08",NA,32,"norte de santander","political_violence",2019-08-01
"2019-08",NA,4,"putumayo","political_violence",2019-08-01
"2019-08",NA,1,"quindio","political_violence",2019-08-01
"2019-08",NA,0,"risaralda","political_violence",2019-08-01
"2019-08",NA,3,"santander","political_violence",2019-08-01
"2019-08",NA,0,"sucre","political_violence",2019-08-01
"2019-08",NA,0,"tolima","political_violence",2019-08-01
"2019-08",NA,6,"valle del cauca","political_violence",2019-08-01
"2019-08","buenaventura",0,"valle del cauca","political_violence",2019-08-01
"2019-08",NA,0,"vaupes","political_violence",2019-08-01
"2019-08","arauca",11,"arauca","political_violence",2019-08-01
"2019-08",NA,0,"guainia","political_violence",2019-08-01
"2019-08",NA,0,"vichada","political_violence",2019-08-01
"2019-08",NA,1,"guaviare","political_violence",2019-08-01
"2019-08",NA,0,"san andres y providencia","political_violence",2019-08-01
"2019-08",NA,0,"bogota, d.c.","political_violence",2019-08-01
"2019-09",NA,0,"amazonas","political_violence",2019-09-01
"2019-09",NA,16,"antioquia","political_violence",2019-09-01
"2019-09",NA,2,"atlantico","political_violence",2019-09-01
"2019-09",NA,2,"bolivar","political_violence",2019-09-01
"2019-09",NA,0,"boyaca","political_violence",2019-09-01
"2019-09",NA,0,"caldas","political_violence",2019-09-01
"2019-09",NA,2,"caqueta","political_violence",2019-09-01
"2019-09",NA,1,"casanare","political_violence",2019-09-01
"2019-09",NA,24,"cauca","political_violence",2019-09-01
"2019-09",NA,2,"cesar","political_violence",2019-09-01
"2019-09",NA,14,"choco","political_violence",2019-09-01
"2019-09",NA,2,"cordoba","political_violence",2019-09-01
"2019-09",NA,2,"cundinamarca","political_violence",2019-09-01
"2019-09",NA,0,"huila","political_violence",2019-09-01
"2019-09",NA,2,"la guajira","political_violence",2019-09-01
"2019-09",NA,2,"magdalena","political_violence",2019-09-01
"2019-09",NA,0,"meta","political_violence",2019-09-01
"2019-09",NA,1,"narino","political_violence",2019-09-01
"2019-09","tumaco",1,"narino","political_violence",2019-09-01
"2019-09",NA,30,"norte de santander","political_violence",2019-09-01
"2019-09",NA,7,"putumayo","political_violence",2019-09-01
"2019-09",NA,0,"quindio","political_violence",2019-09-01
"2019-09",NA,0,"risaralda","political_violence",2019-09-01
"2019-09",NA,0,"santander","political_violence",2019-09-01
"2019-09",NA,0,"sucre","political_violence",2019-09-01
"2019-09",NA,0,"tolima","political_violence",2019-09-01
"2019-09",NA,3,"valle del cauca","political_violence",2019-09-01
"2019-09","buenaventura",0,"valle del cauca","political_violence",2019-09-01
"2019-09",NA,0,"vaupes","political_violence",2019-09-01
"2019-09","arauca",18,"arauca","political_violence",2019-09-01
"2019-09",NA,0,"guainia","political_violence",2019-09-01
"2019-09",NA,0,"vichada","political_violence",2019-09-01
"2019-09",NA,0,"guaviare","political_violence",2019-09-01
"2019-09",NA,0,"san andres y providencia","political_violence",2019-09-01
"2019-09",NA,0,"bogota, d.c.","political_violence",2019-09-01
"2019-10",NA,0,"amazonas","political_violence",2019-10-01
"2019-10",NA,16,"antioquia","political_violence",2019-10-01
"2019-10",NA,3,"atlantico","political_violence",2019-10-01
"2019-10",NA,3,"bolivar","political_violence",2019-10-01
"2019-10",NA,0,"boyaca","political_violence",2019-10-01
"2019-10",NA,0,"caldas","political_violence",2019-10-01
"2019-10",NA,4,"caqueta","political_violence",2019-10-01
"2019-10",NA,0,"casanare","political_violence",2019-10-01
"2019-10",NA,28,"cauca","political_violence",2019-10-01
"2019-10",NA,3,"cesar","political_violence",2019-10-01
"2019-10",NA,9,"choco","political_violence",2019-10-01
"2019-10",NA,2,"cordoba","political_violence",2019-10-01
"2019-10",NA,0,"cundinamarca","political_violence",2019-10-01
"2019-10",NA,1,"huila","political_violence",2019-10-01
"2019-10",NA,7,"la guajira","political_violence",2019-10-01
"2019-10",NA,1,"magdalena","political_violence",2019-10-01
"2019-10",NA,2,"meta","political_violence",2019-10-01
"2019-10",NA,5,"narino","political_violence",2019-10-01
"2019-10","tumaco",4,"narino","political_violence",2019-10-01
"2019-10",NA,27,"norte de santander","political_violence",2019-10-01
"2019-10",NA,4,"putumayo","political_violence",2019-10-01
"2019-10",NA,1,"quindio","political_violence",2019-10-01
"2019-10",NA,2,"risaralda","political_violence",2019-10-01
"2019-10",NA,3,"santander","political_violence",2019-10-01
"2019-10",NA,0,"sucre","political_violence",2019-10-01
"2019-10",NA,0,"tolima","political_violence",2019-10-01
"2019-10",NA,6,"valle del cauca","political_violence",2019-10-01
"2019-10","buenaventura",0,"valle del cauca","political_violence",2019-10-01
"2019-10",NA,0,"vaupes","political_violence",2019-10-01
"2019-10","arauca",6,"arauca","political_violence",2019-10-01
"2019-10",NA,0,"guainia","political_violence",2019-10-01
"2019-10",NA,0,"vichada","political_violence",2019-10-01
"2019-10",NA,0,"guaviare","political_violence",2019-10-01
"2019-10",NA,0,"san andres y providencia","political_violence",2019-10-01
"2019-10",NA,4,"bogota, d.c.","political_violence",2019-10-01
"2019-11",NA,0,"amazonas","political_violence",2019-11-01
"2019-11",NA,15,"antioquia","political_violence",2019-11-01
"2019-11",NA,1,"atlantico","political_violence",2019-11-01
"2019-11",NA,1,"bolivar","political_violence",2019-11-01
"2019-11",NA,1,"boyaca","political_violence",2019-11-01
"2019-11",NA,0,"caldas","political_violence",2019-11-01
"2019-11",NA,0,"caqueta","political_violence",2019-11-01
"2019-11",NA,0,"casanare","political_violence",2019-11-01
"2019-11",NA,28,"cauca","political_violence",2019-11-01
"2019-11",NA,0,"cesar","political_violence",2019-11-01
"2019-11",NA,12,"choco","political_violence",2019-11-01
"2019-11",NA,5,"cordoba","political_violence",2019-11-01
"2019-11",NA,0,"cundinamarca","political_violence",2019-11-01
"2019-11",NA,0,"huila","political_violence",2019-11-01
"2019-11",NA,1,"la guajira","political_violence",2019-11-01
"2019-11",NA,0,"magdalena","political_violence",2019-11-01
"2019-11",NA,1,"meta","political_violence",2019-11-01
"2019-11",NA,3,"narino","political_violence",2019-11-01
"2019-11","tumaco",2,"narino","political_violence",2019-11-01
"2019-11",NA,11,"norte de santander","political_violence",2019-11-01
"2019-11",NA,2,"putumayo","political_violence",2019-11-01
"2019-11",NA,0,"quindio","political_violence",2019-11-01
"2019-11",NA,1,"risaralda","political_violence",2019-11-01
"2019-11",NA,1,"santander","political_violence",2019-11-01
"2019-11",NA,0,"sucre","political_violence",2019-11-01
"2019-11",NA,1,"tolima","political_violence",2019-11-01
"2019-11",NA,5,"valle del cauca","political_violence",2019-11-01
"2019-11","buenaventura",1,"valle del cauca","political_violence",2019-11-01
"2019-11",NA,0,"vaupes","political_violence",2019-11-01
"2019-11","arauca",9,"arauca","political_violence",2019-11-01
"2019-11",NA,0,"guainia","political_violence",2019-11-01
"2019-11",NA,0,"vichada","political_violence",2019-11-01
"2019-11",NA,0,"guaviare","political_violence",2019-11-01
"2019-11",NA,0,"san andres y providencia","political_violence",2019-11-01
"2019-11",NA,2,"bogota, d.c.","political_violence",2019-11-01
"2019-12",NA,0,"amazonas","political_violence",2019-12-01
"2019-12",NA,23,"antioquia","political_violence",2019-12-01
"2019-12",NA,0,"atlantico","political_violence",2019-12-01
"2019-12",NA,4,"bolivar","political_violence",2019-12-01
"2019-12",NA,1,"boyaca","political_violence",2019-12-01
"2019-12",NA,0,"caldas","political_violence",2019-12-01
"2019-12",NA,1,"caqueta","political_violence",2019-12-01
"2019-12",NA,0,"casanare","political_violence",2019-12-01
"2019-12",NA,20,"cauca","political_violence",2019-12-01
"2019-12",NA,1,"cesar","political_violence",2019-12-01
"2019-12",NA,2,"choco","political_violence",2019-12-01
"2019-12",NA,2,"cordoba","political_violence",2019-12-01
"2019-12",NA,1,"cundinamarca","political_violence",2019-12-01
"2019-12",NA,2,"huila","political_violence",2019-12-01
"2019-12",NA,1,"la guajira","political_violence",2019-12-01
"2019-12",NA,1,"magdalena","political_violence",2019-12-01
"2019-12",NA,0,"meta","political_violence",2019-12-01
"2019-12",NA,1,"narino","political_violence",2019-12-01
"2019-12","tumaco",2,"narino","political_violence",2019-12-01
"2019-12",NA,8,"norte de santander","political_violence",2019-12-01
"2019-12",NA,1,"putumayo","political_violence",2019-12-01
"2019-12",NA,0,"quindio","political_violence",2019-12-01
"2019-12",NA,0,"risaralda","political_violence",2019-12-01
"2019-12",NA,0,"santander","political_violence",2019-12-01
"2019-12",NA,0,"sucre","political_violence",2019-12-01
"2019-12",NA,0,"tolima","political_violence",2019-12-01
"2019-12",NA,5,"valle del cauca","political_violence",2019-12-01
"2019-12","buenaventura",0,"valle del cauca","political_violence",2019-12-01
"2019-12",NA,0,"vaupes","political_violence",2019-12-01
"2019-12","arauca",4,"arauca","political_violence",2019-12-01
"2019-12",NA,0,"guainia","political_violence",2019-12-01
"2019-12",NA,0,"vichada","political_violence",2019-12-01
"2019-12",NA,0,"guaviare","political_violence",2019-12-01
"2019-12",NA,0,"san andres y providencia","political_violence",2019-12-01
"2019-12",NA,0,"bogota, d.c.","political_violence",2019-12-01
"2020-01",NA,0,"amazonas","political_violence",2020-01-01
"2020-01",NA,47,"antioquia","political_violence",2020-01-01
"2020-01",NA,3,"atlantico","political_violence",2020-01-01
"2020-01",NA,2,"bolivar","political_violence",2020-01-01
"2020-01",NA,0,"boyaca","political_violence",2020-01-01
"2020-01",NA,0,"caldas","political_violence",2020-01-01
"2020-01",NA,0,"caqueta","political_violence",2020-01-01
"2020-01",NA,1,"casanare","political_violence",2020-01-01
"2020-01",NA,31,"cauca","political_violence",2020-01-01
"2020-01",NA,3,"cesar","political_violence",2020-01-01
"2020-01",NA,11,"choco","political_violence",2020-01-01
"2020-01",NA,3,"cordoba","political_violence",2020-01-01
"2020-01",NA,1,"cundinamarca","political_violence",2020-01-01
"2020-01",NA,3,"huila","political_violence",2020-01-01
"2020-01",NA,1,"la guajira","political_violence",2020-01-01
"2020-01",NA,1,"magdalena","political_violence",2020-01-01
"2020-01",NA,1,"meta","political_violence",2020-01-01
"2020-01",NA,11,"narino","political_violence",2020-01-01
"2020-01","tumaco",14,"narino","political_violence",2020-01-01
"2020-01",NA,18,"norte de santander","political_violence",2020-01-01
"2020-01",NA,10,"putumayo","political_violence",2020-01-01
"2020-01",NA,0,"quindio","political_violence",2020-01-01
"2020-01",NA,1,"risaralda","political_violence",2020-01-01
"2020-01",NA,0,"santander","political_violence",2020-01-01
"2020-01",NA,1,"sucre","political_violence",2020-01-01
"2020-01",NA,1,"tolima","political_violence",2020-01-01
"2020-01",NA,6,"valle del cauca","political_violence",2020-01-01
"2020-01","buenaventura",1,"valle del cauca","political_violence",2020-01-01
"2020-01",NA,0,"vaupes","political_violence",2020-01-01
"2020-01","arauca",15,"arauca","political_violence",2020-01-01
"2020-01",NA,0,"guainia","political_violence",2020-01-01
"2020-01",NA,0,"vichada","political_violence",2020-01-01
"2020-01",NA,0,"guaviare","political_violence",2020-01-01
"2020-01",NA,0,"san andres y providencia","political_violence",2020-01-01
"2020-01",NA,0,"bogota, d.c.","political_violence",2020-01-01
"2020-02",NA,0,"amazonas","political_violence",2020-02-01
"2020-02",NA,24,"antioquia","political_violence",2020-02-01
"2020-02",NA,0,"atlantico","political_violence",2020-02-01
"2020-02",NA,1,"bolivar","political_violence",2020-02-01
"2020-02",NA,2,"boyaca","political_violence",2020-02-01
"2020-02",NA,1,"caldas","political_violence",2020-02-01
"2020-02",NA,2,"caqueta","political_violence",2020-02-01
"2020-02",NA,0,"casanare","political_violence",2020-02-01
"2020-02",NA,21,"cauca","political_violence",2020-02-01
"2020-02",NA,8,"cesar","political_violence",2020-02-01
"2020-02",NA,7,"choco","political_violence",2020-02-01
"2020-02",NA,4,"cordoba","political_violence",2020-02-01
"2020-02",NA,1,"cundinamarca","political_violence",2020-02-01
"2020-02",NA,2,"huila","political_violence",2020-02-01
"2020-02",NA,1,"la guajira","political_violence",2020-02-01
"2020-02",NA,2,"magdalena","political_violence",2020-02-01
"2020-02",NA,8,"meta","political_violence",2020-02-01
"2020-02",NA,10,"narino","political_violence",2020-02-01
"2020-02","tumaco",8,"narino","political_violence",2020-02-01
"2020-02",NA,34,"norte de santander","political_violence",2020-02-01
"2020-02",NA,14,"putumayo","political_violence",2020-02-01
"2020-02",NA,0,"quindio","political_violence",2020-02-01
"2020-02",NA,0,"risaralda","political_violence",2020-02-01
"2020-02",NA,3,"santander","political_violence",2020-02-01
"2020-02",NA,2,"sucre","political_violence",2020-02-01
"2020-02",NA,2,"tolima","political_violence",2020-02-01
"2020-02",NA,0,"valle del cauca","political_violence",2020-02-01
"2020-02","buenaventura",2,"valle del cauca","political_violence",2020-02-01
"2020-02",NA,0,"vaupes","political_violence",2020-02-01
"2020-02","arauca",6,"arauca","political_violence",2020-02-01
"2020-02",NA,0,"guainia","political_violence",2020-02-01
"2020-02",NA,0,"vichada","political_violence",2020-02-01
"2020-02",NA,0,"guaviare","political_violence",2020-02-01
"2020-02",NA,0,"san andres y providencia","political_violence",2020-02-01
"2020-02",NA,0,"bogota, d.c.","political_violence",2020-02-01
"2020-03",NA,0,"amazonas","political_violence",2020-03-01
"2020-03",NA,20,"antioquia","political_violence",2020-03-01
"2020-03",NA,1,"atlantico","political_violence",2020-03-01
"2020-03",NA,4,"bolivar","political_violence",2020-03-01
"2020-03",NA,1,"boyaca","political_violence",2020-03-01
"2020-03",NA,0,"caldas","political_violence",2020-03-01
"2020-03",NA,4,"caqueta","political_violence",2020-03-01
"2020-03",NA,3,"casanare","political_violence",2020-03-01
"2020-03",NA,31,"cauca","political_violence",2020-03-01
"2020-03",NA,0,"cesar","political_violence",2020-03-01
"2020-03",NA,11,"choco","political_violence",2020-03-01
"2020-03",NA,2,"cordoba","political_violence",2020-03-01
"2020-03",NA,0,"cundinamarca","political_violence",2020-03-01
"2020-03",NA,4,"huila","political_violence",2020-03-01
"2020-03",NA,1,"la guajira","political_violence",2020-03-01
"2020-03",NA,1,"magdalena","political_violence",2020-03-01
"2020-03",NA,7,"meta","political_violence",2020-03-01
"2020-03",NA,4,"narino","political_violence",2020-03-01
"2020-03","tumaco",7,"narino","political_violence",2020-03-01
"2020-03",NA,29,"norte de santander","political_violence",2020-03-01
"2020-03",NA,12,"putumayo","political_violence",2020-03-01
"2020-03",NA,0,"quindio","political_violence",2020-03-01
"2020-03",NA,0,"risaralda","political_violence",2020-03-01
"2020-03",NA,0,"santander","political_violence",2020-03-01
"2020-03",NA,2,"sucre","political_violence",2020-03-01
"2020-03",NA,0,"tolima","political_violence",2020-03-01
"2020-03",NA,9,"valle del cauca","political_violence",2020-03-01
"2020-03","buenaventura",2,"valle del cauca","political_violence",2020-03-01
"2020-03",NA,0,"vaupes","political_violence",2020-03-01
"2020-03","arauca",5,"arauca","political_violence",2020-03-01
"2020-03",NA,0,"guainia","political_violence",2020-03-01
"2020-03",NA,0,"vichada","political_violence",2020-03-01
"2020-03",NA,3,"guaviare","political_violence",2020-03-01
"2020-03",NA,0,"san andres y providencia","political_violence",2020-03-01
"2020-03",NA,2,"bogota, d.c.","political_violence",2020-03-01
"2020-04",NA,0,"amazonas","political_violence",2020-04-01
"2020-04",NA,19,"antioquia","political_violence",2020-04-01
"2020-04",NA,0,"atlantico","political_violence",2020-04-01
"2020-04",NA,0,"bolivar","political_violence",2020-04-01
"2020-04",NA,0,"boyaca","political_violence",2020-04-01
"2020-04",NA,0,"caldas","political_violence",2020-04-01
"2020-04",NA,0,"caqueta","political_violence",2020-04-01
"2020-04",NA,1,"casanare","political_violence",2020-04-01
"2020-04",NA,30,"cauca","political_violence",2020-04-01
"2020-04",NA,0,"cesar","political_violence",2020-04-01
"2020-04",NA,8,"choco","political_violence",2020-04-01
"2020-04",NA,2,"cordoba","political_violence",2020-04-01
"2020-04",NA,0,"cundinamarca","political_violence",2020-04-01
"2020-04",NA,0,"huila","political_violence",2020-04-01
"2020-04",NA,0,"la guajira","political_violence",2020-04-01
"2020-04",NA,7,"magdalena","political_violence",2020-04-01
"2020-04",NA,3,"meta","political_violence",2020-04-01
"2020-04",NA,5,"narino","political_violence",2020-04-01
"2020-04","tumaco",8,"narino","political_violence",2020-04-01
"2020-04",NA,17,"norte de santander","political_violence",2020-04-01
"2020-04",NA,8,"putumayo","political_violence",2020-04-01
"2020-04",NA,0,"quindio","political_violence",2020-04-01
"2020-04",NA,0,"risaralda","political_violence",2020-04-01
"2020-04",NA,1,"santander","political_violence",2020-04-01
"2020-04",NA,0,"sucre","political_violence",2020-04-01
"2020-04",NA,1,"tolima","political_violence",2020-04-01
"2020-04",NA,2,"valle del cauca","political_violence",2020-04-01
"2020-04","buenaventura",0,"valle del cauca","political_violence",2020-04-01
"2020-04",NA,0,"vaupes","political_violence",2020-04-01
"2020-04","arauca",5,"arauca","political_violence",2020-04-01
"2020-04",NA,0,"guainia","political_violence",2020-04-01
"2020-04",NA,0,"vichada","political_violence",2020-04-01
"2020-04",NA,0,"guaviare","political_violence",2020-04-01
"2020-04",NA,0,"san andres y providencia","political_violence",2020-04-01
"2020-04",NA,1,"bogota, d.c.","political_violence",2020-04-01
"2020-05",NA,0,"amazonas","political_violence",2020-05-01
"2020-05",NA,17,"antioquia","political_violence",2020-05-01
"2020-05",NA,2,"atlantico","political_violence",2020-05-01
"2020-05",NA,4,"bolivar","political_violence",2020-05-01
"2020-05",NA,1,"boyaca","political_violence",2020-05-01
"2020-05",NA,0,"caldas","political_violence",2020-05-01
"2020-05",NA,0,"caqueta","political_violence",2020-05-01
"2020-05",NA,0,"casanare","political_violence",2020-05-01
"2020-05",NA,21,"cauca","political_violence",2020-05-01
"2020-05",NA,2,"cesar","political_violence",2020-05-01
"2020-05",NA,15,"choco","political_violence",2020-05-01
"2020-05",NA,9,"cordoba","political_violence",2020-05-01
"2020-05",NA,0,"cundinamarca","political_violence",2020-05-01
"2020-05",NA,4,"huila","political_violence",2020-05-01
"2020-05",NA,0,"la guajira","political_violence",2020-05-01
"2020-05",NA,2,"magdalena","political_violence",2020-05-01
"2020-05",NA,5,"meta","political_violence",2020-05-01
"2020-05",NA,2,"narino","political_violence",2020-05-01
"2020-05","tumaco",8,"narino","political_violence",2020-05-01
"2020-05",NA,19,"norte de santander","political_violence",2020-05-01
"2020-05",NA,3,"putumayo","political_violence",2020-05-01
"2020-05",NA,0,"quindio","political_violence",2020-05-01
"2020-05",NA,0,"risaralda","political_violence",2020-05-01
"2020-05",NA,1,"santander","political_violence",2020-05-01
"2020-05",NA,1,"sucre","political_violence",2020-05-01
"2020-05",NA,0,"tolima","political_violence",2020-05-01
"2020-05",NA,6,"valle del cauca","political_violence",2020-05-01
"2020-05","buenaventura",0,"valle del cauca","political_violence",2020-05-01
"2020-05",NA,0,"vaupes","political_violence",2020-05-01
"2020-05","arauca",13,"arauca","political_violence",2020-05-01
"2020-05",NA,0,"guainia","political_violence",2020-05-01
"2020-05",NA,2,"vichada","political_violence",2020-05-01
"2020-05",NA,2,"guaviare","political_violence",2020-05-01
"2020-05",NA,0,"san andres y providencia","political_violence",2020-05-01
"2020-05",NA,4,"bogota, d.c.","political_violence",2020-05-01
"2020-06",NA,0,"amazonas","political_violence",2020-06-01
"2020-06",NA,23,"antioquia","political_violence",2020-06-01
"2020-06",NA,2,"atlantico","political_violence",2020-06-01
"2020-06",NA,5,"bolivar","political_violence",2020-06-01
"2020-06",NA,0,"boyaca","political_violence",2020-06-01
"2020-06",NA,0,"caldas","political_violence",2020-06-01
"2020-06",NA,2,"caqueta","political_violence",2020-06-01
"2020-06",NA,0,"casanare","political_violence",2020-06-01
"2020-06",NA,15,"cauca","political_violence",2020-06-01
"2020-06",NA,0,"cesar","political_violence",2020-06-01
"2020-06",NA,12,"choco","political_violence",2020-06-01
"2020-06",NA,5,"cordoba","political_violence",2020-06-01
"2020-06",NA,1,"cundinamarca","political_violence",2020-06-01
"2020-06",NA,3,"huila","political_violence",2020-06-01
"2020-06",NA,3,"la guajira","political_violence",2020-06-01
"2020-06",NA,4,"magdalena","political_violence",2020-06-01
"2020-06",NA,6,"meta","political_violence",2020-06-01
"2020-06",NA,7,"narino","political_violence",2020-06-01
"2020-06","tumaco",4,"narino","political_violence",2020-06-01
"2020-06",NA,14,"norte de santander","political_violence",2020-06-01
"2020-06",NA,13,"putumayo","political_violence",2020-06-01
"2020-06",NA,0,"quindio","political_violence",2020-06-01
"2020-06",NA,1,"risaralda","political_violence",2020-06-01
"2020-06",NA,0,"santander","political_violence",2020-06-01
"2020-06",NA,0,"sucre","political_violence",2020-06-01
"2020-06",NA,0,"tolima","political_violence",2020-06-01
"2020-06",NA,6,"valle del cauca","political_violence",2020-06-01
"2020-06","buenaventura",0,"valle del cauca","political_violence",2020-06-01
"2020-06",NA,0,"vaupes","political_violence",2020-06-01
"2020-06","arauca",12,"arauca","political_violence",2020-06-01
"2020-06",NA,0,"guainia","political_violence",2020-06-01
"2020-06",NA,1,"vichada","political_violence",2020-06-01
"2020-06",NA,1,"guaviare","political_violence",2020-06-01
"2020-06",NA,0,"san andres y providencia","political_violence",2020-06-01
"2020-06",NA,0,"bogota, d.c.","political_violence",2020-06-01
"2020-07",NA,0,"amazonas","political_violence",2020-07-01
"2020-07",NA,10,"antioquia","political_violence",2020-07-01
"2020-07",NA,1,"atlantico","political_violence",2020-07-01
"2020-07",NA,0,"bolivar","political_violence",2020-07-01
"2020-07",NA,0,"boyaca","political_violence",2020-07-01
"2020-07",NA,1,"caldas","political_violence",2020-07-01
"2020-07",NA,2,"caqueta","political_violence",2020-07-01
"2020-07",NA,1,"casanare","political_violence",2020-07-01
"2020-07",NA,20,"cauca","political_violence",2020-07-01
"2020-07",NA,2,"cesar","political_violence",2020-07-01
"2020-07",NA,11,"choco","political_violence",2020-07-01
"2020-07",NA,8,"cordoba","political_violence",2020-07-01
"2020-07",NA,1,"cundinamarca","political_violence",2020-07-01
"2020-07",NA,5,"huila","political_violence",2020-07-01
"2020-07",NA,1,"la guajira","political_violence",2020-07-01
"2020-07",NA,2,"magdalena","political_violence",2020-07-01
"2020-07",NA,8,"meta","political_violence",2020-07-01
"2020-07",NA,1,"narino","political_violence",2020-07-01
"2020-07","tumaco",9,"narino","political_violence",2020-07-01
"2020-07",NA,30,"norte de santander","political_violence",2020-07-01
"2020-07",NA,11,"putumayo","political_violence",2020-07-01
"2020-07",NA,1,"quindio","political_violence",2020-07-01
"2020-07",NA,0,"risaralda","political_violence",2020-07-01
"2020-07",NA,2,"santander","political_violence",2020-07-01
"2020-07",NA,0,"sucre","political_violence",2020-07-01
"2020-07",NA,0,"tolima","political_violence",2020-07-01
"2020-07",NA,9,"valle del cauca","political_violence",2020-07-01
"2020-07","buenaventura",1,"valle del cauca","political_violence",2020-07-01
"2020-07",NA,0,"vaupes","political_violence",2020-07-01
"2020-07","arauca",11,"arauca","political_violence",2020-07-01
"2020-07",NA,0,"guainia","political_violence",2020-07-01
"2020-07",NA,0,"vichada","political_violence",2020-07-01
"2020-07",NA,2,"guaviare","political_violence",2020-07-01
"2020-07",NA,0,"san andres y providencia","political_violence",2020-07-01
"2020-07",NA,2,"bogota, d.c.","political_violence",2020-07-01
"2020-08",NA,0,"amazonas","political_violence",2020-08-01
"2020-08",NA,20,"antioquia","political_violence",2020-08-01
"2020-08",NA,0,"atlantico","political_violence",2020-08-01
"2020-08",NA,8,"bolivar","political_violence",2020-08-01
"2020-08",NA,0,"boyaca","political_violence",2020-08-01
"2020-08",NA,0,"caldas","political_violence",2020-08-01
"2020-08",NA,3,"caqueta","political_violence",2020-08-01
"2020-08",NA,1,"casanare","political_violence",2020-08-01
"2020-08",NA,25,"cauca","political_violence",2020-08-01
"2020-08",NA,1,"cesar","political_violence",2020-08-01
"2020-08",NA,11,"choco","political_violence",2020-08-01
"2020-08",NA,5,"cordoba","political_violence",2020-08-01
"2020-08",NA,0,"cundinamarca","political_violence",2020-08-01
"2020-08",NA,1,"huila","political_violence",2020-08-01
"2020-08",NA,1,"la guajira","political_violence",2020-08-01
"2020-08",NA,3,"magdalena","political_violence",2020-08-01
"2020-08",NA,7,"meta","political_violence",2020-08-01
"2020-08",NA,9,"narino","political_violence",2020-08-01
"2020-08","tumaco",9,"narino","political_violence",2020-08-01
"2020-08",NA,18,"norte de santander","political_violence",2020-08-01
"2020-08",NA,3,"putumayo","political_violence",2020-08-01
"2020-08",NA,0,"quindio","political_violence",2020-08-01
"2020-08",NA,0,"risaralda","political_violence",2020-08-01
"2020-08",NA,0,"santander","political_violence",2020-08-01
"2020-08",NA,1,"sucre","political_violence",2020-08-01
"2020-08",NA,2,"tolima","political_violence",2020-08-01
"2020-08",NA,9,"valle del cauca","political_violence",2020-08-01
"2020-08","buenaventura",1,"valle del cauca","political_violence",2020-08-01
"2020-08",NA,0,"vaupes","political_violence",2020-08-01
"2020-08","arauca",12,"arauca","political_violence",2020-08-01
"2020-08",NA,0,"guainia","political_violence",2020-08-01
"2020-08",NA,1,"vichada","political_violence",2020-08-01
"2020-08",NA,1,"guaviare","political_violence",2020-08-01
"2020-08",NA,0,"san andres y providencia","political_violence",2020-08-01
"2020-08",NA,0,"bogota, d.c.","political_violence",2020-08-01
"2020-09",NA,0,"amazonas","political_violence",2020-09-01
"2020-09",NA,36,"antioquia","political_violence",2020-09-01
"2020-09",NA,1,"atlantico","political_violence",2020-09-01
"2020-09",NA,4,"bolivar","political_violence",2020-09-01
"2020-09",NA,0,"boyaca","political_violence",2020-09-01
"2020-09",NA,0,"caldas","political_violence",2020-09-01
"2020-09",NA,3,"caqueta","political_violence",2020-09-01
"2020-09",NA,1,"casanare","political_violence",2020-09-01
"2020-09",NA,21,"cauca","political_violence",2020-09-01
"2020-09",NA,4,"cesar","political_violence",2020-09-01
"2020-09",NA,16,"choco","political_violence",2020-09-01
"2020-09",NA,11,"cordoba","political_violence",2020-09-01
"2020-09",NA,1,"cundinamarca","political_violence",2020-09-01
"2020-09",NA,2,"huila","political_violence",2020-09-01
"2020-09",NA,3,"la guajira","political_violence",2020-09-01
"2020-09",NA,0,"magdalena","political_violence",2020-09-01
"2020-09",NA,13,"meta","political_violence",2020-09-01
"2020-09",NA,7,"narino","political_violence",2020-09-01
"2020-09","tumaco",12,"narino","political_violence",2020-09-01
"2020-09",NA,11,"norte de santander","political_violence",2020-09-01
"2020-09",NA,8,"putumayo","political_violence",2020-09-01
"2020-09",NA,0,"quindio","political_violence",2020-09-01
"2020-09",NA,2,"risaralda","political_violence",2020-09-01
"2020-09",NA,0,"santander","political_violence",2020-09-01
"2020-09",NA,0,"sucre","political_violence",2020-09-01
"2020-09",NA,0,"tolima","political_violence",2020-09-01
"2020-09",NA,5,"valle del cauca","political_violence",2020-09-01
"2020-09","buenaventura",2,"valle del cauca","political_violence",2020-09-01
"2020-09",NA,0,"vaupes","political_violence",2020-09-01
"2020-09","arauca",28,"arauca","political_violence",2020-09-01
"2020-09",NA,0,"guainia","political_violence",2020-09-01
"2020-09",NA,0,"vichada","political_violence",2020-09-01
"2020-09",NA,2,"guaviare","political_violence",2020-09-01
"2020-09",NA,0,"san andres y providencia","political_violence",2020-09-01
"2020-09",NA,2,"bogota, d.c.","political_violence",2020-09-01
"2020-10",NA,1,"amazonas","political_violence",2020-10-01
"2020-10",NA,24,"antioquia","political_violence",2020-10-01
"2020-10",NA,2,"atlantico","political_violence",2020-10-01
"2020-10",NA,2,"bolivar","political_violence",2020-10-01
"2020-10",NA,0,"boyaca","political_violence",2020-10-01
"2020-10",NA,0,"caldas","political_violence",2020-10-01
"2020-10",NA,2,"caqueta","political_violence",2020-10-01
"2020-10",NA,0,"casanare","political_violence",2020-10-01
"2020-10",NA,25,"cauca","political_violence",2020-10-01
"2020-10",NA,0,"cesar","political_violence",2020-10-01
"2020-10",NA,8,"choco","political_violence",2020-10-01
"2020-10",NA,7,"cordoba","political_violence",2020-10-01
"2020-10",NA,0,"cundinamarca","political_violence",2020-10-01
"2020-10",NA,1,"huila","political_violence",2020-10-01
"2020-10",NA,2,"la guajira","political_violence",2020-10-01
"2020-10",NA,0,"magdalena","political_violence",2020-10-01
"2020-10",NA,15,"meta","political_violence",2020-10-01
"2020-10",NA,1,"narino","political_violence",2020-10-01
"2020-10","tumaco",7,"narino","political_violence",2020-10-01
"2020-10",NA,18,"norte de santander","political_violence",2020-10-01
"2020-10",NA,4,"putumayo","political_violence",2020-10-01
"2020-10",NA,0,"quindio","political_violence",2020-10-01
"2020-10",NA,0,"risaralda","political_violence",2020-10-01
"2020-10",NA,0,"santander","political_violence",2020-10-01
"2020-10",NA,2,"sucre","political_violence",2020-10-01
"2020-10",NA,2,"tolima","political_violence",2020-10-01
"2020-10",NA,3,"valle del cauca","political_violence",2020-10-01
"2020-10","buenaventura",0,"valle del cauca","political_violence",2020-10-01
"2020-10",NA,0,"vaupes","political_violence",2020-10-01
"2020-10","arauca",5,"arauca","political_violence",2020-10-01
"2020-10",NA,0,"guainia","political_violence",2020-10-01
"2020-10",NA,0,"vichada","political_violence",2020-10-01
"2020-10",NA,5,"guaviare","political_violence",2020-10-01
"2020-10",NA,0,"san andres y providencia","political_violence",2020-10-01
"2020-10",NA,0,"bogota, d.c.","political_violence",2020-10-01
"2020-11",NA,0,"amazonas","political_violence",2020-11-01
"2020-11",NA,44,"antioquia","political_violence",2020-11-01
"2020-11",NA,0,"atlantico","political_violence",2020-11-01
"2020-11",NA,0,"bolivar","political_violence",2020-11-01
"2020-11",NA,1,"boyaca","political_violence",2020-11-01
"2020-11",NA,0,"caldas","political_violence",2020-11-01
"2020-11",NA,5,"caqueta","political_violence",2020-11-01
"2020-11",NA,0,"casanare","political_violence",2020-11-01
"2020-11",NA,33,"cauca","political_violence",2020-11-01
"2020-11",NA,1,"cesar","political_violence",2020-11-01
"2020-11",NA,9,"choco","political_violence",2020-11-01
"2020-11",NA,7,"cordoba","political_violence",2020-11-01
"2020-11",NA,0,"cundinamarca","political_violence",2020-11-01
"2020-11",NA,1,"huila","political_violence",2020-11-01
"2020-11",NA,4,"la guajira","political_violence",2020-11-01
"2020-11",NA,1,"magdalena","political_violence",2020-11-01
"2020-11",NA,15,"meta","political_violence",2020-11-01
"2020-11",NA,7,"narino","political_violence",2020-11-01
"2020-11","tumaco",31,"narino","political_violence",2020-11-01
"2020-11",NA,16,"norte de santander","political_violence",2020-11-01
"2020-11",NA,6,"putumayo","political_violence",2020-11-01
"2020-11",NA,0,"quindio","political_violence",2020-11-01
"2020-11",NA,1,"risaralda","political_violence",2020-11-01
"2020-11",NA,0,"santander","political_violence",2020-11-01
"2020-11",NA,1,"sucre","political_violence",2020-11-01
"2020-11",NA,1,"tolima","political_violence",2020-11-01
"2020-11",NA,13,"valle del cauca","political_violence",2020-11-01
"2020-11","buenaventura",1,"valle del cauca","political_violence",2020-11-01
"2020-11",NA,0,"vaupes","political_violence",2020-11-01
"2020-11","arauca",12,"arauca","political_violence",2020-11-01
"2020-11",NA,0,"guainia","political_violence",2020-11-01
"2020-11",NA,0,"vichada","political_violence",2020-11-01
"2020-11",NA,3,"guaviare","political_violence",2020-11-01
"2020-11",NA,0,"san andres y providencia","political_violence",2020-11-01
"2020-11",NA,1,"bogota, d.c.","political_violence",2020-11-01
"2020-12",NA,0,"amazonas","political_violence",2020-12-01
"2020-12",NA,32,"antioquia","political_violence",2020-12-01
"2020-12",NA,3,"atlantico","political_violence",2020-12-01
"2020-12",NA,5,"bolivar","political_violence",2020-12-01
"2020-12",NA,0,"boyaca","political_violence",2020-12-01
"2020-12",NA,2,"caldas","political_violence",2020-12-01
"2020-12",NA,1,"caqueta","political_violence",2020-12-01
"2020-12",NA,1,"casanare","political_violence",2020-12-01
"2020-12",NA,46,"cauca","political_violence",2020-12-01
"2020-12",NA,0,"cesar","political_violence",2020-12-01
"2020-12",NA,6,"choco","political_violence",2020-12-01
"2020-12",NA,4,"cordoba","political_violence",2020-12-01
"2020-12",NA,0,"cundinamarca","political_violence",2020-12-01
"2020-12",NA,1,"huila","political_violence",2020-12-01
"2020-12",NA,3,"la guajira","political_violence",2020-12-01
"2020-12",NA,2,"magdalena","political_violence",2020-12-01
"2020-12",NA,16,"meta","political_violence",2020-12-01
"2020-12",NA,6,"narino","political_violence",2020-12-01
"2020-12","tumaco",6,"narino","political_violence",2020-12-01
"2020-12",NA,18,"norte de santander","political_violence",2020-12-01
"2020-12",NA,2,"putumayo","political_violence",2020-12-01
"2020-12",NA,0,"quindio","political_violence",2020-12-01
"2020-12",NA,0,"risaralda","political_violence",2020-12-01
"2020-12",NA,2,"santander","political_violence",2020-12-01
"2020-12",NA,1,"sucre","political_violence",2020-12-01
"2020-12",NA,0,"tolima","political_violence",2020-12-01
"2020-12",NA,14,"valle del cauca","political_violence",2020-12-01
"2020-12","buenaventura",3,"valle del cauca","political_violence",2020-12-01
"2020-12",NA,0,"vaupes","political_violence",2020-12-01
"2020-12","arauca",14,"arauca","political_violence",2020-12-01
"2020-12",NA,0,"guainia","political_violence",2020-12-01
"2020-12",NA,0,"vichada","political_violence",2020-12-01
"2020-12",NA,5,"guaviare","political_violence",2020-12-01
"2020-12",NA,0,"san andres y providencia","political_violence",2020-12-01
"2020-12",NA,2,"bogota, d.c.","political_violence",2020-12-01
"2021-01",NA,0,"amazonas","political_violence",2021-01-01
"2021-01",NA,40,"antioquia","political_violence",2021-01-01
"2021-01",NA,2,"atlantico","political_violence",2021-01-01
"2021-01",NA,6,"bolivar","political_violence",2021-01-01
"2021-01",NA,0,"boyaca","political_violence",2021-01-01
"2021-01",NA,0,"caldas","political_violence",2021-01-01
"2021-01",NA,6,"caqueta","political_violence",2021-01-01
"2021-01",NA,1,"casanare","political_violence",2021-01-01
"2021-01",NA,42,"cauca","political_violence",2021-01-01
"2021-01",NA,2,"cesar","political_violence",2021-01-01
"2021-01",NA,4,"choco","political_violence",2021-01-01
"2021-01",NA,2,"cordoba","political_violence",2021-01-01
"2021-01",NA,0,"cundinamarca","political_violence",2021-01-01
"2021-01",NA,1,"huila","political_violence",2021-01-01
"2021-01",NA,2,"la guajira","political_violence",2021-01-01
"2021-01",NA,3,"magdalena","political_violence",2021-01-01
"2021-01",NA,10,"meta","political_violence",2021-01-01
"2021-01",NA,6,"narino","political_violence",2021-01-01
"2021-01","tumaco",8,"narino","political_violence",2021-01-01
"2021-01",NA,26,"norte de santander","political_violence",2021-01-01
"2021-01",NA,0,"putumayo","political_violence",2021-01-01
"2021-01",NA,0,"quindio","political_violence",2021-01-01
"2021-01",NA,3,"risaralda","political_violence",2021-01-01
"2021-01",NA,1,"santander","political_violence",2021-01-01
"2021-01",NA,1,"sucre","political_violence",2021-01-01
"2021-01",NA,2,"tolima","political_violence",2021-01-01
"2021-01",NA,15,"valle del cauca","political_violence",2021-01-01
"2021-01","buenaventura",0,"valle del cauca","political_violence",2021-01-01
"2021-01",NA,0,"vaupes","political_violence",2021-01-01
"2021-01","arauca",19,"arauca","political_violence",2021-01-01
"2021-01",NA,0,"guainia","political_violence",2021-01-01
"2021-01",NA,0,"vichada","political_violence",2021-01-01
"2021-01",NA,1,"guaviare","political_violence",2021-01-01
"2021-01",NA,0,"san andres y providencia","political_violence",2021-01-01
"2021-01",NA,2,"bogota, d.c.","political_violence",2021-01-01
"2021-02",NA,0,"amazonas","political_violence",2021-02-01
"2021-02",NA,29,"antioquia","political_violence",2021-02-01
"2021-02",NA,3,"atlantico","political_violence",2021-02-01
"2021-02",NA,4,"bolivar","political_violence",2021-02-01
"2021-02",NA,0,"boyaca","political_violence",2021-02-01
"2021-02",NA,1,"caldas","political_violence",2021-02-01
"2021-02",NA,0,"caqueta","political_violence",2021-02-01
"2021-02",NA,0,"casanare","political_violence",2021-02-01
"2021-02",NA,25,"cauca","political_violence",2021-02-01
"2021-02",NA,3,"cesar","political_violence",2021-02-01
"2021-02",NA,10,"choco","political_violence",2021-02-01
"2021-02",NA,6,"cordoba","political_violence",2021-02-01
"2021-02",NA,0,"cundinamarca","political_violence",2021-02-01
"2021-02",NA,0,"huila","political_violence",2021-02-01
"2021-02",NA,1,"la guajira","political_violence",2021-02-01
"2021-02",NA,0,"magdalena","political_violence",2021-02-01
"2021-02",NA,4,"meta","political_violence",2021-02-01
"2021-02",NA,2,"narino","political_violence",2021-02-01
"2021-02","tumaco",12,"narino","political_violence",2021-02-01
"2021-02",NA,34,"norte de santander","political_violence",2021-02-01
"2021-02",NA,4,"putumayo","political_violence",2021-02-01
"2021-02",NA,0,"quindio","political_violence",2021-02-01
"2021-02",NA,2,"risaralda","political_violence",2021-02-01
"2021-02",NA,2,"santander","political_violence",2021-02-01
"2021-02",NA,3,"sucre","political_violence",2021-02-01
"2021-02",NA,1,"tolima","political_violence",2021-02-01
"2021-02",NA,1,"valle del cauca","political_violence",2021-02-01
"2021-02","buenaventura",5,"valle del cauca","political_violence",2021-02-01
"2021-02",NA,0,"vaupes","political_violence",2021-02-01
"2021-02","arauca",14,"arauca","political_violence",2021-02-01
"2021-02",NA,0,"guainia","political_violence",2021-02-01
"2021-02",NA,0,"vichada","political_violence",2021-02-01
"2021-02",NA,0,"guaviare","political_violence",2021-02-01
"2021-02",NA,0,"san andres y providencia","political_violence",2021-02-01
"2021-02",NA,1,"bogota, d.c.","political_violence",2021-02-01
"2021-03",NA,0,"amazonas","political_violence",2021-03-01
"2021-03",NA,34,"antioquia","political_violence",2021-03-01
"2021-03",NA,4,"atlantico","political_violence",2021-03-01
"2021-03",NA,13,"bolivar","political_violence",2021-03-01
"2021-03",NA,0,"boyaca","political_violence",2021-03-01
"2021-03",NA,0,"caldas","political_violence",2021-03-01
"2021-03",NA,5,"caqueta","political_violence",2021-03-01
"2021-03",NA,0,"casanare","political_violence",2021-03-01
"2021-03",NA,48,"cauca","political_violence",2021-03-01
"2021-03",NA,2,"cesar","political_violence",2021-03-01
"2021-03",NA,6,"choco","political_violence",2021-03-01
"2021-03",NA,10,"cordoba","political_violence",2021-03-01
"2021-03",NA,1,"cundinamarca","political_violence",2021-03-01
"2021-03",NA,0,"huila","political_violence",2021-03-01
"2021-03",NA,2,"la guajira","political_violence",2021-03-01
"2021-03",NA,0,"magdalena","political_violence",2021-03-01
"2021-03",NA,11,"meta","political_violence",2021-03-01
"2021-03",NA,27,"narino","political_violence",2021-03-01
"2021-03","tumaco",7,"narino","political_violence",2021-03-01
"2021-03",NA,22,"norte de santander","political_violence",2021-03-01
"2021-03",NA,7,"putumayo","political_violence",2021-03-01
"2021-03",NA,0,"quindio","political_violence",2021-03-01
"2021-03",NA,0,"risaralda","political_violence",2021-03-01
"2021-03",NA,2,"santander","political_violence",2021-03-01
"2021-03",NA,4,"sucre","political_violence",2021-03-01
"2021-03",NA,2,"tolima","political_violence",2021-03-01
"2021-03",NA,12,"valle del cauca","political_violence",2021-03-01
"2021-03","buenaventura",0,"valle del cauca","political_violence",2021-03-01
"2021-03",NA,0,"vaupes","political_violence",2021-03-01
"2021-03","arauca",22,"arauca","political_violence",2021-03-01
"2021-03",NA,0,"guainia","political_violence",2021-03-01
"2021-03",NA,0,"vichada","political_violence",2021-03-01
"2021-03",NA,2,"guaviare","political_violence",2021-03-01
"2021-03",NA,0,"san andres y providencia","political_violence",2021-03-01
"2021-03",NA,3,"bogota, d.c.","political_violence",2021-03-01
"2021-04",NA,0,"amazonas","political_violence",2021-04-01
"2021-04",NA,32,"antioquia","political_violence",2021-04-01
"2021-04",NA,7,"atlantico","political_violence",2021-04-01
"2021-04",NA,1,"bolivar","political_violence",2021-04-01
"2021-04",NA,0,"boyaca","political_violence",2021-04-01
"2021-04",NA,2,"caldas","political_violence",2021-04-01
"2021-04",NA,6,"caqueta","political_violence",2021-04-01
"2021-04",NA,0,"casanare","political_violence",2021-04-01
"2021-04",NA,40,"cauca","political_violence",2021-04-01
"2021-04",NA,5,"cesar","political_violence",2021-04-01
"2021-04",NA,16,"choco","political_violence",2021-04-01
"2021-04",NA,6,"cordoba","political_violence",2021-04-01
"2021-04",NA,0,"cundinamarca","political_violence",2021-04-01
"2021-04",NA,3,"huila","political_violence",2021-04-01
"2021-04",NA,1,"la guajira","political_violence",2021-04-01
"2021-04",NA,7,"magdalena","political_violence",2021-04-01
"2021-04",NA,16,"meta","political_violence",2021-04-01
"2021-04",NA,17,"narino","political_violence",2021-04-01
"2021-04","tumaco",22,"narino","political_violence",2021-04-01
"2021-04",NA,29,"norte de santander","political_violence",2021-04-01
"2021-04",NA,7,"putumayo","political_violence",2021-04-01
"2021-04",NA,0,"quindio","political_violence",2021-04-01
"2021-04",NA,1,"risaralda","political_violence",2021-04-01
"2021-04",NA,4,"santander","political_violence",2021-04-01
"2021-04",NA,3,"sucre","political_violence",2021-04-01
"2021-04",NA,4,"tolima","political_violence",2021-04-01
"2021-04",NA,12,"valle del cauca","political_violence",2021-04-01
"2021-04","buenaventura",1,"valle del cauca","political_violence",2021-04-01
"2021-04",NA,0,"vaupes","political_violence",2021-04-01
"2021-04","arauca",9,"arauca","political_violence",2021-04-01
"2021-04",NA,0,"guainia","political_violence",2021-04-01
"2021-04",NA,0,"vichada","political_violence",2021-04-01
"2021-04",NA,1,"guaviare","political_violence",2021-04-01
"2021-04",NA,0,"san andres y providencia","political_violence",2021-04-01
"2021-04",NA,1,"bogota, d.c.","political_violence",2021-04-01
"2021-05",NA,0,"amazonas","political_violence",2021-05-01
"2021-05",NA,53,"antioquia","political_violence",2021-05-01
"2021-05",NA,2,"atlantico","political_violence",2021-05-01
"2021-05",NA,9,"bolivar","political_violence",2021-05-01
"2021-05",NA,1,"boyaca","political_violence",2021-05-01
"2021-05",NA,3,"caldas","political_violence",2021-05-01
"2021-05",NA,3,"caqueta","political_violence",2021-05-01
"2021-05",NA,0,"casanare","political_violence",2021-05-01
"2021-05",NA,32,"cauca","political_violence",2021-05-01
"2021-05",NA,6,"cesar","political_violence",2021-05-01
"2021-05",NA,10,"choco","political_violence",2021-05-01
"2021-05",NA,8,"cordoba","political_violence",2021-05-01
"2021-05",NA,3,"cundinamarca","political_violence",2021-05-01
"2021-05",NA,5,"huila","political_violence",2021-05-01
"2021-05",NA,4,"la guajira","political_violence",2021-05-01
"2021-05",NA,2,"magdalena","political_violence",2021-05-01
"2021-05",NA,8,"meta","political_violence",2021-05-01
"2021-05",NA,8,"narino","political_violence",2021-05-01
"2021-05","tumaco",8,"narino","political_violence",2021-05-01
"2021-05",NA,36,"norte de santander","political_violence",2021-05-01
"2021-05",NA,7,"putumayo","political_violence",2021-05-01
"2021-05",NA,2,"quindio","political_violence",2021-05-01
"2021-05",NA,2,"risaralda","political_violence",2021-05-01
"2021-05",NA,7,"santander","political_violence",2021-05-01
"2021-05",NA,4,"sucre","political_violence",2021-05-01
"2021-05",NA,6,"tolima","political_violence",2021-05-01
"2021-05",NA,31,"valle del cauca","political_violence",2021-05-01
"2021-05","buenaventura",6,"valle del cauca","political_violence",2021-05-01
"2021-05",NA,0,"vaupes","political_violence",2021-05-01
"2021-05","arauca",10,"arauca","political_violence",2021-05-01
"2021-05",NA,0,"guainia","political_violence",2021-05-01
"2021-05",NA,0,"vichada","political_violence",2021-05-01
"2021-05",NA,0,"guaviare","political_violence",2021-05-01
"2021-05",NA,0,"san andres y providencia","political_violence",2021-05-01
"2021-05",NA,4,"bogota, d.c.","political_violence",2021-05-01
"2021-06",NA,0,"amazonas","political_violence",2021-06-01
"2021-06",NA,31,"antioquia","political_violence",2021-06-01
"2021-06",NA,3,"atlantico","political_violence",2021-06-01
"2021-06",NA,7,"bolivar","political_violence",2021-06-01
"2021-06",NA,1,"boyaca","political_violence",2021-06-01
"2021-06",NA,1,"caldas","political_violence",2021-06-01
"2021-06",NA,2,"caqueta","political_violence",2021-06-01
"2021-06",NA,0,"casanare","political_violence",2021-06-01
"2021-06",NA,34,"cauca","political_violence",2021-06-01
"2021-06",NA,6,"cesar","political_violence",2021-06-01
"2021-06",NA,4,"choco","political_violence",2021-06-01
"2021-06",NA,6,"cordoba","political_violence",2021-06-01
"2021-06",NA,0,"cundinamarca","political_violence",2021-06-01
"2021-06",NA,3,"huila","political_violence",2021-06-01
"2021-06",NA,4,"la guajira","political_violence",2021-06-01
"2021-06",NA,5,"magdalena","political_violence",2021-06-01
"2021-06",NA,15,"meta","political_violence",2021-06-01
"2021-06",NA,2,"narino","political_violence",2021-06-01
"2021-06","tumaco",3,"narino","political_violence",2021-06-01
"2021-06",NA,31,"norte de santander","political_violence",2021-06-01
"2021-06",NA,4,"putumayo","political_violence",2021-06-01
"2021-06",NA,0,"quindio","political_violence",2021-06-01
"2021-06",NA,0,"risaralda","political_violence",2021-06-01
"2021-06",NA,2,"santander","political_violence",2021-06-01
"2021-06",NA,3,"sucre","political_violence",2021-06-01
"2021-06",NA,1,"tolima","political_violence",2021-06-01
"2021-06",NA,23,"valle del cauca","political_violence",2021-06-01
"2021-06","buenaventura",4,"valle del cauca","political_violence",2021-06-01
"2021-06",NA,0,"vaupes","political_violence",2021-06-01
"2021-06","arauca",8,"arauca","political_violence",2021-06-01
"2021-06",NA,0,"guainia","political_violence",2021-06-01
"2021-06",NA,0,"vichada","political_violence",2021-06-01
"2021-06",NA,2,"guaviare","political_violence",2021-06-01
"2021-06",NA,0,"san andres y providencia","political_violence",2021-06-01
"2021-06",NA,7,"bogota, d.c.","political_violence",2021-06-01
"2021-07",NA,1,"amazonas","political_violence",2021-07-01
"2021-07",NA,33,"antioquia","political_violence",2021-07-01
"2021-07",NA,3,"atlantico","political_violence",2021-07-01
"2021-07",NA,9,"bolivar","political_violence",2021-07-01
"2021-07",NA,1,"boyaca","political_violence",2021-07-01
"2021-07",NA,0,"caldas","political_violence",2021-07-01
"2021-07",NA,7,"caqueta","political_violence",2021-07-01
"2021-07",NA,0,"casanare","political_violence",2021-07-01
"2021-07",NA,46,"cauca","political_violence",2021-07-01
"2021-07",NA,4,"cesar","political_violence",2021-07-01
"2021-07",NA,5,"choco","political_violence",2021-07-01
"2021-07",NA,4,"cordoba","political_violence",2021-07-01
"2021-07",NA,3,"cundinamarca","political_violence",2021-07-01
"2021-07",NA,1,"huila","political_violence",2021-07-01
"2021-07",NA,2,"la guajira","political_violence",2021-07-01
"2021-07",NA,1,"magdalena","political_violence",2021-07-01
"2021-07",NA,8,"meta","political_violence",2021-07-01
"2021-07",NA,3,"narino","political_violence",2021-07-01
"2021-07","tumaco",5,"narino","political_violence",2021-07-01
"2021-07",NA,27,"norte de santander","political_violence",2021-07-01
"2021-07",NA,6,"putumayo","political_violence",2021-07-01
"2021-07",NA,3,"quindio","political_violence",2021-07-01
"2021-07",NA,1,"risaralda","political_violence",2021-07-01
"2021-07",NA,5,"santander","political_violence",2021-07-01
"2021-07",NA,0,"sucre","political_violence",2021-07-01
"2021-07",NA,5,"tolima","political_violence",2021-07-01
"2021-07",NA,20,"valle del cauca","political_violence",2021-07-01
"2021-07","buenaventura",4,"valle del cauca","political_violence",2021-07-01
"2021-07",NA,0,"vaupes","political_violence",2021-07-01
"2021-07","arauca",12,"arauca","political_violence",2021-07-01
"2021-07",NA,0,"guainia","political_violence",2021-07-01
"2021-07",NA,0,"vichada","political_violence",2021-07-01
"2021-07",NA,2,"guaviare","political_violence",2021-07-01
"2021-07",NA,0,"san andres y providencia","political_violence",2021-07-01
"2021-07",NA,3,"bogota, d.c.","political_violence",2021-07-01
"2021-08",NA,0,"amazonas","political_violence",2021-08-01
"2021-08",NA,35,"antioquia","political_violence",2021-08-01
"2021-08",NA,3,"atlantico","political_violence",2021-08-01
"2021-08",NA,7,"bolivar","political_violence",2021-08-01
"2021-08",NA,2,"boyaca","political_violence",2021-08-01
"2021-08",NA,1,"caldas","political_violence",2021-08-01
"2021-08",NA,3,"caqueta","political_violence",2021-08-01
"2021-08",NA,0,"casanare","political_violence",2021-08-01
"2021-08",NA,40,"cauca","political_violence",2021-08-01
"2021-08",NA,3,"cesar","political_violence",2021-08-01
"2021-08",NA,10,"choco","political_violence",2021-08-01
"2021-08",NA,3,"cordoba","political_violence",2021-08-01
"2021-08",NA,0,"cundinamarca","political_violence",2021-08-01
"2021-08",NA,3,"huila","political_violence",2021-08-01
"2021-08",NA,0,"la guajira","political_violence",2021-08-01
"2021-08",NA,2,"magdalena","political_violence",2021-08-01
"2021-08",NA,10,"meta","political_violence",2021-08-01
"2021-08",NA,7,"narino","political_violence",2021-08-01
"2021-08","tumaco",5,"narino","political_violence",2021-08-01
"2021-08",NA,21,"norte de santander","political_violence",2021-08-01
"2021-08",NA,10,"putumayo","political_violence",2021-08-01
"2021-08",NA,0,"quindio","political_violence",2021-08-01
"2021-08",NA,2,"risaralda","political_violence",2021-08-01
"2021-08",NA,4,"santander","political_violence",2021-08-01
"2021-08",NA,1,"sucre","political_violence",2021-08-01
"2021-08",NA,2,"tolima","political_violence",2021-08-01
"2021-08",NA,7,"valle del cauca","political_violence",2021-08-01
"2021-08","buenaventura",2,"valle del cauca","political_violence",2021-08-01
"2021-08",NA,0,"vaupes","political_violence",2021-08-01
"2021-08","arauca",10,"arauca","political_violence",2021-08-01
"2021-08",NA,1,"guainia","political_violence",2021-08-01
"2021-08",NA,1,"vichada","political_violence",2021-08-01
"2021-08",NA,2,"guaviare","political_violence",2021-08-01
"2021-08",NA,0,"san andres y providencia","political_violence",2021-08-01
"2021-08",NA,4,"bogota, d.c.","political_violence",2021-08-01
"2021-09",NA,0,"amazonas","political_violence",2021-09-01
"2021-09",NA,15,"antioquia","political_violence",2021-09-01
"2021-09",NA,1,"atlantico","political_violence",2021-09-01
"2021-09",NA,8,"bolivar","political_violence",2021-09-01
"2021-09",NA,0,"boyaca","political_violence",2021-09-01
"2021-09",NA,0,"caldas","political_violence",2021-09-01
"2021-09",NA,4,"caqueta","political_violence",2021-09-01
"2021-09",NA,2,"casanare","political_violence",2021-09-01
"2021-09",NA,32,"cauca","political_violence",2021-09-01
"2021-09",NA,0,"cesar","political_violence",2021-09-01
"2021-09",NA,7,"choco","political_violence",2021-09-01
"2021-09",NA,2,"cordoba","political_violence",2021-09-01
"2021-09",NA,1,"cundinamarca","political_violence",2021-09-01
"2021-09",NA,1,"huila","political_violence",2021-09-01
"2021-09",NA,0,"la guajira","political_violence",2021-09-01
"2021-09",NA,4,"magdalena","political_violence",2021-09-01
"2021-09",NA,10,"meta","political_violence",2021-09-01
"2021-09",NA,4,"narino","political_violence",2021-09-01
"2021-09","tumaco",6,"narino","political_violence",2021-09-01
"2021-09",NA,15,"norte de santander","political_violence",2021-09-01
"2021-09",NA,8,"putumayo","political_violence",2021-09-01
"2021-09",NA,1,"quindio","political_violence",2021-09-01
"2021-09",NA,1,"risaralda","political_violence",2021-09-01
"2021-09",NA,3,"santander","political_violence",2021-09-01
"2021-09",NA,2,"sucre","political_violence",2021-09-01
"2021-09",NA,0,"tolima","political_violence",2021-09-01
"2021-09",NA,7,"valle del cauca","political_violence",2021-09-01
"2021-09","buenaventura",1,"valle del cauca","political_violence",2021-09-01
"2021-09",NA,0,"vaupes","political_violence",2021-09-01
"2021-09","arauca",15,"arauca","political_violence",2021-09-01
"2021-09",NA,1,"guainia","political_violence",2021-09-01
"2021-09",NA,0,"vichada","political_violence",2021-09-01
"2021-09",NA,1,"guaviare","political_violence",2021-09-01
"2021-09",NA,0,"san andres y providencia","political_violence",2021-09-01
"2021-09",NA,4,"bogota, d.c.","political_violence",2021-09-01
"2021-10",NA,0,"amazonas","political_violence",2021-10-01
"2021-10",NA,25,"antioquia","political_violence",2021-10-01
"2021-10",NA,3,"atlantico","political_violence",2021-10-01
"2021-10",NA,2,"bolivar","political_violence",2021-10-01
"2021-10",NA,0,"boyaca","political_violence",2021-10-01
"2021-10",NA,2,"caldas","political_violence",2021-10-01
"2021-10",NA,3,"caqueta","political_violence",2021-10-01
"2021-10",NA,0,"casanare","political_violence",2021-10-01
"2021-10",NA,52,"cauca","political_violence",2021-10-01
"2021-10",NA,3,"cesar","political_violence",2021-10-01
"2021-10",NA,4,"choco","political_violence",2021-10-01
"2021-10",NA,4,"cordoba","political_violence",2021-10-01
"2021-10",NA,0,"cundinamarca","political_violence",2021-10-01
"2021-10",NA,0,"huila","political_violence",2021-10-01
"2021-10",NA,2,"la guajira","political_violence",2021-10-01
"2021-10",NA,5,"magdalena","political_violence",2021-10-01
"2021-10",NA,8,"meta","political_violence",2021-10-01
"2021-10",NA,6,"narino","political_violence",2021-10-01
"2021-10","tumaco",3,"narino","political_violence",2021-10-01
"2021-10",NA,27,"norte de santander","political_violence",2021-10-01
"2021-10",NA,5,"putumayo","political_violence",2021-10-01
"2021-10",NA,0,"quindio","political_violence",2021-10-01
"2021-10",NA,0,"risaralda","political_violence",2021-10-01
"2021-10",NA,7,"santander","political_violence",2021-10-01
"2021-10",NA,0,"sucre","political_violence",2021-10-01
"2021-10",NA,0,"tolima","political_violence",2021-10-01
"2021-10",NA,8,"valle del cauca","political_violence",2021-10-01
"2021-10","buenaventura",8,"valle del cauca","political_violence",2021-10-01
"2021-10",NA,0,"vaupes","political_violence",2021-10-01
"2021-10","arauca",11,"arauca","political_violence",2021-10-01
"2021-10",NA,1,"guainia","political_violence",2021-10-01
"2021-10",NA,0,"vichada","political_violence",2021-10-01
"2021-10",NA,1,"guaviare","political_violence",2021-10-01
"2021-10",NA,0,"san andres y providencia","political_violence",2021-10-01
"2021-10",NA,7,"bogota, d.c.","political_violence",2021-10-01
"2021-11",NA,0,"amazonas","political_violence",2021-11-01
"2021-11",NA,17,"antioquia","political_violence",2021-11-01
"2021-11",NA,4,"atlantico","political_violence",2021-11-01
"2021-11",NA,3,"bolivar","political_violence",2021-11-01
"2021-11",NA,0,"boyaca","political_violence",2021-11-01
"2021-11",NA,1,"caldas","political_violence",2021-11-01
"2021-11",NA,3,"caqueta","political_violence",2021-11-01
"2021-11",NA,1,"casanare","political_violence",2021-11-01
"2021-11",NA,29,"cauca","political_violence",2021-11-01
"2021-11",NA,1,"cesar","political_violence",2021-11-01
"2021-11",NA,8,"choco","political_violence",2021-11-01
"2021-11",NA,5,"cordoba","political_violence",2021-11-01
"2021-11",NA,2,"cundinamarca","political_violence",2021-11-01
"2021-11",NA,0,"huila","political_violence",2021-11-01
"2021-11",NA,0,"la guajira","political_violence",2021-11-01
"2021-11",NA,0,"magdalena","political_violence",2021-11-01
"2021-11",NA,3,"meta","political_violence",2021-11-01
"2021-11",NA,3,"narino","political_violence",2021-11-01
"2021-11","tumaco",4,"narino","political_violence",2021-11-01
"2021-11",NA,15,"norte de santander","political_violence",2021-11-01
"2021-11",NA,4,"putumayo","political_violence",2021-11-01
"2021-11",NA,0,"quindio","political_violence",2021-11-01
"2021-11",NA,0,"risaralda","political_violence",2021-11-01
"2021-11",NA,3,"santander","political_violence",2021-11-01
"2021-11",NA,1,"sucre","political_violence",2021-11-01
"2021-11",NA,2,"tolima","political_violence",2021-11-01
"2021-11",NA,5,"valle del cauca","political_violence",2021-11-01
"2021-11","buenaventura",6,"valle del cauca","political_violence",2021-11-01
"2021-11",NA,0,"vaupes","political_violence",2021-11-01
"2021-11","arauca",7,"arauca","political_violence",2021-11-01
"2021-11",NA,0,"guainia","political_violence",2021-11-01
"2021-11",NA,2,"vichada","political_violence",2021-11-01
"2021-11",NA,2,"guaviare","political_violence",2021-11-01
"2021-11",NA,0,"san andres y providencia","political_violence",2021-11-01
"2021-11",NA,2,"bogota, d.c.","political_violence",2021-11-01
"2021-12",NA,0,"amazonas","political_violence",2021-12-01
"2021-12",NA,18,"antioquia","political_violence",2021-12-01
"2021-12",NA,1,"atlantico","political_violence",2021-12-01
"2021-12",NA,3,"bolivar","political_violence",2021-12-01
"2021-12",NA,0,"boyaca","political_violence",2021-12-01
"2021-12",NA,1,"caldas","political_violence",2021-12-01
"2021-12",NA,3,"caqueta","political_violence",2021-12-01
"2021-12",NA,2,"casanare","political_violence",2021-12-01
"2021-12",NA,24,"cauca","political_violence",2021-12-01
"2021-12",NA,1,"cesar","political_violence",2021-12-01
"2021-12",NA,4,"choco","political_violence",2021-12-01
"2021-12",NA,1,"cordoba","political_violence",2021-12-01
"2021-12",NA,0,"cundinamarca","political_violence",2021-12-01
"2021-12",NA,0,"huila","political_violence",2021-12-01
"2021-12",NA,1,"la guajira","political_violence",2021-12-01
"2021-12",NA,4,"magdalena","political_violence",2021-12-01
"2021-12",NA,7,"meta","political_violence",2021-12-01
"2021-12",NA,4,"narino","political_violence",2021-12-01
"2021-12","tumaco",3,"narino","political_violence",2021-12-01
"2021-12",NA,25,"norte de santander","political_violence",2021-12-01
"2021-12",NA,1,"putumayo","political_violence",2021-12-01
"2021-12",NA,0,"quindio","political_violence",2021-12-01
"2021-12",NA,1,"risaralda","political_violence",2021-12-01
"2021-12",NA,0,"santander","political_violence",2021-12-01
"2021-12",NA,1,"sucre","political_violence",2021-12-01
"2021-12",NA,6,"tolima","political_violence",2021-12-01
"2021-12",NA,7,"valle del cauca","political_violence",2021-12-01
"2021-12","buenaventura",1,"valle del cauca","political_violence",2021-12-01
"2021-12",NA,0,"vaupes","political_violence",2021-12-01
"2021-12","arauca",5,"arauca","political_violence",2021-12-01
"2021-12",NA,0,"guainia","political_violence",2021-12-01
"2021-12",NA,0,"vichada","political_violence",2021-12-01
"2021-12",NA,2,"guaviare","political_violence",2021-12-01
"2021-12",NA,0,"san andres y providencia","political_violence",2021-12-01
"2021-12",NA,3,"bogota, d.c.","political_violence",2021-12-01
"2022-01",NA,0,"amazonas","political_violence",2022-01-01
"2022-01",NA,23,"antioquia","political_violence",2022-01-01
"2022-01",NA,0,"atlantico","political_violence",2022-01-01
"2022-01",NA,14,"bolivar","political_violence",2022-01-01
"2022-01",NA,0,"boyaca","political_violence",2022-01-01
"2022-01",NA,0,"caldas","political_violence",2022-01-01
"2022-01",NA,4,"caqueta","political_violence",2022-01-01
"2022-01",NA,2,"casanare","political_violence",2022-01-01
"2022-01",NA,39,"cauca","political_violence",2022-01-01
"2022-01",NA,7,"cesar","political_violence",2022-01-01
"2022-01",NA,6,"choco","political_violence",2022-01-01
"2022-01",NA,3,"cordoba","political_violence",2022-01-01
"2022-01",NA,1,"cundinamarca","political_violence",2022-01-01
"2022-01",NA,0,"huila","political_violence",2022-01-01
"2022-01",NA,7,"la guajira","political_violence",2022-01-01
"2022-01",NA,6,"magdalena","political_violence",2022-01-01
"2022-01",NA,4,"meta","political_violence",2022-01-01
"2022-01",NA,2,"narino","political_violence",2022-01-01
"2022-01","tumaco",5,"narino","political_violence",2022-01-01
"2022-01",NA,42,"norte de santander","political_violence",2022-01-01
"2022-01",NA,11,"putumayo","political_violence",2022-01-01
"2022-01",NA,0,"quindio","political_violence",2022-01-01
"2022-01",NA,1,"risaralda","political_violence",2022-01-01
"2022-01",NA,2,"santander","political_violence",2022-01-01
"2022-01",NA,7,"sucre","political_violence",2022-01-01
"2022-01",NA,0,"tolima","political_violence",2022-01-01
"2022-01",NA,20,"valle del cauca","political_violence",2022-01-01
"2022-01","buenaventura",13,"valle del cauca","political_violence",2022-01-01
"2022-01",NA,0,"vaupes","political_violence",2022-01-01
"2022-01","arauca",28,"arauca","political_violence",2022-01-01
"2022-01",NA,0,"guainia","political_violence",2022-01-01
"2022-01",NA,0,"vichada","political_violence",2022-01-01
"2022-01",NA,1,"guaviare","political_violence",2022-01-01
"2022-01",NA,0,"san andres y providencia","political_violence",2022-01-01
"2022-01",NA,4,"bogota, d.c.","political_violence",2022-01-01
"2022-02",NA,2,"amazonas","political_violence",2022-02-01
"2022-02",NA,39,"antioquia","political_violence",2022-02-01
"2022-02",NA,3,"atlantico","political_violence",2022-02-01
"2022-02",NA,8,"bolivar","political_violence",2022-02-01
"2022-02",NA,0,"boyaca","political_violence",2022-02-01
"2022-02",NA,0,"caldas","political_violence",2022-02-01
"2022-02",NA,6,"caqueta","political_violence",2022-02-01
"2022-02",NA,1,"casanare","political_violence",2022-02-01
"2022-02",NA,36,"cauca","political_violence",2022-02-01
"2022-02",NA,8,"cesar","political_violence",2022-02-01
"2022-02",NA,16,"choco","political_violence",2022-02-01
"2022-02",NA,8,"cordoba","political_violence",2022-02-01
"2022-02",NA,0,"cundinamarca","political_violence",2022-02-01
"2022-02",NA,2,"huila","political_violence",2022-02-01
"2022-02",NA,2,"la guajira","political_violence",2022-02-01
"2022-02",NA,4,"magdalena","political_violence",2022-02-01
"2022-02",NA,3,"meta","political_violence",2022-02-01
"2022-02",NA,12,"narino","political_violence",2022-02-01
"2022-02","tumaco",3,"narino","political_violence",2022-02-01
"2022-02",NA,45,"norte de santander","political_violence",2022-02-01
"2022-02",NA,7,"putumayo","political_violence",2022-02-01
"2022-02",NA,0,"quindio","political_violence",2022-02-01
"2022-02",NA,0,"risaralda","political_violence",2022-02-01
"2022-02",NA,7,"santander","political_violence",2022-02-01
"2022-02",NA,6,"sucre","political_violence",2022-02-01
"2022-02",NA,6,"tolima","political_violence",2022-02-01
"2022-02",NA,9,"valle del cauca","political_violence",2022-02-01
"2022-02","buenaventura",13,"valle del cauca","political_violence",2022-02-01
"2022-02",NA,0,"vaupes","political_violence",2022-02-01
"2022-02","arauca",27,"arauca","political_violence",2022-02-01
"2022-02",NA,0,"guainia","political_violence",2022-02-01
"2022-02",NA,0,"vichada","political_violence",2022-02-01
"2022-02",NA,1,"guaviare","political_violence",2022-02-01
"2022-02",NA,0,"san andres y providencia","political_violence",2022-02-01
"2022-02",NA,4,"bogota, d.c.","political_violence",2022-02-01
"2022-03",NA,3,"amazonas","political_violence",2022-03-01
"2022-03",NA,22,"antioquia","political_violence",2022-03-01
"2022-03",NA,3,"atlantico","political_violence",2022-03-01
"2022-03",NA,21,"bolivar","political_violence",2022-03-01
"2022-03",NA,1,"boyaca","political_violence",2022-03-01
"2022-03",NA,0,"caldas","political_violence",2022-03-01
"2022-03",NA,6,"caqueta","political_violence",2022-03-01
"2022-03",NA,2,"casanare","political_violence",2022-03-01
"2022-03",NA,39,"cauca","political_violence",2022-03-01
"2022-03",NA,0,"cesar","political_violence",2022-03-01
"2022-03",NA,5,"choco","political_violence",2022-03-01
"2022-03",NA,4,"cordoba","political_violence",2022-03-01
"2022-03",NA,1,"cundinamarca","political_violence",2022-03-01
"2022-03",NA,1,"huila","political_violence",2022-03-01
"2022-03",NA,3,"la guajira","political_violence",2022-03-01
"2022-03",NA,2,"magdalena","political_violence",2022-03-01
"2022-03",NA,4,"meta","political_violence",2022-03-01
"2022-03",NA,3,"narino","political_violence",2022-03-01
"2022-03","tumaco",3,"narino","political_violence",2022-03-01
"2022-03",NA,48,"norte de santander","political_violence",2022-03-01
"2022-03",NA,4,"putumayo","political_violence",2022-03-01
"2022-03",NA,0,"quindio","political_violence",2022-03-01
"2022-03",NA,1,"risaralda","political_violence",2022-03-01
"2022-03",NA,7,"santander","political_violence",2022-03-01
"2022-03",NA,1,"sucre","political_violence",2022-03-01
"2022-03",NA,1,"tolima","political_violence",2022-03-01
"2022-03",NA,13,"valle del cauca","political_violence",2022-03-01
"2022-03","buenaventura",9,"valle del cauca","political_violence",2022-03-01
"2022-03",NA,0,"vaupes","political_violence",2022-03-01
"2022-03","arauca",8,"arauca","political_violence",2022-03-01
"2022-03",NA,0,"guainia","political_violence",2022-03-01
"2022-03",NA,3,"vichada","political_violence",2022-03-01
"2022-03",NA,3,"guaviare","political_violence",2022-03-01
"2022-03",NA,2,"san andres y providencia","political_violence",2022-03-01
"2022-03",NA,4,"bogota, d.c.","political_violence",2022-03-01
"2022-04",NA,0,"amazonas","political_violence",2022-04-01
"2022-04",NA,23,"antioquia","political_violence",2022-04-01
"2022-04",NA,6,"atlantico","political_violence",2022-04-01
"2022-04",NA,9,"bolivar","political_violence",2022-04-01
"2022-04",NA,0,"boyaca","political_violence",2022-04-01
"2022-04",NA,0,"caldas","political_violence",2022-04-01
"2022-04",NA,3,"caqueta","political_violence",2022-04-01
"2022-04",NA,1,"casanare","political_violence",2022-04-01
"2022-04",NA,32,"cauca","political_violence",2022-04-01
"2022-04",NA,0,"cesar","political_violence",2022-04-01
"2022-04",NA,6,"choco","political_violence",2022-04-01
"2022-04",NA,4,"cordoba","political_violence",2022-04-01
"2022-04",NA,2,"cundinamarca","political_violence",2022-04-01
"2022-04",NA,0,"huila","political_violence",2022-04-01
"2022-04",NA,2,"la guajira","political_violence",2022-04-01
"2022-04",NA,4,"magdalena","political_violence",2022-04-01
"2022-04",NA,9,"meta","political_violence",2022-04-01
"2022-04",NA,4,"narino","political_violence",2022-04-01
"2022-04","tumaco",3,"narino","political_violence",2022-04-01
"2022-04",NA,33,"norte de santander","political_violence",2022-04-01
"2022-04",NA,5,"putumayo","political_violence",2022-04-01
"2022-04",NA,1,"quindio","political_violence",2022-04-01
"2022-04",NA,0,"risaralda","political_violence",2022-04-01
"2022-04",NA,11,"santander","political_violence",2022-04-01
"2022-04",NA,3,"sucre","political_violence",2022-04-01
"2022-04",NA,1,"tolima","political_violence",2022-04-01
"2022-04",NA,17,"valle del cauca","political_violence",2022-04-01
"2022-04","buenaventura",5,"valle del cauca","political_violence",2022-04-01
"2022-04",NA,0,"vaupes","political_violence",2022-04-01
"2022-04","arauca",7,"arauca","political_violence",2022-04-01
"2022-04",NA,0,"guainia","political_violence",2022-04-01
"2022-04",NA,0,"vichada","political_violence",2022-04-01
"2022-04",NA,4,"guaviare","political_violence",2022-04-01
"2022-04",NA,0,"san andres y providencia","political_violence",2022-04-01
"2022-04",NA,4,"bogota, d.c.","political_violence",2022-04-01
"2022-05",NA,0,"amazonas","political_violence",2022-05-01
"2022-05",NA,33,"antioquia","political_violence",2022-05-01
"2022-05",NA,4,"atlantico","political_violence",2022-05-01
"2022-05",NA,17,"bolivar","political_violence",2022-05-01
"2022-05",NA,0,"boyaca","political_violence",2022-05-01
"2022-05",NA,0,"caldas","political_violence",2022-05-01
"2022-05",NA,11,"caqueta","political_violence",2022-05-01
"2022-05",NA,1,"casanare","political_violence",2022-05-01
"2022-05",NA,38,"cauca","political_violence",2022-05-01
"2022-05",NA,7,"cesar","political_violence",2022-05-01
"2022-05",NA,14,"choco","political_violence",2022-05-01
"2022-05",NA,6,"cordoba","political_violence",2022-05-01
"2022-05",NA,0,"cundinamarca","political_violence",2022-05-01
"2022-05",NA,0,"huila","political_violence",2022-05-01
"2022-05",NA,2,"la guajira","political_violence",2022-05-01
"2022-05",NA,4,"magdalena","political_violence",2022-05-01
"2022-05",NA,7,"meta","political_violence",2022-05-01
"2022-05",NA,4,"narino","political_violence",2022-05-01
"2022-05","tumaco",2,"narino","political_violence",2022-05-01
"2022-05",NA,25,"norte de santander","political_violence",2022-05-01
"2022-05",NA,1,"putumayo","political_violence",2022-05-01
"2022-05",NA,0,"quindio","political_violence",2022-05-01
"2022-05",NA,0,"risaralda","political_violence",2022-05-01
"2022-05",NA,4,"santander","political_violence",2022-05-01
"2022-05",NA,12,"sucre","political_violence",2022-05-01
"2022-05",NA,1,"tolima","political_violence",2022-05-01
"2022-05",NA,21,"valle del cauca","political_violence",2022-05-01
"2022-05","buenaventura",3,"valle del cauca","political_violence",2022-05-01
"2022-05",NA,0,"vaupes","political_violence",2022-05-01
"2022-05","arauca",15,"arauca","political_violence",2022-05-01
"2022-05",NA,0,"guainia","political_violence",2022-05-01
"2022-05",NA,0,"vichada","political_violence",2022-05-01
"2022-05",NA,3,"guaviare","political_violence",2022-05-01
"2022-05",NA,0,"san andres y providencia","political_violence",2022-05-01
"2022-05",NA,5,"bogota, d.c.","political_violence",2022-05-01
"2022-06",NA,0,"amazonas","political_violence",2022-06-01
"2022-06",NA,18,"antioquia","political_violence",2022-06-01
"2022-06",NA,0,"atlantico","political_violence",2022-06-01
"2022-06",NA,16,"bolivar","political_violence",2022-06-01
"2022-06",NA,0,"boyaca","political_violence",2022-06-01
"2022-06",NA,0,"caldas","political_violence",2022-06-01
"2022-06",NA,2,"caqueta","political_violence",2022-06-01
"2022-06",NA,0,"casanare","political_violence",2022-06-01
"2022-06",NA,48,"cauca","political_violence",2022-06-01
"2022-06",NA,0,"cesar","political_violence",2022-06-01
"2022-06",NA,8,"choco","political_violence",2022-06-01
"2022-06",NA,4,"cordoba","political_violence",2022-06-01
"2022-06",NA,2,"cundinamarca","political_violence",2022-06-01
"2022-06",NA,0,"huila","political_violence",2022-06-01
"2022-06",NA,4,"la guajira","political_violence",2022-06-01
"2022-06",NA,3,"magdalena","political_violence",2022-06-01
"2022-06",NA,3,"meta","political_violence",2022-06-01
"2022-06",NA,1,"narino","political_violence",2022-06-01
"2022-06","tumaco",3,"narino","political_violence",2022-06-01
"2022-06",NA,22,"norte de santander","political_violence",2022-06-01
"2022-06",NA,1,"putumayo","political_violence",2022-06-01
"2022-06",NA,0,"quindio","political_violence",2022-06-01
"2022-06",NA,2,"risaralda","political_violence",2022-06-01
"2022-06",NA,2,"santander","political_violence",2022-06-01
"2022-06",NA,8,"sucre","political_violence",2022-06-01
"2022-06",NA,3,"tolima","political_violence",2022-06-01
"2022-06",NA,11,"valle del cauca","political_violence",2022-06-01
"2022-06","buenaventura",9,"valle del cauca","political_violence",2022-06-01
"2022-06",NA,0,"vaupes","political_violence",2022-06-01
"2022-06","arauca",17,"arauca","political_violence",2022-06-01
"2022-06",NA,0,"guainia","political_violence",2022-06-01
"2022-06",NA,0,"vichada","political_violence",2022-06-01
"2022-06",NA,2,"guaviare","political_violence",2022-06-01
"2022-06",NA,0,"san andres y providencia","political_violence",2022-06-01
"2022-06",NA,4,"bogota, d.c.","political_violence",2022-06-01
"2022-07",NA,1,"amazonas","political_violence",2022-07-01
"2022-07",NA,59,"antioquia","political_violence",2022-07-01
"2022-07",NA,1,"atlantico","political_violence",2022-07-01
"2022-07",NA,22,"bolivar","political_violence",2022-07-01
"2022-07",NA,0,"boyaca","political_violence",2022-07-01
"2022-07",NA,1,"caldas","political_violence",2022-07-01
"2022-07",NA,6,"caqueta","political_violence",2022-07-01
"2022-07",NA,1,"casanare","political_violence",2022-07-01
"2022-07",NA,48,"cauca","political_violence",2022-07-01
"2022-07",NA,5,"cesar","political_violence",2022-07-01
"2022-07",NA,12,"choco","political_violence",2022-07-01
"2022-07",NA,17,"cordoba","political_violence",2022-07-01
"2022-07",NA,3,"cundinamarca","political_violence",2022-07-01
"2022-07",NA,1,"huila","political_violence",2022-07-01
"2022-07",NA,4,"la guajira","political_violence",2022-07-01
"2022-07",NA,1,"magdalena","political_violence",2022-07-01
"2022-07",NA,6,"meta","political_violence",2022-07-01
"2022-07",NA,3,"narino","political_violence",2022-07-01
"2022-07","tumaco",6,"narino","political_violence",2022-07-01
"2022-07",NA,34,"norte de santander","political_violence",2022-07-01
"2022-07",NA,9,"putumayo","political_violence",2022-07-01
"2022-07",NA,0,"quindio","political_violence",2022-07-01
"2022-07",NA,0,"risaralda","political_violence",2022-07-01
"2022-07",NA,5,"santander","political_violence",2022-07-01
"2022-07",NA,15,"sucre","political_violence",2022-07-01
"2022-07",NA,4,"tolima","political_violence",2022-07-01
"2022-07",NA,16,"valle del cauca","political_violence",2022-07-01
"2022-07","buenaventura",5,"valle del cauca","political_violence",2022-07-01
"2022-07",NA,0,"vaupes","political_violence",2022-07-01
"2022-07","arauca",11,"arauca","political_violence",2022-07-01
"2022-07",NA,0,"guainia","political_violence",2022-07-01
"2022-07",NA,0,"vichada","political_violence",2022-07-01
"2022-07",NA,3,"guaviare","political_violence",2022-07-01
"2022-07",NA,0,"san andres y providencia","political_violence",2022-07-01
"2022-07",NA,5,"bogota, d.c.","political_violence",2022-07-01
"2022-08",NA,1,"amazonas","political_violence",2022-08-01
"2022-08",NA,35,"antioquia","political_violence",2022-08-01
"2022-08",NA,0,"atlantico","political_violence",2022-08-01
"2022-08",NA,8,"bolivar","political_violence",2022-08-01
"2022-08",NA,0,"boyaca","political_violence",2022-08-01
"2022-08",NA,1,"caldas","political_violence",2022-08-01
"2022-08",NA,3,"caqueta","political_violence",2022-08-01
"2022-08",NA,0,"casanare","political_violence",2022-08-01
"2022-08",NA,47,"cauca","political_violence",2022-08-01
"2022-08",NA,4,"cesar","political_violence",2022-08-01
"2022-08",NA,7,"choco","political_violence",2022-08-01
"2022-08",NA,1,"cordoba","political_violence",2022-08-01
"2022-08",NA,0,"cundinamarca","political_violence",2022-08-01
"2022-08",NA,1,"huila","political_violence",2022-08-01
"2022-08",NA,3,"la guajira","political_violence",2022-08-01
"2022-08",NA,6,"magdalena","political_violence",2022-08-01
"2022-08",NA,5,"meta","political_violence",2022-08-01
"2022-08",NA,5,"narino","political_violence",2022-08-01
"2022-08","tumaco",1,"narino","political_violence",2022-08-01
"2022-08",NA,25,"norte de santander","political_violence",2022-08-01
"2022-08",NA,6,"putumayo","political_violence",2022-08-01
"2022-08",NA,0,"quindio","political_violence",2022-08-01
"2022-08",NA,2,"risaralda","political_violence",2022-08-01
"2022-08",NA,1,"santander","political_violence",2022-08-01
"2022-08",NA,3,"sucre","political_violence",2022-08-01
"2022-08",NA,2,"tolima","political_violence",2022-08-01
"2022-08",NA,18,"valle del cauca","political_violence",2022-08-01
"2022-08","buenaventura",0,"valle del cauca","political_violence",2022-08-01
"2022-08",NA,0,"vaupes","political_violence",2022-08-01
"2022-08","arauca",22,"arauca","political_violence",2022-08-01
"2022-08",NA,0,"guainia","political_violence",2022-08-01
"2022-08",NA,0,"vichada","political_violence",2022-08-01
"2022-08",NA,1,"guaviare","political_violence",2022-08-01
"2022-08",NA,0,"san andres y providencia","political_violence",2022-08-01
"2022-08",NA,0,"bogota, d.c.","political_violence",2022-08-01
"2022-09",NA,2,"amazonas","political_violence",2022-09-01
"2022-09",NA,21,"antioquia","political_violence",2022-09-01
"2022-09",NA,4,"atlantico","political_violence",2022-09-01
"2022-09",NA,10,"bolivar","political_violence",2022-09-01
"2022-09",NA,1,"boyaca","political_violence",2022-09-01
"2022-09",NA,0,"caldas","political_violence",2022-09-01
"2022-09",NA,7,"caqueta","political_violence",2022-09-01
"2022-09",NA,0,"casanare","political_violence",2022-09-01
"2022-09",NA,37,"cauca","political_violence",2022-09-01
"2022-09",NA,1,"cesar","political_violence",2022-09-01
"2022-09",NA,12,"choco","political_violence",2022-09-01
"2022-09",NA,3,"cordoba","political_violence",2022-09-01
"2022-09",NA,0,"cundinamarca","political_violence",2022-09-01
"2022-09",NA,3,"huila","political_violence",2022-09-01
"2022-09",NA,3,"la guajira","political_violence",2022-09-01
"2022-09",NA,6,"magdalena","political_violence",2022-09-01
"2022-09",NA,10,"meta","political_violence",2022-09-01
"2022-09",NA,3,"narino","political_violence",2022-09-01
"2022-09","tumaco",4,"narino","political_violence",2022-09-01
"2022-09",NA,18,"norte de santander","political_violence",2022-09-01
"2022-09",NA,9,"putumayo","political_violence",2022-09-01
"2022-09",NA,0,"quindio","political_violence",2022-09-01
"2022-09",NA,1,"risaralda","political_violence",2022-09-01
"2022-09",NA,3,"santander","political_violence",2022-09-01
"2022-09",NA,3,"sucre","political_violence",2022-09-01
"2022-09",NA,1,"tolima","political_violence",2022-09-01
"2022-09",NA,14,"valle del cauca","political_violence",2022-09-01
"2022-09","buenaventura",1,"valle del cauca","political_violence",2022-09-01
"2022-09",NA,0,"vaupes","political_violence",2022-09-01
"2022-09","arauca",12,"arauca","political_violence",2022-09-01
"2022-09",NA,0,"guainia","political_violence",2022-09-01
"2022-09",NA,0,"vichada","political_violence",2022-09-01
"2022-09",NA,1,"guaviare","political_violence",2022-09-01
"2022-09",NA,0,"san andres y providencia","political_violence",2022-09-01
"2022-09",NA,9,"bogota, d.c.","political_violence",2022-09-01
"2022-10",NA,0,"amazonas","political_violence",2022-10-01
"2022-10",NA,29,"antioquia","political_violence",2022-10-01
"2022-10",NA,6,"atlantico","political_violence",2022-10-01
"2022-10",NA,7,"bolivar","political_violence",2022-10-01
"2022-10",NA,0,"boyaca","political_violence",2022-10-01
"2022-10",NA,0,"caldas","political_violence",2022-10-01
"2022-10",NA,0,"caqueta","political_violence",2022-10-01
"2022-10",NA,1,"casanare","political_violence",2022-10-01
"2022-10",NA,48,"cauca","political_violence",2022-10-01
"2022-10",NA,1,"cesar","political_violence",2022-10-01
"2022-10",NA,7,"choco","political_violence",2022-10-01
"2022-10",NA,4,"cordoba","political_violence",2022-10-01
"2022-10",NA,0,"cundinamarca","political_violence",2022-10-01
"2022-10",NA,0,"huila","political_violence",2022-10-01
"2022-10",NA,7,"la guajira","political_violence",2022-10-01
"2022-10",NA,4,"magdalena","political_violence",2022-10-01
"2022-10",NA,6,"meta","political_violence",2022-10-01
"2022-10",NA,7,"narino","political_violence",2022-10-01
"2022-10","tumaco",7,"narino","political_violence",2022-10-01
"2022-10",NA,18,"norte de santander","political_violence",2022-10-01
"2022-10",NA,5,"putumayo","political_violence",2022-10-01
"2022-10",NA,0,"quindio","political_violence",2022-10-01
"2022-10",NA,1,"risaralda","political_violence",2022-10-01
"2022-10",NA,2,"santander","political_violence",2022-10-01
"2022-10",NA,5,"sucre","political_violence",2022-10-01
"2022-10",NA,2,"tolima","political_violence",2022-10-01
"2022-10",NA,21,"valle del cauca","political_violence",2022-10-01
"2022-10","buenaventura",3,"valle del cauca","political_violence",2022-10-01
"2022-10",NA,0,"vaupes","political_violence",2022-10-01
"2022-10","arauca",19,"arauca","political_violence",2022-10-01
"2022-10",NA,0,"guainia","political_violence",2022-10-01
"2022-10",NA,0,"vichada","political_violence",2022-10-01
"2022-10",NA,0,"guaviare","political_violence",2022-10-01
"2022-10",NA,0,"san andres y providencia","political_violence",2022-10-01
"2022-10",NA,6,"bogota, d.c.","political_violence",2022-10-01
"2022-11",NA,1,"amazonas","political_violence",2022-11-01
"2022-11",NA,20,"antioquia","political_violence",2022-11-01
"2022-11",NA,7,"atlantico","political_violence",2022-11-01
"2022-11",NA,7,"bolivar","political_violence",2022-11-01
"2022-11",NA,0,"boyaca","political_violence",2022-11-01
"2022-11",NA,0,"caldas","political_violence",2022-11-01
"2022-11",NA,4,"caqueta","political_violence",2022-11-01
"2022-11",NA,1,"casanare","political_violence",2022-11-01
"2022-11",NA,47,"cauca","political_violence",2022-11-01
"2022-11",NA,3,"cesar","political_violence",2022-11-01
"2022-11",NA,12,"choco","political_violence",2022-11-01
"2022-11",NA,1,"cordoba","political_violence",2022-11-01
"2022-11",NA,2,"cundinamarca","political_violence",2022-11-01
"2022-11",NA,0,"huila","political_violence",2022-11-01
"2022-11",NA,6,"la guajira","political_violence",2022-11-01
"2022-11",NA,2,"magdalena","political_violence",2022-11-01
"2022-11",NA,2,"meta","political_violence",2022-11-01
"2022-11",NA,8,"narino","political_violence",2022-11-01
"2022-11","tumaco",14,"narino","political_violence",2022-11-01
"2022-11",NA,6,"norte de santander","political_violence",2022-11-01
"2022-11",NA,9,"putumayo","political_violence",2022-11-01
"2022-11",NA,0,"quindio","political_violence",2022-11-01
"2022-11",NA,0,"risaralda","political_violence",2022-11-01
"2022-11",NA,4,"santander","political_violence",2022-11-01
"2022-11",NA,2,"sucre","political_violence",2022-11-01
"2022-11",NA,2,"tolima","political_violence",2022-11-01
"2022-11",NA,9,"valle del cauca","political_violence",2022-11-01
"2022-11","buenaventura",5,"valle del cauca","political_violence",2022-11-01
"2022-11",NA,0,"vaupes","political_violence",2022-11-01
"2022-11","arauca",37,"arauca","political_violence",2022-11-01
"2022-11",NA,0,"guainia","political_violence",2022-11-01
"2022-11",NA,0,"vichada","political_violence",2022-11-01
"2022-11",NA,3,"guaviare","political_violence",2022-11-01
"2022-11",NA,0,"san andres y providencia","political_violence",2022-11-01
"2022-11",NA,4,"bogota, d.c.","political_violence",2022-11-01
"2022-12",NA,0,"amazonas","political_violence",2022-12-01
"2022-12",NA,20,"antioquia","political_violence",2022-12-01
"2022-12",NA,1,"atlantico","political_violence",2022-12-01
"2022-12",NA,6,"bolivar","political_violence",2022-12-01
"2022-12",NA,0,"boyaca","political_violence",2022-12-01
"2022-12",NA,0,"caldas","political_violence",2022-12-01
"2022-12",NA,3,"caqueta","political_violence",2022-12-01
"2022-12",NA,0,"casanare","political_violence",2022-12-01
"2022-12",NA,43,"cauca","political_violence",2022-12-01
"2022-12",NA,5,"cesar","political_violence",2022-12-01
"2022-12",NA,7,"choco","political_violence",2022-12-01
"2022-12",NA,1,"cordoba","political_violence",2022-12-01
"2022-12",NA,0,"cundinamarca","political_violence",2022-12-01
"2022-12",NA,0,"huila","political_violence",2022-12-01
"2022-12",NA,3,"la guajira","political_violence",2022-12-01
"2022-12",NA,2,"magdalena","political_violence",2022-12-01
"2022-12",NA,5,"meta","political_violence",2022-12-01
"2022-12",NA,5,"narino","political_violence",2022-12-01
"2022-12","tumaco",8,"narino","political_violence",2022-12-01
"2022-12",NA,11,"norte de santander","political_violence",2022-12-01
"2022-12",NA,7,"putumayo","political_violence",2022-12-01
"2022-12",NA,2,"quindio","political_violence",2022-12-01
"2022-12",NA,0,"risaralda","political_violence",2022-12-01
"2022-12",NA,2,"santander","political_violence",2022-12-01
"2022-12",NA,1,"sucre","political_violence",2022-12-01
"2022-12",NA,3,"tolima","political_violence",2022-12-01
"2022-12",NA,6,"valle del cauca","political_violence",2022-12-01
"2022-12","buenaventura",2,"valle del cauca","political_violence",2022-12-01
"2022-12",NA,0,"vaupes","political_violence",2022-12-01
"2022-12","arauca",16,"arauca","political_violence",2022-12-01
"2022-12",NA,0,"guainia","political_violence",2022-12-01
"2022-12",NA,0,"vichada","political_violence",2022-12-01
"2022-12",NA,3,"guaviare","political_violence",2022-12-01
"2022-12",NA,0,"san andres y providencia","political_violence",2022-12-01
"2022-12",NA,4,"bogota, d.c.","political_violence",2022-12-01
"2023-01",NA,0,"amazonas","political_violence",2023-01-01
"2023-01",NA,23,"antioquia","political_violence",2023-01-01
"2023-01",NA,4,"atlantico","political_violence",2023-01-01
"2023-01",NA,12,"bolivar","political_violence",2023-01-01
"2023-01",NA,0,"boyaca","political_violence",2023-01-01
"2023-01",NA,0,"caldas","political_violence",2023-01-01
"2023-01",NA,4,"caqueta","political_violence",2023-01-01
"2023-01",NA,0,"casanare","political_violence",2023-01-01
"2023-01",NA,52,"cauca","political_violence",2023-01-01
"2023-01",NA,1,"cesar","political_violence",2023-01-01
"2023-01",NA,3,"choco","political_violence",2023-01-01
"2023-01",NA,3,"cordoba","political_violence",2023-01-01
"2023-01",NA,1,"cundinamarca","political_violence",2023-01-01
"2023-01",NA,0,"huila","political_violence",2023-01-01
"2023-01",NA,9,"la guajira","political_violence",2023-01-01
"2023-01",NA,6,"magdalena","political_violence",2023-01-01
"2023-01",NA,5,"meta","political_violence",2023-01-01
"2023-01",NA,9,"narino","political_violence",2023-01-01
"2023-01","tumaco",11,"narino","political_violence",2023-01-01
"2023-01",NA,16,"norte de santander","political_violence",2023-01-01
"2023-01",NA,2,"putumayo","political_violence",2023-01-01
"2023-01",NA,0,"quindio","political_violence",2023-01-01
"2023-01",NA,1,"risaralda","political_violence",2023-01-01
"2023-01",NA,5,"santander","political_violence",2023-01-01
"2023-01",NA,7,"sucre","political_violence",2023-01-01
"2023-01",NA,1,"tolima","political_violence",2023-01-01
"2023-01",NA,12,"valle del cauca","political_violence",2023-01-01
"2023-01","buenaventura",6,"valle del cauca","political_violence",2023-01-01
"2023-01",NA,0,"vaupes","political_violence",2023-01-01
"2023-01","arauca",12,"arauca","political_violence",2023-01-01
"2023-01",NA,0,"guainia","political_violence",2023-01-01
"2023-01",NA,0,"vichada","political_violence",2023-01-01
"2023-01",NA,1,"guaviare","political_violence",2023-01-01
"2023-01",NA,0,"san andres y providencia","political_violence",2023-01-01
"2023-01",NA,1,"bogota, d.c.","political_violence",2023-01-01
"2023-02",NA,0,"amazonas","political_violence",2023-02-01
"2023-02",NA,17,"antioquia","political_violence",2023-02-01
"2023-02",NA,6,"atlantico","political_violence",2023-02-01
"2023-02",NA,16,"bolivar","political_violence",2023-02-01
"2023-02",NA,0,"boyaca","political_violence",2023-02-01
"2023-02",NA,1,"caldas","political_violence",2023-02-01
"2023-02",NA,2,"caqueta","political_violence",2023-02-01
"2023-02",NA,0,"casanare","political_violence",2023-02-01
"2023-02",NA,46,"cauca","political_violence",2023-02-01
"2023-02",NA,6,"cesar","political_violence",2023-02-01
"2023-02",NA,4,"choco","political_violence",2023-02-01
"2023-02",NA,5,"cordoba","political_violence",2023-02-01
"2023-02",NA,0,"cundinamarca","political_violence",2023-02-01
"2023-02",NA,2,"huila","political_violence",2023-02-01
"2023-02",NA,6,"la guajira","political_violence",2023-02-01
"2023-02",NA,6,"magdalena","political_violence",2023-02-01
"2023-02",NA,2,"meta","political_violence",2023-02-01
"2023-02",NA,10,"narino","political_violence",2023-02-01
"2023-02","tumaco",14,"narino","political_violence",2023-02-01
"2023-02",NA,26,"norte de santander","political_violence",2023-02-01
"2023-02",NA,0,"putumayo","political_violence",2023-02-01
"2023-02",NA,0,"quindio","political_violence",2023-02-01
"2023-02",NA,1,"risaralda","political_violence",2023-02-01
"2023-02",NA,2,"santander","political_violence",2023-02-01
"2023-02",NA,3,"sucre","political_violence",2023-02-01
"2023-02",NA,0,"tolima","political_violence",2023-02-01
"2023-02",NA,11,"valle del cauca","political_violence",2023-02-01
"2023-02","buenaventura",1,"valle del cauca","political_violence",2023-02-01
"2023-02",NA,0,"vaupes","political_violence",2023-02-01
"2023-02","arauca",29,"arauca","political_violence",2023-02-01
"2023-02",NA,0,"guainia","political_violence",2023-02-01
"2023-02",NA,0,"vichada","political_violence",2023-02-01
"2023-02",NA,1,"guaviare","political_violence",2023-02-01
"2023-02",NA,0,"san andres y providencia","political_violence",2023-02-01
"2023-02",NA,1,"bogota, d.c.","political_violence",2023-02-01
"2023-03",NA,3,"amazonas","political_violence",2023-03-01
"2023-03",NA,27,"antioquia","political_violence",2023-03-01
"2023-03",NA,5,"atlantico","political_violence",2023-03-01
"2023-03",NA,19,"bolivar","political_violence",2023-03-01
"2023-03",NA,2,"boyaca","political_violence",2023-03-01
"2023-03",NA,0,"caldas","political_violence",2023-03-01
"2023-03",NA,3,"caqueta","political_violence",2023-03-01
"2023-03",NA,0,"casanare","political_violence",2023-03-01
"2023-03",NA,45,"cauca","political_violence",2023-03-01
"2023-03",NA,8,"cesar","political_violence",2023-03-01
"2023-03",NA,16,"choco","political_violence",2023-03-01
"2023-03",NA,3,"cordoba","political_violence",2023-03-01
"2023-03",NA,1,"cundinamarca","political_violence",2023-03-01
"2023-03",NA,2,"huila","political_violence",2023-03-01
"2023-03",NA,8,"la guajira","political_violence",2023-03-01
"2023-03",NA,3,"magdalena","political_violence",2023-03-01
"2023-03",NA,2,"meta","political_violence",2023-03-01
"2023-03",NA,8,"narino","political_violence",2023-03-01
"2023-03","tumaco",7,"narino","political_violence",2023-03-01
"2023-03",NA,28,"norte de santander","political_violence",2023-03-01
"2023-03",NA,3,"putumayo","political_violence",2023-03-01
"2023-03",NA,0,"quindio","political_violence",2023-03-01
"2023-03",NA,0,"risaralda","political_violence",2023-03-01
"2023-03",NA,8,"santander","political_violence",2023-03-01
"2023-03",NA,3,"sucre","political_violence",2023-03-01
"2023-03",NA,2,"tolima","political_violence",2023-03-01
"2023-03",NA,8,"valle del cauca","political_violence",2023-03-01
"2023-03","buenaventura",1,"valle del cauca","political_violence",2023-03-01
"2023-03",NA,0,"vaupes","political_violence",2023-03-01
"2023-03","arauca",30,"arauca","political_violence",2023-03-01
"2023-03",NA,0,"guainia","political_violence",2023-03-01
"2023-03",NA,0,"vichada","political_violence",2023-03-01
"2023-03",NA,3,"guaviare","political_violence",2023-03-01
"2023-03",NA,0,"san andres y providencia","political_violence",2023-03-01
"2023-03",NA,2,"bogota, d.c.","political_violence",2023-03-01
"2023-04",NA,2,"amazonas","political_violence",2023-04-01
"2023-04",NA,30,"antioquia","political_violence",2023-04-01
"2023-04",NA,9,"atlantico","political_violence",2023-04-01
"2023-04",NA,7,"bolivar","political_violence",2023-04-01
"2023-04",NA,1,"boyaca","political_violence",2023-04-01
"2023-04",NA,0,"caldas","political_violence",2023-04-01
"2023-04",NA,5,"caqueta","political_violence",2023-04-01
"2023-04",NA,0,"casanare","political_violence",2023-04-01
"2023-04",NA,36,"cauca","political_violence",2023-04-01
"2023-04",NA,5,"cesar","political_violence",2023-04-01
"2023-04",NA,12,"choco","political_violence",2023-04-01
"2023-04",NA,6,"cordoba","political_violence",2023-04-01
"2023-04",NA,2,"cundinamarca","political_violence",2023-04-01
"2023-04",NA,0,"huila","political_violence",2023-04-01
"2023-04",NA,3,"la guajira","political_violence",2023-04-01
"2023-04",NA,3,"magdalena","political_violence",2023-04-01
"2023-04",NA,3,"meta","political_violence",2023-04-01
"2023-04",NA,6,"narino","political_violence",2023-04-01
"2023-04","tumaco",4,"narino","political_violence",2023-04-01
"2023-04",NA,29,"norte de santander","political_violence",2023-04-01
"2023-04",NA,2,"putumayo","political_violence",2023-04-01
"2023-04",NA,0,"quindio","political_violence",2023-04-01
"2023-04",NA,2,"risaralda","political_violence",2023-04-01
"2023-04",NA,3,"santander","political_violence",2023-04-01
"2023-04",NA,1,"sucre","political_violence",2023-04-01
"2023-04",NA,2,"tolima","political_violence",2023-04-01
"2023-04",NA,8,"valle del cauca","political_violence",2023-04-01
"2023-04","buenaventura",3,"valle del cauca","political_violence",2023-04-01
"2023-04",NA,0,"vaupes","political_violence",2023-04-01
"2023-04","arauca",15,"arauca","political_violence",2023-04-01
"2023-04",NA,0,"guainia","political_violence",2023-04-01
"2023-04",NA,1,"vichada","political_violence",2023-04-01
"2023-04",NA,1,"guaviare","political_violence",2023-04-01
"2023-04",NA,0,"san andres y providencia","political_violence",2023-04-01
"2023-04",NA,6,"bogota, d.c.","political_violence",2023-04-01
"2023-05",NA,0,"amazonas","political_violence",2023-05-01
"2023-05",NA,22,"antioquia","political_violence",2023-05-01
"2023-05",NA,6,"atlantico","political_violence",2023-05-01
"2023-05",NA,12,"bolivar","political_violence",2023-05-01
"2023-05",NA,1,"boyaca","political_violence",2023-05-01
"2023-05",NA,0,"caldas","political_violence",2023-05-01
"2023-05",NA,16,"caqueta","political_violence",2023-05-01
"2023-05",NA,1,"casanare","political_violence",2023-05-01
"2023-05",NA,41,"cauca","political_violence",2023-05-01
"2023-05",NA,8,"cesar","political_violence",2023-05-01
"2023-05",NA,11,"choco","political_violence",2023-05-01
"2023-05",NA,4,"cordoba","political_violence",2023-05-01
"2023-05",NA,0,"cundinamarca","political_violence",2023-05-01
"2023-05",NA,2,"huila","political_violence",2023-05-01
"2023-05",NA,3,"la guajira","political_violence",2023-05-01
"2023-05",NA,2,"magdalena","political_violence",2023-05-01
"2023-05",NA,6,"meta","political_violence",2023-05-01
"2023-05",NA,11,"narino","political_violence",2023-05-01
"2023-05","tumaco",4,"narino","political_violence",2023-05-01
"2023-05",NA,25,"norte de santander","political_violence",2023-05-01
"2023-05",NA,7,"putumayo","political_violence",2023-05-01
"2023-05",NA,0,"quindio","political_violence",2023-05-01
"2023-05",NA,3,"risaralda","political_violence",2023-05-01
"2023-05",NA,5,"santander","political_violence",2023-05-01
"2023-05",NA,3,"sucre","political_violence",2023-05-01
"2023-05",NA,3,"tolima","political_violence",2023-05-01
"2023-05",NA,7,"valle del cauca","political_violence",2023-05-01
"2023-05","buenaventura",3,"valle del cauca","political_violence",2023-05-01
"2023-05",NA,0,"vaupes","political_violence",2023-05-01
"2023-05","arauca",13,"arauca","political_violence",2023-05-01
"2023-05",NA,0,"guainia","political_violence",2023-05-01
"2023-05",NA,0,"vichada","political_violence",2023-05-01
"2023-05",NA,5,"guaviare","political_violence",2023-05-01
"2023-05",NA,0,"san andres y providencia","political_violence",2023-05-01
"2023-05",NA,2,"bogota, d.c.","political_violence",2023-05-01
"2023-06",NA,1,"amazonas","political_violence",2023-06-01
"2023-06",NA,23,"antioquia","political_violence",2023-06-01
"2023-06",NA,2,"atlantico","political_violence",2023-06-01
"2023-06",NA,12,"bolivar","political_violence",2023-06-01
"2023-06",NA,2,"boyaca","political_violence",2023-06-01
"2023-06",NA,1,"caldas","political_violence",2023-06-01
"2023-06",NA,4,"caqueta","political_violence",2023-06-01
"2023-06",NA,0,"casanare","political_violence",2023-06-01
"2023-06",NA,43,"cauca","political_violence",2023-06-01
"2023-06",NA,6,"cesar","political_violence",2023-06-01
"2023-06",NA,12,"choco","political_violence",2023-06-01
"2023-06",NA,4,"cordoba","political_violence",2023-06-01
"2023-06",NA,0,"cundinamarca","political_violence",2023-06-01
"2023-06",NA,6,"huila","political_violence",2023-06-01
"2023-06",NA,5,"la guajira","political_violence",2023-06-01
"2023-06",NA,2,"magdalena","political_violence",2023-06-01
"2023-06",NA,2,"meta","political_violence",2023-06-01
"2023-06",NA,13,"narino","political_violence",2023-06-01
"2023-06","tumaco",4,"narino","political_violence",2023-06-01
"2023-06",NA,14,"norte de santander","political_violence",2023-06-01
"2023-06",NA,7,"putumayo","political_violence",2023-06-01
"2023-06",NA,0,"quindio","political_violence",2023-06-01
"2023-06",NA,0,"risaralda","political_violence",2023-06-01
"2023-06",NA,2,"santander","political_violence",2023-06-01
"2023-06",NA,0,"sucre","political_violence",2023-06-01
"2023-06",NA,3,"tolima","political_violence",2023-06-01
"2023-06",NA,12,"valle del cauca","political_violence",2023-06-01
"2023-06","buenaventura",2,"valle del cauca","political_violence",2023-06-01
"2023-06",NA,0,"vaupes","political_violence",2023-06-01
"2023-06","arauca",16,"arauca","political_violence",2023-06-01
"2023-06",NA,0,"guainia","political_violence",2023-06-01
"2023-06",NA,0,"vichada","political_violence",2023-06-01
"2023-06",NA,7,"guaviare","political_violence",2023-06-01
"2023-06",NA,0,"san andres y providencia","political_violence",2023-06-01
"2023-06",NA,3,"bogota, d.c.","political_violence",2023-06-01
"2023-07",NA,0,"amazonas","political_violence",2023-07-01
"2023-07",NA,27,"antioquia","political_violence",2023-07-01
"2023-07",NA,3,"atlantico","political_violence",2023-07-01
"2023-07",NA,12,"bolivar","political_violence",2023-07-01
"2023-07",NA,0,"boyaca","political_violence",2023-07-01
"2023-07",NA,2,"caldas","political_violence",2023-07-01
"2023-07",NA,6,"caqueta","political_violence",2023-07-01
"2023-07",NA,1,"casanare","political_violence",2023-07-01
"2023-07",NA,61,"cauca","political_violence",2023-07-01
"2023-07",NA,5,"cesar","political_violence",2023-07-01
"2023-07",NA,15,"choco","political_violence",2023-07-01
"2023-07",NA,5,"cordoba","political_violence",2023-07-01
"2023-07",NA,0,"cundinamarca","political_violence",2023-07-01
"2023-07",NA,7,"huila","political_violence",2023-07-01
"2023-07",NA,5,"la guajira","political_violence",2023-07-01
"2023-07",NA,4,"magdalena","political_violence",2023-07-01
"2023-07",NA,7,"meta","political_violence",2023-07-01
"2023-07",NA,15,"narino","political_violence",2023-07-01
"2023-07","tumaco",13,"narino","political_violence",2023-07-01
"2023-07",NA,24,"norte de santander","political_violence",2023-07-01
"2023-07",NA,9,"putumayo","political_violence",2023-07-01
"2023-07",NA,0,"quindio","political_violence",2023-07-01
"2023-07",NA,0,"risaralda","political_violence",2023-07-01
"2023-07",NA,7,"santander","political_violence",2023-07-01
"2023-07",NA,1,"sucre","political_violence",2023-07-01
"2023-07",NA,2,"tolima","political_violence",2023-07-01
"2023-07",NA,20,"valle del cauca","political_violence",2023-07-01
"2023-07","buenaventura",2,"valle del cauca","political_violence",2023-07-01
"2023-07",NA,0,"vaupes","political_violence",2023-07-01
"2023-07","arauca",23,"arauca","political_violence",2023-07-01
"2023-07",NA,0,"guainia","political_violence",2023-07-01
"2023-07",NA,0,"vichada","political_violence",2023-07-01
"2023-07",NA,4,"guaviare","political_violence",2023-07-01
"2023-07",NA,0,"san andres y providencia","political_violence",2023-07-01
"2023-07",NA,2,"bogota, d.c.","political_violence",2023-07-01
"2023-08",NA,1,"amazonas","political_violence",2023-08-01
"2023-08",NA,24,"antioquia","political_violence",2023-08-01
"2023-08",NA,5,"atlantico","political_violence",2023-08-01
"2023-08",NA,18,"bolivar","political_violence",2023-08-01
"2023-08",NA,2,"boyaca","political_violence",2023-08-01
"2023-08",NA,2,"caldas","political_violence",2023-08-01
"2023-08",NA,6,"caqueta","political_violence",2023-08-01
"2023-08",NA,1,"casanare","political_violence",2023-08-01
"2023-08",NA,63,"cauca","political_violence",2023-08-01
"2023-08",NA,8,"cesar","political_violence",2023-08-01
"2023-08",NA,11,"choco","political_violence",2023-08-01
"2023-08",NA,4,"cordoba","political_violence",2023-08-01
"2023-08",NA,1,"cundinamarca","political_violence",2023-08-01
"2023-08",NA,8,"huila","political_violence",2023-08-01
"2023-08",NA,8,"la guajira","political_violence",2023-08-01
"2023-08",NA,5,"magdalena","political_violence",2023-08-01
"2023-08",NA,6,"meta","political_violence",2023-08-01
"2023-08",NA,26,"narino","political_violence",2023-08-01
"2023-08","tumaco",10,"narino","political_violence",2023-08-01
"2023-08",NA,26,"norte de santander","political_violence",2023-08-01
"2023-08",NA,3,"putumayo","political_violence",2023-08-01
"2023-08",NA,0,"quindio","political_violence",2023-08-01
"2023-08",NA,0,"risaralda","political_violence",2023-08-01
"2023-08",NA,5,"santander","political_violence",2023-08-01
"2023-08",NA,2,"sucre","political_violence",2023-08-01
"2023-08",NA,3,"tolima","political_violence",2023-08-01
"2023-08",NA,12,"valle del cauca","political_violence",2023-08-01
"2023-08","buenaventura",2,"valle del cauca","political_violence",2023-08-01
"2023-08",NA,0,"vaupes","political_violence",2023-08-01
"2023-08","arauca",29,"arauca","political_violence",2023-08-01
"2023-08",NA,0,"guainia","political_violence",2023-08-01
"2023-08",NA,0,"vichada","political_violence",2023-08-01
"2023-08",NA,1,"guaviare","political_violence",2023-08-01
"2023-08",NA,0,"san andres y providencia","political_violence",2023-08-01
"2023-08",NA,8,"bogota, d.c.","political_violence",2023-08-01
"2023-09",NA,0,"amazonas","political_violence",2023-09-01
"2023-09",NA,34,"antioquia","political_violence",2023-09-01
"2023-09",NA,9,"atlantico","political_violence",2023-09-01
"2023-09",NA,17,"bolivar","political_violence",2023-09-01
"2023-09",NA,2,"boyaca","political_violence",2023-09-01
"2023-09",NA,0,"caldas","political_violence",2023-09-01
"2023-09",NA,3,"caqueta","political_violence",2023-09-01
"2023-09",NA,1,"casanare","political_violence",2023-09-01
"2023-09",NA,45,"cauca","political_violence",2023-09-01
"2023-09",NA,6,"cesar","political_violence",2023-09-01
"2023-09",NA,2,"choco","political_violence",2023-09-01
"2023-09",NA,4,"cordoba","political_violence",2023-09-01
"2023-09",NA,2,"cundinamarca","political_violence",2023-09-01
"2023-09",NA,7,"huila","political_violence",2023-09-01
"2023-09",NA,5,"la guajira","political_violence",2023-09-01
"2023-09",NA,5,"magdalena","political_violence",2023-09-01
"2023-09",NA,4,"meta","political_violence",2023-09-01
"2023-09",NA,12,"narino","political_violence",2023-09-01
"2023-09","tumaco",3,"narino","political_violence",2023-09-01
"2023-09",NA,23,"norte de santander","political_violence",2023-09-01
"2023-09",NA,7,"putumayo","political_violence",2023-09-01
"2023-09",NA,0,"quindio","political_violence",2023-09-01
"2023-09",NA,1,"risaralda","political_violence",2023-09-01
"2023-09",NA,5,"santander","political_violence",2023-09-01
"2023-09",NA,5,"sucre","political_violence",2023-09-01
"2023-09",NA,8,"tolima","political_violence",2023-09-01
"2023-09",NA,15,"valle del cauca","political_violence",2023-09-01
"2023-09","buenaventura",0,"valle del cauca","political_violence",2023-09-01
"2023-09",NA,0,"vaupes","political_violence",2023-09-01
"2023-09","arauca",30,"arauca","political_violence",2023-09-01
"2023-09",NA,0,"guainia","political_violence",2023-09-01
"2023-09",NA,0,"vichada","political_violence",2023-09-01
"2023-09",NA,0,"guaviare","political_violence",2023-09-01
"2023-09",NA,0,"san andres y providencia","political_violence",2023-09-01
"2023-09",NA,9,"bogota, d.c.","political_violence",2023-09-01
"2023-10",NA,1,"amazonas","political_violence",2023-10-01
"2023-10",NA,30,"antioquia","political_violence",2023-10-01
"2023-10",NA,6,"atlantico","political_violence",2023-10-01
"2023-10",NA,20,"bolivar","political_violence",2023-10-01
"2023-10",NA,1,"boyaca","political_violence",2023-10-01
"2023-10",NA,1,"caldas","political_violence",2023-10-01
"2023-10",NA,1,"caqueta","political_violence",2023-10-01
"2023-10",NA,0,"casanare","political_violence",2023-10-01
"2023-10",NA,38,"cauca","political_violence",2023-10-01
"2023-10",NA,6,"cesar","political_violence",2023-10-01
"2023-10",NA,7,"choco","political_violence",2023-10-01
"2023-10",NA,6,"cordoba","political_violence",2023-10-01
"2023-10",NA,6,"cundinamarca","political_violence",2023-10-01
"2023-10",NA,5,"huila","political_violence",2023-10-01
"2023-10",NA,18,"la guajira","political_violence",2023-10-01
"2023-10",NA,8,"magdalena","political_violence",2023-10-01
"2023-10",NA,4,"meta","political_violence",2023-10-01
"2023-10",NA,9,"narino","political_violence",2023-10-01
"2023-10","tumaco",5,"narino","political_violence",2023-10-01
"2023-10",NA,14,"norte de santander","political_violence",2023-10-01
"2023-10",NA,6,"putumayo","political_violence",2023-10-01
"2023-10",NA,0,"quindio","political_violence",2023-10-01
"2023-10",NA,0,"risaralda","political_violence",2023-10-01
"2023-10",NA,10,"santander","political_violence",2023-10-01
"2023-10",NA,6,"sucre","political_violence",2023-10-01
"2023-10",NA,8,"tolima","political_violence",2023-10-01
"2023-10",NA,6,"valle del cauca","political_violence",2023-10-01
"2023-10","buenaventura",3,"valle del cauca","political_violence",2023-10-01
"2023-10",NA,0,"vaupes","political_violence",2023-10-01
"2023-10","arauca",11,"arauca","political_violence",2023-10-01
"2023-10",NA,0,"guainia","political_violence",2023-10-01
"2023-10",NA,0,"vichada","political_violence",2023-10-01
"2023-10",NA,0,"guaviare","political_violence",2023-10-01
"2023-10",NA,0,"san andres y providencia","political_violence",2023-10-01
"2023-10",NA,3,"bogota, d.c.","political_violence",2023-10-01
"2023-11",NA,0,"amazonas","political_violence",2023-11-01
"2023-11",NA,47,"antioquia","political_violence",2023-11-01
"2023-11",NA,2,"atlantico","political_violence",2023-11-01
"2023-11",NA,14,"bolivar","political_violence",2023-11-01
"2023-11",NA,1,"boyaca","political_violence",2023-11-01
"2023-11",NA,1,"caldas","political_violence",2023-11-01
"2023-11",NA,0,"caqueta","political_violence",2023-11-01
"2023-11",NA,2,"casanare","political_violence",2023-11-01
"2023-11",NA,44,"cauca","political_violence",2023-11-01
"2023-11",NA,4,"cesar","political_violence",2023-11-01
"2023-11",NA,8,"choco","political_violence",2023-11-01
"2023-11",NA,5,"cordoba","political_violence",2023-11-01
"2023-11",NA,2,"cundinamarca","political_violence",2023-11-01
"2023-11",NA,8,"huila","political_violence",2023-11-01
"2023-11",NA,3,"la guajira","political_violence",2023-11-01
"2023-11",NA,4,"magdalena","political_violence",2023-11-01
"2023-11",NA,1,"meta","political_violence",2023-11-01
"2023-11",NA,12,"narino","political_violence",2023-11-01
"2023-11","tumaco",0,"narino","political_violence",2023-11-01
"2023-11",NA,15,"norte de santander","political_violence",2023-11-01
"2023-11",NA,7,"putumayo","political_violence",2023-11-01
"2023-11",NA,0,"quindio","political_violence",2023-11-01
"2023-11",NA,0,"risaralda","political_violence",2023-11-01
"2023-11",NA,8,"santander","political_violence",2023-11-01
"2023-11",NA,0,"sucre","political_violence",2023-11-01
"2023-11",NA,4,"tolima","political_violence",2023-11-01
"2023-11",NA,9,"valle del cauca","political_violence",2023-11-01
"2023-11","buenaventura",5,"valle del cauca","political_violence",2023-11-01
"2023-11",NA,0,"vaupes","political_violence",2023-11-01
"2023-11","arauca",16,"arauca","political_violence",2023-11-01
"2023-11",NA,0,"guainia","political_violence",2023-11-01
"2023-11",NA,0,"vichada","political_violence",2023-11-01
"2023-11",NA,0,"guaviare","political_violence",2023-11-01
"2023-11",NA,0,"san andres y providencia","political_violence",2023-11-01
"2023-11",NA,4,"bogota, d.c.","political_violence",2023-11-01
"2023-12",NA,0,"amazonas","political_violence",2023-12-01
"2023-12",NA,30,"antioquia","political_violence",2023-12-01
"2023-12",NA,1,"atlantico","political_violence",2023-12-01
"2023-12",NA,9,"bolivar","political_violence",2023-12-01
"2023-12",NA,0,"boyaca","political_violence",2023-12-01
"2023-12",NA,3,"caldas","political_violence",2023-12-01
"2023-12",NA,1,"caqueta","political_violence",2023-12-01
"2023-12",NA,0,"casanare","political_violence",2023-12-01
"2023-12",NA,23,"cauca","political_violence",2023-12-01
"2023-12",NA,8,"cesar","political_violence",2023-12-01
"2023-12",NA,16,"choco","political_violence",2023-12-01
"2023-12",NA,2,"cordoba","political_violence",2023-12-01
"2023-12",NA,1,"cundinamarca","political_violence",2023-12-01
"2023-12",NA,1,"huila","political_violence",2023-12-01
"2023-12",NA,4,"la guajira","political_violence",2023-12-01
"2023-12",NA,5,"magdalena","political_violence",2023-12-01
"2023-12",NA,5,"meta","political_violence",2023-12-01
"2023-12",NA,11,"narino","political_violence",2023-12-01
"2023-12","tumaco",2,"narino","political_violence",2023-12-01
"2023-12",NA,16,"norte de santander","political_violence",2023-12-01
"2023-12",NA,16,"putumayo","political_violence",2023-12-01
"2023-12",NA,2,"quindio","political_violence",2023-12-01
"2023-12",NA,1,"risaralda","political_violence",2023-12-01
"2023-12",NA,5,"santander","political_violence",2023-12-01
"2023-12",NA,3,"sucre","political_violence",2023-12-01
"2023-12",NA,2,"tolima","political_violence",2023-12-01
"2023-12",NA,13,"valle del cauca","political_violence",2023-12-01
"2023-12","buenaventura",6,"valle del cauca","political_violence",2023-12-01
"2023-12",NA,0,"vaupes","political_violence",2023-12-01
"2023-12","arauca",18,"arauca","political_violence",2023-12-01
"2023-12",NA,0,"guainia","political_violence",2023-12-01
"2023-12",NA,0,"vichada","political_violence",2023-12-01
"2023-12",NA,0,"guaviare","political_violence",2023-12-01
"2023-12",NA,0,"san andres y providencia","political_violence",2023-12-01
"2023-12",NA,3,"bogota, d.c.","political_violence",2023-12-01
"2024-01",NA,0,"amazonas","political_violence",2024-01-01
"2024-01",NA,44,"antioquia","political_violence",2024-01-01
"2024-01",NA,5,"atlantico","political_violence",2024-01-01
"2024-01",NA,20,"bolivar","political_violence",2024-01-01
"2024-01",NA,1,"boyaca","political_violence",2024-01-01
"2024-01",NA,1,"caldas","political_violence",2024-01-01
"2024-01",NA,1,"caqueta","political_violence",2024-01-01
"2024-01",NA,0,"casanare","political_violence",2024-01-01
"2024-01",NA,42,"cauca","political_violence",2024-01-01
"2024-01",NA,5,"cesar","political_violence",2024-01-01
"2024-01",NA,13,"choco","political_violence",2024-01-01
"2024-01",NA,2,"cordoba","political_violence",2024-01-01
"2024-01",NA,1,"cundinamarca","political_violence",2024-01-01
"2024-01",NA,5,"huila","political_violence",2024-01-01
"2024-01",NA,5,"la guajira","political_violence",2024-01-01
"2024-01",NA,5,"magdalena","political_violence",2024-01-01
"2024-01",NA,2,"meta","political_violence",2024-01-01
"2024-01",NA,7,"narino","political_violence",2024-01-01
"2024-01","tumaco",4,"narino","political_violence",2024-01-01
"2024-01",NA,25,"norte de santander","political_violence",2024-01-01
"2024-01",NA,16,"putumayo","political_violence",2024-01-01
"2024-01",NA,0,"quindio","political_violence",2024-01-01
"2024-01",NA,0,"risaralda","political_violence",2024-01-01
"2024-01",NA,4,"santander","political_violence",2024-01-01
"2024-01",NA,3,"sucre","political_violence",2024-01-01
"2024-01",NA,2,"tolima","political_violence",2024-01-01
"2024-01",NA,6,"valle del cauca","political_violence",2024-01-01
"2024-01","buenaventura",4,"valle del cauca","political_violence",2024-01-01
"2024-01",NA,0,"vaupes","political_violence",2024-01-01
"2024-01","arauca",17,"arauca","political_violence",2024-01-01
"2024-01",NA,0,"guainia","political_violence",2024-01-01
"2024-01",NA,0,"vichada","political_violence",2024-01-01
"2024-01",NA,0,"guaviare","political_violence",2024-01-01
"2024-01",NA,0,"san andres y providencia","political_violence",2024-01-01
"2024-01",NA,2,"bogota, d.c.","political_violence",2024-01-01
"2024-02",NA,0,"amazonas","political_violence",2024-02-01
"2024-02",NA,37,"antioquia","political_violence",2024-02-01
"2024-02",NA,0,"atlantico","political_violence",2024-02-01
"2024-02",NA,17,"bolivar","political_violence",2024-02-01
"2024-02",NA,0,"boyaca","political_violence",2024-02-01
"2024-02",NA,0,"caldas","political_violence",2024-02-01
"2024-02",NA,2,"caqueta","political_violence",2024-02-01
"2024-02",NA,1,"casanare","political_violence",2024-02-01
"2024-02",NA,28,"cauca","political_violence",2024-02-01
"2024-02",NA,8,"cesar","political_violence",2024-02-01
"2024-02",NA,12,"choco","political_violence",2024-02-01
"2024-02",NA,3,"cordoba","political_violence",2024-02-01
"2024-02",NA,0,"cundinamarca","political_violence",2024-02-01
"2024-02",NA,5,"huila","political_violence",2024-02-01
"2024-02",NA,7,"la guajira","political_violence",2024-02-01
"2024-02",NA,6,"magdalena","political_violence",2024-02-01
"2024-02",NA,1,"meta","political_violence",2024-02-01
"2024-02",NA,7,"narino","political_violence",2024-02-01
"2024-02","tumaco",0,"narino","political_violence",2024-02-01
"2024-02",NA,8,"norte de santander","political_violence",2024-02-01
"2024-02",NA,15,"putumayo","political_violence",2024-02-01
"2024-02",NA,1,"quindio","political_violence",2024-02-01
"2024-02",NA,1,"risaralda","political_violence",2024-02-01
"2024-02",NA,6,"santander","political_violence",2024-02-01
"2024-02",NA,1,"sucre","political_violence",2024-02-01
"2024-02",NA,5,"tolima","political_violence",2024-02-01
"2024-02",NA,9,"valle del cauca","political_violence",2024-02-01
"2024-02","buenaventura",0,"valle del cauca","political_violence",2024-02-01
"2024-02",NA,0,"vaupes","political_violence",2024-02-01
"2024-02","arauca",6,"arauca","political_violence",2024-02-01
"2024-02",NA,0,"guainia","political_violence",2024-02-01
"2024-02",NA,0,"vichada","political_violence",2024-02-01
"2024-02",NA,0,"guaviare","political_violence",2024-02-01
"2024-02",NA,0,"san andres y providencia","political_violence",2024-02-01
"2024-02",NA,5,"bogota, d.c.","political_violence",2024-02-01
"2024-03",NA,1,"amazonas","political_violence",2024-03-01
"2024-03",NA,27,"antioquia","political_violence",2024-03-01
"2024-03",NA,7,"atlantico","political_violence",2024-03-01
"2024-03",NA,7,"bolivar","political_violence",2024-03-01
"2024-03",NA,0,"boyaca","political_violence",2024-03-01
"2024-03",NA,0,"caldas","political_violence",2024-03-01
"2024-03",NA,9,"caqueta","political_violence",2024-03-01
"2024-03",NA,1,"casanare","political_violence",2024-03-01
"2024-03",NA,33,"cauca","political_violence",2024-03-01
"2024-03",NA,2,"cesar","political_violence",2024-03-01
"2024-03",NA,12,"choco","political_violence",2024-03-01
"2024-03",NA,3,"cordoba","political_violence",2024-03-01
"2024-03",NA,0,"cundinamarca","political_violence",2024-03-01
"2024-03",NA,5,"huila","political_violence",2024-03-01
"2024-03",NA,4,"la guajira","political_violence",2024-03-01
"2024-03",NA,5,"magdalena","political_violence",2024-03-01
"2024-03",NA,0,"meta","political_violence",2024-03-01
"2024-03",NA,17,"narino","political_violence",2024-03-01
"2024-03","tumaco",2,"narino","political_violence",2024-03-01
"2024-03",NA,20,"norte de santander","political_violence",2024-03-01
"2024-03",NA,8,"putumayo","political_violence",2024-03-01
"2024-03",NA,0,"quindio","political_violence",2024-03-01
"2024-03",NA,1,"risaralda","political_violence",2024-03-01
"2024-03",NA,6,"santander","political_violence",2024-03-01
"2024-03",NA,2,"sucre","political_violence",2024-03-01
"2024-03",NA,4,"tolima","political_violence",2024-03-01
"2024-03",NA,4,"valle del cauca","political_violence",2024-03-01
"2024-03","buenaventura",0,"valle del cauca","political_violence",2024-03-01
"2024-03",NA,0,"vaupes","political_violence",2024-03-01
"2024-03","arauca",22,"arauca","political_violence",2024-03-01
"2024-03",NA,0,"guainia","political_violence",2024-03-01
"2024-03",NA,1,"vichada","political_violence",2024-03-01
"2024-03",NA,0,"guaviare","political_violence",2024-03-01
"2024-03",NA,0,"san andres y providencia","political_violence",2024-03-01
"2024-03",NA,0,"bogota, d.c.","political_violence",2024-03-01
"2024-04",NA,3,"amazonas","political_violence",2024-04-01
"2024-04",NA,14,"antioquia","political_violence",2024-04-01
"2024-04",NA,1,"atlantico","political_violence",2024-04-01
"2024-04",NA,14,"bolivar","political_violence",2024-04-01
"2024-04",NA,0,"boyaca","political_violence",2024-04-01
"2024-04",NA,0,"caldas","political_violence",2024-04-01
"2024-04",NA,3,"caqueta","political_violence",2024-04-01
"2024-04",NA,2,"casanare","political_violence",2024-04-01
"2024-04",NA,42,"cauca","political_violence",2024-04-01
"2024-04",NA,1,"cesar","political_violence",2024-04-01
"2024-04",NA,8,"choco","political_violence",2024-04-01
"2024-04",NA,1,"cordoba","political_violence",2024-04-01
"2024-04",NA,2,"cundinamarca","political_violence",2024-04-01
"2024-04",NA,3,"huila","political_violence",2024-04-01
"2024-04",NA,5,"la guajira","political_violence",2024-04-01
"2024-04",NA,2,"magdalena","political_violence",2024-04-01
"2024-04",NA,4,"meta","political_violence",2024-04-01
"2024-04",NA,12,"narino","political_violence",2024-04-01
"2024-04","tumaco",5,"narino","political_violence",2024-04-01
"2024-04",NA,11,"norte de santander","political_violence",2024-04-01
"2024-04",NA,8,"putumayo","political_violence",2024-04-01
"2024-04",NA,0,"quindio","political_violence",2024-04-01
"2024-04",NA,0,"risaralda","political_violence",2024-04-01
"2024-04",NA,5,"santander","political_violence",2024-04-01
"2024-04",NA,1,"sucre","political_violence",2024-04-01
"2024-04",NA,1,"tolima","political_violence",2024-04-01
"2024-04",NA,10,"valle del cauca","political_violence",2024-04-01
"2024-04","buenaventura",1,"valle del cauca","political_violence",2024-04-01
"2024-04",NA,1,"vaupes","political_violence",2024-04-01
"2024-04","arauca",27,"arauca","political_violence",2024-04-01
"2024-04",NA,0,"guainia","political_violence",2024-04-01
"2024-04",NA,2,"vichada","political_violence",2024-04-01
"2024-04",NA,4,"guaviare","political_violence",2024-04-01
"2024-04",NA,0,"san andres y providencia","political_violence",2024-04-01
"2024-04",NA,7,"bogota, d.c.","political_violence",2024-04-01
"2024-05",NA,0,"amazonas","political_violence",2024-05-01
"2024-05",NA,20,"antioquia","political_violence",2024-05-01
"2024-05",NA,2,"atlantico","political_violence",2024-05-01
"2024-05",NA,8,"bolivar","political_violence",2024-05-01
"2024-05",NA,0,"boyaca","political_violence",2024-05-01
"2024-05",NA,0,"caldas","political_violence",2024-05-01
"2024-05",NA,4,"caqueta","political_violence",2024-05-01
"2024-05",NA,1,"casanare","political_violence",2024-05-01
"2024-05",NA,42,"cauca","political_violence",2024-05-01
"2024-05",NA,3,"cesar","political_violence",2024-05-01
"2024-05",NA,10,"choco","political_violence",2024-05-01
"2024-05",NA,1,"cordoba","political_violence",2024-05-01
"2024-05",NA,1,"cundinamarca","political_violence",2024-05-01
"2024-05",NA,5,"huila","political_violence",2024-05-01
"2024-05",NA,2,"la guajira","political_violence",2024-05-01
"2024-05",NA,6,"magdalena","political_violence",2024-05-01
"2024-05",NA,5,"meta","political_violence",2024-05-01
"2024-05",NA,6,"narino","political_violence",2024-05-01
"2024-05","tumaco",0,"narino","political_violence",2024-05-01
"2024-05",NA,13,"norte de santander","political_violence",2024-05-01
"2024-05",NA,3,"putumayo","political_violence",2024-05-01
"2024-05",NA,0,"quindio","political_violence",2024-05-01
"2024-05",NA,0,"risaralda","political_violence",2024-05-01
"2024-05",NA,4,"santander","political_violence",2024-05-01
"2024-05",NA,1,"sucre","political_violence",2024-05-01
"2024-05",NA,1,"tolima","political_violence",2024-05-01
"2024-05",NA,8,"valle del cauca","political_violence",2024-05-01
"2024-05","buenaventura",1,"valle del cauca","political_violence",2024-05-01
"2024-05",NA,0,"vaupes","political_violence",2024-05-01
"2024-05","arauca",19,"arauca","political_violence",2024-05-01
"2024-05",NA,0,"guainia","political_violence",2024-05-01
"2024-05",NA,0,"vichada","political_violence",2024-05-01
"2024-05",NA,1,"guaviare","political_violence",2024-05-01
"2024-05",NA,0,"san andres y providencia","political_violence",2024-05-01
"2024-05",NA,4,"bogota, d.c.","political_violence",2024-05-01
"2024-06",NA,0,"amazonas","political_violence",2024-06-01
"2024-06",NA,23,"antioquia","political_violence",2024-06-01
"2024-06",NA,2,"atlantico","political_violence",2024-06-01
"2024-06",NA,5,"bolivar","political_violence",2024-06-01
"2024-06",NA,1,"boyaca","political_violence",2024-06-01
"2024-06",NA,0,"caldas","political_violence",2024-06-01
"2024-06",NA,4,"caqueta","political_violence",2024-06-01
"2024-06",NA,2,"casanare","political_violence",2024-06-01
"2024-06",NA,41,"cauca","political_violence",2024-06-01
"2024-06",NA,3,"cesar","political_violence",2024-06-01
"2024-06",NA,1,"choco","political_violence",2024-06-01
"2024-06",NA,2,"cordoba","political_violence",2024-06-01
"2024-06",NA,0,"cundinamarca","political_violence",2024-06-01
"2024-06",NA,3,"huila","political_violence",2024-06-01
"2024-06",NA,2,"la guajira","political_violence",2024-06-01
"2024-06",NA,2,"magdalena","political_violence",2024-06-01
"2024-06",NA,5,"meta","political_violence",2024-06-01
"2024-06",NA,6,"narino","political_violence",2024-06-01
"2024-06","tumaco",1,"narino","political_violence",2024-06-01
"2024-06",NA,13,"norte de santander","political_violence",2024-06-01
"2024-06",NA,15,"putumayo","political_violence",2024-06-01
"2024-06",NA,1,"quindio","political_violence",2024-06-01
"2024-06",NA,2,"risaralda","political_violence",2024-06-01
"2024-06",NA,3,"santander","political_violence",2024-06-01
"2024-06",NA,1,"sucre","political_violence",2024-06-01
"2024-06",NA,1,"tolima","political_violence",2024-06-01
"2024-06",NA,19,"valle del cauca","political_violence",2024-06-01
"2024-06","buenaventura",1,"valle del cauca","political_violence",2024-06-01
"2024-06",NA,0,"vaupes","political_violence",2024-06-01
"2024-06","arauca",12,"arauca","political_violence",2024-06-01
"2024-06",NA,0,"guainia","political_violence",2024-06-01
"2024-06",NA,0,"vichada","political_violence",2024-06-01
"2024-06",NA,0,"guaviare","political_violence",2024-06-01
"2024-06",NA,0,"san andres y providencia","political_violence",2024-06-01
"2024-06",NA,3,"bogota, d.c.","political_violence",2024-06-01
"2024-07",NA,0,"amazonas","political_violence",2024-07-01
"2024-07",NA,21,"antioquia","political_violence",2024-07-01
"2024-07",NA,1,"atlantico","political_violence",2024-07-01
"2024-07",NA,6,"bolivar","political_violence",2024-07-01
"2024-07",NA,0,"boyaca","political_violence",2024-07-01
"2024-07",NA,0,"caldas","political_violence",2024-07-01
"2024-07",NA,0,"caqueta","political_violence",2024-07-01
"2024-07",NA,1,"casanare","political_violence",2024-07-01
"2024-07",NA,45,"cauca","political_violence",2024-07-01
"2024-07",NA,0,"cesar","political_violence",2024-07-01
"2024-07",NA,9,"choco","political_violence",2024-07-01
"2024-07",NA,0,"cordoba","political_violence",2024-07-01
"2024-07",NA,2,"cundinamarca","political_violence",2024-07-01
"2024-07",NA,4,"huila","political_violence",2024-07-01
"2024-07",NA,2,"la guajira","political_violence",2024-07-01
"2024-07",NA,1,"magdalena","political_violence",2024-07-01
"2024-07",NA,0,"meta","political_violence",2024-07-01
"2024-07",NA,5,"narino","political_violence",2024-07-01
"2024-07","tumaco",2,"narino","political_violence",2024-07-01
"2024-07",NA,15,"norte de santander","political_violence",2024-07-01
"2024-07",NA,3,"putumayo","political_violence",2024-07-01
"2024-07",NA,0,"quindio","political_violence",2024-07-01
"2024-07",NA,1,"risaralda","political_violence",2024-07-01
"2024-07",NA,2,"santander","political_violence",2024-07-01
"2024-07",NA,0,"sucre","political_violence",2024-07-01
"2024-07",NA,1,"tolima","political_violence",2024-07-01
"2024-07",NA,17,"valle del cauca","political_violence",2024-07-01
"2024-07","buenaventura",1,"valle del cauca","political_violence",2024-07-01
"2024-07",NA,0,"vaupes","political_violence",2024-07-01
"2024-07","arauca",10,"arauca","political_violence",2024-07-01
"2024-07",NA,0,"guainia","political_violence",2024-07-01
"2024-07",NA,0,"vichada","political_violence",2024-07-01
"2024-07",NA,0,"guaviare","political_violence",2024-07-01
"2024-07",NA,0,"san andres y providencia","political_violence",2024-07-01
"2024-07",NA,4,"bogota, d.c.","political_violence",2024-07-01
"2024-08",NA,0,"amazonas","political_violence",2024-08-01
"2024-08",NA,35,"antioquia","political_violence",2024-08-01
"2024-08",NA,5,"atlantico","political_violence",2024-08-01
"2024-08",NA,8,"bolivar","political_violence",2024-08-01
"2024-08",NA,2,"boyaca","political_violence",2024-08-01
"2024-08",NA,0,"caldas","political_violence",2024-08-01
"2024-08",NA,4,"caqueta","political_violence",2024-08-01
"2024-08",NA,1,"casanare","political_violence",2024-08-01
"2024-08",NA,41,"cauca","political_violence",2024-08-01
"2024-08",NA,5,"cesar","political_violence",2024-08-01
"2024-08",NA,15,"choco","political_violence",2024-08-01
"2024-08",NA,2,"cordoba","political_violence",2024-08-01
"2024-08",NA,1,"cundinamarca","political_violence",2024-08-01
"2024-08",NA,4,"huila","political_violence",2024-08-01
"2024-08",NA,5,"la guajira","political_violence",2024-08-01
"2024-08",NA,5,"magdalena","political_violence",2024-08-01
"2024-08",NA,2,"meta","political_violence",2024-08-01
"2024-08",NA,4,"narino","political_violence",2024-08-01
"2024-08","tumaco",2,"narino","political_violence",2024-08-01
"2024-08",NA,18,"norte de santander","political_violence",2024-08-01
"2024-08",NA,2,"putumayo","political_violence",2024-08-01
"2024-08",NA,2,"quindio","political_violence",2024-08-01
"2024-08",NA,2,"risaralda","political_violence",2024-08-01
"2024-08",NA,1,"santander","political_violence",2024-08-01
"2024-08",NA,0,"sucre","political_violence",2024-08-01
"2024-08",NA,5,"tolima","political_violence",2024-08-01
"2024-08",NA,7,"valle del cauca","political_violence",2024-08-01
"2024-08","buenaventura",0,"valle del cauca","political_violence",2024-08-01
"2024-08",NA,0,"vaupes","political_violence",2024-08-01
"2024-08","arauca",26,"arauca","political_violence",2024-08-01
"2024-08",NA,0,"guainia","political_violence",2024-08-01
"2024-08",NA,0,"vichada","political_violence",2024-08-01
"2024-08",NA,4,"guaviare","political_violence",2024-08-01
"2024-08",NA,0,"san andres y providencia","political_violence",2024-08-01
"2024-08",NA,7,"bogota, d.c.","political_violence",2024-08-01
"2024-09",NA,0,"amazonas","political_violence",2024-09-01
"2024-09",NA,23,"antioquia","political_violence",2024-09-01
"2024-09",NA,6,"atlantico","political_violence",2024-09-01
"2024-09",NA,11,"bolivar","political_violence",2024-09-01
"2024-09",NA,3,"boyaca","political_violence",2024-09-01
"2024-09",NA,1,"caldas","political_violence",2024-09-01
"2024-09",NA,4,"caqueta","political_violence",2024-09-01
"2024-09",NA,5,"casanare","political_violence",2024-09-01
"2024-09",NA,44,"cauca","political_violence",2024-09-01
"2024-09",NA,3,"cesar","political_violence",2024-09-01
"2024-09",NA,16,"choco","political_violence",2024-09-01
"2024-09",NA,1,"cordoba","political_violence",2024-09-01
"2024-09",NA,0,"cundinamarca","political_violence",2024-09-01
"2024-09",NA,7,"huila","political_violence",2024-09-01
"2024-09",NA,7,"la guajira","political_violence",2024-09-01
"2024-09",NA,8,"magdalena","political_violence",2024-09-01
"2024-09",NA,1,"meta","political_violence",2024-09-01
"2024-09",NA,5,"narino","political_violence",2024-09-01
"2024-09","tumaco",2,"narino","political_violence",2024-09-01
"2024-09",NA,27,"norte de santander","political_violence",2024-09-01
"2024-09",NA,2,"putumayo","political_violence",2024-09-01
"2024-09",NA,0,"quindio","political_violence",2024-09-01
"2024-09",NA,0,"risaralda","political_violence",2024-09-01
"2024-09",NA,1,"santander","political_violence",2024-09-01
"2024-09",NA,0,"sucre","political_violence",2024-09-01
"2024-09",NA,1,"tolima","political_violence",2024-09-01
"2024-09",NA,8,"valle del cauca","political_violence",2024-09-01
"2024-09","buenaventura",1,"valle del cauca","political_violence",2024-09-01
"2024-09",NA,0,"vaupes","political_violence",2024-09-01
"2024-09","arauca",18,"arauca","political_violence",2024-09-01
"2024-09",NA,1,"guainia","political_violence",2024-09-01
"2024-09",NA,0,"vichada","political_violence",2024-09-01
"2024-09",NA,1,"guaviare","political_violence",2024-09-01
"2024-09",NA,0,"san andres y providencia","political_violence",2024-09-01
"2024-09",NA,0,"bogota, d.c.","political_violence",2024-09-01
"2024-10",NA,0,"amazonas","political_violence",2024-10-01
"2024-10",NA,29,"antioquia","political_violence",2024-10-01
"2024-10",NA,3,"atlantico","political_violence",2024-10-01
"2024-10",NA,12,"bolivar","political_violence",2024-10-01
"2024-10",NA,1,"boyaca","political_violence",2024-10-01
"2024-10",NA,0,"caldas","political_violence",2024-10-01
"2024-10",NA,4,"caqueta","political_violence",2024-10-01
"2024-10",NA,2,"casanare","political_violence",2024-10-01
"2024-10",NA,51,"cauca","political_violence",2024-10-01
"2024-10",NA,7,"cesar","political_violence",2024-10-01
"2024-10",NA,11,"choco","political_violence",2024-10-01
"2024-10",NA,1,"cordoba","political_violence",2024-10-01
"2024-10",NA,1,"cundinamarca","political_violence",2024-10-01
"2024-10",NA,9,"huila","political_violence",2024-10-01
"2024-10",NA,9,"la guajira","political_violence",2024-10-01
"2024-10",NA,1,"magdalena","political_violence",2024-10-01
"2024-10",NA,6,"meta","political_violence",2024-10-01
"2024-10",NA,8,"narino","political_violence",2024-10-01
"2024-10","tumaco",1,"narino","political_violence",2024-10-01
"2024-10",NA,17,"norte de santander","political_violence",2024-10-01
"2024-10",NA,7,"putumayo","political_violence",2024-10-01
"2024-10",NA,0,"quindio","political_violence",2024-10-01
"2024-10",NA,0,"risaralda","political_violence",2024-10-01
"2024-10",NA,5,"santander","political_violence",2024-10-01
"2024-10",NA,0,"sucre","political_violence",2024-10-01
"2024-10",NA,6,"tolima","political_violence",2024-10-01
"2024-10",NA,14,"valle del cauca","political_violence",2024-10-01
"2024-10","buenaventura",0,"valle del cauca","political_violence",2024-10-01
"2024-10",NA,0,"vaupes","political_violence",2024-10-01
"2024-10","arauca",24,"arauca","political_violence",2024-10-01
"2024-10",NA,0,"guainia","political_violence",2024-10-01
"2024-10",NA,1,"vichada","political_violence",2024-10-01
"2024-10",NA,1,"guaviare","political_violence",2024-10-01
"2024-10",NA,0,"san andres y providencia","political_violence",2024-10-01
"2024-10",NA,3,"bogota, d.c.","political_violence",2024-10-01
"2024-11",NA,1,"amazonas","political_violence",2024-11-01
"2024-11",NA,23,"antioquia","political_violence",2024-11-01
"2024-11",NA,3,"atlantico","political_violence",2024-11-01
"2024-11",NA,5,"bolivar","political_violence",2024-11-01
"2024-11",NA,0,"boyaca","political_violence",2024-11-01
"2024-11",NA,0,"caldas","political_violence",2024-11-01
"2024-11",NA,5,"caqueta","political_violence",2024-11-01
"2024-11",NA,1,"casanare","political_violence",2024-11-01
"2024-11",NA,37,"cauca","political_violence",2024-11-01
"2024-11",NA,3,"cesar","political_violence",2024-11-01
"2024-11",NA,11,"choco","political_violence",2024-11-01
"2024-11",NA,5,"cordoba","political_violence",2024-11-01
"2024-11",NA,1,"cundinamarca","political_violence",2024-11-01
"2024-11",NA,3,"huila","political_violence",2024-11-01
"2024-11",NA,8,"la guajira","political_violence",2024-11-01
"2024-11",NA,2,"magdalena","political_violence",2024-11-01
"2024-11",NA,5,"meta","political_violence",2024-11-01
"2024-11",NA,9,"narino","political_violence",2024-11-01
"2024-11","tumaco",2,"narino","political_violence",2024-11-01
"2024-11",NA,13,"norte de santander","political_violence",2024-11-01
"2024-11",NA,6,"putumayo","political_violence",2024-11-01
"2024-11",NA,0,"quindio","political_violence",2024-11-01
"2024-11",NA,0,"risaralda","political_violence",2024-11-01
"2024-11",NA,3,"santander","political_violence",2024-11-01
"2024-11",NA,2,"sucre","political_violence",2024-11-01
"2024-11",NA,2,"tolima","political_violence",2024-11-01
"2024-11",NA,21,"valle del cauca","political_violence",2024-11-01
"2024-11","buenaventura",1,"valle del cauca","political_violence",2024-11-01
"2024-11",NA,0,"vaupes","political_violence",2024-11-01
"2024-11","arauca",26,"arauca","political_violence",2024-11-01
"2024-11",NA,0,"guainia","political_violence",2024-11-01
"2024-11",NA,0,"vichada","political_violence",2024-11-01
"2024-11",NA,0,"guaviare","political_violence",2024-11-01
"2024-11",NA,0,"san andres y providencia","political_violence",2024-11-01
"2024-11",NA,4,"bogota, d.c.","political_violence",2024-11-01
"2024-12",NA,1,"amazonas","political_violence",2024-12-01
"2024-12",NA,28,"antioquia","political_violence",2024-12-01
"2024-12",NA,4,"atlantico","political_violence",2024-12-01
"2024-12",NA,6,"bolivar","political_violence",2024-12-01
"2024-12",NA,0,"boyaca","political_violence",2024-12-01
"2024-12",NA,0,"caldas","political_violence",2024-12-01
"2024-12",NA,3,"caqueta","political_violence",2024-12-01
"2024-12",NA,0,"casanare","political_violence",2024-12-01
"2024-12",NA,37,"cauca","political_violence",2024-12-01
"2024-12",NA,9,"cesar","political_violence",2024-12-01
"2024-12",NA,12,"choco","political_violence",2024-12-01
"2024-12",NA,1,"cordoba","political_violence",2024-12-01
"2024-12",NA,0,"cundinamarca","political_violence",2024-12-01
"2024-12",NA,5,"huila","political_violence",2024-12-01
"2024-12",NA,5,"la guajira","political_violence",2024-12-01
"2024-12",NA,1,"magdalena","political_violence",2024-12-01
"2024-12",NA,1,"meta","political_violence",2024-12-01
"2024-12",NA,3,"narino","political_violence",2024-12-01
"2024-12","tumaco",1,"narino","political_violence",2024-12-01
"2024-12",NA,21,"norte de santander","political_violence",2024-12-01
"2024-12",NA,9,"putumayo","political_violence",2024-12-01
"2024-12",NA,0,"quindio","political_violence",2024-12-01
"2024-12",NA,1,"risaralda","political_violence",2024-12-01
"2024-12",NA,2,"santander","political_violence",2024-12-01
"2024-12",NA,1,"sucre","political_violence",2024-12-01
"2024-12",NA,1,"tolima","political_violence",2024-12-01
"2024-12",NA,6,"valle del cauca","political_violence",2024-12-01
"2024-12","buenaventura",2,"valle del cauca","political_violence",2024-12-01
"2024-12",NA,0,"vaupes","political_violence",2024-12-01
"2024-12","arauca",15,"arauca","political_violence",2024-12-01
"2024-12",NA,0,"guainia","political_violence",2024-12-01
"2024-12",NA,0,"vichada","political_violence",2024-12-01
"2024-12",NA,2,"guaviare","political_violence",2024-12-01
"2024-12",NA,0,"san andres y providencia","political_violence",2024-12-01
"2024-12",NA,0,"bogota, d.c.","political_violence",2024-12-01
"2025-01",NA,1,"amazonas","political_violence",2025-01-01
"2025-01",NA,23,"antioquia","political_violence",2025-01-01
"2025-01",NA,4,"atlantico","political_violence",2025-01-01
"2025-01",NA,12,"bolivar","political_violence",2025-01-01
"2025-01",NA,0,"boyaca","political_violence",2025-01-01
"2025-01",NA,2,"caldas","political_violence",2025-01-01
"2025-01",NA,1,"caqueta","political_violence",2025-01-01
"2025-01",NA,2,"casanare","political_violence",2025-01-01
"2025-01",NA,45,"cauca","political_violence",2025-01-01
"2025-01",NA,2,"cesar","political_violence",2025-01-01
"2025-01",NA,24,"choco","political_violence",2025-01-01
"2025-01",NA,5,"cordoba","political_violence",2025-01-01
"2025-01",NA,0,"cundinamarca","political_violence",2025-01-01
"2025-01",NA,2,"huila","political_violence",2025-01-01
"2025-01",NA,11,"la guajira","political_violence",2025-01-01
"2025-01",NA,6,"magdalena","political_violence",2025-01-01
"2025-01",NA,1,"meta","political_violence",2025-01-01
"2025-01",NA,7,"narino","political_violence",2025-01-01
"2025-01","tumaco",1,"narino","political_violence",2025-01-01
"2025-01",NA,32,"norte de santander","political_violence",2025-01-01
"2025-01",NA,6,"putumayo","political_violence",2025-01-01
"2025-01",NA,1,"quindio","political_violence",2025-01-01
"2025-01",NA,2,"risaralda","political_violence",2025-01-01
"2025-01",NA,4,"santander","political_violence",2025-01-01
"2025-01",NA,0,"sucre","political_violence",2025-01-01
"2025-01",NA,1,"tolima","political_violence",2025-01-01
"2025-01",NA,13,"valle del cauca","political_violence",2025-01-01
"2025-01","buenaventura",4,"valle del cauca","political_violence",2025-01-01
"2025-01",NA,0,"vaupes","political_violence",2025-01-01
"2025-01","arauca",13,"arauca","political_violence",2025-01-01
"2025-01",NA,0,"guainia","political_violence",2025-01-01
"2025-01",NA,0,"vichada","political_violence",2025-01-01
"2025-01",NA,6,"guaviare","political_violence",2025-01-01
"2025-01",NA,0,"san andres y providencia","political_violence",2025-01-01
"2025-01",NA,1,"bogota, d.c.","political_violence",2025-01-01
"2025-02",NA,1,"amazonas","political_violence",2025-02-01
"2025-02",NA,25,"antioquia","political_violence",2025-02-01
"2025-02",NA,0,"atlantico","political_violence",2025-02-01
"2025-02",NA,16,"bolivar","political_violence",2025-02-01
"2025-02",NA,0,"boyaca","political_violence",2025-02-01
"2025-02",NA,1,"caldas","political_violence",2025-02-01
"2025-02",NA,2,"caqueta","political_violence",2025-02-01
"2025-02",NA,1,"casanare","political_violence",2025-02-01
"2025-02",NA,39,"cauca","political_violence",2025-02-01
"2025-02",NA,2,"cesar","political_violence",2025-02-01
"2025-02",NA,15,"choco","political_violence",2025-02-01
"2025-02",NA,1,"cordoba","political_violence",2025-02-01
"2025-02",NA,0,"cundinamarca","political_violence",2025-02-01
"2025-02",NA,4,"huila","political_violence",2025-02-01
"2025-02",NA,13,"la guajira","political_violence",2025-02-01
"2025-02",NA,7,"magdalena","political_violence",2025-02-01
"2025-02",NA,2,"meta","political_violence",2025-02-01
"2025-02",NA,9,"narino","political_violence",2025-02-01
"2025-02","tumaco",1,"narino","political_violence",2025-02-01
"2025-02",NA,32,"norte de santander","political_violence",2025-02-01
"2025-02",NA,5,"putumayo","political_violence",2025-02-01
"2025-02",NA,0,"quindio","political_violence",2025-02-01
"2025-02",NA,1,"risaralda","political_violence",2025-02-01
"2025-02",NA,5,"santander","political_violence",2025-02-01
"2025-02",NA,1,"sucre","political_violence",2025-02-01
"2025-02",NA,3,"tolima","political_violence",2025-02-01
"2025-02",NA,8,"valle del cauca","political_violence",2025-02-01
"2025-02","buenaventura",1,"valle del cauca","political_violence",2025-02-01
"2025-02",NA,0,"vaupes","political_violence",2025-02-01
"2025-02","arauca",11,"arauca","political_violence",2025-02-01
"2025-02",NA,0,"guainia","political_violence",2025-02-01
"2025-02",NA,1,"vichada","political_violence",2025-02-01
"2025-02",NA,2,"guaviare","political_violence",2025-02-01
"2025-02",NA,0,"san andres y providencia","political_violence",2025-02-01
"2025-02",NA,2,"bogota, d.c.","political_violence",2025-02-01
"2025-03",NA,0,"amazonas","political_violence",2025-03-01
"2025-03",NA,34,"antioquia","political_violence",2025-03-01
"2025-03",NA,3,"atlantico","political_violence",2025-03-01
"2025-03",NA,10,"bolivar","political_violence",2025-03-01
"2025-03",NA,0,"boyaca","political_violence",2025-03-01
"2025-03",NA,3,"caldas","political_violence",2025-03-01
"2025-03",NA,5,"caqueta","political_violence",2025-03-01
"2025-03",NA,1,"casanare","political_violence",2025-03-01
"2025-03",NA,51,"cauca","political_violence",2025-03-01
"2025-03",NA,4,"cesar","political_violence",2025-03-01
"2025-03",NA,9,"choco","political_violence",2025-03-01
"2025-03",NA,2,"cordoba","political_violence",2025-03-01
"2025-03",NA,1,"cundinamarca","political_violence",2025-03-01
"2025-03",NA,10,"huila","political_violence",2025-03-01
"2025-03",NA,10,"la guajira","political_violence",2025-03-01
"2025-03",NA,5,"magdalena","political_violence",2025-03-01
"2025-03",NA,4,"meta","political_violence",2025-03-01
"2025-03",NA,9,"narino","political_violence",2025-03-01
"2025-03","tumaco",2,"narino","political_violence",2025-03-01
"2025-03",NA,40,"norte de santander","political_violence",2025-03-01
"2025-03",NA,5,"putumayo","political_violence",2025-03-01
"2025-03",NA,0,"quindio","political_violence",2025-03-01
"2025-03",NA,2,"risaralda","political_violence",2025-03-01
"2025-03",NA,4,"santander","political_violence",2025-03-01
"2025-03",NA,2,"sucre","political_violence",2025-03-01
"2025-03",NA,4,"tolima","political_violence",2025-03-01
"2025-03",NA,9,"valle del cauca","political_violence",2025-03-01
"2025-03","buenaventura",1,"valle del cauca","political_violence",2025-03-01
"2025-03",NA,0,"vaupes","political_violence",2025-03-01
"2025-03","arauca",29,"arauca","political_violence",2025-03-01
"2025-03",NA,0,"guainia","political_violence",2025-03-01
"2025-03",NA,1,"vichada","political_violence",2025-03-01
"2025-03",NA,2,"guaviare","political_violence",2025-03-01
"2025-03",NA,0,"san andres y providencia","political_violence",2025-03-01
"2025-03",NA,4,"bogota, d.c.","political_violence",2025-03-01
"2025-04",NA,3,"amazonas","political_violence",2025-04-01
"2025-04",NA,57,"antioquia","political_violence",2025-04-01
"2025-04",NA,3,"atlantico","political_violence",2025-04-01
"2025-04",NA,17,"bolivar","political_violence",2025-04-01
"2025-04",NA,0,"boyaca","political_violence",2025-04-01
"2025-04",NA,0,"caldas","political_violence",2025-04-01
"2025-04",NA,6,"caqueta","political_violence",2025-04-01
"2025-04",NA,0,"casanare","political_violence",2025-04-01
"2025-04",NA,35,"cauca","political_violence",2025-04-01
"2025-04",NA,5,"cesar","political_violence",2025-04-01
"2025-04",NA,17,"choco","political_violence",2025-04-01
"2025-04",NA,12,"cordoba","political_violence",2025-04-01
"2025-04",NA,1,"cundinamarca","political_violence",2025-04-01
"2025-04",NA,7,"huila","political_violence",2025-04-01
"2025-04",NA,5,"la guajira","political_violence",2025-04-01
"2025-04",NA,12,"magdalena","political_violence",2025-04-01
"2025-04",NA,4,"meta","political_violence",2025-04-01
"2025-04",NA,5,"narino","political_violence",2025-04-01
"2025-04","tumaco",1,"narino","political_violence",2025-04-01
"2025-04",NA,29,"norte de santander","political_violence",2025-04-01
"2025-04",NA,5,"putumayo","political_violence",2025-04-01
"2025-04",NA,0,"quindio","political_violence",2025-04-01
"2025-04",NA,1,"risaralda","political_violence",2025-04-01
"2025-04",NA,3,"santander","political_violence",2025-04-01
"2025-04",NA,4,"sucre","political_violence",2025-04-01
"2025-04",NA,2,"tolima","political_violence",2025-04-01
"2025-04",NA,10,"valle del cauca","political_violence",2025-04-01
"2025-04","buenaventura",4,"valle del cauca","political_violence",2025-04-01
"2025-04",NA,0,"vaupes","political_violence",2025-04-01
"2025-04","arauca",19,"arauca","political_violence",2025-04-01
"2025-04",NA,0,"guainia","political_violence",2025-04-01
"2025-04",NA,0,"vichada","political_violence",2025-04-01
"2025-04",NA,6,"guaviare","political_violence",2025-04-01
"2025-04",NA,0,"san andres y providencia","political_violence",2025-04-01
"2025-04",NA,5,"bogota, d.c.","political_violence",2025-04-01
"2025-05",NA,1,"amazonas","political_violence",2025-05-01
"2025-05",NA,25,"antioquia","political_violence",2025-05-01
"2025-05",NA,5,"atlantico","political_violence",2025-05-01
"2025-05",NA,10,"bolivar","political_violence",2025-05-01
"2025-05",NA,0,"boyaca","political_violence",2025-05-01
"2025-05",NA,0,"caldas","political_violence",2025-05-01
"2025-05",NA,2,"caqueta","political_violence",2025-05-01
"2025-05",NA,2,"casanare","political_violence",2025-05-01
"2025-05",NA,36,"cauca","political_violence",2025-05-01
"2025-05",NA,17,"cesar","political_violence",2025-05-01
"2025-05",NA,11,"choco","political_violence",2025-05-01
"2025-05",NA,4,"cordoba","political_violence",2025-05-01
"2025-05",NA,1,"cundinamarca","political_violence",2025-05-01
"2025-05",NA,3,"huila","political_violence",2025-05-01
"2025-05",NA,5,"la guajira","political_violence",2025-05-01
"2025-05",NA,4,"magdalena","political_violence",2025-05-01
"2025-05",NA,5,"meta","political_violence",2025-05-01
"2025-05",NA,12,"narino","political_violence",2025-05-01
"2025-05","tumaco",2,"narino","political_violence",2025-05-01
"2025-05",NA,36,"norte de santander","political_violence",2025-05-01
"2025-05",NA,2,"putumayo","political_violence",2025-05-01
"2025-05",NA,0,"quindio","political_violence",2025-05-01
"2025-05",NA,4,"risaralda","political_violence",2025-05-01
"2025-05",NA,5,"santander","political_violence",2025-05-01
"2025-05",NA,3,"sucre","political_violence",2025-05-01
"2025-05",NA,1,"tolima","political_violence",2025-05-01
"2025-05",NA,12,"valle del cauca","political_violence",2025-05-01
"2025-05","buenaventura",0,"valle del cauca","political_violence",2025-05-01
"2025-05",NA,0,"vaupes","political_violence",2025-05-01
"2025-05","arauca",18,"arauca","political_violence",2025-05-01
"2025-05",NA,0,"guainia","political_violence",2025-05-01
"2025-05",NA,0,"vichada","political_violence",2025-05-01
"2025-05",NA,2,"guaviare","political_violence",2025-05-01
"2025-05",NA,0,"san andres y providencia","political_violence",2025-05-01
"2025-05",NA,7,"bogota, d.c.","political_violence",2025-05-01
"2025-06",NA,0,"amazonas","political_violence",2025-06-01
"2025-06",NA,27,"antioquia","political_violence",2025-06-01
"2025-06",NA,1,"atlantico","political_violence",2025-06-01
"2025-06",NA,5,"bolivar","political_violence",2025-06-01
"2025-06",NA,0,"boyaca","political_violence",2025-06-01
"2025-06",NA,0,"caldas","political_violence",2025-06-01
"2025-06",NA,1,"caqueta","political_violence",2025-06-01
"2025-06",NA,2,"casanare","political_violence",2025-06-01
"2025-06",NA,54,"cauca","political_violence",2025-06-01
"2025-06",NA,6,"cesar","political_violence",2025-06-01
"2025-06",NA,1,"choco","political_violence",2025-06-01
"2025-06",NA,5,"cordoba","political_violence",2025-06-01
"2025-06",NA,0,"cundinamarca","political_violence",2025-06-01
"2025-06",NA,1,"huila","political_violence",2025-06-01
"2025-06",NA,6,"la guajira","political_violence",2025-06-01
"2025-06",NA,6,"magdalena","political_violence",2025-06-01
"2025-06",NA,3,"meta","political_violence",2025-06-01
"2025-06",NA,8,"narino","political_violence",2025-06-01
"2025-06","tumaco",3,"narino","political_violence",2025-06-01
"2025-06",NA,15,"norte de santander","political_violence",2025-06-01
"2025-06",NA,2,"putumayo","political_violence",2025-06-01
"2025-06",NA,1,"quindio","political_violence",2025-06-01
"2025-06",NA,1,"risaralda","political_violence",2025-06-01
"2025-06",NA,2,"santander","political_violence",2025-06-01
"2025-06",NA,0,"sucre","political_violence",2025-06-01
"2025-06",NA,1,"tolima","political_violence",2025-06-01
"2025-06",NA,16,"valle del cauca","political_violence",2025-06-01
"2025-06","buenaventura",4,"valle del cauca","political_violence",2025-06-01
"2025-06",NA,0,"vaupes","political_violence",2025-06-01
"2025-06","arauca",10,"arauca","political_violence",2025-06-01
"2025-06",NA,0,"guainia","political_violence",2025-06-01
"2025-06",NA,0,"vichada","political_violence",2025-06-01
"2025-06",NA,5,"guaviare","political_violence",2025-06-01
"2025-06",NA,0,"san andres y providencia","political_violence",2025-06-01
"2025-06",NA,2,"bogota, d.c.","political_violence",2025-06-01
"2025-07",NA,1,"amazonas","political_violence",2025-07-01
"2025-07",NA,44,"antioquia","political_violence",2025-07-01
"2025-07",NA,2,"atlantico","political_violence",2025-07-01
"2025-07",NA,29,"bolivar","political_violence",2025-07-01
"2025-07",NA,0,"boyaca","political_violence",2025-07-01
"2025-07",NA,1,"caldas","political_violence",2025-07-01
"2025-07",NA,2,"caqueta","political_violence",2025-07-01
"2025-07",NA,1,"casanare","political_violence",2025-07-01
"2025-07",NA,55,"cauca","political_violence",2025-07-01
"2025-07",NA,7,"cesar","political_violence",2025-07-01
"2025-07",NA,6,"choco","political_violence",2025-07-01
"2025-07",NA,8,"cordoba","political_violence",2025-07-01
"2025-07",NA,2,"cundinamarca","political_violence",2025-07-01
"2025-07",NA,6,"huila","political_violence",2025-07-01
"2025-07",NA,10,"la guajira","political_violence",2025-07-01
"2025-07",NA,1,"magdalena","political_violence",2025-07-01
"2025-07",NA,4,"meta","political_violence",2025-07-01
"2025-07",NA,4,"narino","political_violence",2025-07-01
"2025-07","tumaco",5,"narino","political_violence",2025-07-01
"2025-07",NA,26,"norte de santander","political_violence",2025-07-01
"2025-07",NA,0,"putumayo","political_violence",2025-07-01
"2025-07",NA,0,"quindio","political_violence",2025-07-01
"2025-07",NA,2,"risaralda","political_violence",2025-07-01
"2025-07",NA,2,"santander","political_violence",2025-07-01
"2025-07",NA,1,"sucre","political_violence",2025-07-01
"2025-07",NA,2,"tolima","political_violence",2025-07-01
"2025-07",NA,16,"valle del cauca","political_violence",2025-07-01
"2025-07","buenaventura",2,"valle del cauca","political_violence",2025-07-01
"2025-07",NA,0,"vaupes","political_violence",2025-07-01
"2025-07","arauca",14,"arauca","political_violence",2025-07-01
"2025-07",NA,0,"guainia","political_violence",2025-07-01
"2025-07",NA,0,"vichada","political_violence",2025-07-01
"2025-07",NA,6,"guaviare","political_violence",2025-07-01
"2025-07",NA,0,"san andres y providencia","political_violence",2025-07-01
"2025-07",NA,3,"bogota, d.c.","political_violence",2025-07-01
"2025-08",NA,0,"amazonas","political_violence",2025-08-01
"2025-08",NA,41,"antioquia","political_violence",2025-08-01
"2025-08",NA,4,"atlantico","political_violence",2025-08-01
"2025-08",NA,19,"bolivar","political_violence",2025-08-01
"2025-08",NA,1,"boyaca","political_violence",2025-08-01
"2025-08",NA,0,"caldas","political_violence",2025-08-01
"2025-08",NA,7,"caqueta","political_violence",2025-08-01
"2025-08",NA,0,"casanare","political_violence",2025-08-01
"2025-08",NA,41,"cauca","political_violence",2025-08-01
"2025-08",NA,3,"cesar","political_violence",2025-08-01
"2025-08",NA,4,"choco","political_violence",2025-08-01
"2025-08",NA,9,"cordoba","political_violence",2025-08-01
"2025-08",NA,0,"cundinamarca","political_violence",2025-08-01
"2025-08",NA,7,"huila","political_violence",2025-08-01
"2025-08",NA,16,"la guajira","political_violence",2025-08-01
"2025-08",NA,7,"magdalena","political_violence",2025-08-01
"2025-08",NA,7,"meta","political_violence",2025-08-01
"2025-08",NA,8,"narino","political_violence",2025-08-01
"2025-08","tumaco",3,"narino","political_violence",2025-08-01
"2025-08",NA,23,"norte de santander","political_violence",2025-08-01
"2025-08",NA,2,"putumayo","political_violence",2025-08-01
"2025-08",NA,0,"quindio","political_violence",2025-08-01
"2025-08",NA,7,"risaralda","political_violence",2025-08-01
"2025-08",NA,3,"santander","political_violence",2025-08-01
"2025-08",NA,0,"sucre","political_violence",2025-08-01
"2025-08",NA,2,"tolima","political_violence",2025-08-01
"2025-08",NA,17,"valle del cauca","political_violence",2025-08-01
"2025-08","buenaventura",4,"valle del cauca","political_violence",2025-08-01
"2025-08",NA,0,"vaupes","political_violence",2025-08-01
"2025-08","arauca",23,"arauca","political_violence",2025-08-01
"2025-08",NA,2,"guainia","political_violence",2025-08-01
"2025-08",NA,1,"vichada","political_violence",2025-08-01
"2025-08",NA,5,"guaviare","political_violence",2025-08-01
"2025-08",NA,0,"san andres y providencia","political_violence",2025-08-01
"2025-08",NA,2,"bogota, d.c.","political_violence",2025-08-01
"2025-09",NA,0,"amazonas","political_violence",2025-09-01
"2025-09",NA,45,"antioquia","political_violence",2025-09-01
"2025-09",NA,9,"atlantico","political_violence",2025-09-01
"2025-09",NA,18,"bolivar","political_violence",2025-09-01
"2025-09",NA,0,"boyaca","political_violence",2025-09-01
"2025-09",NA,2,"caldas","political_violence",2025-09-01
"2025-09",NA,7,"caqueta","political_violence",2025-09-01
"2025-09",NA,3,"casanare","political_violence",2025-09-01
"2025-09",NA,49,"cauca","political_violence",2025-09-01
"2025-09",NA,3,"cesar","political_violence",2025-09-01
"2025-09",NA,5,"choco","political_violence",2025-09-01
"2025-09",NA,13,"cordoba","political_violence",2025-09-01
"2025-09",NA,2,"cundinamarca","political_violence",2025-09-01
"2025-09",NA,6,"huila","political_violence",2025-09-01
"2025-09",NA,9,"la guajira","political_violence",2025-09-01
"2025-09",NA,6,"magdalena","political_violence",2025-09-01
"2025-09",NA,2,"meta","political_violence",2025-09-01
"2025-09",NA,6,"narino","political_violence",2025-09-01
"2025-09","tumaco",4,"narino","political_violence",2025-09-01
"2025-09",NA,29,"norte de santander","political_violence",2025-09-01
"2025-09",NA,5,"putumayo","political_violence",2025-09-01
"2025-09",NA,0,"quindio","political_violence",2025-09-01
"2025-09",NA,4,"risaralda","political_violence",2025-09-01
"2025-09",NA,1,"santander","political_violence",2025-09-01
"2025-09",NA,3,"sucre","political_violence",2025-09-01
"2025-09",NA,1,"tolima","political_violence",2025-09-01
"2025-09",NA,12,"valle del cauca","political_violence",2025-09-01
"2025-09","buenaventura",11,"valle del cauca","political_violence",2025-09-01
"2025-09",NA,0,"vaupes","political_violence",2025-09-01
"2025-09","arauca",29,"arauca","political_violence",2025-09-01
"2025-09",NA,0,"guainia","political_violence",2025-09-01
"2025-09",NA,0,"vichada","political_violence",2025-09-01
"2025-09",NA,1,"guaviare","political_violence",2025-09-01
"2025-09",NA,0,"san andres y providencia","political_violence",2025-09-01
"2025-09",NA,4,"bogota, d.c.","political_violence",2025-09-01
"2025-10",NA,3,"amazonas","political_violence",2025-10-01
"2025-10",NA,38,"antioquia","political_violence",2025-10-01
"2025-10",NA,6,"atlantico","political_violence",2025-10-01
"2025-10",NA,13,"bolivar","political_violence",2025-10-01
"2025-10",NA,0,"boyaca","political_violence",2025-10-01
"2025-10",NA,0,"caldas","political_violence",2025-10-01
"2025-10",NA,4,"caqueta","political_violence",2025-10-01
"2025-10",NA,0,"casanare","political_violence",2025-10-01
"2025-10",NA,54,"cauca","political_violence",2025-10-01
"2025-10",NA,3,"cesar","political_violence",2025-10-01
"2025-10",NA,2,"choco","political_violence",2025-10-01
"2025-10",NA,6,"cordoba","political_violence",2025-10-01
"2025-10",NA,0,"cundinamarca","political_violence",2025-10-01
"2025-10",NA,2,"huila","political_violence",2025-10-01
"2025-10",NA,9,"la guajira","political_violence",2025-10-01
"2025-10",NA,10,"magdalena","political_violence",2025-10-01
"2025-10",NA,2,"meta","political_violence",2025-10-01
"2025-10",NA,3,"narino","political_violence",2025-10-01
"2025-10","tumaco",2,"narino","political_violence",2025-10-01
"2025-10",NA,25,"norte de santander","political_violence",2025-10-01
"2025-10",NA,2,"putumayo","political_violence",2025-10-01
"2025-10",NA,1,"quindio","political_violence",2025-10-01
"2025-10",NA,1,"risaralda","political_violence",2025-10-01
"2025-10",NA,1,"santander","political_violence",2025-10-01
"2025-10",NA,0,"sucre","political_violence",2025-10-01
"2025-10",NA,0,"tolima","political_violence",2025-10-01
"2025-10",NA,13,"valle del cauca","political_violence",2025-10-01
"2025-10","buenaventura",4,"valle del cauca","political_violence",2025-10-01
"2025-10",NA,0,"vaupes","political_violence",2025-10-01
"2025-10","arauca",17,"arauca","political_violence",2025-10-01
"2025-10",NA,0,"guainia","political_violence",2025-10-01
"2025-10",NA,0,"vichada","political_violence",2025-10-01
"2025-10",NA,2,"guaviare","political_violence",2025-10-01
"2025-10",NA,0,"san andres y providencia","political_violence",2025-10-01
"2025-10",NA,4,"bogota, d.c.","political_violence",2025-10-01
"2025-11",NA,3,"amazonas","political_violence",2025-11-01
"2025-11",NA,34,"antioquia","political_violence",2025-11-01
"2025-11",NA,8,"atlantico","political_violence",2025-11-01
"2025-11",NA,7,"bolivar","political_violence",2025-11-01
"2025-11",NA,2,"boyaca","political_violence",2025-11-01
"2025-11",NA,0,"caldas","political_violence",2025-11-01
"2025-11",NA,0,"caqueta","political_violence",2025-11-01
"2025-11",NA,0,"casanare","political_violence",2025-11-01
"2025-11",NA,61,"cauca","political_violence",2025-11-01
"2025-11",NA,2,"cesar","political_violence",2025-11-01
"2025-11",NA,2,"choco","political_violence",2025-11-01
"2025-11",NA,1,"cordoba","political_violence",2025-11-01
"2025-11",NA,2,"cundinamarca","political_violence",2025-11-01
"2025-11",NA,9,"huila","political_violence",2025-11-01
"2025-11",NA,11,"la guajira","political_violence",2025-11-01
"2025-11",NA,5,"magdalena","political_violence",2025-11-01
"2025-11",NA,5,"meta","political_violence",2025-11-01
"2025-11",NA,13,"narino","political_violence",2025-11-01
"2025-11","tumaco",0,"narino","political_violence",2025-11-01
"2025-11",NA,16,"norte de santander","political_violence",2025-11-01
"2025-11",NA,1,"putumayo","political_violence",2025-11-01
"2025-11",NA,0,"quindio","political_violence",2025-11-01
"2025-11",NA,0,"risaralda","political_violence",2025-11-01
"2025-11",NA,2,"santander","political_violence",2025-11-01
"2025-11",NA,1,"sucre","political_violence",2025-11-01
"2025-11",NA,3,"tolima","political_violence",2025-11-01
"2025-11",NA,15,"valle del cauca","political_violence",2025-11-01
"2025-11","buenaventura",2,"valle del cauca","political_violence",2025-11-01
"2025-11",NA,0,"vaupes","political_violence",2025-11-01
"2025-11","arauca",9,"arauca","political_violence",2025-11-01
"2025-11",NA,0,"guainia","political_violence",2025-11-01
"2025-11",NA,0,"vichada","political_violence",2025-11-01
"2025-11",NA,2,"guaviare","political_violence",2025-11-01
"2025-11",NA,0,"san andres y providencia","political_violence",2025-11-01
"2025-11",NA,7,"bogota, d.c.","political_violence",2025-11-01
"2025-12",NA,0,"amazonas","political_violence",2025-12-01
"2025-12",NA,25,"antioquia","political_violence",2025-12-01
"2025-12",NA,1,"atlantico","political_violence",2025-12-01
"2025-12",NA,14,"bolivar","political_violence",2025-12-01
"2025-12",NA,2,"boyaca","political_violence",2025-12-01
"2025-12",NA,0,"caldas","political_violence",2025-12-01
"2025-12",NA,2,"caqueta","political_violence",2025-12-01
"2025-12",NA,1,"casanare","political_violence",2025-12-01
"2025-12",NA,33,"cauca","political_violence",2025-12-01
"2025-12",NA,8,"cesar","political_violence",2025-12-01
"2025-12",NA,1,"choco","political_violence",2025-12-01
"2025-12",NA,2,"cordoba","political_violence",2025-12-01
"2025-12",NA,0,"cundinamarca","political_violence",2025-12-01
"2025-12",NA,8,"huila","political_violence",2025-12-01
"2025-12",NA,18,"la guajira","political_violence",2025-12-01
"2025-12",NA,2,"magdalena","political_violence",2025-12-01
"2025-12",NA,0,"meta","political_violence",2025-12-01
"2025-12",NA,6,"narino","political_violence",2025-12-01
"2025-12","tumaco",0,"narino","political_violence",2025-12-01
"2025-12",NA,31,"norte de santander","political_violence",2025-12-01
"2025-12",NA,1,"putumayo","political_violence",2025-12-01
"2025-12",NA,1,"quindio","political_violence",2025-12-01
"2025-12",NA,0,"risaralda","political_violence",2025-12-01
"2025-12",NA,4,"santander","political_violence",2025-12-01
"2025-12",NA,2,"sucre","political_violence",2025-12-01
"2025-12",NA,2,"tolima","political_violence",2025-12-01
"2025-12",NA,10,"valle del cauca","political_violence",2025-12-01
"2025-12","buenaventura",0,"valle del cauca","political_violence",2025-12-01
"2025-12",NA,0,"vaupes","political_violence",2025-12-01
"2025-12","arauca",7,"arauca","political_violence",2025-12-01
"2025-12",NA,0,"guainia","political_violence",2025-12-01
"2025-12",NA,0,"vichada","political_violence",2025-12-01
"2025-12",NA,0,"guaviare","political_violence",2025-12-01
"2025-12",NA,0,"san andres y providencia","political_violence",2025-12-01
"2025-12",NA,2,"bogota, d.c.","political_violence",2025-12-01
"2026-01",NA,1,"amazonas","political_violence",2026-01-01
"2026-01",NA,25,"antioquia","political_violence",2026-01-01
"2026-01",NA,5,"atlantico","political_violence",2026-01-01
"2026-01",NA,8,"bolivar","political_violence",2026-01-01
"2026-01",NA,1,"boyaca","political_violence",2026-01-01
"2026-01",NA,0,"caldas","political_violence",2026-01-01
"2026-01",NA,6,"caqueta","political_violence",2026-01-01
"2026-01",NA,1,"casanare","political_violence",2026-01-01
"2026-01",NA,21,"cauca","political_violence",2026-01-01
"2026-01",NA,10,"cesar","political_violence",2026-01-01
"2026-01",NA,3,"choco","political_violence",2026-01-01
"2026-01",NA,1,"cordoba","political_violence",2026-01-01
"2026-01",NA,0,"cundinamarca","political_violence",2026-01-01
"2026-01",NA,4,"huila","political_violence",2026-01-01
"2026-01",NA,15,"la guajira","political_violence",2026-01-01
"2026-01",NA,6,"magdalena","political_violence",2026-01-01
"2026-01",NA,1,"meta","political_violence",2026-01-01
"2026-01",NA,3,"narino","political_violence",2026-01-01
"2026-01","tumaco",1,"narino","political_violence",2026-01-01
"2026-01",NA,20,"norte de santander","political_violence",2026-01-01
"2026-01",NA,0,"putumayo","political_violence",2026-01-01
"2026-01",NA,0,"quindio","political_violence",2026-01-01
"2026-01",NA,1,"risaralda","political_violence",2026-01-01
"2026-01",NA,2,"santander","political_violence",2026-01-01
"2026-01",NA,0,"sucre","political_violence",2026-01-01
"2026-01",NA,4,"tolima","political_violence",2026-01-01
"2026-01",NA,7,"valle del cauca","political_violence",2026-01-01
"2026-01","buenaventura",1,"valle del cauca","political_violence",2026-01-01
"2026-01",NA,0,"vaupes","political_violence",2026-01-01
"2026-01","arauca",11,"arauca","political_violence",2026-01-01
"2026-01",NA,0,"guainia","political_violence",2026-01-01
"2026-01",NA,0,"vichada","political_violence",2026-01-01
"2026-01",NA,1,"guaviare","political_violence",2026-01-01
"2026-01",NA,0,"san andres y providencia","political_violence",2026-01-01
"2026-01",NA,2,"bogota, d.c.","political_violence",2026-01-01
"2026-02",NA,0,"amazonas","political_violence",2026-02-01
"2026-02",NA,27,"antioquia","political_violence",2026-02-01
"2026-02",NA,7,"atlantico","political_violence",2026-02-01
"2026-02",NA,16,"bolivar","political_violence",2026-02-01
"2026-02",NA,0,"boyaca","political_violence",2026-02-01
"2026-02",NA,2,"caldas","political_violence",2026-02-01
"2026-02",NA,5,"caqueta","political_violence",2026-02-01
"2026-02",NA,1,"casanare","political_violence",2026-02-01
"2026-02",NA,34,"cauca","political_violence",2026-02-01
"2026-02",NA,4,"cesar","political_violence",2026-02-01
"2026-02",NA,3,"choco","political_violence",2026-02-01
"2026-02",NA,1,"cordoba","political_violence",2026-02-01
"2026-02",NA,1,"cundinamarca","political_violence",2026-02-01
"2026-02",NA,7,"huila","political_violence",2026-02-01
"2026-02",NA,11,"la guajira","political_violence",2026-02-01
"2026-02",NA,7,"magdalena","political_violence",2026-02-01
"2026-02",NA,4,"meta","political_violence",2026-02-01
"2026-02",NA,5,"narino","political_violence",2026-02-01
"2026-02","tumaco",0,"narino","political_violence",2026-02-01
"2026-02",NA,37,"norte de santander","political_violence",2026-02-01
"2026-02",NA,1,"putumayo","political_violence",2026-02-01
"2026-02",NA,0,"quindio","political_violence",2026-02-01
"2026-02",NA,1,"risaralda","political_violence",2026-02-01
"2026-02",NA,4,"santander","political_violence",2026-02-01
"2026-02",NA,2,"sucre","political_violence",2026-02-01
"2026-02",NA,3,"tolima","political_violence",2026-02-01
"2026-02",NA,8,"valle del cauca","political_violence",2026-02-01
"2026-02","buenaventura",1,"valle del cauca","political_violence",2026-02-01
"2026-02",NA,0,"vaupes","political_violence",2026-02-01
"2026-02","arauca",14,"arauca","political_violence",2026-02-01
"2026-02",NA,0,"guainia","political_violence",2026-02-01
"2026-02",NA,1,"vichada","political_violence",2026-02-01
"2026-02",NA,2,"guaviare","political_violence",2026-02-01
"2026-02",NA,0,"san andres y providencia","political_violence",2026-02-01
"2026-02",NA,6,"bogota, d.c.","political_violence",2026-02-01
"2026-03",NA,0,"amazonas","political_violence",2026-03-01
"2026-03",NA,11,"antioquia","political_violence",2026-03-01
"2026-03",NA,1,"atlantico","political_violence",2026-03-01
"2026-03",NA,4,"bolivar","political_violence",2026-03-01
"2026-03",NA,0,"boyaca","political_violence",2026-03-01
"2026-03",NA,0,"caldas","political_violence",2026-03-01
"2026-03",NA,2,"caqueta","political_violence",2026-03-01
"2026-03",NA,0,"casanare","political_violence",2026-03-01
"2026-03",NA,21,"cauca","political_violence",2026-03-01
"2026-03",NA,1,"cesar","political_violence",2026-03-01
"2026-03",NA,4,"choco","political_violence",2026-03-01
"2026-03",NA,1,"cordoba","political_violence",2026-03-01
"2026-03",NA,0,"cundinamarca","political_violence",2026-03-01
"2026-03",NA,0,"huila","political_violence",2026-03-01
"2026-03",NA,1,"la guajira","political_violence",2026-03-01
"2026-03",NA,5,"magdalena","political_violence",2026-03-01
"2026-03",NA,2,"meta","political_violence",2026-03-01
"2026-03",NA,5,"narino","political_violence",2026-03-01
"2026-03","tumaco",2,"narino","political_violence",2026-03-01
"2026-03",NA,2,"norte de santander","political_violence",2026-03-01
"2026-03",NA,0,"putumayo","political_violence",2026-03-01
"2026-03",NA,0,"quindio","political_violence",2026-03-01
"2026-03",NA,1,"risaralda","political_violence",2026-03-01
"2026-03",NA,0,"santander","political_violence",2026-03-01
"2026-03",NA,1,"sucre","political_violence",2026-03-01
"2026-03",NA,3,"tolima","political_violence",2026-03-01
"2026-03",NA,6,"valle del cauca","political_violence",2026-03-01
"2026-03","buenaventura",2,"valle del cauca","political_violence",2026-03-01
"2026-03",NA,0,"vaupes","political_violence",2026-03-01
"2026-03","arauca",3,"arauca","political_violence",2026-03-01
"2026-03",NA,0,"guainia","political_violence",2026-03-01
"2026-03",NA,1,"vichada","political_violence",2026-03-01
"2026-03",NA,1,"guaviare","political_violence",2026-03-01
"2026-03",NA,0,"san andres y providencia","political_violence",2026-03-01
"2026-03",NA,1,"bogota, d.c.","political_violence",2026-03-01
"2018-01",NA,0,"amazonas","civilian_targeting",2018-01-01
"2018-01",NA,7,"antioquia","civilian_targeting",2018-01-01
"2018-01",NA,0,"atlantico","civilian_targeting",2018-01-01
"2018-01",NA,3,"bolivar","civilian_targeting",2018-01-01
"2018-01",NA,0,"boyaca","civilian_targeting",2018-01-01
"2018-01",NA,0,"caldas","civilian_targeting",2018-01-01
"2018-01",NA,1,"caqueta","civilian_targeting",2018-01-01
"2018-01",NA,3,"casanare","civilian_targeting",2018-01-01
"2018-01",NA,8,"cauca","civilian_targeting",2018-01-01
"2018-01",NA,1,"cesar","civilian_targeting",2018-01-01
"2018-01",NA,10,"choco","civilian_targeting",2018-01-01
"2018-01",NA,6,"cordoba","civilian_targeting",2018-01-01
"2018-01",NA,0,"cundinamarca","civilian_targeting",2018-01-01
"2018-01",NA,1,"huila","civilian_targeting",2018-01-01
"2018-01",NA,2,"la guajira","civilian_targeting",2018-01-01
"2018-01",NA,0,"magdalena","civilian_targeting",2018-01-01
"2018-01",NA,1,"meta","civilian_targeting",2018-01-01
"2018-01",NA,5,"narino","civilian_targeting",2018-01-01
"2018-01","tumaco",12,"narino","civilian_targeting",2018-01-01
"2018-01",NA,19,"norte de santander","civilian_targeting",2018-01-01
"2018-01",NA,1,"putumayo","civilian_targeting",2018-01-01
"2018-01",NA,0,"quindio","civilian_targeting",2018-01-01
"2018-01",NA,0,"risaralda","civilian_targeting",2018-01-01
"2018-01",NA,1,"santander","civilian_targeting",2018-01-01
"2018-01",NA,1,"sucre","civilian_targeting",2018-01-01
"2018-01",NA,0,"tolima","civilian_targeting",2018-01-01
"2018-01",NA,3,"valle del cauca","civilian_targeting",2018-01-01
"2018-01","buenaventura",2,"valle del cauca","civilian_targeting",2018-01-01
"2018-01",NA,0,"vaupes","civilian_targeting",2018-01-01
"2018-01","arauca",15,"arauca","civilian_targeting",2018-01-01
"2018-01",NA,0,"guainia","civilian_targeting",2018-01-01
"2018-01",NA,0,"vichada","civilian_targeting",2018-01-01
"2018-01",NA,0,"guaviare","civilian_targeting",2018-01-01
"2018-01",NA,0,"san andres y providencia","civilian_targeting",2018-01-01
"2018-01",NA,1,"bogota, d.c.","civilian_targeting",2018-01-01
"2018-02",NA,0,"amazonas","civilian_targeting",2018-02-01
"2018-02",NA,8,"antioquia","civilian_targeting",2018-02-01
"2018-02",NA,0,"atlantico","civilian_targeting",2018-02-01
"2018-02",NA,1,"bolivar","civilian_targeting",2018-02-01
"2018-02",NA,0,"boyaca","civilian_targeting",2018-02-01
"2018-02",NA,0,"caldas","civilian_targeting",2018-02-01
"2018-02",NA,1,"caqueta","civilian_targeting",2018-02-01
"2018-02",NA,1,"casanare","civilian_targeting",2018-02-01
"2018-02",NA,3,"cauca","civilian_targeting",2018-02-01
"2018-02",NA,2,"cesar","civilian_targeting",2018-02-01
"2018-02",NA,1,"choco","civilian_targeting",2018-02-01
"2018-02",NA,3,"cordoba","civilian_targeting",2018-02-01
"2018-02",NA,0,"cundinamarca","civilian_targeting",2018-02-01
"2018-02",NA,0,"huila","civilian_targeting",2018-02-01
"2018-02",NA,0,"la guajira","civilian_targeting",2018-02-01
"2018-02",NA,0,"magdalena","civilian_targeting",2018-02-01
"2018-02",NA,2,"meta","civilian_targeting",2018-02-01
"2018-02",NA,2,"narino","civilian_targeting",2018-02-01
"2018-02","tumaco",11,"narino","civilian_targeting",2018-02-01
"2018-02",NA,10,"norte de santander","civilian_targeting",2018-02-01
"2018-02",NA,1,"putumayo","civilian_targeting",2018-02-01
"2018-02",NA,2,"quindio","civilian_targeting",2018-02-01
"2018-02",NA,1,"risaralda","civilian_targeting",2018-02-01
"2018-02",NA,1,"santander","civilian_targeting",2018-02-01
"2018-02",NA,0,"sucre","civilian_targeting",2018-02-01
"2018-02",NA,0,"tolima","civilian_targeting",2018-02-01
"2018-02",NA,2,"valle del cauca","civilian_targeting",2018-02-01
"2018-02","buenaventura",1,"valle del cauca","civilian_targeting",2018-02-01
"2018-02",NA,0,"vaupes","civilian_targeting",2018-02-01
"2018-02","arauca",3,"arauca","civilian_targeting",2018-02-01
"2018-02",NA,0,"guainia","civilian_targeting",2018-02-01
"2018-02",NA,0,"vichada","civilian_targeting",2018-02-01
"2018-02",NA,0,"guaviare","civilian_targeting",2018-02-01
"2018-02",NA,0,"san andres y providencia","civilian_targeting",2018-02-01
"2018-02",NA,3,"bogota, d.c.","civilian_targeting",2018-02-01
"2018-03",NA,0,"amazonas","civilian_targeting",2018-03-01
"2018-03",NA,11,"antioquia","civilian_targeting",2018-03-01
"2018-03",NA,0,"atlantico","civilian_targeting",2018-03-01
"2018-03",NA,1,"bolivar","civilian_targeting",2018-03-01
"2018-03",NA,0,"boyaca","civilian_targeting",2018-03-01
"2018-03",NA,2,"caldas","civilian_targeting",2018-03-01
"2018-03",NA,0,"caqueta","civilian_targeting",2018-03-01
"2018-03",NA,0,"casanare","civilian_targeting",2018-03-01
"2018-03",NA,8,"cauca","civilian_targeting",2018-03-01
"2018-03",NA,0,"cesar","civilian_targeting",2018-03-01
"2018-03",NA,2,"choco","civilian_targeting",2018-03-01
"2018-03",NA,2,"cordoba","civilian_targeting",2018-03-01
"2018-03",NA,0,"cundinamarca","civilian_targeting",2018-03-01
"2018-03",NA,0,"huila","civilian_targeting",2018-03-01
"2018-03",NA,1,"la guajira","civilian_targeting",2018-03-01
"2018-03",NA,0,"magdalena","civilian_targeting",2018-03-01
"2018-03",NA,2,"meta","civilian_targeting",2018-03-01
"2018-03",NA,4,"narino","civilian_targeting",2018-03-01
"2018-03","tumaco",7,"narino","civilian_targeting",2018-03-01
"2018-03",NA,5,"norte de santander","civilian_targeting",2018-03-01
"2018-03",NA,2,"putumayo","civilian_targeting",2018-03-01
"2018-03",NA,0,"quindio","civilian_targeting",2018-03-01
"2018-03",NA,0,"risaralda","civilian_targeting",2018-03-01
"2018-03",NA,1,"santander","civilian_targeting",2018-03-01
"2018-03",NA,1,"sucre","civilian_targeting",2018-03-01
"2018-03",NA,0,"tolima","civilian_targeting",2018-03-01
"2018-03",NA,1,"valle del cauca","civilian_targeting",2018-03-01
"2018-03","buenaventura",0,"valle del cauca","civilian_targeting",2018-03-01
"2018-03",NA,0,"vaupes","civilian_targeting",2018-03-01
"2018-03","arauca",7,"arauca","civilian_targeting",2018-03-01
"2018-03",NA,0,"guainia","civilian_targeting",2018-03-01
"2018-03",NA,0,"vichada","civilian_targeting",2018-03-01
"2018-03",NA,0,"guaviare","civilian_targeting",2018-03-01
"2018-03",NA,0,"san andres y providencia","civilian_targeting",2018-03-01
"2018-03",NA,0,"bogota, d.c.","civilian_targeting",2018-03-01
"2018-04",NA,0,"amazonas","civilian_targeting",2018-04-01
"2018-04",NA,13,"antioquia","civilian_targeting",2018-04-01
"2018-04",NA,2,"atlantico","civilian_targeting",2018-04-01
"2018-04",NA,1,"bolivar","civilian_targeting",2018-04-01
"2018-04",NA,0,"boyaca","civilian_targeting",2018-04-01
"2018-04",NA,0,"caldas","civilian_targeting",2018-04-01
"2018-04",NA,4,"caqueta","civilian_targeting",2018-04-01
"2018-04",NA,0,"casanare","civilian_targeting",2018-04-01
"2018-04",NA,12,"cauca","civilian_targeting",2018-04-01
"2018-04",NA,0,"cesar","civilian_targeting",2018-04-01
"2018-04",NA,4,"choco","civilian_targeting",2018-04-01
"2018-04",NA,4,"cordoba","civilian_targeting",2018-04-01
"2018-04",NA,0,"cundinamarca","civilian_targeting",2018-04-01
"2018-04",NA,2,"huila","civilian_targeting",2018-04-01
"2018-04",NA,1,"la guajira","civilian_targeting",2018-04-01
"2018-04",NA,0,"magdalena","civilian_targeting",2018-04-01
"2018-04",NA,1,"meta","civilian_targeting",2018-04-01
"2018-04",NA,5,"narino","civilian_targeting",2018-04-01
"2018-04","tumaco",11,"narino","civilian_targeting",2018-04-01
"2018-04",NA,19,"norte de santander","civilian_targeting",2018-04-01
"2018-04",NA,12,"putumayo","civilian_targeting",2018-04-01
"2018-04",NA,0,"quindio","civilian_targeting",2018-04-01
"2018-04",NA,0,"risaralda","civilian_targeting",2018-04-01
"2018-04",NA,1,"santander","civilian_targeting",2018-04-01
"2018-04",NA,1,"sucre","civilian_targeting",2018-04-01
"2018-04",NA,0,"tolima","civilian_targeting",2018-04-01
"2018-04",NA,0,"valle del cauca","civilian_targeting",2018-04-01
"2018-04","buenaventura",1,"valle del cauca","civilian_targeting",2018-04-01
"2018-04",NA,0,"vaupes","civilian_targeting",2018-04-01
"2018-04","arauca",11,"arauca","civilian_targeting",2018-04-01
"2018-04",NA,0,"guainia","civilian_targeting",2018-04-01
"2018-04",NA,0,"vichada","civilian_targeting",2018-04-01
"2018-04",NA,1,"guaviare","civilian_targeting",2018-04-01
"2018-04",NA,0,"san andres y providencia","civilian_targeting",2018-04-01
"2018-04",NA,0,"bogota, d.c.","civilian_targeting",2018-04-01
"2018-05",NA,0,"amazonas","civilian_targeting",2018-05-01
"2018-05",NA,9,"antioquia","civilian_targeting",2018-05-01
"2018-05",NA,0,"atlantico","civilian_targeting",2018-05-01
"2018-05",NA,2,"bolivar","civilian_targeting",2018-05-01
"2018-05",NA,0,"boyaca","civilian_targeting",2018-05-01
"2018-05",NA,0,"caldas","civilian_targeting",2018-05-01
"2018-05",NA,5,"caqueta","civilian_targeting",2018-05-01
"2018-05",NA,0,"casanare","civilian_targeting",2018-05-01
"2018-05",NA,11,"cauca","civilian_targeting",2018-05-01
"2018-05",NA,0,"cesar","civilian_targeting",2018-05-01
"2018-05",NA,4,"choco","civilian_targeting",2018-05-01
"2018-05",NA,0,"cordoba","civilian_targeting",2018-05-01
"2018-05",NA,0,"cundinamarca","civilian_targeting",2018-05-01
"2018-05",NA,1,"huila","civilian_targeting",2018-05-01
"2018-05",NA,2,"la guajira","civilian_targeting",2018-05-01
"2018-05",NA,1,"magdalena","civilian_targeting",2018-05-01
"2018-05",NA,2,"meta","civilian_targeting",2018-05-01
"2018-05",NA,3,"narino","civilian_targeting",2018-05-01
"2018-05","tumaco",10,"narino","civilian_targeting",2018-05-01
"2018-05",NA,19,"norte de santander","civilian_targeting",2018-05-01
"2018-05",NA,3,"putumayo","civilian_targeting",2018-05-01
"2018-05",NA,0,"quindio","civilian_targeting",2018-05-01
"2018-05",NA,1,"risaralda","civilian_targeting",2018-05-01
"2018-05",NA,2,"santander","civilian_targeting",2018-05-01
"2018-05",NA,0,"sucre","civilian_targeting",2018-05-01
"2018-05",NA,0,"tolima","civilian_targeting",2018-05-01
"2018-05",NA,7,"valle del cauca","civilian_targeting",2018-05-01
"2018-05","buenaventura",3,"valle del cauca","civilian_targeting",2018-05-01
"2018-05",NA,0,"vaupes","civilian_targeting",2018-05-01
"2018-05","arauca",7,"arauca","civilian_targeting",2018-05-01
"2018-05",NA,0,"guainia","civilian_targeting",2018-05-01
"2018-05",NA,0,"vichada","civilian_targeting",2018-05-01
"2018-05",NA,1,"guaviare","civilian_targeting",2018-05-01
"2018-05",NA,0,"san andres y providencia","civilian_targeting",2018-05-01
"2018-05",NA,0,"bogota, d.c.","civilian_targeting",2018-05-01
"2018-06",NA,0,"amazonas","civilian_targeting",2018-06-01
"2018-06",NA,8,"antioquia","civilian_targeting",2018-06-01
"2018-06",NA,0,"atlantico","civilian_targeting",2018-06-01
"2018-06",NA,2,"bolivar","civilian_targeting",2018-06-01
"2018-06",NA,0,"boyaca","civilian_targeting",2018-06-01
"2018-06",NA,0,"caldas","civilian_targeting",2018-06-01
"2018-06",NA,4,"caqueta","civilian_targeting",2018-06-01
"2018-06",NA,1,"casanare","civilian_targeting",2018-06-01
"2018-06",NA,8,"cauca","civilian_targeting",2018-06-01
"2018-06",NA,1,"cesar","civilian_targeting",2018-06-01
"2018-06",NA,2,"choco","civilian_targeting",2018-06-01
"2018-06",NA,5,"cordoba","civilian_targeting",2018-06-01
"2018-06",NA,0,"cundinamarca","civilian_targeting",2018-06-01
"2018-06",NA,0,"huila","civilian_targeting",2018-06-01
"2018-06",NA,1,"la guajira","civilian_targeting",2018-06-01
"2018-06",NA,0,"magdalena","civilian_targeting",2018-06-01
"2018-06",NA,0,"meta","civilian_targeting",2018-06-01
"2018-06",NA,3,"narino","civilian_targeting",2018-06-01
"2018-06","tumaco",15,"narino","civilian_targeting",2018-06-01
"2018-06",NA,31,"norte de santander","civilian_targeting",2018-06-01
"2018-06",NA,4,"putumayo","civilian_targeting",2018-06-01
"2018-06",NA,0,"quindio","civilian_targeting",2018-06-01
"2018-06",NA,0,"risaralda","civilian_targeting",2018-06-01
"2018-06",NA,0,"santander","civilian_targeting",2018-06-01
"2018-06",NA,0,"sucre","civilian_targeting",2018-06-01
"2018-06",NA,0,"tolima","civilian_targeting",2018-06-01
"2018-06",NA,1,"valle del cauca","civilian_targeting",2018-06-01
"2018-06","buenaventura",3,"valle del cauca","civilian_targeting",2018-06-01
"2018-06",NA,0,"vaupes","civilian_targeting",2018-06-01
"2018-06","arauca",4,"arauca","civilian_targeting",2018-06-01
"2018-06",NA,0,"guainia","civilian_targeting",2018-06-01
"2018-06",NA,1,"vichada","civilian_targeting",2018-06-01
"2018-06",NA,1,"guaviare","civilian_targeting",2018-06-01
"2018-06",NA,0,"san andres y providencia","civilian_targeting",2018-06-01
"2018-06",NA,0,"bogota, d.c.","civilian_targeting",2018-06-01
"2018-07",NA,0,"amazonas","civilian_targeting",2018-07-01
"2018-07",NA,10,"antioquia","civilian_targeting",2018-07-01
"2018-07",NA,2,"atlantico","civilian_targeting",2018-07-01
"2018-07",NA,0,"bolivar","civilian_targeting",2018-07-01
"2018-07",NA,2,"boyaca","civilian_targeting",2018-07-01
"2018-07",NA,0,"caldas","civilian_targeting",2018-07-01
"2018-07",NA,8,"caqueta","civilian_targeting",2018-07-01
"2018-07",NA,2,"casanare","civilian_targeting",2018-07-01
"2018-07",NA,6,"cauca","civilian_targeting",2018-07-01
"2018-07",NA,1,"cesar","civilian_targeting",2018-07-01
"2018-07",NA,2,"choco","civilian_targeting",2018-07-01
"2018-07",NA,2,"cordoba","civilian_targeting",2018-07-01
"2018-07",NA,0,"cundinamarca","civilian_targeting",2018-07-01
"2018-07",NA,1,"huila","civilian_targeting",2018-07-01
"2018-07",NA,1,"la guajira","civilian_targeting",2018-07-01
"2018-07",NA,0,"magdalena","civilian_targeting",2018-07-01
"2018-07",NA,1,"meta","civilian_targeting",2018-07-01
"2018-07",NA,5,"narino","civilian_targeting",2018-07-01
"2018-07","tumaco",14,"narino","civilian_targeting",2018-07-01
"2018-07",NA,18,"norte de santander","civilian_targeting",2018-07-01
"2018-07",NA,3,"putumayo","civilian_targeting",2018-07-01
"2018-07",NA,0,"quindio","civilian_targeting",2018-07-01
"2018-07",NA,0,"risaralda","civilian_targeting",2018-07-01
"2018-07",NA,3,"santander","civilian_targeting",2018-07-01
"2018-07",NA,0,"sucre","civilian_targeting",2018-07-01
"2018-07",NA,2,"tolima","civilian_targeting",2018-07-01
"2018-07",NA,8,"valle del cauca","civilian_targeting",2018-07-01
"2018-07","buenaventura",1,"valle del cauca","civilian_targeting",2018-07-01
"2018-07",NA,0,"vaupes","civilian_targeting",2018-07-01
"2018-07","arauca",8,"arauca","civilian_targeting",2018-07-01
"2018-07",NA,0,"guainia","civilian_targeting",2018-07-01
"2018-07",NA,0,"vichada","civilian_targeting",2018-07-01
"2018-07",NA,0,"guaviare","civilian_targeting",2018-07-01
"2018-07",NA,0,"san andres y providencia","civilian_targeting",2018-07-01
"2018-07",NA,0,"bogota, d.c.","civilian_targeting",2018-07-01
"2018-08",NA,0,"amazonas","civilian_targeting",2018-08-01
"2018-08",NA,12,"antioquia","civilian_targeting",2018-08-01
"2018-08",NA,1,"atlantico","civilian_targeting",2018-08-01
"2018-08",NA,0,"bolivar","civilian_targeting",2018-08-01
"2018-08",NA,0,"boyaca","civilian_targeting",2018-08-01
"2018-08",NA,0,"caldas","civilian_targeting",2018-08-01
"2018-08",NA,2,"caqueta","civilian_targeting",2018-08-01
"2018-08",NA,0,"casanare","civilian_targeting",2018-08-01
"2018-08",NA,13,"cauca","civilian_targeting",2018-08-01
"2018-08",NA,4,"cesar","civilian_targeting",2018-08-01
"2018-08",NA,1,"choco","civilian_targeting",2018-08-01
"2018-08",NA,2,"cordoba","civilian_targeting",2018-08-01
"2018-08",NA,0,"cundinamarca","civilian_targeting",2018-08-01
"2018-08",NA,0,"huila","civilian_targeting",2018-08-01
"2018-08",NA,2,"la guajira","civilian_targeting",2018-08-01
"2018-08",NA,1,"magdalena","civilian_targeting",2018-08-01
"2018-08",NA,5,"meta","civilian_targeting",2018-08-01
"2018-08",NA,5,"narino","civilian_targeting",2018-08-01
"2018-08","tumaco",8,"narino","civilian_targeting",2018-08-01
"2018-08",NA,19,"norte de santander","civilian_targeting",2018-08-01
"2018-08",NA,11,"putumayo","civilian_targeting",2018-08-01
"2018-08",NA,2,"quindio","civilian_targeting",2018-08-01
"2018-08",NA,1,"risaralda","civilian_targeting",2018-08-01
"2018-08",NA,1,"santander","civilian_targeting",2018-08-01
"2018-08",NA,0,"sucre","civilian_targeting",2018-08-01
"2018-08",NA,1,"tolima","civilian_targeting",2018-08-01
"2018-08",NA,5,"valle del cauca","civilian_targeting",2018-08-01
"2018-08","buenaventura",0,"valle del cauca","civilian_targeting",2018-08-01
"2018-08",NA,0,"vaupes","civilian_targeting",2018-08-01
"2018-08","arauca",11,"arauca","civilian_targeting",2018-08-01
"2018-08",NA,0,"guainia","civilian_targeting",2018-08-01
"2018-08",NA,1,"vichada","civilian_targeting",2018-08-01
"2018-08",NA,1,"guaviare","civilian_targeting",2018-08-01
"2018-08",NA,0,"san andres y providencia","civilian_targeting",2018-08-01
"2018-08",NA,2,"bogota, d.c.","civilian_targeting",2018-08-01
"2018-09",NA,0,"amazonas","civilian_targeting",2018-09-01
"2018-09",NA,20,"antioquia","civilian_targeting",2018-09-01
"2018-09",NA,2,"atlantico","civilian_targeting",2018-09-01
"2018-09",NA,0,"bolivar","civilian_targeting",2018-09-01
"2018-09",NA,0,"boyaca","civilian_targeting",2018-09-01
"2018-09",NA,0,"caldas","civilian_targeting",2018-09-01
"2018-09",NA,0,"caqueta","civilian_targeting",2018-09-01
"2018-09",NA,0,"casanare","civilian_targeting",2018-09-01
"2018-09",NA,6,"cauca","civilian_targeting",2018-09-01
"2018-09",NA,2,"cesar","civilian_targeting",2018-09-01
"2018-09",NA,3,"choco","civilian_targeting",2018-09-01
"2018-09",NA,3,"cordoba","civilian_targeting",2018-09-01
"2018-09",NA,1,"cundinamarca","civilian_targeting",2018-09-01
"2018-09",NA,1,"huila","civilian_targeting",2018-09-01
"2018-09",NA,2,"la guajira","civilian_targeting",2018-09-01
"2018-09",NA,1,"magdalena","civilian_targeting",2018-09-01
"2018-09",NA,0,"meta","civilian_targeting",2018-09-01
"2018-09",NA,1,"narino","civilian_targeting",2018-09-01
"2018-09","tumaco",8,"narino","civilian_targeting",2018-09-01
"2018-09",NA,4,"norte de santander","civilian_targeting",2018-09-01
"2018-09",NA,7,"putumayo","civilian_targeting",2018-09-01
"2018-09",NA,0,"quindio","civilian_targeting",2018-09-01
"2018-09",NA,0,"risaralda","civilian_targeting",2018-09-01
"2018-09",NA,1,"santander","civilian_targeting",2018-09-01
"2018-09",NA,1,"sucre","civilian_targeting",2018-09-01
"2018-09",NA,0,"tolima","civilian_targeting",2018-09-01
"2018-09",NA,7,"valle del cauca","civilian_targeting",2018-09-01
"2018-09","buenaventura",1,"valle del cauca","civilian_targeting",2018-09-01
"2018-09",NA,0,"vaupes","civilian_targeting",2018-09-01
"2018-09","arauca",4,"arauca","civilian_targeting",2018-09-01
"2018-09",NA,0,"guainia","civilian_targeting",2018-09-01
"2018-09",NA,1,"vichada","civilian_targeting",2018-09-01
"2018-09",NA,3,"guaviare","civilian_targeting",2018-09-01
"2018-09",NA,0,"san andres y providencia","civilian_targeting",2018-09-01
"2018-09",NA,0,"bogota, d.c.","civilian_targeting",2018-09-01
"2018-10",NA,0,"amazonas","civilian_targeting",2018-10-01
"2018-10",NA,9,"antioquia","civilian_targeting",2018-10-01
"2018-10",NA,0,"atlantico","civilian_targeting",2018-10-01
"2018-10",NA,0,"bolivar","civilian_targeting",2018-10-01
"2018-10",NA,0,"boyaca","civilian_targeting",2018-10-01
"2018-10",NA,0,"caldas","civilian_targeting",2018-10-01
"2018-10",NA,3,"caqueta","civilian_targeting",2018-10-01
"2018-10",NA,0,"casanare","civilian_targeting",2018-10-01
"2018-10",NA,13,"cauca","civilian_targeting",2018-10-01
"2018-10",NA,1,"cesar","civilian_targeting",2018-10-01
"2018-10",NA,0,"choco","civilian_targeting",2018-10-01
"2018-10",NA,6,"cordoba","civilian_targeting",2018-10-01
"2018-10",NA,0,"cundinamarca","civilian_targeting",2018-10-01
"2018-10",NA,0,"huila","civilian_targeting",2018-10-01
"2018-10",NA,0,"la guajira","civilian_targeting",2018-10-01
"2018-10",NA,0,"magdalena","civilian_targeting",2018-10-01
"2018-10",NA,1,"meta","civilian_targeting",2018-10-01
"2018-10",NA,4,"narino","civilian_targeting",2018-10-01
"2018-10","tumaco",9,"narino","civilian_targeting",2018-10-01
"2018-10",NA,14,"norte de santander","civilian_targeting",2018-10-01
"2018-10",NA,3,"putumayo","civilian_targeting",2018-10-01
"2018-10",NA,0,"quindio","civilian_targeting",2018-10-01
"2018-10",NA,0,"risaralda","civilian_targeting",2018-10-01
"2018-10",NA,0,"santander","civilian_targeting",2018-10-01
"2018-10",NA,2,"sucre","civilian_targeting",2018-10-01
"2018-10",NA,0,"tolima","civilian_targeting",2018-10-01
"2018-10",NA,2,"valle del cauca","civilian_targeting",2018-10-01
"2018-10","buenaventura",0,"valle del cauca","civilian_targeting",2018-10-01
"2018-10",NA,0,"vaupes","civilian_targeting",2018-10-01
"2018-10","arauca",11,"arauca","civilian_targeting",2018-10-01
"2018-10",NA,0,"guainia","civilian_targeting",2018-10-01
"2018-10",NA,0,"vichada","civilian_targeting",2018-10-01
"2018-10",NA,0,"guaviare","civilian_targeting",2018-10-01
"2018-10",NA,0,"san andres y providencia","civilian_targeting",2018-10-01
"2018-10",NA,0,"bogota, d.c.","civilian_targeting",2018-10-01
"2018-11",NA,0,"amazonas","civilian_targeting",2018-11-01
"2018-11",NA,8,"antioquia","civilian_targeting",2018-11-01
"2018-11",NA,2,"atlantico","civilian_targeting",2018-11-01
"2018-11",NA,2,"bolivar","civilian_targeting",2018-11-01
"2018-11",NA,0,"boyaca","civilian_targeting",2018-11-01
"2018-11",NA,1,"caldas","civilian_targeting",2018-11-01
"2018-11",NA,0,"caqueta","civilian_targeting",2018-11-01
"2018-11",NA,1,"casanare","civilian_targeting",2018-11-01
"2018-11",NA,15,"cauca","civilian_targeting",2018-11-01
"2018-11",NA,3,"cesar","civilian_targeting",2018-11-01
"2018-11",NA,2,"choco","civilian_targeting",2018-11-01
"2018-11",NA,4,"cordoba","civilian_targeting",2018-11-01
"2018-11",NA,2,"cundinamarca","civilian_targeting",2018-11-01
"2018-11",NA,0,"huila","civilian_targeting",2018-11-01
"2018-11",NA,2,"la guajira","civilian_targeting",2018-11-01
"2018-11",NA,2,"magdalena","civilian_targeting",2018-11-01
"2018-11",NA,3,"meta","civilian_targeting",2018-11-01
"2018-11",NA,5,"narino","civilian_targeting",2018-11-01
"2018-11","tumaco",14,"narino","civilian_targeting",2018-11-01
"2018-11",NA,14,"norte de santander","civilian_targeting",2018-11-01
"2018-11",NA,1,"putumayo","civilian_targeting",2018-11-01
"2018-11",NA,0,"quindio","civilian_targeting",2018-11-01
"2018-11",NA,0,"risaralda","civilian_targeting",2018-11-01
"2018-11",NA,2,"santander","civilian_targeting",2018-11-01
"2018-11",NA,1,"sucre","civilian_targeting",2018-11-01
"2018-11",NA,0,"tolima","civilian_targeting",2018-11-01
"2018-11",NA,0,"valle del cauca","civilian_targeting",2018-11-01
"2018-11","buenaventura",0,"valle del cauca","civilian_targeting",2018-11-01
"2018-11",NA,0,"vaupes","civilian_targeting",2018-11-01
"2018-11","arauca",7,"arauca","civilian_targeting",2018-11-01
"2018-11",NA,0,"guainia","civilian_targeting",2018-11-01
"2018-11",NA,0,"vichada","civilian_targeting",2018-11-01
"2018-11",NA,0,"guaviare","civilian_targeting",2018-11-01
"2018-11",NA,0,"san andres y providencia","civilian_targeting",2018-11-01
"2018-11",NA,2,"bogota, d.c.","civilian_targeting",2018-11-01
"2018-12",NA,0,"amazonas","civilian_targeting",2018-12-01
"2018-12",NA,12,"antioquia","civilian_targeting",2018-12-01
"2018-12",NA,0,"atlantico","civilian_targeting",2018-12-01
"2018-12",NA,2,"bolivar","civilian_targeting",2018-12-01
"2018-12",NA,0,"boyaca","civilian_targeting",2018-12-01
"2018-12",NA,3,"caldas","civilian_targeting",2018-12-01
"2018-12",NA,1,"caqueta","civilian_targeting",2018-12-01
"2018-12",NA,0,"casanare","civilian_targeting",2018-12-01
"2018-12",NA,15,"cauca","civilian_targeting",2018-12-01
"2018-12",NA,2,"cesar","civilian_targeting",2018-12-01
"2018-12",NA,2,"choco","civilian_targeting",2018-12-01
"2018-12",NA,6,"cordoba","civilian_targeting",2018-12-01
"2018-12",NA,0,"cundinamarca","civilian_targeting",2018-12-01
"2018-12",NA,0,"huila","civilian_targeting",2018-12-01
"2018-12",NA,2,"la guajira","civilian_targeting",2018-12-01
"2018-12",NA,2,"magdalena","civilian_targeting",2018-12-01
"2018-12",NA,5,"meta","civilian_targeting",2018-12-01
"2018-12",NA,5,"narino","civilian_targeting",2018-12-01
"2018-12","tumaco",8,"narino","civilian_targeting",2018-12-01
"2018-12",NA,27,"norte de santander","civilian_targeting",2018-12-01
"2018-12",NA,1,"putumayo","civilian_targeting",2018-12-01
"2018-12",NA,0,"quindio","civilian_targeting",2018-12-01
"2018-12",NA,0,"risaralda","civilian_targeting",2018-12-01
"2018-12",NA,3,"santander","civilian_targeting",2018-12-01
"2018-12",NA,1,"sucre","civilian_targeting",2018-12-01
"2018-12",NA,0,"tolima","civilian_targeting",2018-12-01
"2018-12",NA,4,"valle del cauca","civilian_targeting",2018-12-01
"2018-12","buenaventura",1,"valle del cauca","civilian_targeting",2018-12-01
"2018-12",NA,0,"vaupes","civilian_targeting",2018-12-01
"2018-12","arauca",8,"arauca","civilian_targeting",2018-12-01
"2018-12",NA,0,"guainia","civilian_targeting",2018-12-01
"2018-12",NA,0,"vichada","civilian_targeting",2018-12-01
"2018-12",NA,1,"guaviare","civilian_targeting",2018-12-01
"2018-12",NA,0,"san andres y providencia","civilian_targeting",2018-12-01
"2018-12",NA,3,"bogota, d.c.","civilian_targeting",2018-12-01
"2019-01",NA,0,"amazonas","civilian_targeting",2019-01-01
"2019-01",NA,8,"antioquia","civilian_targeting",2019-01-01
"2019-01",NA,0,"atlantico","civilian_targeting",2019-01-01
"2019-01",NA,7,"bolivar","civilian_targeting",2019-01-01
"2019-01",NA,0,"boyaca","civilian_targeting",2019-01-01
"2019-01",NA,1,"caldas","civilian_targeting",2019-01-01
"2019-01",NA,1,"caqueta","civilian_targeting",2019-01-01
"2019-01",NA,0,"casanare","civilian_targeting",2019-01-01
"2019-01",NA,12,"cauca","civilian_targeting",2019-01-01
"2019-01",NA,2,"cesar","civilian_targeting",2019-01-01
"2019-01",NA,2,"choco","civilian_targeting",2019-01-01
"2019-01",NA,7,"cordoba","civilian_targeting",2019-01-01
"2019-01",NA,0,"cundinamarca","civilian_targeting",2019-01-01
"2019-01",NA,0,"huila","civilian_targeting",2019-01-01
"2019-01",NA,0,"la guajira","civilian_targeting",2019-01-01
"2019-01",NA,3,"magdalena","civilian_targeting",2019-01-01
"2019-01",NA,1,"meta","civilian_targeting",2019-01-01
"2019-01",NA,4,"narino","civilian_targeting",2019-01-01
"2019-01","tumaco",10,"narino","civilian_targeting",2019-01-01
"2019-01",NA,28,"norte de santander","civilian_targeting",2019-01-01
"2019-01",NA,0,"putumayo","civilian_targeting",2019-01-01
"2019-01",NA,1,"quindio","civilian_targeting",2019-01-01
"2019-01",NA,0,"risaralda","civilian_targeting",2019-01-01
"2019-01",NA,0,"santander","civilian_targeting",2019-01-01
"2019-01",NA,0,"sucre","civilian_targeting",2019-01-01
"2019-01",NA,1,"tolima","civilian_targeting",2019-01-01
"2019-01",NA,5,"valle del cauca","civilian_targeting",2019-01-01
"2019-01","buenaventura",0,"valle del cauca","civilian_targeting",2019-01-01
"2019-01",NA,0,"vaupes","civilian_targeting",2019-01-01
"2019-01","arauca",8,"arauca","civilian_targeting",2019-01-01
"2019-01",NA,0,"guainia","civilian_targeting",2019-01-01
"2019-01",NA,0,"vichada","civilian_targeting",2019-01-01
"2019-01",NA,0,"guaviare","civilian_targeting",2019-01-01
"2019-01",NA,0,"san andres y providencia","civilian_targeting",2019-01-01
"2019-01",NA,0,"bogota, d.c.","civilian_targeting",2019-01-01
"2019-02",NA,0,"amazonas","civilian_targeting",2019-02-01
"2019-02",NA,9,"antioquia","civilian_targeting",2019-02-01
"2019-02",NA,2,"atlantico","civilian_targeting",2019-02-01
"2019-02",NA,1,"bolivar","civilian_targeting",2019-02-01
"2019-02",NA,0,"boyaca","civilian_targeting",2019-02-01
"2019-02",NA,0,"caldas","civilian_targeting",2019-02-01
"2019-02",NA,0,"caqueta","civilian_targeting",2019-02-01
"2019-02",NA,0,"casanare","civilian_targeting",2019-02-01
"2019-02",NA,14,"cauca","civilian_targeting",2019-02-01
"2019-02",NA,5,"cesar","civilian_targeting",2019-02-01
"2019-02",NA,10,"choco","civilian_targeting",2019-02-01
"2019-02",NA,6,"cordoba","civilian_targeting",2019-02-01
"2019-02",NA,0,"cundinamarca","civilian_targeting",2019-02-01
"2019-02",NA,0,"huila","civilian_targeting",2019-02-01
"2019-02",NA,1,"la guajira","civilian_targeting",2019-02-01
"2019-02",NA,1,"magdalena","civilian_targeting",2019-02-01
"2019-02",NA,0,"meta","civilian_targeting",2019-02-01
"2019-02",NA,2,"narino","civilian_targeting",2019-02-01
"2019-02","tumaco",3,"narino","civilian_targeting",2019-02-01
"2019-02",NA,28,"norte de santander","civilian_targeting",2019-02-01
"2019-02",NA,6,"putumayo","civilian_targeting",2019-02-01
"2019-02",NA,0,"quindio","civilian_targeting",2019-02-01
"2019-02",NA,0,"risaralda","civilian_targeting",2019-02-01
"2019-02",NA,1,"santander","civilian_targeting",2019-02-01
"2019-02",NA,0,"sucre","civilian_targeting",2019-02-01
"2019-02",NA,1,"tolima","civilian_targeting",2019-02-01
"2019-02",NA,2,"valle del cauca","civilian_targeting",2019-02-01
"2019-02","buenaventura",0,"valle del cauca","civilian_targeting",2019-02-01
"2019-02",NA,0,"vaupes","civilian_targeting",2019-02-01
"2019-02","arauca",14,"arauca","civilian_targeting",2019-02-01
"2019-02",NA,0,"guainia","civilian_targeting",2019-02-01
"2019-02",NA,0,"vichada","civilian_targeting",2019-02-01
"2019-02",NA,0,"guaviare","civilian_targeting",2019-02-01
"2019-02",NA,0,"san andres y providencia","civilian_targeting",2019-02-01
"2019-02",NA,0,"bogota, d.c.","civilian_targeting",2019-02-01
"2019-03",NA,0,"amazonas","civilian_targeting",2019-03-01
"2019-03",NA,6,"antioquia","civilian_targeting",2019-03-01
"2019-03",NA,0,"atlantico","civilian_targeting",2019-03-01
"2019-03",NA,2,"bolivar","civilian_targeting",2019-03-01
"2019-03",NA,0,"boyaca","civilian_targeting",2019-03-01
"2019-03",NA,1,"caldas","civilian_targeting",2019-03-01
"2019-03",NA,1,"caqueta","civilian_targeting",2019-03-01
"2019-03",NA,1,"casanare","civilian_targeting",2019-03-01
"2019-03",NA,26,"cauca","civilian_targeting",2019-03-01
"2019-03",NA,1,"cesar","civilian_targeting",2019-03-01
"2019-03",NA,4,"choco","civilian_targeting",2019-03-01
"2019-03",NA,11,"cordoba","civilian_targeting",2019-03-01
"2019-03",NA,1,"cundinamarca","civilian_targeting",2019-03-01
"2019-03",NA,0,"huila","civilian_targeting",2019-03-01
"2019-03",NA,1,"la guajira","civilian_targeting",2019-03-01
"2019-03",NA,0,"magdalena","civilian_targeting",2019-03-01
"2019-03",NA,2,"meta","civilian_targeting",2019-03-01
"2019-03",NA,4,"narino","civilian_targeting",2019-03-01
"2019-03","tumaco",12,"narino","civilian_targeting",2019-03-01
"2019-03",NA,13,"norte de santander","civilian_targeting",2019-03-01
"2019-03",NA,3,"putumayo","civilian_targeting",2019-03-01
"2019-03",NA,0,"quindio","civilian_targeting",2019-03-01
"2019-03",NA,0,"risaralda","civilian_targeting",2019-03-01
"2019-03",NA,2,"santander","civilian_targeting",2019-03-01
"2019-03",NA,0,"sucre","civilian_targeting",2019-03-01
"2019-03",NA,1,"tolima","civilian_targeting",2019-03-01
"2019-03",NA,2,"valle del cauca","civilian_targeting",2019-03-01
"2019-03","buenaventura",0,"valle del cauca","civilian_targeting",2019-03-01
"2019-03",NA,0,"vaupes","civilian_targeting",2019-03-01
"2019-03","arauca",16,"arauca","civilian_targeting",2019-03-01
"2019-03",NA,0,"guainia","civilian_targeting",2019-03-01
"2019-03",NA,0,"vichada","civilian_targeting",2019-03-01
"2019-03",NA,0,"guaviare","civilian_targeting",2019-03-01
"2019-03",NA,0,"san andres y providencia","civilian_targeting",2019-03-01
"2019-03",NA,0,"bogota, d.c.","civilian_targeting",2019-03-01
"2019-04",NA,0,"amazonas","civilian_targeting",2019-04-01
"2019-04",NA,9,"antioquia","civilian_targeting",2019-04-01
"2019-04",NA,0,"atlantico","civilian_targeting",2019-04-01
"2019-04",NA,1,"bolivar","civilian_targeting",2019-04-01
"2019-04",NA,0,"boyaca","civilian_targeting",2019-04-01
"2019-04",NA,0,"caldas","civilian_targeting",2019-04-01
"2019-04",NA,1,"caqueta","civilian_targeting",2019-04-01
"2019-04",NA,0,"casanare","civilian_targeting",2019-04-01
"2019-04",NA,13,"cauca","civilian_targeting",2019-04-01
"2019-04",NA,0,"cesar","civilian_targeting",2019-04-01
"2019-04",NA,1,"choco","civilian_targeting",2019-04-01
"2019-04",NA,6,"cordoba","civilian_targeting",2019-04-01
"2019-04",NA,0,"cundinamarca","civilian_targeting",2019-04-01
"2019-04",NA,0,"huila","civilian_targeting",2019-04-01
"2019-04",NA,2,"la guajira","civilian_targeting",2019-04-01
"2019-04",NA,1,"magdalena","civilian_targeting",2019-04-01
"2019-04",NA,4,"meta","civilian_targeting",2019-04-01
"2019-04",NA,7,"narino","civilian_targeting",2019-04-01
"2019-04","tumaco",1,"narino","civilian_targeting",2019-04-01
"2019-04",NA,24,"norte de santander","civilian_targeting",2019-04-01
"2019-04",NA,5,"putumayo","civilian_targeting",2019-04-01
"2019-04",NA,1,"quindio","civilian_targeting",2019-04-01
"2019-04",NA,0,"risaralda","civilian_targeting",2019-04-01
"2019-04",NA,1,"santander","civilian_targeting",2019-04-01
"2019-04",NA,2,"sucre","civilian_targeting",2019-04-01
"2019-04",NA,0,"tolima","civilian_targeting",2019-04-01
"2019-04",NA,4,"valle del cauca","civilian_targeting",2019-04-01
"2019-04","buenaventura",0,"valle del cauca","civilian_targeting",2019-04-01
"2019-04",NA,0,"vaupes","civilian_targeting",2019-04-01
"2019-04","arauca",7,"arauca","civilian_targeting",2019-04-01
"2019-04",NA,0,"guainia","civilian_targeting",2019-04-01
"2019-04",NA,0,"vichada","civilian_targeting",2019-04-01
"2019-04",NA,0,"guaviare","civilian_targeting",2019-04-01
"2019-04",NA,0,"san andres y providencia","civilian_targeting",2019-04-01
"2019-04",NA,3,"bogota, d.c.","civilian_targeting",2019-04-01
"2019-05",NA,0,"amazonas","civilian_targeting",2019-05-01
"2019-05",NA,12,"antioquia","civilian_targeting",2019-05-01
"2019-05",NA,2,"atlantico","civilian_targeting",2019-05-01
"2019-05",NA,5,"bolivar","civilian_targeting",2019-05-01
"2019-05",NA,0,"boyaca","civilian_targeting",2019-05-01
"2019-05",NA,0,"caldas","civilian_targeting",2019-05-01
"2019-05",NA,1,"caqueta","civilian_targeting",2019-05-01
"2019-05",NA,1,"casanare","civilian_targeting",2019-05-01
"2019-05",NA,18,"cauca","civilian_targeting",2019-05-01
"2019-05",NA,1,"cesar","civilian_targeting",2019-05-01
"2019-05",NA,6,"choco","civilian_targeting",2019-05-01
"2019-05",NA,7,"cordoba","civilian_targeting",2019-05-01
"2019-05",NA,0,"cundinamarca","civilian_targeting",2019-05-01
"2019-05",NA,1,"huila","civilian_targeting",2019-05-01
"2019-05",NA,0,"la guajira","civilian_targeting",2019-05-01
"2019-05",NA,3,"magdalena","civilian_targeting",2019-05-01
"2019-05",NA,2,"meta","civilian_targeting",2019-05-01
"2019-05",NA,3,"narino","civilian_targeting",2019-05-01
"2019-05","tumaco",2,"narino","civilian_targeting",2019-05-01
"2019-05",NA,18,"norte de santander","civilian_targeting",2019-05-01
"2019-05",NA,1,"putumayo","civilian_targeting",2019-05-01
"2019-05",NA,0,"quindio","civilian_targeting",2019-05-01
"2019-05",NA,0,"risaralda","civilian_targeting",2019-05-01
"2019-05",NA,2,"santander","civilian_targeting",2019-05-01
"2019-05",NA,0,"sucre","civilian_targeting",2019-05-01
"2019-05",NA,0,"tolima","civilian_targeting",2019-05-01
"2019-05",NA,7,"valle del cauca","civilian_targeting",2019-05-01
"2019-05","buenaventura",0,"valle del cauca","civilian_targeting",2019-05-01
"2019-05",NA,0,"vaupes","civilian_targeting",2019-05-01
"2019-05","arauca",17,"arauca","civilian_targeting",2019-05-01
"2019-05",NA,0,"guainia","civilian_targeting",2019-05-01
"2019-05",NA,0,"vichada","civilian_targeting",2019-05-01
"2019-05",NA,0,"guaviare","civilian_targeting",2019-05-01
"2019-05",NA,0,"san andres y providencia","civilian_targeting",2019-05-01
"2019-05",NA,4,"bogota, d.c.","civilian_targeting",2019-05-01
"2019-06",NA,0,"amazonas","civilian_targeting",2019-06-01
"2019-06",NA,7,"antioquia","civilian_targeting",2019-06-01
"2019-06",NA,1,"atlantico","civilian_targeting",2019-06-01
"2019-06",NA,1,"bolivar","civilian_targeting",2019-06-01
"2019-06",NA,1,"boyaca","civilian_targeting",2019-06-01
"2019-06",NA,0,"caldas","civilian_targeting",2019-06-01
"2019-06",NA,0,"caqueta","civilian_targeting",2019-06-01
"2019-06",NA,0,"casanare","civilian_targeting",2019-06-01
"2019-06",NA,21,"cauca","civilian_targeting",2019-06-01
"2019-06",NA,0,"cesar","civilian_targeting",2019-06-01
"2019-06",NA,2,"choco","civilian_targeting",2019-06-01
"2019-06",NA,4,"cordoba","civilian_targeting",2019-06-01
"2019-06",NA,1,"cundinamarca","civilian_targeting",2019-06-01
"2019-06",NA,4,"huila","civilian_targeting",2019-06-01
"2019-06",NA,2,"la guajira","civilian_targeting",2019-06-01
"2019-06",NA,0,"magdalena","civilian_targeting",2019-06-01
"2019-06",NA,1,"meta","civilian_targeting",2019-06-01
"2019-06",NA,4,"narino","civilian_targeting",2019-06-01
"2019-06","tumaco",6,"narino","civilian_targeting",2019-06-01
"2019-06",NA,21,"norte de santander","civilian_targeting",2019-06-01
"2019-06",NA,2,"putumayo","civilian_targeting",2019-06-01
"2019-06",NA,0,"quindio","civilian_targeting",2019-06-01
"2019-06",NA,0,"risaralda","civilian_targeting",2019-06-01
"2019-06",NA,0,"santander","civilian_targeting",2019-06-01
"2019-06",NA,2,"sucre","civilian_targeting",2019-06-01
"2019-06",NA,0,"tolima","civilian_targeting",2019-06-01
"2019-06",NA,7,"valle del cauca","civilian_targeting",2019-06-01
"2019-06","buenaventura",2,"valle del cauca","civilian_targeting",2019-06-01
"2019-06",NA,0,"vaupes","civilian_targeting",2019-06-01
"2019-06","arauca",10,"arauca","civilian_targeting",2019-06-01
"2019-06",NA,0,"guainia","civilian_targeting",2019-06-01
"2019-06",NA,1,"vichada","civilian_targeting",2019-06-01
"2019-06",NA,0,"guaviare","civilian_targeting",2019-06-01
"2019-06",NA,0,"san andres y providencia","civilian_targeting",2019-06-01
"2019-06",NA,2,"bogota, d.c.","civilian_targeting",2019-06-01
"2019-07",NA,0,"amazonas","civilian_targeting",2019-07-01
"2019-07",NA,5,"antioquia","civilian_targeting",2019-07-01
"2019-07",NA,0,"atlantico","civilian_targeting",2019-07-01
"2019-07",NA,4,"bolivar","civilian_targeting",2019-07-01
"2019-07",NA,0,"boyaca","civilian_targeting",2019-07-01
"2019-07",NA,0,"caldas","civilian_targeting",2019-07-01
"2019-07",NA,2,"caqueta","civilian_targeting",2019-07-01
"2019-07",NA,1,"casanare","civilian_targeting",2019-07-01
"2019-07",NA,8,"cauca","civilian_targeting",2019-07-01
"2019-07",NA,4,"cesar","civilian_targeting",2019-07-01
"2019-07",NA,7,"choco","civilian_targeting",2019-07-01
"2019-07",NA,2,"cordoba","civilian_targeting",2019-07-01
"2019-07",NA,0,"cundinamarca","civilian_targeting",2019-07-01
"2019-07",NA,1,"huila","civilian_targeting",2019-07-01
"2019-07",NA,3,"la guajira","civilian_targeting",2019-07-01
"2019-07",NA,1,"magdalena","civilian_targeting",2019-07-01
"2019-07",NA,1,"meta","civilian_targeting",2019-07-01
"2019-07",NA,0,"narino","civilian_targeting",2019-07-01
"2019-07","tumaco",1,"narino","civilian_targeting",2019-07-01
"2019-07",NA,15,"norte de santander","civilian_targeting",2019-07-01
"2019-07",NA,3,"putumayo","civilian_targeting",2019-07-01
"2019-07",NA,0,"quindio","civilian_targeting",2019-07-01
"2019-07",NA,1,"risaralda","civilian_targeting",2019-07-01
"2019-07",NA,3,"santander","civilian_targeting",2019-07-01
"2019-07",NA,0,"sucre","civilian_targeting",2019-07-01
"2019-07",NA,0,"tolima","civilian_targeting",2019-07-01
"2019-07",NA,3,"valle del cauca","civilian_targeting",2019-07-01
"2019-07","buenaventura",1,"valle del cauca","civilian_targeting",2019-07-01
"2019-07",NA,0,"vaupes","civilian_targeting",2019-07-01
"2019-07","arauca",10,"arauca","civilian_targeting",2019-07-01
"2019-07",NA,0,"guainia","civilian_targeting",2019-07-01
"2019-07",NA,2,"vichada","civilian_targeting",2019-07-01
"2019-07",NA,2,"guaviare","civilian_targeting",2019-07-01
"2019-07",NA,0,"san andres y providencia","civilian_targeting",2019-07-01
"2019-07",NA,2,"bogota, d.c.","civilian_targeting",2019-07-01
"2019-08",NA,0,"amazonas","civilian_targeting",2019-08-01
"2019-08",NA,18,"antioquia","civilian_targeting",2019-08-01
"2019-08",NA,2,"atlantico","civilian_targeting",2019-08-01
"2019-08",NA,2,"bolivar","civilian_targeting",2019-08-01
"2019-08",NA,0,"boyaca","civilian_targeting",2019-08-01
"2019-08",NA,1,"caldas","civilian_targeting",2019-08-01
"2019-08",NA,0,"caqueta","civilian_targeting",2019-08-01
"2019-08",NA,1,"casanare","civilian_targeting",2019-08-01
"2019-08",NA,8,"cauca","civilian_targeting",2019-08-01
"2019-08",NA,0,"cesar","civilian_targeting",2019-08-01
"2019-08",NA,5,"choco","civilian_targeting",2019-08-01
"2019-08",NA,4,"cordoba","civilian_targeting",2019-08-01
"2019-08",NA,0,"cundinamarca","civilian_targeting",2019-08-01
"2019-08",NA,1,"huila","civilian_targeting",2019-08-01
"2019-08",NA,0,"la guajira","civilian_targeting",2019-08-01
"2019-08",NA,1,"magdalena","civilian_targeting",2019-08-01
"2019-08",NA,1,"meta","civilian_targeting",2019-08-01
"2019-08",NA,2,"narino","civilian_targeting",2019-08-01
"2019-08","tumaco",1,"narino","civilian_targeting",2019-08-01
"2019-08",NA,20,"norte de santander","civilian_targeting",2019-08-01
"2019-08",NA,2,"putumayo","civilian_targeting",2019-08-01
"2019-08",NA,1,"quindio","civilian_targeting",2019-08-01
"2019-08",NA,0,"risaralda","civilian_targeting",2019-08-01
"2019-08",NA,3,"santander","civilian_targeting",2019-08-01
"2019-08",NA,0,"sucre","civilian_targeting",2019-08-01
"2019-08",NA,0,"tolima","civilian_targeting",2019-08-01
"2019-08",NA,6,"valle del cauca","civilian_targeting",2019-08-01
"2019-08","buenaventura",0,"valle del cauca","civilian_targeting",2019-08-01
"2019-08",NA,0,"vaupes","civilian_targeting",2019-08-01
"2019-08","arauca",7,"arauca","civilian_targeting",2019-08-01
"2019-08",NA,0,"guainia","civilian_targeting",2019-08-01
"2019-08",NA,0,"vichada","civilian_targeting",2019-08-01
"2019-08",NA,0,"guaviare","civilian_targeting",2019-08-01
"2019-08",NA,0,"san andres y providencia","civilian_targeting",2019-08-01
"2019-08",NA,0,"bogota, d.c.","civilian_targeting",2019-08-01
"2019-09",NA,0,"amazonas","civilian_targeting",2019-09-01
"2019-09",NA,7,"antioquia","civilian_targeting",2019-09-01
"2019-09",NA,2,"atlantico","civilian_targeting",2019-09-01
"2019-09",NA,1,"bolivar","civilian_targeting",2019-09-01
"2019-09",NA,0,"boyaca","civilian_targeting",2019-09-01
"2019-09",NA,0,"caldas","civilian_targeting",2019-09-01
"2019-09",NA,2,"caqueta","civilian_targeting",2019-09-01
"2019-09",NA,1,"casanare","civilian_targeting",2019-09-01
"2019-09",NA,18,"cauca","civilian_targeting",2019-09-01
"2019-09",NA,2,"cesar","civilian_targeting",2019-09-01
"2019-09",NA,4,"choco","civilian_targeting",2019-09-01
"2019-09",NA,2,"cordoba","civilian_targeting",2019-09-01
"2019-09",NA,2,"cundinamarca","civilian_targeting",2019-09-01
"2019-09",NA,0,"huila","civilian_targeting",2019-09-01
"2019-09",NA,2,"la guajira","civilian_targeting",2019-09-01
"2019-09",NA,0,"magdalena","civilian_targeting",2019-09-01
"2019-09",NA,0,"meta","civilian_targeting",2019-09-01
"2019-09",NA,1,"narino","civilian_targeting",2019-09-01
"2019-09","tumaco",1,"narino","civilian_targeting",2019-09-01
"2019-09",NA,10,"norte de santander","civilian_targeting",2019-09-01
"2019-09",NA,3,"putumayo","civilian_targeting",2019-09-01
"2019-09",NA,0,"quindio","civilian_targeting",2019-09-01
"2019-09",NA,0,"risaralda","civilian_targeting",2019-09-01
"2019-09",NA,0,"santander","civilian_targeting",2019-09-01
"2019-09",NA,0,"sucre","civilian_targeting",2019-09-01
"2019-09",NA,0,"tolima","civilian_targeting",2019-09-01
"2019-09",NA,3,"valle del cauca","civilian_targeting",2019-09-01
"2019-09","buenaventura",0,"valle del cauca","civilian_targeting",2019-09-01
"2019-09",NA,0,"vaupes","civilian_targeting",2019-09-01
"2019-09","arauca",5,"arauca","civilian_targeting",2019-09-01
"2019-09",NA,0,"guainia","civilian_targeting",2019-09-01
"2019-09",NA,0,"vichada","civilian_targeting",2019-09-01
"2019-09",NA,0,"guaviare","civilian_targeting",2019-09-01
"2019-09",NA,0,"san andres y providencia","civilian_targeting",2019-09-01
"2019-09",NA,0,"bogota, d.c.","civilian_targeting",2019-09-01
"2019-10",NA,0,"amazonas","civilian_targeting",2019-10-01
"2019-10",NA,7,"antioquia","civilian_targeting",2019-10-01
"2019-10",NA,2,"atlantico","civilian_targeting",2019-10-01
"2019-10",NA,2,"bolivar","civilian_targeting",2019-10-01
"2019-10",NA,0,"boyaca","civilian_targeting",2019-10-01
"2019-10",NA,0,"caldas","civilian_targeting",2019-10-01
"2019-10",NA,3,"caqueta","civilian_targeting",2019-10-01
"2019-10",NA,0,"casanare","civilian_targeting",2019-10-01
"2019-10",NA,19,"cauca","civilian_targeting",2019-10-01
"2019-10",NA,2,"cesar","civilian_targeting",2019-10-01
"2019-10",NA,3,"choco","civilian_targeting",2019-10-01
"2019-10",NA,2,"cordoba","civilian_targeting",2019-10-01
"2019-10",NA,0,"cundinamarca","civilian_targeting",2019-10-01
"2019-10",NA,1,"huila","civilian_targeting",2019-10-01
"2019-10",NA,4,"la guajira","civilian_targeting",2019-10-01
"2019-10",NA,1,"magdalena","civilian_targeting",2019-10-01
"2019-10",NA,1,"meta","civilian_targeting",2019-10-01
"2019-10",NA,2,"narino","civilian_targeting",2019-10-01
"2019-10","tumaco",3,"narino","civilian_targeting",2019-10-01
"2019-10",NA,16,"norte de santander","civilian_targeting",2019-10-01
"2019-10",NA,3,"putumayo","civilian_targeting",2019-10-01
"2019-10",NA,1,"quindio","civilian_targeting",2019-10-01
"2019-10",NA,2,"risaralda","civilian_targeting",2019-10-01
"2019-10",NA,2,"santander","civilian_targeting",2019-10-01
"2019-10",NA,0,"sucre","civilian_targeting",2019-10-01
"2019-10",NA,0,"tolima","civilian_targeting",2019-10-01
"2019-10",NA,5,"valle del cauca","civilian_targeting",2019-10-01
"2019-10","buenaventura",0,"valle del cauca","civilian_targeting",2019-10-01
"2019-10",NA,0,"vaupes","civilian_targeting",2019-10-01
"2019-10","arauca",2,"arauca","civilian_targeting",2019-10-01
"2019-10",NA,0,"guainia","civilian_targeting",2019-10-01
"2019-10",NA,0,"vichada","civilian_targeting",2019-10-01
"2019-10",NA,0,"guaviare","civilian_targeting",2019-10-01
"2019-10",NA,0,"san andres y providencia","civilian_targeting",2019-10-01
"2019-10",NA,2,"bogota, d.c.","civilian_targeting",2019-10-01
"2019-11",NA,0,"amazonas","civilian_targeting",2019-11-01
"2019-11",NA,7,"antioquia","civilian_targeting",2019-11-01
"2019-11",NA,1,"atlantico","civilian_targeting",2019-11-01
"2019-11",NA,0,"bolivar","civilian_targeting",2019-11-01
"2019-11",NA,1,"boyaca","civilian_targeting",2019-11-01
"2019-11",NA,0,"caldas","civilian_targeting",2019-11-01
"2019-11",NA,0,"caqueta","civilian_targeting",2019-11-01
"2019-11",NA,0,"casanare","civilian_targeting",2019-11-01
"2019-11",NA,17,"cauca","civilian_targeting",2019-11-01
"2019-11",NA,0,"cesar","civilian_targeting",2019-11-01
"2019-11",NA,3,"choco","civilian_targeting",2019-11-01
"2019-11",NA,5,"cordoba","civilian_targeting",2019-11-01
"2019-11",NA,0,"cundinamarca","civilian_targeting",2019-11-01
"2019-11",NA,0,"huila","civilian_targeting",2019-11-01
"2019-11",NA,1,"la guajira","civilian_targeting",2019-11-01
"2019-11",NA,0,"magdalena","civilian_targeting",2019-11-01
"2019-11",NA,1,"meta","civilian_targeting",2019-11-01
"2019-11",NA,0,"narino","civilian_targeting",2019-11-01
"2019-11","tumaco",0,"narino","civilian_targeting",2019-11-01
"2019-11",NA,7,"norte de santander","civilian_targeting",2019-11-01
"2019-11",NA,1,"putumayo","civilian_targeting",2019-11-01
"2019-11",NA,0,"quindio","civilian_targeting",2019-11-01
"2019-11",NA,1,"risaralda","civilian_targeting",2019-11-01
"2019-11",NA,1,"santander","civilian_targeting",2019-11-01
"2019-11",NA,0,"sucre","civilian_targeting",2019-11-01
"2019-11",NA,1,"tolima","civilian_targeting",2019-11-01
"2019-11",NA,3,"valle del cauca","civilian_targeting",2019-11-01
"2019-11","buenaventura",1,"valle del cauca","civilian_targeting",2019-11-01
"2019-11",NA,0,"vaupes","civilian_targeting",2019-11-01
"2019-11","arauca",2,"arauca","civilian_targeting",2019-11-01
"2019-11",NA,0,"guainia","civilian_targeting",2019-11-01
"2019-11",NA,0,"vichada","civilian_targeting",2019-11-01
"2019-11",NA,0,"guaviare","civilian_targeting",2019-11-01
"2019-11",NA,0,"san andres y providencia","civilian_targeting",2019-11-01
"2019-11",NA,2,"bogota, d.c.","civilian_targeting",2019-11-01
"2019-12",NA,0,"amazonas","civilian_targeting",2019-12-01
"2019-12",NA,17,"antioquia","civilian_targeting",2019-12-01
"2019-12",NA,0,"atlantico","civilian_targeting",2019-12-01
"2019-12",NA,2,"bolivar","civilian_targeting",2019-12-01
"2019-12",NA,0,"boyaca","civilian_targeting",2019-12-01
"2019-12",NA,0,"caldas","civilian_targeting",2019-12-01
"2019-12",NA,1,"caqueta","civilian_targeting",2019-12-01
"2019-12",NA,0,"casanare","civilian_targeting",2019-12-01
"2019-12",NA,7,"cauca","civilian_targeting",2019-12-01
"2019-12",NA,1,"cesar","civilian_targeting",2019-12-01
"2019-12",NA,2,"choco","civilian_targeting",2019-12-01
"2019-12",NA,2,"cordoba","civilian_targeting",2019-12-01
"2019-12",NA,1,"cundinamarca","civilian_targeting",2019-12-01
"2019-12",NA,2,"huila","civilian_targeting",2019-12-01
"2019-12",NA,0,"la guajira","civilian_targeting",2019-12-01
"2019-12",NA,0,"magdalena","civilian_targeting",2019-12-01
"2019-12",NA,0,"meta","civilian_targeting",2019-12-01
"2019-12",NA,1,"narino","civilian_targeting",2019-12-01
"2019-12","tumaco",1,"narino","civilian_targeting",2019-12-01
"2019-12",NA,7,"norte de santander","civilian_targeting",2019-12-01
"2019-12",NA,0,"putumayo","civilian_targeting",2019-12-01
"2019-12",NA,0,"quindio","civilian_targeting",2019-12-01
"2019-12",NA,0,"risaralda","civilian_targeting",2019-12-01
"2019-12",NA,0,"santander","civilian_targeting",2019-12-01
"2019-12",NA,0,"sucre","civilian_targeting",2019-12-01
"2019-12",NA,0,"tolima","civilian_targeting",2019-12-01
"2019-12",NA,4,"valle del cauca","civilian_targeting",2019-12-01
"2019-12","buenaventura",0,"valle del cauca","civilian_targeting",2019-12-01
"2019-12",NA,0,"vaupes","civilian_targeting",2019-12-01
"2019-12","arauca",3,"arauca","civilian_targeting",2019-12-01
"2019-12",NA,0,"guainia","civilian_targeting",2019-12-01
"2019-12",NA,0,"vichada","civilian_targeting",2019-12-01
"2019-12",NA,0,"guaviare","civilian_targeting",2019-12-01
"2019-12",NA,0,"san andres y providencia","civilian_targeting",2019-12-01
"2019-12",NA,0,"bogota, d.c.","civilian_targeting",2019-12-01
"2020-01",NA,0,"amazonas","civilian_targeting",2020-01-01
"2020-01",NA,37,"antioquia","civilian_targeting",2020-01-01
"2020-01",NA,1,"atlantico","civilian_targeting",2020-01-01
"2020-01",NA,1,"bolivar","civilian_targeting",2020-01-01
"2020-01",NA,0,"boyaca","civilian_targeting",2020-01-01
"2020-01",NA,0,"caldas","civilian_targeting",2020-01-01
"2020-01",NA,0,"caqueta","civilian_targeting",2020-01-01
"2020-01",NA,0,"casanare","civilian_targeting",2020-01-01
"2020-01",NA,20,"cauca","civilian_targeting",2020-01-01
"2020-01",NA,3,"cesar","civilian_targeting",2020-01-01
"2020-01",NA,6,"choco","civilian_targeting",2020-01-01
"2020-01",NA,3,"cordoba","civilian_targeting",2020-01-01
"2020-01",NA,1,"cundinamarca","civilian_targeting",2020-01-01
"2020-01",NA,3,"huila","civilian_targeting",2020-01-01
"2020-01",NA,1,"la guajira","civilian_targeting",2020-01-01
"2020-01",NA,1,"magdalena","civilian_targeting",2020-01-01
"2020-01",NA,0,"meta","civilian_targeting",2020-01-01
"2020-01",NA,2,"narino","civilian_targeting",2020-01-01
"2020-01","tumaco",4,"narino","civilian_targeting",2020-01-01
"2020-01",NA,10,"norte de santander","civilian_targeting",2020-01-01
"2020-01",NA,9,"putumayo","civilian_targeting",2020-01-01
"2020-01",NA,0,"quindio","civilian_targeting",2020-01-01
"2020-01",NA,0,"risaralda","civilian_targeting",2020-01-01
"2020-01",NA,0,"santander","civilian_targeting",2020-01-01
"2020-01",NA,1,"sucre","civilian_targeting",2020-01-01
"2020-01",NA,0,"tolima","civilian_targeting",2020-01-01
"2020-01",NA,2,"valle del cauca","civilian_targeting",2020-01-01
"2020-01","buenaventura",0,"valle del cauca","civilian_targeting",2020-01-01
"2020-01",NA,0,"vaupes","civilian_targeting",2020-01-01
"2020-01","arauca",4,"arauca","civilian_targeting",2020-01-01
"2020-01",NA,0,"guainia","civilian_targeting",2020-01-01
"2020-01",NA,0,"vichada","civilian_targeting",2020-01-01
"2020-01",NA,0,"guaviare","civilian_targeting",2020-01-01
"2020-01",NA,0,"san andres y providencia","civilian_targeting",2020-01-01
"2020-01",NA,0,"bogota, d.c.","civilian_targeting",2020-01-01
"2020-02",NA,0,"amazonas","civilian_targeting",2020-02-01
"2020-02",NA,11,"antioquia","civilian_targeting",2020-02-01
"2020-02",NA,0,"atlantico","civilian_targeting",2020-02-01
"2020-02",NA,1,"bolivar","civilian_targeting",2020-02-01
"2020-02",NA,2,"boyaca","civilian_targeting",2020-02-01
"2020-02",NA,1,"caldas","civilian_targeting",2020-02-01
"2020-02",NA,2,"caqueta","civilian_targeting",2020-02-01
"2020-02",NA,0,"casanare","civilian_targeting",2020-02-01
"2020-02",NA,15,"cauca","civilian_targeting",2020-02-01
"2020-02",NA,4,"cesar","civilian_targeting",2020-02-01
"2020-02",NA,4,"choco","civilian_targeting",2020-02-01
"2020-02",NA,2,"cordoba","civilian_targeting",2020-02-01
"2020-02",NA,1,"cundinamarca","civilian_targeting",2020-02-01
"2020-02",NA,1,"huila","civilian_targeting",2020-02-01
"2020-02",NA,0,"la guajira","civilian_targeting",2020-02-01
"2020-02",NA,1,"magdalena","civilian_targeting",2020-02-01
"2020-02",NA,5,"meta","civilian_targeting",2020-02-01
"2020-02",NA,3,"narino","civilian_targeting",2020-02-01
"2020-02","tumaco",3,"narino","civilian_targeting",2020-02-01
"2020-02",NA,10,"norte de santander","civilian_targeting",2020-02-01
"2020-02",NA,12,"putumayo","civilian_targeting",2020-02-01
"2020-02",NA,0,"quindio","civilian_targeting",2020-02-01
"2020-02",NA,0,"risaralda","civilian_targeting",2020-02-01
"2020-02",NA,2,"santander","civilian_targeting",2020-02-01
"2020-02",NA,0,"sucre","civilian_targeting",2020-02-01
"2020-02",NA,2,"tolima","civilian_targeting",2020-02-01
"2020-02",NA,0,"valle del cauca","civilian_targeting",2020-02-01
"2020-02","buenaventura",2,"valle del cauca","civilian_targeting",2020-02-01
"2020-02",NA,0,"vaupes","civilian_targeting",2020-02-01
"2020-02","arauca",1,"arauca","civilian_targeting",2020-02-01
"2020-02",NA,0,"guainia","civilian_targeting",2020-02-01
"2020-02",NA,0,"vichada","civilian_targeting",2020-02-01
"2020-02",NA,0,"guaviare","civilian_targeting",2020-02-01
"2020-02",NA,0,"san andres y providencia","civilian_targeting",2020-02-01
"2020-02",NA,0,"bogota, d.c.","civilian_targeting",2020-02-01
"2020-03",NA,0,"amazonas","civilian_targeting",2020-03-01
"2020-03",NA,11,"antioquia","civilian_targeting",2020-03-01
"2020-03",NA,0,"atlantico","civilian_targeting",2020-03-01
"2020-03",NA,1,"bolivar","civilian_targeting",2020-03-01
"2020-03",NA,0,"boyaca","civilian_targeting",2020-03-01
"2020-03",NA,0,"caldas","civilian_targeting",2020-03-01
"2020-03",NA,2,"caqueta","civilian_targeting",2020-03-01
"2020-03",NA,2,"casanare","civilian_targeting",2020-03-01
"2020-03",NA,18,"cauca","civilian_targeting",2020-03-01
"2020-03",NA,0,"cesar","civilian_targeting",2020-03-01
"2020-03",NA,5,"choco","civilian_targeting",2020-03-01
"2020-03",NA,1,"cordoba","civilian_targeting",2020-03-01
"2020-03",NA,0,"cundinamarca","civilian_targeting",2020-03-01
"2020-03",NA,4,"huila","civilian_targeting",2020-03-01
"2020-03",NA,1,"la guajira","civilian_targeting",2020-03-01
"2020-03",NA,1,"magdalena","civilian_targeting",2020-03-01
"2020-03",NA,5,"meta","civilian_targeting",2020-03-01
"2020-03",NA,3,"narino","civilian_targeting",2020-03-01
"2020-03","tumaco",1,"narino","civilian_targeting",2020-03-01
"2020-03",NA,16,"norte de santander","civilian_targeting",2020-03-01
"2020-03",NA,11,"putumayo","civilian_targeting",2020-03-01
"2020-03",NA,0,"quindio","civilian_targeting",2020-03-01
"2020-03",NA,0,"risaralda","civilian_targeting",2020-03-01
"2020-03",NA,0,"santander","civilian_targeting",2020-03-01
"2020-03",NA,2,"sucre","civilian_targeting",2020-03-01
"2020-03",NA,0,"tolima","civilian_targeting",2020-03-01
"2020-03",NA,6,"valle del cauca","civilian_targeting",2020-03-01
"2020-03","buenaventura",1,"valle del cauca","civilian_targeting",2020-03-01
"2020-03",NA,0,"vaupes","civilian_targeting",2020-03-01
"2020-03","arauca",5,"arauca","civilian_targeting",2020-03-01
"2020-03",NA,0,"guainia","civilian_targeting",2020-03-01
"2020-03",NA,0,"vichada","civilian_targeting",2020-03-01
"2020-03",NA,0,"guaviare","civilian_targeting",2020-03-01
"2020-03",NA,0,"san andres y providencia","civilian_targeting",2020-03-01
"2020-03",NA,2,"bogota, d.c.","civilian_targeting",2020-03-01
"2020-04",NA,0,"amazonas","civilian_targeting",2020-04-01
"2020-04",NA,9,"antioquia","civilian_targeting",2020-04-01
"2020-04",NA,0,"atlantico","civilian_targeting",2020-04-01
"2020-04",NA,0,"bolivar","civilian_targeting",2020-04-01
"2020-04",NA,0,"boyaca","civilian_targeting",2020-04-01
"2020-04",NA,0,"caldas","civilian_targeting",2020-04-01
"2020-04",NA,0,"caqueta","civilian_targeting",2020-04-01
"2020-04",NA,1,"casanare","civilian_targeting",2020-04-01
"2020-04",NA,19,"cauca","civilian_targeting",2020-04-01
"2020-04",NA,0,"cesar","civilian_targeting",2020-04-01
"2020-04",NA,5,"choco","civilian_targeting",2020-04-01
"2020-04",NA,0,"cordoba","civilian_targeting",2020-04-01
"2020-04",NA,0,"cundinamarca","civilian_targeting",2020-04-01
"2020-04",NA,0,"huila","civilian_targeting",2020-04-01
"2020-04",NA,0,"la guajira","civilian_targeting",2020-04-01
"2020-04",NA,5,"magdalena","civilian_targeting",2020-04-01
"2020-04",NA,1,"meta","civilian_targeting",2020-04-01
"2020-04",NA,1,"narino","civilian_targeting",2020-04-01
"2020-04","tumaco",8,"narino","civilian_targeting",2020-04-01
"2020-04",NA,12,"norte de santander","civilian_targeting",2020-04-01
"2020-04",NA,6,"putumayo","civilian_targeting",2020-04-01
"2020-04",NA,0,"quindio","civilian_targeting",2020-04-01
"2020-04",NA,0,"risaralda","civilian_targeting",2020-04-01
"2020-04",NA,1,"santander","civilian_targeting",2020-04-01
"2020-04",NA,0,"sucre","civilian_targeting",2020-04-01
"2020-04",NA,1,"tolima","civilian_targeting",2020-04-01
"2020-04",NA,1,"valle del cauca","civilian_targeting",2020-04-01
"2020-04","buenaventura",0,"valle del cauca","civilian_targeting",2020-04-01
"2020-04",NA,0,"vaupes","civilian_targeting",2020-04-01
"2020-04","arauca",4,"arauca","civilian_targeting",2020-04-01
"2020-04",NA,0,"guainia","civilian_targeting",2020-04-01
"2020-04",NA,0,"vichada","civilian_targeting",2020-04-01
"2020-04",NA,0,"guaviare","civilian_targeting",2020-04-01
"2020-04",NA,0,"san andres y providencia","civilian_targeting",2020-04-01
"2020-04",NA,1,"bogota, d.c.","civilian_targeting",2020-04-01
"2020-05",NA,0,"amazonas","civilian_targeting",2020-05-01
"2020-05",NA,7,"antioquia","civilian_targeting",2020-05-01
"2020-05",NA,1,"atlantico","civilian_targeting",2020-05-01
"2020-05",NA,2,"bolivar","civilian_targeting",2020-05-01
"2020-05",NA,0,"boyaca","civilian_targeting",2020-05-01
"2020-05",NA,0,"caldas","civilian_targeting",2020-05-01
"2020-05",NA,0,"caqueta","civilian_targeting",2020-05-01
"2020-05",NA,0,"casanare","civilian_targeting",2020-05-01
"2020-05",NA,13,"cauca","civilian_targeting",2020-05-01
"2020-05",NA,1,"cesar","civilian_targeting",2020-05-01
"2020-05",NA,7,"choco","civilian_targeting",2020-05-01
"2020-05",NA,1,"cordoba","civilian_targeting",2020-05-01
"2020-05",NA,0,"cundinamarca","civilian_targeting",2020-05-01
"2020-05",NA,4,"huila","civilian_targeting",2020-05-01
"2020-05",NA,0,"la guajira","civilian_targeting",2020-05-01
"2020-05",NA,1,"magdalena","civilian_targeting",2020-05-01
"2020-05",NA,3,"meta","civilian_targeting",2020-05-01
"2020-05",NA,2,"narino","civilian_targeting",2020-05-01
"2020-05","tumaco",4,"narino","civilian_targeting",2020-05-01
"2020-05",NA,8,"norte de santander","civilian_targeting",2020-05-01
"2020-05",NA,2,"putumayo","civilian_targeting",2020-05-01
"2020-05",NA,0,"quindio","civilian_targeting",2020-05-01
"2020-05",NA,0,"risaralda","civilian_targeting",2020-05-01
"2020-05",NA,0,"santander","civilian_targeting",2020-05-01
"2020-05",NA,0,"sucre","civilian_targeting",2020-05-01
"2020-05",NA,0,"tolima","civilian_targeting",2020-05-01
"2020-05",NA,4,"valle del cauca","civilian_targeting",2020-05-01
"2020-05","buenaventura",0,"valle del cauca","civilian_targeting",2020-05-01
"2020-05",NA,0,"vaupes","civilian_targeting",2020-05-01
"2020-05","arauca",4,"arauca","civilian_targeting",2020-05-01
"2020-05",NA,0,"guainia","civilian_targeting",2020-05-01
"2020-05",NA,1,"vichada","civilian_targeting",2020-05-01
"2020-05",NA,0,"guaviare","civilian_targeting",2020-05-01
"2020-05",NA,0,"san andres y providencia","civilian_targeting",2020-05-01
"2020-05",NA,3,"bogota, d.c.","civilian_targeting",2020-05-01
"2020-06",NA,0,"amazonas","civilian_targeting",2020-06-01
"2020-06",NA,7,"antioquia","civilian_targeting",2020-06-01
"2020-06",NA,2,"atlantico","civilian_targeting",2020-06-01
"2020-06",NA,4,"bolivar","civilian_targeting",2020-06-01
"2020-06",NA,0,"boyaca","civilian_targeting",2020-06-01
"2020-06",NA,0,"caldas","civilian_targeting",2020-06-01
"2020-06",NA,1,"caqueta","civilian_targeting",2020-06-01
"2020-06",NA,0,"casanare","civilian_targeting",2020-06-01
"2020-06",NA,11,"cauca","civilian_targeting",2020-06-01
"2020-06",NA,0,"cesar","civilian_targeting",2020-06-01
"2020-06",NA,4,"choco","civilian_targeting",2020-06-01
"2020-06",NA,2,"cordoba","civilian_targeting",2020-06-01
"2020-06",NA,0,"cundinamarca","civilian_targeting",2020-06-01
"2020-06",NA,2,"huila","civilian_targeting",2020-06-01
"2020-06",NA,3,"la guajira","civilian_targeting",2020-06-01
"2020-06",NA,3,"magdalena","civilian_targeting",2020-06-01
"2020-06",NA,3,"meta","civilian_targeting",2020-06-01
"2020-06",NA,5,"narino","civilian_targeting",2020-06-01
"2020-06","tumaco",0,"narino","civilian_targeting",2020-06-01
"2020-06",NA,7,"norte de santander","civilian_targeting",2020-06-01
"2020-06",NA,11,"putumayo","civilian_targeting",2020-06-01
"2020-06",NA,0,"quindio","civilian_targeting",2020-06-01
"2020-06",NA,1,"risaralda","civilian_targeting",2020-06-01
"2020-06",NA,0,"santander","civilian_targeting",2020-06-01
"2020-06",NA,0,"sucre","civilian_targeting",2020-06-01
"2020-06",NA,0,"tolima","civilian_targeting",2020-06-01
"2020-06",NA,3,"valle del cauca","civilian_targeting",2020-06-01
"2020-06","buenaventura",0,"valle del cauca","civilian_targeting",2020-06-01
"2020-06",NA,0,"vaupes","civilian_targeting",2020-06-01
"2020-06","arauca",2,"arauca","civilian_targeting",2020-06-01
"2020-06",NA,0,"guainia","civilian_targeting",2020-06-01
"2020-06",NA,0,"vichada","civilian_targeting",2020-06-01
"2020-06",NA,1,"guaviare","civilian_targeting",2020-06-01
"2020-06",NA,0,"san andres y providencia","civilian_targeting",2020-06-01
"2020-06",NA,0,"bogota, d.c.","civilian_targeting",2020-06-01
"2020-07",NA,0,"amazonas","civilian_targeting",2020-07-01
"2020-07",NA,4,"antioquia","civilian_targeting",2020-07-01
"2020-07",NA,0,"atlantico","civilian_targeting",2020-07-01
"2020-07",NA,0,"bolivar","civilian_targeting",2020-07-01
"2020-07",NA,0,"boyaca","civilian_targeting",2020-07-01
"2020-07",NA,1,"caldas","civilian_targeting",2020-07-01
"2020-07",NA,2,"caqueta","civilian_targeting",2020-07-01
"2020-07",NA,1,"casanare","civilian_targeting",2020-07-01
"2020-07",NA,12,"cauca","civilian_targeting",2020-07-01
"2020-07",NA,2,"cesar","civilian_targeting",2020-07-01
"2020-07",NA,3,"choco","civilian_targeting",2020-07-01
"2020-07",NA,4,"cordoba","civilian_targeting",2020-07-01
"2020-07",NA,0,"cundinamarca","civilian_targeting",2020-07-01
"2020-07",NA,5,"huila","civilian_targeting",2020-07-01
"2020-07",NA,0,"la guajira","civilian_targeting",2020-07-01
"2020-07",NA,2,"magdalena","civilian_targeting",2020-07-01
"2020-07",NA,6,"meta","civilian_targeting",2020-07-01
"2020-07",NA,1,"narino","civilian_targeting",2020-07-01
"2020-07","tumaco",6,"narino","civilian_targeting",2020-07-01
"2020-07",NA,9,"norte de santander","civilian_targeting",2020-07-01
"2020-07",NA,9,"putumayo","civilian_targeting",2020-07-01
"2020-07",NA,1,"quindio","civilian_targeting",2020-07-01
"2020-07",NA,0,"risaralda","civilian_targeting",2020-07-01
"2020-07",NA,1,"santander","civilian_targeting",2020-07-01
"2020-07",NA,0,"sucre","civilian_targeting",2020-07-01
"2020-07",NA,0,"tolima","civilian_targeting",2020-07-01
"2020-07",NA,5,"valle del cauca","civilian_targeting",2020-07-01
"2020-07","buenaventura",0,"valle del cauca","civilian_targeting",2020-07-01
"2020-07",NA,0,"vaupes","civilian_targeting",2020-07-01
"2020-07","arauca",4,"arauca","civilian_targeting",2020-07-01
"2020-07",NA,0,"guainia","civilian_targeting",2020-07-01
"2020-07",NA,0,"vichada","civilian_targeting",2020-07-01
"2020-07",NA,2,"guaviare","civilian_targeting",2020-07-01
"2020-07",NA,0,"san andres y providencia","civilian_targeting",2020-07-01
"2020-07",NA,1,"bogota, d.c.","civilian_targeting",2020-07-01
"2020-08",NA,0,"amazonas","civilian_targeting",2020-08-01
"2020-08",NA,12,"antioquia","civilian_targeting",2020-08-01
"2020-08",NA,0,"atlantico","civilian_targeting",2020-08-01
"2020-08",NA,4,"bolivar","civilian_targeting",2020-08-01
"2020-08",NA,0,"boyaca","civilian_targeting",2020-08-01
"2020-08",NA,0,"caldas","civilian_targeting",2020-08-01
"2020-08",NA,1,"caqueta","civilian_targeting",2020-08-01
"2020-08",NA,1,"casanare","civilian_targeting",2020-08-01
"2020-08",NA,15,"cauca","civilian_targeting",2020-08-01
"2020-08",NA,1,"cesar","civilian_targeting",2020-08-01
"2020-08",NA,5,"choco","civilian_targeting",2020-08-01
"2020-08",NA,4,"cordoba","civilian_targeting",2020-08-01
"2020-08",NA,0,"cundinamarca","civilian_targeting",2020-08-01
"2020-08",NA,1,"huila","civilian_targeting",2020-08-01
"2020-08",NA,0,"la guajira","civilian_targeting",2020-08-01
"2020-08",NA,3,"magdalena","civilian_targeting",2020-08-01
"2020-08",NA,4,"meta","civilian_targeting",2020-08-01
"2020-08",NA,5,"narino","civilian_targeting",2020-08-01
"2020-08","tumaco",6,"narino","civilian_targeting",2020-08-01
"2020-08",NA,8,"norte de santander","civilian_targeting",2020-08-01
"2020-08",NA,1,"putumayo","civilian_targeting",2020-08-01
"2020-08",NA,0,"quindio","civilian_targeting",2020-08-01
"2020-08",NA,0,"risaralda","civilian_targeting",2020-08-01
"2020-08",NA,0,"santander","civilian_targeting",2020-08-01
"2020-08",NA,1,"sucre","civilian_targeting",2020-08-01
"2020-08",NA,2,"tolima","civilian_targeting",2020-08-01
"2020-08",NA,8,"valle del cauca","civilian_targeting",2020-08-01
"2020-08","buenaventura",0,"valle del cauca","civilian_targeting",2020-08-01
"2020-08",NA,0,"vaupes","civilian_targeting",2020-08-01
"2020-08","arauca",7,"arauca","civilian_targeting",2020-08-01
"2020-08",NA,0,"guainia","civilian_targeting",2020-08-01
"2020-08",NA,1,"vichada","civilian_targeting",2020-08-01
"2020-08",NA,0,"guaviare","civilian_targeting",2020-08-01
"2020-08",NA,0,"san andres y providencia","civilian_targeting",2020-08-01
"2020-08",NA,0,"bogota, d.c.","civilian_targeting",2020-08-01
"2020-09",NA,0,"amazonas","civilian_targeting",2020-09-01
"2020-09",NA,24,"antioquia","civilian_targeting",2020-09-01
"2020-09",NA,1,"atlantico","civilian_targeting",2020-09-01
"2020-09",NA,3,"bolivar","civilian_targeting",2020-09-01
"2020-09",NA,0,"boyaca","civilian_targeting",2020-09-01
"2020-09",NA,0,"caldas","civilian_targeting",2020-09-01
"2020-09",NA,1,"caqueta","civilian_targeting",2020-09-01
"2020-09",NA,1,"casanare","civilian_targeting",2020-09-01
"2020-09",NA,14,"cauca","civilian_targeting",2020-09-01
"2020-09",NA,1,"cesar","civilian_targeting",2020-09-01
"2020-09",NA,7,"choco","civilian_targeting",2020-09-01
"2020-09",NA,11,"cordoba","civilian_targeting",2020-09-01
"2020-09",NA,1,"cundinamarca","civilian_targeting",2020-09-01
"2020-09",NA,1,"huila","civilian_targeting",2020-09-01
"2020-09",NA,3,"la guajira","civilian_targeting",2020-09-01
"2020-09",NA,0,"magdalena","civilian_targeting",2020-09-01
"2020-09",NA,11,"meta","civilian_targeting",2020-09-01
"2020-09",NA,6,"narino","civilian_targeting",2020-09-01
"2020-09","tumaco",8,"narino","civilian_targeting",2020-09-01
"2020-09",NA,6,"norte de santander","civilian_targeting",2020-09-01
"2020-09",NA,6,"putumayo","civilian_targeting",2020-09-01
"2020-09",NA,0,"quindio","civilian_targeting",2020-09-01
"2020-09",NA,2,"risaralda","civilian_targeting",2020-09-01
"2020-09",NA,0,"santander","civilian_targeting",2020-09-01
"2020-09",NA,0,"sucre","civilian_targeting",2020-09-01
"2020-09",NA,0,"tolima","civilian_targeting",2020-09-01
"2020-09",NA,4,"valle del cauca","civilian_targeting",2020-09-01
"2020-09","buenaventura",2,"valle del cauca","civilian_targeting",2020-09-01
"2020-09",NA,0,"vaupes","civilian_targeting",2020-09-01
"2020-09","arauca",7,"arauca","civilian_targeting",2020-09-01
"2020-09",NA,0,"guainia","civilian_targeting",2020-09-01
"2020-09",NA,0,"vichada","civilian_targeting",2020-09-01
"2020-09",NA,1,"guaviare","civilian_targeting",2020-09-01
"2020-09",NA,0,"san andres y providencia","civilian_targeting",2020-09-01
"2020-09",NA,2,"bogota, d.c.","civilian_targeting",2020-09-01
"2020-10",NA,0,"amazonas","civilian_targeting",2020-10-01
"2020-10",NA,13,"antioquia","civilian_targeting",2020-10-01
"2020-10",NA,1,"atlantico","civilian_targeting",2020-10-01
"2020-10",NA,1,"bolivar","civilian_targeting",2020-10-01
"2020-10",NA,0,"boyaca","civilian_targeting",2020-10-01
"2020-10",NA,0,"caldas","civilian_targeting",2020-10-01
"2020-10",NA,2,"caqueta","civilian_targeting",2020-10-01
"2020-10",NA,0,"casanare","civilian_targeting",2020-10-01
"2020-10",NA,19,"cauca","civilian_targeting",2020-10-01
"2020-10",NA,0,"cesar","civilian_targeting",2020-10-01
"2020-10",NA,5,"choco","civilian_targeting",2020-10-01
"2020-10",NA,1,"cordoba","civilian_targeting",2020-10-01
"2020-10",NA,0,"cundinamarca","civilian_targeting",2020-10-01
"2020-10",NA,1,"huila","civilian_targeting",2020-10-01
"2020-10",NA,1,"la guajira","civilian_targeting",2020-10-01
"2020-10",NA,0,"magdalena","civilian_targeting",2020-10-01
"2020-10",NA,8,"meta","civilian_targeting",2020-10-01
"2020-10",NA,1,"narino","civilian_targeting",2020-10-01
"2020-10","tumaco",5,"narino","civilian_targeting",2020-10-01
"2020-10",NA,11,"norte de santander","civilian_targeting",2020-10-01
"2020-10",NA,2,"putumayo","civilian_targeting",2020-10-01
"2020-10",NA,0,"quindio","civilian_targeting",2020-10-01
"2020-10",NA,0,"risaralda","civilian_targeting",2020-10-01
"2020-10",NA,0,"santander","civilian_targeting",2020-10-01
"2020-10",NA,2,"sucre","civilian_targeting",2020-10-01
"2020-10",NA,1,"tolima","civilian_targeting",2020-10-01
"2020-10",NA,2,"valle del cauca","civilian_targeting",2020-10-01
"2020-10","buenaventura",0,"valle del cauca","civilian_targeting",2020-10-01
"2020-10",NA,0,"vaupes","civilian_targeting",2020-10-01
"2020-10","arauca",2,"arauca","civilian_targeting",2020-10-01
"2020-10",NA,0,"guainia","civilian_targeting",2020-10-01
"2020-10",NA,0,"vichada","civilian_targeting",2020-10-01
"2020-10",NA,3,"guaviare","civilian_targeting",2020-10-01
"2020-10",NA,0,"san andres y providencia","civilian_targeting",2020-10-01
"2020-10",NA,0,"bogota, d.c.","civilian_targeting",2020-10-01
"2020-11",NA,0,"amazonas","civilian_targeting",2020-11-01
"2020-11",NA,32,"antioquia","civilian_targeting",2020-11-01
"2020-11",NA,0,"atlantico","civilian_targeting",2020-11-01
"2020-11",NA,0,"bolivar","civilian_targeting",2020-11-01
"2020-11",NA,0,"boyaca","civilian_targeting",2020-11-01
"2020-11",NA,0,"caldas","civilian_targeting",2020-11-01
"2020-11",NA,4,"caqueta","civilian_targeting",2020-11-01
"2020-11",NA,0,"casanare","civilian_targeting",2020-11-01
"2020-11",NA,24,"cauca","civilian_targeting",2020-11-01
"2020-11",NA,0,"cesar","civilian_targeting",2020-11-01
"2020-11",NA,8,"choco","civilian_targeting",2020-11-01
"2020-11",NA,3,"cordoba","civilian_targeting",2020-11-01
"2020-11",NA,0,"cundinamarca","civilian_targeting",2020-11-01
"2020-11",NA,1,"huila","civilian_targeting",2020-11-01
"2020-11",NA,3,"la guajira","civilian_targeting",2020-11-01
"2020-11",NA,1,"magdalena","civilian_targeting",2020-11-01
"2020-11",NA,12,"meta","civilian_targeting",2020-11-01
"2020-11",NA,4,"narino","civilian_targeting",2020-11-01
"2020-11","tumaco",23,"narino","civilian_targeting",2020-11-01
"2020-11",NA,9,"norte de santander","civilian_targeting",2020-11-01
"2020-11",NA,5,"putumayo","civilian_targeting",2020-11-01
"2020-11",NA,0,"quindio","civilian_targeting",2020-11-01
"2020-11",NA,0,"risaralda","civilian_targeting",2020-11-01
"2020-11",NA,0,"santander","civilian_targeting",2020-11-01
"2020-11",NA,1,"sucre","civilian_targeting",2020-11-01
"2020-11",NA,1,"tolima","civilian_targeting",2020-11-01
"2020-11",NA,11,"valle del cauca","civilian_targeting",2020-11-01
"2020-11","buenaventura",1,"valle del cauca","civilian_targeting",2020-11-01
"2020-11",NA,0,"vaupes","civilian_targeting",2020-11-01
"2020-11","arauca",9,"arauca","civilian_targeting",2020-11-01
"2020-11",NA,0,"guainia","civilian_targeting",2020-11-01
"2020-11",NA,0,"vichada","civilian_targeting",2020-11-01
"2020-11",NA,0,"guaviare","civilian_targeting",2020-11-01
"2020-11",NA,0,"san andres y providencia","civilian_targeting",2020-11-01
"2020-11",NA,0,"bogota, d.c.","civilian_targeting",2020-11-01
"2020-12",NA,0,"amazonas","civilian_targeting",2020-12-01
"2020-12",NA,25,"antioquia","civilian_targeting",2020-12-01
"2020-12",NA,3,"atlantico","civilian_targeting",2020-12-01
"2020-12",NA,3,"bolivar","civilian_targeting",2020-12-01
"2020-12",NA,0,"boyaca","civilian_targeting",2020-12-01
"2020-12",NA,2,"caldas","civilian_targeting",2020-12-01
"2020-12",NA,0,"caqueta","civilian_targeting",2020-12-01
"2020-12",NA,1,"casanare","civilian_targeting",2020-12-01
"2020-12",NA,42,"cauca","civilian_targeting",2020-12-01
"2020-12",NA,0,"cesar","civilian_targeting",2020-12-01
"2020-12",NA,3,"choco","civilian_targeting",2020-12-01
"2020-12",NA,4,"cordoba","civilian_targeting",2020-12-01
"2020-12",NA,0,"cundinamarca","civilian_targeting",2020-12-01
"2020-12",NA,1,"huila","civilian_targeting",2020-12-01
"2020-12",NA,3,"la guajira","civilian_targeting",2020-12-01
"2020-12",NA,2,"magdalena","civilian_targeting",2020-12-01
"2020-12",NA,15,"meta","civilian_targeting",2020-12-01
"2020-12",NA,5,"narino","civilian_targeting",2020-12-01
"2020-12","tumaco",4,"narino","civilian_targeting",2020-12-01
"2020-12",NA,10,"norte de santander","civilian_targeting",2020-12-01
"2020-12",NA,1,"putumayo","civilian_targeting",2020-12-01
"2020-12",NA,0,"quindio","civilian_targeting",2020-12-01
"2020-12",NA,0,"risaralda","civilian_targeting",2020-12-01
"2020-12",NA,1,"santander","civilian_targeting",2020-12-01
"2020-12",NA,0,"sucre","civilian_targeting",2020-12-01
"2020-12",NA,0,"tolima","civilian_targeting",2020-12-01
"2020-12",NA,14,"valle del cauca","civilian_targeting",2020-12-01
"2020-12","buenaventura",2,"valle del cauca","civilian_targeting",2020-12-01
"2020-12",NA,0,"vaupes","civilian_targeting",2020-12-01
"2020-12","arauca",6,"arauca","civilian_targeting",2020-12-01
"2020-12",NA,0,"guainia","civilian_targeting",2020-12-01
"2020-12",NA,0,"vichada","civilian_targeting",2020-12-01
"2020-12",NA,2,"guaviare","civilian_targeting",2020-12-01
"2020-12",NA,0,"san andres y providencia","civilian_targeting",2020-12-01
"2020-12",NA,1,"bogota, d.c.","civilian_targeting",2020-12-01
"2021-01",NA,0,"amazonas","civilian_targeting",2021-01-01
"2021-01",NA,24,"antioquia","civilian_targeting",2021-01-01
"2021-01",NA,2,"atlantico","civilian_targeting",2021-01-01
"2021-01",NA,5,"bolivar","civilian_targeting",2021-01-01
"2021-01",NA,0,"boyaca","civilian_targeting",2021-01-01
"2021-01",NA,0,"caldas","civilian_targeting",2021-01-01
"2021-01",NA,6,"caqueta","civilian_targeting",2021-01-01
"2021-01",NA,1,"casanare","civilian_targeting",2021-01-01
"2021-01",NA,32,"cauca","civilian_targeting",2021-01-01
"2021-01",NA,1,"cesar","civilian_targeting",2021-01-01
"2021-01",NA,3,"choco","civilian_targeting",2021-01-01
"2021-01",NA,2,"cordoba","civilian_targeting",2021-01-01
"2021-01",NA,0,"cundinamarca","civilian_targeting",2021-01-01
"2021-01",NA,1,"huila","civilian_targeting",2021-01-01
"2021-01",NA,2,"la guajira","civilian_targeting",2021-01-01
"2021-01",NA,2,"magdalena","civilian_targeting",2021-01-01
"2021-01",NA,9,"meta","civilian_targeting",2021-01-01
"2021-01",NA,5,"narino","civilian_targeting",2021-01-01
"2021-01","tumaco",6,"narino","civilian_targeting",2021-01-01
"2021-01",NA,6,"norte de santander","civilian_targeting",2021-01-01
"2021-01",NA,0,"putumayo","civilian_targeting",2021-01-01
"2021-01",NA,0,"quindio","civilian_targeting",2021-01-01
"2021-01",NA,3,"risaralda","civilian_targeting",2021-01-01
"2021-01",NA,1,"santander","civilian_targeting",2021-01-01
"2021-01",NA,1,"sucre","civilian_targeting",2021-01-01
"2021-01",NA,2,"tolima","civilian_targeting",2021-01-01
"2021-01",NA,12,"valle del cauca","civilian_targeting",2021-01-01
"2021-01","buenaventura",0,"valle del cauca","civilian_targeting",2021-01-01
"2021-01",NA,0,"vaupes","civilian_targeting",2021-01-01
"2021-01","arauca",6,"arauca","civilian_targeting",2021-01-01
"2021-01",NA,0,"guainia","civilian_targeting",2021-01-01
"2021-01",NA,0,"vichada","civilian_targeting",2021-01-01
"2021-01",NA,1,"guaviare","civilian_targeting",2021-01-01
"2021-01",NA,0,"san andres y providencia","civilian_targeting",2021-01-01
"2021-01",NA,2,"bogota, d.c.","civilian_targeting",2021-01-01
"2021-02",NA,0,"amazonas","civilian_targeting",2021-02-01
"2021-02",NA,16,"antioquia","civilian_targeting",2021-02-01
"2021-02",NA,2,"atlantico","civilian_targeting",2021-02-01
"2021-02",NA,4,"bolivar","civilian_targeting",2021-02-01
"2021-02",NA,0,"boyaca","civilian_targeting",2021-02-01
"2021-02",NA,1,"caldas","civilian_targeting",2021-02-01
"2021-02",NA,0,"caqueta","civilian_targeting",2021-02-01
"2021-02",NA,0,"casanare","civilian_targeting",2021-02-01
"2021-02",NA,17,"cauca","civilian_targeting",2021-02-01
"2021-02",NA,3,"cesar","civilian_targeting",2021-02-01
"2021-02",NA,5,"choco","civilian_targeting",2021-02-01
"2021-02",NA,1,"cordoba","civilian_targeting",2021-02-01
"2021-02",NA,0,"cundinamarca","civilian_targeting",2021-02-01
"2021-02",NA,0,"huila","civilian_targeting",2021-02-01
"2021-02",NA,1,"la guajira","civilian_targeting",2021-02-01
"2021-02",NA,0,"magdalena","civilian_targeting",2021-02-01
"2021-02",NA,3,"meta","civilian_targeting",2021-02-01
"2021-02",NA,0,"narino","civilian_targeting",2021-02-01
"2021-02","tumaco",8,"narino","civilian_targeting",2021-02-01
"2021-02",NA,12,"norte de santander","civilian_targeting",2021-02-01
"2021-02",NA,3,"putumayo","civilian_targeting",2021-02-01
"2021-02",NA,0,"quindio","civilian_targeting",2021-02-01
"2021-02",NA,1,"risaralda","civilian_targeting",2021-02-01
"2021-02",NA,2,"santander","civilian_targeting",2021-02-01
"2021-02",NA,1,"sucre","civilian_targeting",2021-02-01
"2021-02",NA,1,"tolima","civilian_targeting",2021-02-01
"2021-02",NA,1,"valle del cauca","civilian_targeting",2021-02-01
"2021-02","buenaventura",4,"valle del cauca","civilian_targeting",2021-02-01
"2021-02",NA,0,"vaupes","civilian_targeting",2021-02-01
"2021-02","arauca",5,"arauca","civilian_targeting",2021-02-01
"2021-02",NA,0,"guainia","civilian_targeting",2021-02-01
"2021-02",NA,0,"vichada","civilian_targeting",2021-02-01
"2021-02",NA,0,"guaviare","civilian_targeting",2021-02-01
"2021-02",NA,0,"san andres y providencia","civilian_targeting",2021-02-01
"2021-02",NA,0,"bogota, d.c.","civilian_targeting",2021-02-01
"2021-03",NA,0,"amazonas","civilian_targeting",2021-03-01
"2021-03",NA,25,"antioquia","civilian_targeting",2021-03-01
"2021-03",NA,2,"atlantico","civilian_targeting",2021-03-01
"2021-03",NA,1,"bolivar","civilian_targeting",2021-03-01
"2021-03",NA,0,"boyaca","civilian_targeting",2021-03-01
"2021-03",NA,0,"caldas","civilian_targeting",2021-03-01
"2021-03",NA,3,"caqueta","civilian_targeting",2021-03-01
"2021-03",NA,0,"casanare","civilian_targeting",2021-03-01
"2021-03",NA,30,"cauca","civilian_targeting",2021-03-01
"2021-03",NA,1,"cesar","civilian_targeting",2021-03-01
"2021-03",NA,2,"choco","civilian_targeting",2021-03-01
"2021-03",NA,6,"cordoba","civilian_targeting",2021-03-01
"2021-03",NA,1,"cundinamarca","civilian_targeting",2021-03-01
"2021-03",NA,0,"huila","civilian_targeting",2021-03-01
"2021-03",NA,2,"la guajira","civilian_targeting",2021-03-01
"2021-03",NA,0,"magdalena","civilian_targeting",2021-03-01
"2021-03",NA,9,"meta","civilian_targeting",2021-03-01
"2021-03",NA,7,"narino","civilian_targeting",2021-03-01
"2021-03","tumaco",4,"narino","civilian_targeting",2021-03-01
"2021-03",NA,14,"norte de santander","civilian_targeting",2021-03-01
"2021-03",NA,4,"putumayo","civilian_targeting",2021-03-01
"2021-03",NA,0,"quindio","civilian_targeting",2021-03-01
"2021-03",NA,0,"risaralda","civilian_targeting",2021-03-01
"2021-03",NA,1,"santander","civilian_targeting",2021-03-01
"2021-03",NA,1,"sucre","civilian_targeting",2021-03-01
"2021-03",NA,1,"tolima","civilian_targeting",2021-03-01
"2021-03",NA,9,"valle del cauca","civilian_targeting",2021-03-01
"2021-03","buenaventura",0,"valle del cauca","civilian_targeting",2021-03-01
"2021-03",NA,0,"vaupes","civilian_targeting",2021-03-01
"2021-03","arauca",14,"arauca","civilian_targeting",2021-03-01
"2021-03",NA,0,"guainia","civilian_targeting",2021-03-01
"2021-03",NA,0,"vichada","civilian_targeting",2021-03-01
"2021-03",NA,0,"guaviare","civilian_targeting",2021-03-01
"2021-03",NA,0,"san andres y providencia","civilian_targeting",2021-03-01
"2021-03",NA,3,"bogota, d.c.","civilian_targeting",2021-03-01
"2021-04",NA,0,"amazonas","civilian_targeting",2021-04-01
"2021-04",NA,23,"antioquia","civilian_targeting",2021-04-01
"2021-04",NA,4,"atlantico","civilian_targeting",2021-04-01
"2021-04",NA,1,"bolivar","civilian_targeting",2021-04-01
"2021-04",NA,0,"boyaca","civilian_targeting",2021-04-01
"2021-04",NA,2,"caldas","civilian_targeting",2021-04-01
"2021-04",NA,4,"caqueta","civilian_targeting",2021-04-01
"2021-04",NA,0,"casanare","civilian_targeting",2021-04-01
"2021-04",NA,25,"cauca","civilian_targeting",2021-04-01
"2021-04",NA,5,"cesar","civilian_targeting",2021-04-01
"2021-04",NA,11,"choco","civilian_targeting",2021-04-01
"2021-04",NA,2,"cordoba","civilian_targeting",2021-04-01
"2021-04",NA,0,"cundinamarca","civilian_targeting",2021-04-01
"2021-04",NA,2,"huila","civilian_targeting",2021-04-01
"2021-04",NA,1,"la guajira","civilian_targeting",2021-04-01
"2021-04",NA,5,"magdalena","civilian_targeting",2021-04-01
"2021-04",NA,15,"meta","civilian_targeting",2021-04-01
"2021-04",NA,14,"narino","civilian_targeting",2021-04-01
"2021-04","tumaco",14,"narino","civilian_targeting",2021-04-01
"2021-04",NA,18,"norte de santander","civilian_targeting",2021-04-01
"2021-04",NA,4,"putumayo","civilian_targeting",2021-04-01
"2021-04",NA,0,"quindio","civilian_targeting",2021-04-01
"2021-04",NA,1,"risaralda","civilian_targeting",2021-04-01
"2021-04",NA,4,"santander","civilian_targeting",2021-04-01
"2021-04",NA,2,"sucre","civilian_targeting",2021-04-01
"2021-04",NA,4,"tolima","civilian_targeting",2021-04-01
"2021-04",NA,12,"valle del cauca","civilian_targeting",2021-04-01
"2021-04","buenaventura",1,"valle del cauca","civilian_targeting",2021-04-01
"2021-04",NA,0,"vaupes","civilian_targeting",2021-04-01
"2021-04","arauca",5,"arauca","civilian_targeting",2021-04-01
"2021-04",NA,0,"guainia","civilian_targeting",2021-04-01
"2021-04",NA,0,"vichada","civilian_targeting",2021-04-01
"2021-04",NA,0,"guaviare","civilian_targeting",2021-04-01
"2021-04",NA,0,"san andres y providencia","civilian_targeting",2021-04-01
"2021-04",NA,1,"bogota, d.c.","civilian_targeting",2021-04-01
"2021-05",NA,0,"amazonas","civilian_targeting",2021-05-01
"2021-05",NA,44,"antioquia","civilian_targeting",2021-05-01
"2021-05",NA,1,"atlantico","civilian_targeting",2021-05-01
"2021-05",NA,7,"bolivar","civilian_targeting",2021-05-01
"2021-05",NA,1,"boyaca","civilian_targeting",2021-05-01
"2021-05",NA,3,"caldas","civilian_targeting",2021-05-01
"2021-05",NA,1,"caqueta","civilian_targeting",2021-05-01
"2021-05",NA,0,"casanare","civilian_targeting",2021-05-01
"2021-05",NA,15,"cauca","civilian_targeting",2021-05-01
"2021-05",NA,4,"cesar","civilian_targeting",2021-05-01
"2021-05",NA,4,"choco","civilian_targeting",2021-05-01
"2021-05",NA,6,"cordoba","civilian_targeting",2021-05-01
"2021-05",NA,2,"cundinamarca","civilian_targeting",2021-05-01
"2021-05",NA,5,"huila","civilian_targeting",2021-05-01
"2021-05",NA,4,"la guajira","civilian_targeting",2021-05-01
"2021-05",NA,1,"magdalena","civilian_targeting",2021-05-01
"2021-05",NA,6,"meta","civilian_targeting",2021-05-01
"2021-05",NA,5,"narino","civilian_targeting",2021-05-01
"2021-05","tumaco",1,"narino","civilian_targeting",2021-05-01
"2021-05",NA,19,"norte de santander","civilian_targeting",2021-05-01
"2021-05",NA,5,"putumayo","civilian_targeting",2021-05-01
"2021-05",NA,1,"quindio","civilian_targeting",2021-05-01
"2021-05",NA,2,"risaralda","civilian_targeting",2021-05-01
"2021-05",NA,6,"santander","civilian_targeting",2021-05-01
"2021-05",NA,3,"sucre","civilian_targeting",2021-05-01
"2021-05",NA,6,"tolima","civilian_targeting",2021-05-01
"2021-05",NA,23,"valle del cauca","civilian_targeting",2021-05-01
"2021-05","buenaventura",6,"valle del cauca","civilian_targeting",2021-05-01
"2021-05",NA,0,"vaupes","civilian_targeting",2021-05-01
"2021-05","arauca",7,"arauca","civilian_targeting",2021-05-01
"2021-05",NA,0,"guainia","civilian_targeting",2021-05-01
"2021-05",NA,0,"vichada","civilian_targeting",2021-05-01
"2021-05",NA,0,"guaviare","civilian_targeting",2021-05-01
"2021-05",NA,0,"san andres y providencia","civilian_targeting",2021-05-01
"2021-05",NA,2,"bogota, d.c.","civilian_targeting",2021-05-01
"2021-06",NA,0,"amazonas","civilian_targeting",2021-06-01
"2021-06",NA,28,"antioquia","civilian_targeting",2021-06-01
"2021-06",NA,2,"atlantico","civilian_targeting",2021-06-01
"2021-06",NA,5,"bolivar","civilian_targeting",2021-06-01
"2021-06",NA,1,"boyaca","civilian_targeting",2021-06-01
"2021-06",NA,0,"caldas","civilian_targeting",2021-06-01
"2021-06",NA,2,"caqueta","civilian_targeting",2021-06-01
"2021-06",NA,0,"casanare","civilian_targeting",2021-06-01
"2021-06",NA,24,"cauca","civilian_targeting",2021-06-01
"2021-06",NA,5,"cesar","civilian_targeting",2021-06-01
"2021-06",NA,1,"choco","civilian_targeting",2021-06-01
"2021-06",NA,2,"cordoba","civilian_targeting",2021-06-01
"2021-06",NA,0,"cundinamarca","civilian_targeting",2021-06-01
"2021-06",NA,3,"huila","civilian_targeting",2021-06-01
"2021-06",NA,3,"la guajira","civilian_targeting",2021-06-01
"2021-06",NA,4,"magdalena","civilian_targeting",2021-06-01
"2021-06",NA,13,"meta","civilian_targeting",2021-06-01
"2021-06",NA,2,"narino","civilian_targeting",2021-06-01
"2021-06","tumaco",2,"narino","civilian_targeting",2021-06-01
"2021-06",NA,22,"norte de santander","civilian_targeting",2021-06-01
"2021-06",NA,4,"putumayo","civilian_targeting",2021-06-01
"2021-06",NA,0,"quindio","civilian_targeting",2021-06-01
"2021-06",NA,0,"risaralda","civilian_targeting",2021-06-01
"2021-06",NA,2,"santander","civilian_targeting",2021-06-01
"2021-06",NA,2,"sucre","civilian_targeting",2021-06-01
"2021-06",NA,0,"tolima","civilian_targeting",2021-06-01
"2021-06",NA,15,"valle del cauca","civilian_targeting",2021-06-01
"2021-06","buenaventura",2,"valle del cauca","civilian_targeting",2021-06-01
"2021-06",NA,0,"vaupes","civilian_targeting",2021-06-01
"2021-06","arauca",3,"arauca","civilian_targeting",2021-06-01
"2021-06",NA,0,"guainia","civilian_targeting",2021-06-01
"2021-06",NA,0,"vichada","civilian_targeting",2021-06-01
"2021-06",NA,1,"guaviare","civilian_targeting",2021-06-01
"2021-06",NA,0,"san andres y providencia","civilian_targeting",2021-06-01
"2021-06",NA,6,"bogota, d.c.","civilian_targeting",2021-06-01
"2021-07",NA,1,"amazonas","civilian_targeting",2021-07-01
"2021-07",NA,29,"antioquia","civilian_targeting",2021-07-01
"2021-07",NA,3,"atlantico","civilian_targeting",2021-07-01
"2021-07",NA,2,"bolivar","civilian_targeting",2021-07-01
"2021-07",NA,1,"boyaca","civilian_targeting",2021-07-01
"2021-07",NA,0,"caldas","civilian_targeting",2021-07-01
"2021-07",NA,5,"caqueta","civilian_targeting",2021-07-01
"2021-07",NA,0,"casanare","civilian_targeting",2021-07-01
"2021-07",NA,25,"cauca","civilian_targeting",2021-07-01
"2021-07",NA,3,"cesar","civilian_targeting",2021-07-01
"2021-07",NA,2,"choco","civilian_targeting",2021-07-01
"2021-07",NA,2,"cordoba","civilian_targeting",2021-07-01
"2021-07",NA,1,"cundinamarca","civilian_targeting",2021-07-01
"2021-07",NA,1,"huila","civilian_targeting",2021-07-01
"2021-07",NA,1,"la guajira","civilian_targeting",2021-07-01
"2021-07",NA,1,"magdalena","civilian_targeting",2021-07-01
"2021-07",NA,8,"meta","civilian_targeting",2021-07-01
"2021-07",NA,3,"narino","civilian_targeting",2021-07-01
"2021-07","tumaco",4,"narino","civilian_targeting",2021-07-01
"2021-07",NA,12,"norte de santander","civilian_targeting",2021-07-01
"2021-07",NA,5,"putumayo","civilian_targeting",2021-07-01
"2021-07",NA,2,"quindio","civilian_targeting",2021-07-01
"2021-07",NA,1,"risaralda","civilian_targeting",2021-07-01
"2021-07",NA,3,"santander","civilian_targeting",2021-07-01
"2021-07",NA,0,"sucre","civilian_targeting",2021-07-01
"2021-07",NA,5,"tolima","civilian_targeting",2021-07-01
"2021-07",NA,11,"valle del cauca","civilian_targeting",2021-07-01
"2021-07","buenaventura",4,"valle del cauca","civilian_targeting",2021-07-01
"2021-07",NA,0,"vaupes","civilian_targeting",2021-07-01
"2021-07","arauca",7,"arauca","civilian_targeting",2021-07-01
"2021-07",NA,0,"guainia","civilian_targeting",2021-07-01
"2021-07",NA,0,"vichada","civilian_targeting",2021-07-01
"2021-07",NA,1,"guaviare","civilian_targeting",2021-07-01
"2021-07",NA,0,"san andres y providencia","civilian_targeting",2021-07-01
"2021-07",NA,3,"bogota, d.c.","civilian_targeting",2021-07-01
"2021-08",NA,0,"amazonas","civilian_targeting",2021-08-01
"2021-08",NA,28,"antioquia","civilian_targeting",2021-08-01
"2021-08",NA,3,"atlantico","civilian_targeting",2021-08-01
"2021-08",NA,1,"bolivar","civilian_targeting",2021-08-01
"2021-08",NA,2,"boyaca","civilian_targeting",2021-08-01
"2021-08",NA,1,"caldas","civilian_targeting",2021-08-01
"2021-08",NA,3,"caqueta","civilian_targeting",2021-08-01
"2021-08",NA,0,"casanare","civilian_targeting",2021-08-01
"2021-08",NA,23,"cauca","civilian_targeting",2021-08-01
"2021-08",NA,2,"cesar","civilian_targeting",2021-08-01
"2021-08",NA,4,"choco","civilian_targeting",2021-08-01
"2021-08",NA,2,"cordoba","civilian_targeting",2021-08-01
"2021-08",NA,0,"cundinamarca","civilian_targeting",2021-08-01
"2021-08",NA,3,"huila","civilian_targeting",2021-08-01
"2021-08",NA,0,"la guajira","civilian_targeting",2021-08-01
"2021-08",NA,1,"magdalena","civilian_targeting",2021-08-01
"2021-08",NA,8,"meta","civilian_targeting",2021-08-01
"2021-08",NA,5,"narino","civilian_targeting",2021-08-01
"2021-08","tumaco",0,"narino","civilian_targeting",2021-08-01
"2021-08",NA,12,"norte de santander","civilian_targeting",2021-08-01
"2021-08",NA,8,"putumayo","civilian_targeting",2021-08-01
"2021-08",NA,0,"quindio","civilian_targeting",2021-08-01
"2021-08",NA,2,"risaralda","civilian_targeting",2021-08-01
"2021-08",NA,3,"santander","civilian_targeting",2021-08-01
"2021-08",NA,1,"sucre","civilian_targeting",2021-08-01
"2021-08",NA,1,"tolima","civilian_targeting",2021-08-01
"2021-08",NA,7,"valle del cauca","civilian_targeting",2021-08-01
"2021-08","buenaventura",1,"valle del cauca","civilian_targeting",2021-08-01
"2021-08",NA,0,"vaupes","civilian_targeting",2021-08-01
"2021-08","arauca",2,"arauca","civilian_targeting",2021-08-01
"2021-08",NA,1,"guainia","civilian_targeting",2021-08-01
"2021-08",NA,1,"vichada","civilian_targeting",2021-08-01
"2021-08",NA,0,"guaviare","civilian_targeting",2021-08-01
"2021-08",NA,0,"san andres y providencia","civilian_targeting",2021-08-01
"2021-08",NA,2,"bogota, d.c.","civilian_targeting",2021-08-01
"2021-09",NA,0,"amazonas","civilian_targeting",2021-09-01
"2021-09",NA,11,"antioquia","civilian_targeting",2021-09-01
"2021-09",NA,1,"atlantico","civilian_targeting",2021-09-01
"2021-09",NA,7,"bolivar","civilian_targeting",2021-09-01
"2021-09",NA,0,"boyaca","civilian_targeting",2021-09-01
"2021-09",NA,0,"caldas","civilian_targeting",2021-09-01
"2021-09",NA,1,"caqueta","civilian_targeting",2021-09-01
"2021-09",NA,2,"casanare","civilian_targeting",2021-09-01
"2021-09",NA,16,"cauca","civilian_targeting",2021-09-01
"2021-09",NA,0,"cesar","civilian_targeting",2021-09-01
"2021-09",NA,4,"choco","civilian_targeting",2021-09-01
"2021-09",NA,0,"cordoba","civilian_targeting",2021-09-01
"2021-09",NA,1,"cundinamarca","civilian_targeting",2021-09-01
"2021-09",NA,1,"huila","civilian_targeting",2021-09-01
"2021-09",NA,0,"la guajira","civilian_targeting",2021-09-01
"2021-09",NA,2,"magdalena","civilian_targeting",2021-09-01
"2021-09",NA,8,"meta","civilian_targeting",2021-09-01
"2021-09",NA,4,"narino","civilian_targeting",2021-09-01
"2021-09","tumaco",6,"narino","civilian_targeting",2021-09-01
"2021-09",NA,6,"norte de santander","civilian_targeting",2021-09-01
"2021-09",NA,6,"putumayo","civilian_targeting",2021-09-01
"2021-09",NA,0,"quindio","civilian_targeting",2021-09-01
"2021-09",NA,1,"risaralda","civilian_targeting",2021-09-01
"2021-09",NA,2,"santander","civilian_targeting",2021-09-01
"2021-09",NA,2,"sucre","civilian_targeting",2021-09-01
"2021-09",NA,0,"tolima","civilian_targeting",2021-09-01
"2021-09",NA,4,"valle del cauca","civilian_targeting",2021-09-01
"2021-09","buenaventura",1,"valle del cauca","civilian_targeting",2021-09-01
"2021-09",NA,0,"vaupes","civilian_targeting",2021-09-01
"2021-09","arauca",6,"arauca","civilian_targeting",2021-09-01
"2021-09",NA,0,"guainia","civilian_targeting",2021-09-01
"2021-09",NA,0,"vichada","civilian_targeting",2021-09-01
"2021-09",NA,0,"guaviare","civilian_targeting",2021-09-01
"2021-09",NA,0,"san andres y providencia","civilian_targeting",2021-09-01
"2021-09",NA,4,"bogota, d.c.","civilian_targeting",2021-09-01
"2021-10",NA,0,"amazonas","civilian_targeting",2021-10-01
"2021-10",NA,12,"antioquia","civilian_targeting",2021-10-01
"2021-10",NA,3,"atlantico","civilian_targeting",2021-10-01
"2021-10",NA,1,"bolivar","civilian_targeting",2021-10-01
"2021-10",NA,0,"boyaca","civilian_targeting",2021-10-01
"2021-10",NA,2,"caldas","civilian_targeting",2021-10-01
"2021-10",NA,2,"caqueta","civilian_targeting",2021-10-01
"2021-10",NA,0,"casanare","civilian_targeting",2021-10-01
"2021-10",NA,37,"cauca","civilian_targeting",2021-10-01
"2021-10",NA,3,"cesar","civilian_targeting",2021-10-01
"2021-10",NA,2,"choco","civilian_targeting",2021-10-01
"2021-10",NA,2,"cordoba","civilian_targeting",2021-10-01
"2021-10",NA,0,"cundinamarca","civilian_targeting",2021-10-01
"2021-10",NA,0,"huila","civilian_targeting",2021-10-01
"2021-10",NA,2,"la guajira","civilian_targeting",2021-10-01
"2021-10",NA,3,"magdalena","civilian_targeting",2021-10-01
"2021-10",NA,7,"meta","civilian_targeting",2021-10-01
"2021-10",NA,5,"narino","civilian_targeting",2021-10-01
"2021-10","tumaco",2,"narino","civilian_targeting",2021-10-01
"2021-10",NA,13,"norte de santander","civilian_targeting",2021-10-01
"2021-10",NA,4,"putumayo","civilian_targeting",2021-10-01
"2021-10",NA,0,"quindio","civilian_targeting",2021-10-01
"2021-10",NA,0,"risaralda","civilian_targeting",2021-10-01
"2021-10",NA,6,"santander","civilian_targeting",2021-10-01
"2021-10",NA,0,"sucre","civilian_targeting",2021-10-01
"2021-10",NA,0,"tolima","civilian_targeting",2021-10-01
"2021-10",NA,6,"valle del cauca","civilian_targeting",2021-10-01
"2021-10","buenaventura",3,"valle del cauca","civilian_targeting",2021-10-01
"2021-10",NA,0,"vaupes","civilian_targeting",2021-10-01
"2021-10","arauca",6,"arauca","civilian_targeting",2021-10-01
"2021-10",NA,0,"guainia","civilian_targeting",2021-10-01
"2021-10",NA,0,"vichada","civilian_targeting",2021-10-01
"2021-10",NA,0,"guaviare","civilian_targeting",2021-10-01
"2021-10",NA,0,"san andres y providencia","civilian_targeting",2021-10-01
"2021-10",NA,4,"bogota, d.c.","civilian_targeting",2021-10-01
"2021-11",NA,0,"amazonas","civilian_targeting",2021-11-01
"2021-11",NA,13,"antioquia","civilian_targeting",2021-11-01
"2021-11",NA,1,"atlantico","civilian_targeting",2021-11-01
"2021-11",NA,1,"bolivar","civilian_targeting",2021-11-01
"2021-11",NA,0,"boyaca","civilian_targeting",2021-11-01
"2021-11",NA,1,"caldas","civilian_targeting",2021-11-01
"2021-11",NA,2,"caqueta","civilian_targeting",2021-11-01
"2021-11",NA,0,"casanare","civilian_targeting",2021-11-01
"2021-11",NA,15,"cauca","civilian_targeting",2021-11-01
"2021-11",NA,1,"cesar","civilian_targeting",2021-11-01
"2021-11",NA,3,"choco","civilian_targeting",2021-11-01
"2021-11",NA,5,"cordoba","civilian_targeting",2021-11-01
"2021-11",NA,2,"cundinamarca","civilian_targeting",2021-11-01
"2021-11",NA,0,"huila","civilian_targeting",2021-11-01
"2021-11",NA,0,"la guajira","civilian_targeting",2021-11-01
"2021-11",NA,0,"magdalena","civilian_targeting",2021-11-01
"2021-11",NA,3,"meta","civilian_targeting",2021-11-01
"2021-11",NA,3,"narino","civilian_targeting",2021-11-01
"2021-11","tumaco",3,"narino","civilian_targeting",2021-11-01
"2021-11",NA,8,"norte de santander","civilian_targeting",2021-11-01
"2021-11",NA,4,"putumayo","civilian_targeting",2021-11-01
"2021-11",NA,0,"quindio","civilian_targeting",2021-11-01
"2021-11",NA,0,"risaralda","civilian_targeting",2021-11-01
"2021-11",NA,3,"santander","civilian_targeting",2021-11-01
"2021-11",NA,0,"sucre","civilian_targeting",2021-11-01
"2021-11",NA,2,"tolima","civilian_targeting",2021-11-01
"2021-11",NA,3,"valle del cauca","civilian_targeting",2021-11-01
"2021-11","buenaventura",4,"valle del cauca","civilian_targeting",2021-11-01
"2021-11",NA,0,"vaupes","civilian_targeting",2021-11-01
"2021-11","arauca",7,"arauca","civilian_targeting",2021-11-01
"2021-11",NA,0,"guainia","civilian_targeting",2021-11-01
"2021-11",NA,2,"vichada","civilian_targeting",2021-11-01
"2021-11",NA,2,"guaviare","civilian_targeting",2021-11-01
"2021-11",NA,0,"san andres y providencia","civilian_targeting",2021-11-01
"2021-11",NA,2,"bogota, d.c.","civilian_targeting",2021-11-01
"2021-12",NA,0,"amazonas","civilian_targeting",2021-12-01
"2021-12",NA,13,"antioquia","civilian_targeting",2021-12-01
"2021-12",NA,0,"atlantico","civilian_targeting",2021-12-01
"2021-12",NA,2,"bolivar","civilian_targeting",2021-12-01
"2021-12",NA,0,"boyaca","civilian_targeting",2021-12-01
"2021-12",NA,1,"caldas","civilian_targeting",2021-12-01
"2021-12",NA,2,"caqueta","civilian_targeting",2021-12-01
"2021-12",NA,2,"casanare","civilian_targeting",2021-12-01
"2021-12",NA,14,"cauca","civilian_targeting",2021-12-01
"2021-12",NA,1,"cesar","civilian_targeting",2021-12-01
"2021-12",NA,2,"choco","civilian_targeting",2021-12-01
"2021-12",NA,1,"cordoba","civilian_targeting",2021-12-01
"2021-12",NA,0,"cundinamarca","civilian_targeting",2021-12-01
"2021-12",NA,0,"huila","civilian_targeting",2021-12-01
"2021-12",NA,1,"la guajira","civilian_targeting",2021-12-01
"2021-12",NA,3,"magdalena","civilian_targeting",2021-12-01
"2021-12",NA,5,"meta","civilian_targeting",2021-12-01
"2021-12",NA,1,"narino","civilian_targeting",2021-12-01
"2021-12","tumaco",2,"narino","civilian_targeting",2021-12-01
"2021-12",NA,17,"norte de santander","civilian_targeting",2021-12-01
"2021-12",NA,1,"putumayo","civilian_targeting",2021-12-01
"2021-12",NA,0,"quindio","civilian_targeting",2021-12-01
"2021-12",NA,1,"risaralda","civilian_targeting",2021-12-01
"2021-12",NA,0,"santander","civilian_targeting",2021-12-01
"2021-12",NA,1,"sucre","civilian_targeting",2021-12-01
"2021-12",NA,5,"tolima","civilian_targeting",2021-12-01
"2021-12",NA,5,"valle del cauca","civilian_targeting",2021-12-01
"2021-12","buenaventura",0,"valle del cauca","civilian_targeting",2021-12-01
"2021-12",NA,0,"vaupes","civilian_targeting",2021-12-01
"2021-12","arauca",3,"arauca","civilian_targeting",2021-12-01
"2021-12",NA,0,"guainia","civilian_targeting",2021-12-01
"2021-12",NA,0,"vichada","civilian_targeting",2021-12-01
"2021-12",NA,1,"guaviare","civilian_targeting",2021-12-01
"2021-12",NA,0,"san andres y providencia","civilian_targeting",2021-12-01
"2021-12",NA,1,"bogota, d.c.","civilian_targeting",2021-12-01
"2022-01",NA,0,"amazonas","civilian_targeting",2022-01-01
"2022-01",NA,17,"antioquia","civilian_targeting",2022-01-01
"2022-01",NA,0,"atlantico","civilian_targeting",2022-01-01
"2022-01",NA,11,"bolivar","civilian_targeting",2022-01-01
"2022-01",NA,0,"boyaca","civilian_targeting",2022-01-01
"2022-01",NA,0,"caldas","civilian_targeting",2022-01-01
"2022-01",NA,3,"caqueta","civilian_targeting",2022-01-01
"2022-01",NA,2,"casanare","civilian_targeting",2022-01-01
"2022-01",NA,23,"cauca","civilian_targeting",2022-01-01
"2022-01",NA,3,"cesar","civilian_targeting",2022-01-01
"2022-01",NA,5,"choco","civilian_targeting",2022-01-01
"2022-01",NA,2,"cordoba","civilian_targeting",2022-01-01
"2022-01",NA,1,"cundinamarca","civilian_targeting",2022-01-01
"2022-01",NA,0,"huila","civilian_targeting",2022-01-01
"2022-01",NA,6,"la guajira","civilian_targeting",2022-01-01
"2022-01",NA,5,"magdalena","civilian_targeting",2022-01-01
"2022-01",NA,1,"meta","civilian_targeting",2022-01-01
"2022-01",NA,1,"narino","civilian_targeting",2022-01-01
"2022-01","tumaco",3,"narino","civilian_targeting",2022-01-01
"2022-01",NA,23,"norte de santander","civilian_targeting",2022-01-01
"2022-01",NA,5,"putumayo","civilian_targeting",2022-01-01
"2022-01",NA,0,"quindio","civilian_targeting",2022-01-01
"2022-01",NA,0,"risaralda","civilian_targeting",2022-01-01
"2022-01",NA,1,"santander","civilian_targeting",2022-01-01
"2022-01",NA,4,"sucre","civilian_targeting",2022-01-01
"2022-01",NA,0,"tolima","civilian_targeting",2022-01-01
"2022-01",NA,12,"valle del cauca","civilian_targeting",2022-01-01
"2022-01","buenaventura",9,"valle del cauca","civilian_targeting",2022-01-01
"2022-01",NA,0,"vaupes","civilian_targeting",2022-01-01
"2022-01","arauca",19,"arauca","civilian_targeting",2022-01-01
"2022-01",NA,0,"guainia","civilian_targeting",2022-01-01
"2022-01",NA,0,"vichada","civilian_targeting",2022-01-01
"2022-01",NA,1,"guaviare","civilian_targeting",2022-01-01
"2022-01",NA,0,"san andres y providencia","civilian_targeting",2022-01-01
"2022-01",NA,4,"bogota, d.c.","civilian_targeting",2022-01-01
"2022-02",NA,2,"amazonas","civilian_targeting",2022-02-01
"2022-02",NA,30,"antioquia","civilian_targeting",2022-02-01
"2022-02",NA,2,"atlantico","civilian_targeting",2022-02-01
"2022-02",NA,6,"bolivar","civilian_targeting",2022-02-01
"2022-02",NA,0,"boyaca","civilian_targeting",2022-02-01
"2022-02",NA,0,"caldas","civilian_targeting",2022-02-01
"2022-02",NA,4,"caqueta","civilian_targeting",2022-02-01
"2022-02",NA,1,"casanare","civilian_targeting",2022-02-01
"2022-02",NA,14,"cauca","civilian_targeting",2022-02-01
"2022-02",NA,3,"cesar","civilian_targeting",2022-02-01
"2022-02",NA,6,"choco","civilian_targeting",2022-02-01
"2022-02",NA,6,"cordoba","civilian_targeting",2022-02-01
"2022-02",NA,0,"cundinamarca","civilian_targeting",2022-02-01
"2022-02",NA,2,"huila","civilian_targeting",2022-02-01
"2022-02",NA,1,"la guajira","civilian_targeting",2022-02-01
"2022-02",NA,2,"magdalena","civilian_targeting",2022-02-01
"2022-02",NA,2,"meta","civilian_targeting",2022-02-01
"2022-02",NA,7,"narino","civilian_targeting",2022-02-01
"2022-02","tumaco",3,"narino","civilian_targeting",2022-02-01
"2022-02",NA,14,"norte de santander","civilian_targeting",2022-02-01
"2022-02",NA,7,"putumayo","civilian_targeting",2022-02-01
"2022-02",NA,0,"quindio","civilian_targeting",2022-02-01
"2022-02",NA,0,"risaralda","civilian_targeting",2022-02-01
"2022-02",NA,3,"santander","civilian_targeting",2022-02-01
"2022-02",NA,6,"sucre","civilian_targeting",2022-02-01
"2022-02",NA,6,"tolima","civilian_targeting",2022-02-01
"2022-02",NA,8,"valle del cauca","civilian_targeting",2022-02-01
"2022-02","buenaventura",11,"valle del cauca","civilian_targeting",2022-02-01
"2022-02",NA,0,"vaupes","civilian_targeting",2022-02-01
"2022-02","arauca",20,"arauca","civilian_targeting",2022-02-01
"2022-02",NA,0,"guainia","civilian_targeting",2022-02-01
"2022-02",NA,0,"vichada","civilian_targeting",2022-02-01
"2022-02",NA,0,"guaviare","civilian_targeting",2022-02-01
"2022-02",NA,0,"san andres y providencia","civilian_targeting",2022-02-01
"2022-02",NA,1,"bogota, d.c.","civilian_targeting",2022-02-01
"2022-03",NA,3,"amazonas","civilian_targeting",2022-03-01
"2022-03",NA,13,"antioquia","civilian_targeting",2022-03-01
"2022-03",NA,3,"atlantico","civilian_targeting",2022-03-01
"2022-03",NA,14,"bolivar","civilian_targeting",2022-03-01
"2022-03",NA,1,"boyaca","civilian_targeting",2022-03-01
"2022-03",NA,0,"caldas","civilian_targeting",2022-03-01
"2022-03",NA,4,"caqueta","civilian_targeting",2022-03-01
"2022-03",NA,1,"casanare","civilian_targeting",2022-03-01
"2022-03",NA,24,"cauca","civilian_targeting",2022-03-01
"2022-03",NA,0,"cesar","civilian_targeting",2022-03-01
"2022-03",NA,3,"choco","civilian_targeting",2022-03-01
"2022-03",NA,3,"cordoba","civilian_targeting",2022-03-01
"2022-03",NA,1,"cundinamarca","civilian_targeting",2022-03-01
"2022-03",NA,1,"huila","civilian_targeting",2022-03-01
"2022-03",NA,2,"la guajira","civilian_targeting",2022-03-01
"2022-03",NA,1,"magdalena","civilian_targeting",2022-03-01
"2022-03",NA,2,"meta","civilian_targeting",2022-03-01
"2022-03",NA,1,"narino","civilian_targeting",2022-03-01
"2022-03","tumaco",0,"narino","civilian_targeting",2022-03-01
"2022-03",NA,22,"norte de santander","civilian_targeting",2022-03-01
"2022-03",NA,4,"putumayo","civilian_targeting",2022-03-01
"2022-03",NA,0,"quindio","civilian_targeting",2022-03-01
"2022-03",NA,1,"risaralda","civilian_targeting",2022-03-01
"2022-03",NA,3,"santander","civilian_targeting",2022-03-01
"2022-03",NA,1,"sucre","civilian_targeting",2022-03-01
"2022-03",NA,1,"tolima","civilian_targeting",2022-03-01
"2022-03",NA,10,"valle del cauca","civilian_targeting",2022-03-01
"2022-03","buenaventura",8,"valle del cauca","civilian_targeting",2022-03-01
"2022-03",NA,0,"vaupes","civilian_targeting",2022-03-01
"2022-03","arauca",5,"arauca","civilian_targeting",2022-03-01
"2022-03",NA,0,"guainia","civilian_targeting",2022-03-01
"2022-03",NA,3,"vichada","civilian_targeting",2022-03-01
"2022-03",NA,2,"guaviare","civilian_targeting",2022-03-01
"2022-03",NA,2,"san andres y providencia","civilian_targeting",2022-03-01
"2022-03",NA,2,"bogota, d.c.","civilian_targeting",2022-03-01
"2022-04",NA,0,"amazonas","civilian_targeting",2022-04-01
"2022-04",NA,18,"antioquia","civilian_targeting",2022-04-01
"2022-04",NA,5,"atlantico","civilian_targeting",2022-04-01
"2022-04",NA,7,"bolivar","civilian_targeting",2022-04-01
"2022-04",NA,0,"boyaca","civilian_targeting",2022-04-01
"2022-04",NA,0,"caldas","civilian_targeting",2022-04-01
"2022-04",NA,2,"caqueta","civilian_targeting",2022-04-01
"2022-04",NA,0,"casanare","civilian_targeting",2022-04-01
"2022-04",NA,21,"cauca","civilian_targeting",2022-04-01
"2022-04",NA,0,"cesar","civilian_targeting",2022-04-01
"2022-04",NA,1,"choco","civilian_targeting",2022-04-01
"2022-04",NA,4,"cordoba","civilian_targeting",2022-04-01
"2022-04",NA,2,"cundinamarca","civilian_targeting",2022-04-01
"2022-04",NA,0,"huila","civilian_targeting",2022-04-01
"2022-04",NA,2,"la guajira","civilian_targeting",2022-04-01
"2022-04",NA,2,"magdalena","civilian_targeting",2022-04-01
"2022-04",NA,7,"meta","civilian_targeting",2022-04-01
"2022-04",NA,3,"narino","civilian_targeting",2022-04-01
"2022-04","tumaco",1,"narino","civilian_targeting",2022-04-01
"2022-04",NA,20,"norte de santander","civilian_targeting",2022-04-01
"2022-04",NA,4,"putumayo","civilian_targeting",2022-04-01
"2022-04",NA,1,"quindio","civilian_targeting",2022-04-01
"2022-04",NA,0,"risaralda","civilian_targeting",2022-04-01
"2022-04",NA,8,"santander","civilian_targeting",2022-04-01
"2022-04",NA,0,"sucre","civilian_targeting",2022-04-01
"2022-04",NA,1,"tolima","civilian_targeting",2022-04-01
"2022-04",NA,13,"valle del cauca","civilian_targeting",2022-04-01
"2022-04","buenaventura",3,"valle del cauca","civilian_targeting",2022-04-01
"2022-04",NA,0,"vaupes","civilian_targeting",2022-04-01
"2022-04","arauca",5,"arauca","civilian_targeting",2022-04-01
"2022-04",NA,0,"guainia","civilian_targeting",2022-04-01
"2022-04",NA,0,"vichada","civilian_targeting",2022-04-01
"2022-04",NA,4,"guaviare","civilian_targeting",2022-04-01
"2022-04",NA,0,"san andres y providencia","civilian_targeting",2022-04-01
"2022-04",NA,3,"bogota, d.c.","civilian_targeting",2022-04-01
"2022-05",NA,0,"amazonas","civilian_targeting",2022-05-01
"2022-05",NA,14,"antioquia","civilian_targeting",2022-05-01
"2022-05",NA,3,"atlantico","civilian_targeting",2022-05-01
"2022-05",NA,15,"bolivar","civilian_targeting",2022-05-01
"2022-05",NA,0,"boyaca","civilian_targeting",2022-05-01
"2022-05",NA,0,"caldas","civilian_targeting",2022-05-01
"2022-05",NA,10,"caqueta","civilian_targeting",2022-05-01
"2022-05",NA,1,"casanare","civilian_targeting",2022-05-01
"2022-05",NA,26,"cauca","civilian_targeting",2022-05-01
"2022-05",NA,7,"cesar","civilian_targeting",2022-05-01
"2022-05",NA,5,"choco","civilian_targeting",2022-05-01
"2022-05",NA,1,"cordoba","civilian_targeting",2022-05-01
"2022-05",NA,0,"cundinamarca","civilian_targeting",2022-05-01
"2022-05",NA,0,"huila","civilian_targeting",2022-05-01
"2022-05",NA,1,"la guajira","civilian_targeting",2022-05-01
"2022-05",NA,2,"magdalena","civilian_targeting",2022-05-01
"2022-05",NA,3,"meta","civilian_targeting",2022-05-01
"2022-05",NA,2,"narino","civilian_targeting",2022-05-01
"2022-05","tumaco",1,"narino","civilian_targeting",2022-05-01
"2022-05",NA,7,"norte de santander","civilian_targeting",2022-05-01
"2022-05",NA,1,"putumayo","civilian_targeting",2022-05-01
"2022-05",NA,0,"quindio","civilian_targeting",2022-05-01
"2022-05",NA,0,"risaralda","civilian_targeting",2022-05-01
"2022-05",NA,3,"santander","civilian_targeting",2022-05-01
"2022-05",NA,9,"sucre","civilian_targeting",2022-05-01
"2022-05",NA,1,"tolima","civilian_targeting",2022-05-01
"2022-05",NA,16,"valle del cauca","civilian_targeting",2022-05-01
"2022-05","buenaventura",1,"valle del cauca","civilian_targeting",2022-05-01
"2022-05",NA,0,"vaupes","civilian_targeting",2022-05-01
"2022-05","arauca",12,"arauca","civilian_targeting",2022-05-01
"2022-05",NA,0,"guainia","civilian_targeting",2022-05-01
"2022-05",NA,0,"vichada","civilian_targeting",2022-05-01
"2022-05",NA,1,"guaviare","civilian_targeting",2022-05-01
"2022-05",NA,0,"san andres y providencia","civilian_targeting",2022-05-01
"2022-05",NA,4,"bogota, d.c.","civilian_targeting",2022-05-01
"2022-06",NA,0,"amazonas","civilian_targeting",2022-06-01
"2022-06",NA,5,"antioquia","civilian_targeting",2022-06-01
"2022-06",NA,0,"atlantico","civilian_targeting",2022-06-01
"2022-06",NA,11,"bolivar","civilian_targeting",2022-06-01
"2022-06",NA,0,"boyaca","civilian_targeting",2022-06-01
"2022-06",NA,0,"caldas","civilian_targeting",2022-06-01
"2022-06",NA,1,"caqueta","civilian_targeting",2022-06-01
"2022-06",NA,0,"casanare","civilian_targeting",2022-06-01
"2022-06",NA,27,"cauca","civilian_targeting",2022-06-01
"2022-06",NA,0,"cesar","civilian_targeting",2022-06-01
"2022-06",NA,7,"choco","civilian_targeting",2022-06-01
"2022-06",NA,2,"cordoba","civilian_targeting",2022-06-01
"2022-06",NA,2,"cundinamarca","civilian_targeting",2022-06-01
"2022-06",NA,0,"huila","civilian_targeting",2022-06-01
"2022-06",NA,3,"la guajira","civilian_targeting",2022-06-01
"2022-06",NA,2,"magdalena","civilian_targeting",2022-06-01
"2022-06",NA,3,"meta","civilian_targeting",2022-06-01
"2022-06",NA,1,"narino","civilian_targeting",2022-06-01
"2022-06","tumaco",1,"narino","civilian_targeting",2022-06-01
"2022-06",NA,11,"norte de santander","civilian_targeting",2022-06-01
"2022-06",NA,1,"putumayo","civilian_targeting",2022-06-01
"2022-06",NA,0,"quindio","civilian_targeting",2022-06-01
"2022-06",NA,0,"risaralda","civilian_targeting",2022-06-01
"2022-06",NA,1,"santander","civilian_targeting",2022-06-01
"2022-06",NA,3,"sucre","civilian_targeting",2022-06-01
"2022-06",NA,2,"tolima","civilian_targeting",2022-06-01
"2022-06",NA,10,"valle del cauca","civilian_targeting",2022-06-01
"2022-06","buenaventura",7,"valle del cauca","civilian_targeting",2022-06-01
"2022-06",NA,0,"vaupes","civilian_targeting",2022-06-01
"2022-06","arauca",13,"arauca","civilian_targeting",2022-06-01
"2022-06",NA,0,"guainia","civilian_targeting",2022-06-01
"2022-06",NA,0,"vichada","civilian_targeting",2022-06-01
"2022-06",NA,1,"guaviare","civilian_targeting",2022-06-01
"2022-06",NA,0,"san andres y providencia","civilian_targeting",2022-06-01
"2022-06",NA,3,"bogota, d.c.","civilian_targeting",2022-06-01
"2022-07",NA,0,"amazonas","civilian_targeting",2022-07-01
"2022-07",NA,30,"antioquia","civilian_targeting",2022-07-01
"2022-07",NA,1,"atlantico","civilian_targeting",2022-07-01
"2022-07",NA,15,"bolivar","civilian_targeting",2022-07-01
"2022-07",NA,0,"boyaca","civilian_targeting",2022-07-01
"2022-07",NA,1,"caldas","civilian_targeting",2022-07-01
"2022-07",NA,3,"caqueta","civilian_targeting",2022-07-01
"2022-07",NA,0,"casanare","civilian_targeting",2022-07-01
"2022-07",NA,31,"cauca","civilian_targeting",2022-07-01
"2022-07",NA,4,"cesar","civilian_targeting",2022-07-01
"2022-07",NA,4,"choco","civilian_targeting",2022-07-01
"2022-07",NA,8,"cordoba","civilian_targeting",2022-07-01
"2022-07",NA,3,"cundinamarca","civilian_targeting",2022-07-01
"2022-07",NA,1,"huila","civilian_targeting",2022-07-01
"2022-07",NA,4,"la guajira","civilian_targeting",2022-07-01
"2022-07",NA,1,"magdalena","civilian_targeting",2022-07-01
"2022-07",NA,4,"meta","civilian_targeting",2022-07-01
"2022-07",NA,1,"narino","civilian_targeting",2022-07-01
"2022-07","tumaco",6,"narino","civilian_targeting",2022-07-01
"2022-07",NA,18,"norte de santander","civilian_targeting",2022-07-01
"2022-07",NA,8,"putumayo","civilian_targeting",2022-07-01
"2022-07",NA,0,"quindio","civilian_targeting",2022-07-01
"2022-07",NA,0,"risaralda","civilian_targeting",2022-07-01
"2022-07",NA,3,"santander","civilian_targeting",2022-07-01
"2022-07",NA,6,"sucre","civilian_targeting",2022-07-01
"2022-07",NA,3,"tolima","civilian_targeting",2022-07-01
"2022-07",NA,14,"valle del cauca","civilian_targeting",2022-07-01
"2022-07","buenaventura",3,"valle del cauca","civilian_targeting",2022-07-01
"2022-07",NA,0,"vaupes","civilian_targeting",2022-07-01
"2022-07","arauca",6,"arauca","civilian_targeting",2022-07-01
"2022-07",NA,0,"guainia","civilian_targeting",2022-07-01
"2022-07",NA,0,"vichada","civilian_targeting",2022-07-01
"2022-07",NA,2,"guaviare","civilian_targeting",2022-07-01
"2022-07",NA,0,"san andres y providencia","civilian_targeting",2022-07-01
"2022-07",NA,5,"bogota, d.c.","civilian_targeting",2022-07-01
"2022-08",NA,1,"amazonas","civilian_targeting",2022-08-01
"2022-08",NA,24,"antioquia","civilian_targeting",2022-08-01
"2022-08",NA,0,"atlantico","civilian_targeting",2022-08-01
"2022-08",NA,7,"bolivar","civilian_targeting",2022-08-01
"2022-08",NA,0,"boyaca","civilian_targeting",2022-08-01
"2022-08",NA,1,"caldas","civilian_targeting",2022-08-01
"2022-08",NA,2,"caqueta","civilian_targeting",2022-08-01
"2022-08",NA,0,"casanare","civilian_targeting",2022-08-01
"2022-08",NA,34,"cauca","civilian_targeting",2022-08-01
"2022-08",NA,4,"cesar","civilian_targeting",2022-08-01
"2022-08",NA,4,"choco","civilian_targeting",2022-08-01
"2022-08",NA,1,"cordoba","civilian_targeting",2022-08-01
"2022-08",NA,0,"cundinamarca","civilian_targeting",2022-08-01
"2022-08",NA,0,"huila","civilian_targeting",2022-08-01
"2022-08",NA,3,"la guajira","civilian_targeting",2022-08-01
"2022-08",NA,4,"magdalena","civilian_targeting",2022-08-01
"2022-08",NA,5,"meta","civilian_targeting",2022-08-01
"2022-08",NA,3,"narino","civilian_targeting",2022-08-01
"2022-08","tumaco",0,"narino","civilian_targeting",2022-08-01
"2022-08",NA,18,"norte de santander","civilian_targeting",2022-08-01
"2022-08",NA,4,"putumayo","civilian_targeting",2022-08-01
"2022-08",NA,0,"quindio","civilian_targeting",2022-08-01
"2022-08",NA,1,"risaralda","civilian_targeting",2022-08-01
"2022-08",NA,1,"santander","civilian_targeting",2022-08-01
"2022-08",NA,3,"sucre","civilian_targeting",2022-08-01
"2022-08",NA,2,"tolima","civilian_targeting",2022-08-01
"2022-08",NA,10,"valle del cauca","civilian_targeting",2022-08-01
"2022-08","buenaventura",0,"valle del cauca","civilian_targeting",2022-08-01
"2022-08",NA,0,"vaupes","civilian_targeting",2022-08-01
"2022-08","arauca",21,"arauca","civilian_targeting",2022-08-01
"2022-08",NA,0,"guainia","civilian_targeting",2022-08-01
"2022-08",NA,0,"vichada","civilian_targeting",2022-08-01
"2022-08",NA,1,"guaviare","civilian_targeting",2022-08-01
"2022-08",NA,0,"san andres y providencia","civilian_targeting",2022-08-01
"2022-08",NA,0,"bogota, d.c.","civilian_targeting",2022-08-01
"2022-09",NA,2,"amazonas","civilian_targeting",2022-09-01
"2022-09",NA,16,"antioquia","civilian_targeting",2022-09-01
"2022-09",NA,2,"atlantico","civilian_targeting",2022-09-01
"2022-09",NA,4,"bolivar","civilian_targeting",2022-09-01
"2022-09",NA,1,"boyaca","civilian_targeting",2022-09-01
"2022-09",NA,0,"caldas","civilian_targeting",2022-09-01
"2022-09",NA,5,"caqueta","civilian_targeting",2022-09-01
"2022-09",NA,0,"casanare","civilian_targeting",2022-09-01
"2022-09",NA,22,"cauca","civilian_targeting",2022-09-01
"2022-09",NA,1,"cesar","civilian_targeting",2022-09-01
"2022-09",NA,3,"choco","civilian_targeting",2022-09-01
"2022-09",NA,1,"cordoba","civilian_targeting",2022-09-01
"2022-09",NA,0,"cundinamarca","civilian_targeting",2022-09-01
"2022-09",NA,2,"huila","civilian_targeting",2022-09-01
"2022-09",NA,2,"la guajira","civilian_targeting",2022-09-01
"2022-09",NA,5,"magdalena","civilian_targeting",2022-09-01
"2022-09",NA,8,"meta","civilian_targeting",2022-09-01
"2022-09",NA,0,"narino","civilian_targeting",2022-09-01
"2022-09","tumaco",4,"narino","civilian_targeting",2022-09-01
"2022-09",NA,15,"norte de santander","civilian_targeting",2022-09-01
"2022-09",NA,5,"putumayo","civilian_targeting",2022-09-01
"2022-09",NA,0,"quindio","civilian_targeting",2022-09-01
"2022-09",NA,1,"risaralda","civilian_targeting",2022-09-01
"2022-09",NA,3,"santander","civilian_targeting",2022-09-01
"2022-09",NA,1,"sucre","civilian_targeting",2022-09-01
"2022-09",NA,1,"tolima","civilian_targeting",2022-09-01
"2022-09",NA,10,"valle del cauca","civilian_targeting",2022-09-01
"2022-09","buenaventura",0,"valle del cauca","civilian_targeting",2022-09-01
"2022-09",NA,0,"vaupes","civilian_targeting",2022-09-01
"2022-09","arauca",9,"arauca","civilian_targeting",2022-09-01
"2022-09",NA,0,"guainia","civilian_targeting",2022-09-01
"2022-09",NA,0,"vichada","civilian_targeting",2022-09-01
"2022-09",NA,0,"guaviare","civilian_targeting",2022-09-01
"2022-09",NA,0,"san andres y providencia","civilian_targeting",2022-09-01
"2022-09",NA,7,"bogota, d.c.","civilian_targeting",2022-09-01
"2022-10",NA,0,"amazonas","civilian_targeting",2022-10-01
"2022-10",NA,25,"antioquia","civilian_targeting",2022-10-01
"2022-10",NA,3,"atlantico","civilian_targeting",2022-10-01
"2022-10",NA,5,"bolivar","civilian_targeting",2022-10-01
"2022-10",NA,0,"boyaca","civilian_targeting",2022-10-01
"2022-10",NA,0,"caldas","civilian_targeting",2022-10-01
"2022-10",NA,0,"caqueta","civilian_targeting",2022-10-01
"2022-10",NA,1,"casanare","civilian_targeting",2022-10-01
"2022-10",NA,42,"cauca","civilian_targeting",2022-10-01
"2022-10",NA,1,"cesar","civilian_targeting",2022-10-01
"2022-10",NA,4,"choco","civilian_targeting",2022-10-01
"2022-10",NA,4,"cordoba","civilian_targeting",2022-10-01
"2022-10",NA,0,"cundinamarca","civilian_targeting",2022-10-01
"2022-10",NA,0,"huila","civilian_targeting",2022-10-01
"2022-10",NA,5,"la guajira","civilian_targeting",2022-10-01
"2022-10",NA,4,"magdalena","civilian_targeting",2022-10-01
"2022-10",NA,5,"meta","civilian_targeting",2022-10-01
"2022-10",NA,2,"narino","civilian_targeting",2022-10-01
"2022-10","tumaco",3,"narino","civilian_targeting",2022-10-01
"2022-10",NA,11,"norte de santander","civilian_targeting",2022-10-01
"2022-10",NA,5,"putumayo","civilian_targeting",2022-10-01
"2022-10",NA,0,"quindio","civilian_targeting",2022-10-01
"2022-10",NA,0,"risaralda","civilian_targeting",2022-10-01
"2022-10",NA,1,"santander","civilian_targeting",2022-10-01
"2022-10",NA,2,"sucre","civilian_targeting",2022-10-01
"2022-10",NA,0,"tolima","civilian_targeting",2022-10-01
"2022-10",NA,14,"valle del cauca","civilian_targeting",2022-10-01
"2022-10","buenaventura",1,"valle del cauca","civilian_targeting",2022-10-01
"2022-10",NA,0,"vaupes","civilian_targeting",2022-10-01
"2022-10","arauca",8,"arauca","civilian_targeting",2022-10-01
"2022-10",NA,0,"guainia","civilian_targeting",2022-10-01
"2022-10",NA,0,"vichada","civilian_targeting",2022-10-01
"2022-10",NA,0,"guaviare","civilian_targeting",2022-10-01
"2022-10",NA,0,"san andres y providencia","civilian_targeting",2022-10-01
"2022-10",NA,4,"bogota, d.c.","civilian_targeting",2022-10-01
"2022-11",NA,1,"amazonas","civilian_targeting",2022-11-01
"2022-11",NA,15,"antioquia","civilian_targeting",2022-11-01
"2022-11",NA,5,"atlantico","civilian_targeting",2022-11-01
"2022-11",NA,5,"bolivar","civilian_targeting",2022-11-01
"2022-11",NA,0,"boyaca","civilian_targeting",2022-11-01
"2022-11",NA,0,"caldas","civilian_targeting",2022-11-01
"2022-11",NA,1,"caqueta","civilian_targeting",2022-11-01
"2022-11",NA,1,"casanare","civilian_targeting",2022-11-01
"2022-11",NA,33,"cauca","civilian_targeting",2022-11-01
"2022-11",NA,3,"cesar","civilian_targeting",2022-11-01
"2022-11",NA,6,"choco","civilian_targeting",2022-11-01
"2022-11",NA,1,"cordoba","civilian_targeting",2022-11-01
"2022-11",NA,2,"cundinamarca","civilian_targeting",2022-11-01
"2022-11",NA,0,"huila","civilian_targeting",2022-11-01
"2022-11",NA,5,"la guajira","civilian_targeting",2022-11-01
"2022-11",NA,1,"magdalena","civilian_targeting",2022-11-01
"2022-11",NA,1,"meta","civilian_targeting",2022-11-01
"2022-11",NA,3,"narino","civilian_targeting",2022-11-01
"2022-11","tumaco",8,"narino","civilian_targeting",2022-11-01
"2022-11",NA,5,"norte de santander","civilian_targeting",2022-11-01
"2022-11",NA,5,"putumayo","civilian_targeting",2022-11-01
"2022-11",NA,0,"quindio","civilian_targeting",2022-11-01
"2022-11",NA,0,"risaralda","civilian_targeting",2022-11-01
"2022-11",NA,2,"santander","civilian_targeting",2022-11-01
"2022-11",NA,1,"sucre","civilian_targeting",2022-11-01
"2022-11",NA,2,"tolima","civilian_targeting",2022-11-01
"2022-11",NA,8,"valle del cauca","civilian_targeting",2022-11-01
"2022-11","buenaventura",2,"valle del cauca","civilian_targeting",2022-11-01
"2022-11",NA,0,"vaupes","civilian_targeting",2022-11-01
"2022-11","arauca",29,"arauca","civilian_targeting",2022-11-01
"2022-11",NA,0,"guainia","civilian_targeting",2022-11-01
"2022-11",NA,0,"vichada","civilian_targeting",2022-11-01
"2022-11",NA,1,"guaviare","civilian_targeting",2022-11-01
"2022-11",NA,0,"san andres y providencia","civilian_targeting",2022-11-01
"2022-11",NA,4,"bogota, d.c.","civilian_targeting",2022-11-01
"2022-12",NA,0,"amazonas","civilian_targeting",2022-12-01
"2022-12",NA,14,"antioquia","civilian_targeting",2022-12-01
"2022-12",NA,1,"atlantico","civilian_targeting",2022-12-01
"2022-12",NA,6,"bolivar","civilian_targeting",2022-12-01
"2022-12",NA,0,"boyaca","civilian_targeting",2022-12-01
"2022-12",NA,0,"caldas","civilian_targeting",2022-12-01
"2022-12",NA,3,"caqueta","civilian_targeting",2022-12-01
"2022-12",NA,0,"casanare","civilian_targeting",2022-12-01
"2022-12",NA,17,"cauca","civilian_targeting",2022-12-01
"2022-12",NA,4,"cesar","civilian_targeting",2022-12-01
"2022-12",NA,3,"choco","civilian_targeting",2022-12-01
"2022-12",NA,1,"cordoba","civilian_targeting",2022-12-01
"2022-12",NA,0,"cundinamarca","civilian_targeting",2022-12-01
"2022-12",NA,0,"huila","civilian_targeting",2022-12-01
"2022-12",NA,3,"la guajira","civilian_targeting",2022-12-01
"2022-12",NA,1,"magdalena","civilian_targeting",2022-12-01
"2022-12",NA,3,"meta","civilian_targeting",2022-12-01
"2022-12",NA,2,"narino","civilian_targeting",2022-12-01
"2022-12","tumaco",5,"narino","civilian_targeting",2022-12-01
"2022-12",NA,11,"norte de santander","civilian_targeting",2022-12-01
"2022-12",NA,5,"putumayo","civilian_targeting",2022-12-01
"2022-12",NA,1,"quindio","civilian_targeting",2022-12-01
"2022-12",NA,0,"risaralda","civilian_targeting",2022-12-01
"2022-12",NA,1,"santander","civilian_targeting",2022-12-01
"2022-12",NA,1,"sucre","civilian_targeting",2022-12-01
"2022-12",NA,3,"tolima","civilian_targeting",2022-12-01
"2022-12",NA,1,"valle del cauca","civilian_targeting",2022-12-01
"2022-12","buenaventura",1,"valle del cauca","civilian_targeting",2022-12-01
"2022-12",NA,0,"vaupes","civilian_targeting",2022-12-01
"2022-12","arauca",13,"arauca","civilian_targeting",2022-12-01
"2022-12",NA,0,"guainia","civilian_targeting",2022-12-01
"2022-12",NA,0,"vichada","civilian_targeting",2022-12-01
"2022-12",NA,2,"guaviare","civilian_targeting",2022-12-01
"2022-12",NA,0,"san andres y providencia","civilian_targeting",2022-12-01
"2022-12",NA,2,"bogota, d.c.","civilian_targeting",2022-12-01
"2023-01",NA,0,"amazonas","civilian_targeting",2023-01-01
"2023-01",NA,21,"antioquia","civilian_targeting",2023-01-01
"2023-01",NA,2,"atlantico","civilian_targeting",2023-01-01
"2023-01",NA,7,"bolivar","civilian_targeting",2023-01-01
"2023-01",NA,0,"boyaca","civilian_targeting",2023-01-01
"2023-01",NA,0,"caldas","civilian_targeting",2023-01-01
"2023-01",NA,4,"caqueta","civilian_targeting",2023-01-01
"2023-01",NA,0,"casanare","civilian_targeting",2023-01-01
"2023-01",NA,42,"cauca","civilian_targeting",2023-01-01
"2023-01",NA,1,"cesar","civilian_targeting",2023-01-01
"2023-01",NA,2,"choco","civilian_targeting",2023-01-01
"2023-01",NA,3,"cordoba","civilian_targeting",2023-01-01
"2023-01",NA,1,"cundinamarca","civilian_targeting",2023-01-01
"2023-01",NA,0,"huila","civilian_targeting",2023-01-01
"2023-01",NA,5,"la guajira","civilian_targeting",2023-01-01
"2023-01",NA,4,"magdalena","civilian_targeting",2023-01-01
"2023-01",NA,5,"meta","civilian_targeting",2023-01-01
"2023-01",NA,6,"narino","civilian_targeting",2023-01-01
"2023-01","tumaco",8,"narino","civilian_targeting",2023-01-01
"2023-01",NA,15,"norte de santander","civilian_targeting",2023-01-01
"2023-01",NA,2,"putumayo","civilian_targeting",2023-01-01
"2023-01",NA,0,"quindio","civilian_targeting",2023-01-01
"2023-01",NA,1,"risaralda","civilian_targeting",2023-01-01
"2023-01",NA,4,"santander","civilian_targeting",2023-01-01
"2023-01",NA,7,"sucre","civilian_targeting",2023-01-01
"2023-01",NA,1,"tolima","civilian_targeting",2023-01-01
"2023-01",NA,11,"valle del cauca","civilian_targeting",2023-01-01
"2023-01","buenaventura",0,"valle del cauca","civilian_targeting",2023-01-01
"2023-01",NA,0,"vaupes","civilian_targeting",2023-01-01
"2023-01","arauca",10,"arauca","civilian_targeting",2023-01-01
"2023-01",NA,0,"guainia","civilian_targeting",2023-01-01
"2023-01",NA,0,"vichada","civilian_targeting",2023-01-01
"2023-01",NA,0,"guaviare","civilian_targeting",2023-01-01
"2023-01",NA,0,"san andres y providencia","civilian_targeting",2023-01-01
"2023-01",NA,0,"bogota, d.c.","civilian_targeting",2023-01-01
"2023-02",NA,0,"amazonas","civilian_targeting",2023-02-01
"2023-02",NA,11,"antioquia","civilian_targeting",2023-02-01
"2023-02",NA,6,"atlantico","civilian_targeting",2023-02-01
"2023-02",NA,14,"bolivar","civilian_targeting",2023-02-01
"2023-02",NA,0,"boyaca","civilian_targeting",2023-02-01
"2023-02",NA,1,"caldas","civilian_targeting",2023-02-01
"2023-02",NA,2,"caqueta","civilian_targeting",2023-02-01
"2023-02",NA,0,"casanare","civilian_targeting",2023-02-01
"2023-02",NA,29,"cauca","civilian_targeting",2023-02-01
"2023-02",NA,5,"cesar","civilian_targeting",2023-02-01
"2023-02",NA,2,"choco","civilian_targeting",2023-02-01
"2023-02",NA,4,"cordoba","civilian_targeting",2023-02-01
"2023-02",NA,0,"cundinamarca","civilian_targeting",2023-02-01
"2023-02",NA,1,"huila","civilian_targeting",2023-02-01
"2023-02",NA,6,"la guajira","civilian_targeting",2023-02-01
"2023-02",NA,4,"magdalena","civilian_targeting",2023-02-01
"2023-02",NA,2,"meta","civilian_targeting",2023-02-01
"2023-02",NA,6,"narino","civilian_targeting",2023-02-01
"2023-02","tumaco",10,"narino","civilian_targeting",2023-02-01
"2023-02",NA,15,"norte de santander","civilian_targeting",2023-02-01
"2023-02",NA,0,"putumayo","civilian_targeting",2023-02-01
"2023-02",NA,0,"quindio","civilian_targeting",2023-02-01
"2023-02",NA,0,"risaralda","civilian_targeting",2023-02-01
"2023-02",NA,2,"santander","civilian_targeting",2023-02-01
"2023-02",NA,1,"sucre","civilian_targeting",2023-02-01
"2023-02",NA,0,"tolima","civilian_targeting",2023-02-01
"2023-02",NA,10,"valle del cauca","civilian_targeting",2023-02-01
"2023-02","buenaventura",0,"valle del cauca","civilian_targeting",2023-02-01
"2023-02",NA,0,"vaupes","civilian_targeting",2023-02-01
"2023-02","arauca",20,"arauca","civilian_targeting",2023-02-01
"2023-02",NA,0,"guainia","civilian_targeting",2023-02-01
"2023-02",NA,0,"vichada","civilian_targeting",2023-02-01
"2023-02",NA,0,"guaviare","civilian_targeting",2023-02-01
"2023-02",NA,0,"san andres y providencia","civilian_targeting",2023-02-01
"2023-02",NA,1,"bogota, d.c.","civilian_targeting",2023-02-01
"2023-03",NA,3,"amazonas","civilian_targeting",2023-03-01
"2023-03",NA,7,"antioquia","civilian_targeting",2023-03-01
"2023-03",NA,5,"atlantico","civilian_targeting",2023-03-01
"2023-03",NA,12,"bolivar","civilian_targeting",2023-03-01
"2023-03",NA,1,"boyaca","civilian_targeting",2023-03-01
"2023-03",NA,0,"caldas","civilian_targeting",2023-03-01
"2023-03",NA,3,"caqueta","civilian_targeting",2023-03-01
"2023-03",NA,0,"casanare","civilian_targeting",2023-03-01
"2023-03",NA,33,"cauca","civilian_targeting",2023-03-01
"2023-03",NA,6,"cesar","civilian_targeting",2023-03-01
"2023-03",NA,9,"choco","civilian_targeting",2023-03-01
"2023-03",NA,2,"cordoba","civilian_targeting",2023-03-01
"2023-03",NA,1,"cundinamarca","civilian_targeting",2023-03-01
"2023-03",NA,1,"huila","civilian_targeting",2023-03-01
"2023-03",NA,8,"la guajira","civilian_targeting",2023-03-01
"2023-03",NA,2,"magdalena","civilian_targeting",2023-03-01
"2023-03",NA,2,"meta","civilian_targeting",2023-03-01
"2023-03",NA,6,"narino","civilian_targeting",2023-03-01
"2023-03","tumaco",7,"narino","civilian_targeting",2023-03-01
"2023-03",NA,14,"norte de santander","civilian_targeting",2023-03-01
"2023-03",NA,3,"putumayo","civilian_targeting",2023-03-01
"2023-03",NA,0,"quindio","civilian_targeting",2023-03-01
"2023-03",NA,0,"risaralda","civilian_targeting",2023-03-01
"2023-03",NA,4,"santander","civilian_targeting",2023-03-01
"2023-03",NA,3,"sucre","civilian_targeting",2023-03-01
"2023-03",NA,1,"tolima","civilian_targeting",2023-03-01
"2023-03",NA,5,"valle del cauca","civilian_targeting",2023-03-01
"2023-03","buenaventura",1,"valle del cauca","civilian_targeting",2023-03-01
"2023-03",NA,0,"vaupes","civilian_targeting",2023-03-01
"2023-03","arauca",11,"arauca","civilian_targeting",2023-03-01
"2023-03",NA,0,"guainia","civilian_targeting",2023-03-01
"2023-03",NA,0,"vichada","civilian_targeting",2023-03-01
"2023-03",NA,1,"guaviare","civilian_targeting",2023-03-01
"2023-03",NA,0,"san andres y providencia","civilian_targeting",2023-03-01
"2023-03",NA,1,"bogota, d.c.","civilian_targeting",2023-03-01
"2023-04",NA,2,"amazonas","civilian_targeting",2023-04-01
"2023-04",NA,23,"antioquia","civilian_targeting",2023-04-01
"2023-04",NA,3,"atlantico","civilian_targeting",2023-04-01
"2023-04",NA,7,"bolivar","civilian_targeting",2023-04-01
"2023-04",NA,1,"boyaca","civilian_targeting",2023-04-01
"2023-04",NA,0,"caldas","civilian_targeting",2023-04-01
"2023-04",NA,4,"caqueta","civilian_targeting",2023-04-01
"2023-04",NA,0,"casanare","civilian_targeting",2023-04-01
"2023-04",NA,24,"cauca","civilian_targeting",2023-04-01
"2023-04",NA,4,"cesar","civilian_targeting",2023-04-01
"2023-04",NA,10,"choco","civilian_targeting",2023-04-01
"2023-04",NA,3,"cordoba","civilian_targeting",2023-04-01
"2023-04",NA,1,"cundinamarca","civilian_targeting",2023-04-01
"2023-04",NA,0,"huila","civilian_targeting",2023-04-01
"2023-04",NA,2,"la guajira","civilian_targeting",2023-04-01
"2023-04",NA,3,"magdalena","civilian_targeting",2023-04-01
"2023-04",NA,3,"meta","civilian_targeting",2023-04-01
"2023-04",NA,3,"narino","civilian_targeting",2023-04-01
"2023-04","tumaco",1,"narino","civilian_targeting",2023-04-01
"2023-04",NA,22,"norte de santander","civilian_targeting",2023-04-01
"2023-04",NA,2,"putumayo","civilian_targeting",2023-04-01
"2023-04",NA,0,"quindio","civilian_targeting",2023-04-01
"2023-04",NA,1,"risaralda","civilian_targeting",2023-04-01
"2023-04",NA,2,"santander","civilian_targeting",2023-04-01
"2023-04",NA,1,"sucre","civilian_targeting",2023-04-01
"2023-04",NA,2,"tolima","civilian_targeting",2023-04-01
"2023-04",NA,6,"valle del cauca","civilian_targeting",2023-04-01
"2023-04","buenaventura",0,"valle del cauca","civilian_targeting",2023-04-01
"2023-04",NA,0,"vaupes","civilian_targeting",2023-04-01
"2023-04","arauca",8,"arauca","civilian_targeting",2023-04-01
"2023-04",NA,0,"guainia","civilian_targeting",2023-04-01
"2023-04",NA,0,"vichada","civilian_targeting",2023-04-01
"2023-04",NA,1,"guaviare","civilian_targeting",2023-04-01
"2023-04",NA,0,"san andres y providencia","civilian_targeting",2023-04-01
"2023-04",NA,6,"bogota, d.c.","civilian_targeting",2023-04-01
"2023-05",NA,0,"amazonas","civilian_targeting",2023-05-01
"2023-05",NA,13,"antioquia","civilian_targeting",2023-05-01
"2023-05",NA,6,"atlantico","civilian_targeting",2023-05-01
"2023-05",NA,10,"bolivar","civilian_targeting",2023-05-01
"2023-05",NA,1,"boyaca","civilian_targeting",2023-05-01
"2023-05",NA,0,"caldas","civilian_targeting",2023-05-01
"2023-05",NA,10,"caqueta","civilian_targeting",2023-05-01
"2023-05",NA,1,"casanare","civilian_targeting",2023-05-01
"2023-05",NA,27,"cauca","civilian_targeting",2023-05-01
"2023-05",NA,6,"cesar","civilian_targeting",2023-05-01
"2023-05",NA,6,"choco","civilian_targeting",2023-05-01
"2023-05",NA,3,"cordoba","civilian_targeting",2023-05-01
"2023-05",NA,0,"cundinamarca","civilian_targeting",2023-05-01
"2023-05",NA,2,"huila","civilian_targeting",2023-05-01
"2023-05",NA,3,"la guajira","civilian_targeting",2023-05-01
"2023-05",NA,2,"magdalena","civilian_targeting",2023-05-01
"2023-05",NA,5,"meta","civilian_targeting",2023-05-01
"2023-05",NA,6,"narino","civilian_targeting",2023-05-01
"2023-05","tumaco",3,"narino","civilian_targeting",2023-05-01
"2023-05",NA,16,"norte de santander","civilian_targeting",2023-05-01
"2023-05",NA,7,"putumayo","civilian_targeting",2023-05-01
"2023-05",NA,0,"quindio","civilian_targeting",2023-05-01
"2023-05",NA,2,"risaralda","civilian_targeting",2023-05-01
"2023-05",NA,4,"santander","civilian_targeting",2023-05-01
"2023-05",NA,3,"sucre","civilian_targeting",2023-05-01
"2023-05",NA,3,"tolima","civilian_targeting",2023-05-01
"2023-05",NA,6,"valle del cauca","civilian_targeting",2023-05-01
"2023-05","buenaventura",2,"valle del cauca","civilian_targeting",2023-05-01
"2023-05",NA,0,"vaupes","civilian_targeting",2023-05-01
"2023-05","arauca",12,"arauca","civilian_targeting",2023-05-01
"2023-05",NA,0,"guainia","civilian_targeting",2023-05-01
"2023-05",NA,0,"vichada","civilian_targeting",2023-05-01
"2023-05",NA,5,"guaviare","civilian_targeting",2023-05-01
"2023-05",NA,0,"san andres y providencia","civilian_targeting",2023-05-01
"2023-05",NA,2,"bogota, d.c.","civilian_targeting",2023-05-01
"2023-06",NA,1,"amazonas","civilian_targeting",2023-06-01
"2023-06",NA,15,"antioquia","civilian_targeting",2023-06-01
"2023-06",NA,2,"atlantico","civilian_targeting",2023-06-01
"2023-06",NA,9,"bolivar","civilian_targeting",2023-06-01
"2023-06",NA,1,"boyaca","civilian_targeting",2023-06-01
"2023-06",NA,1,"caldas","civilian_targeting",2023-06-01
"2023-06",NA,4,"caqueta","civilian_targeting",2023-06-01
"2023-06",NA,0,"casanare","civilian_targeting",2023-06-01
"2023-06",NA,23,"cauca","civilian_targeting",2023-06-01
"2023-06",NA,6,"cesar","civilian_targeting",2023-06-01
"2023-06",NA,6,"choco","civilian_targeting",2023-06-01
"2023-06",NA,3,"cordoba","civilian_targeting",2023-06-01
"2023-06",NA,0,"cundinamarca","civilian_targeting",2023-06-01
"2023-06",NA,5,"huila","civilian_targeting",2023-06-01
"2023-06",NA,4,"la guajira","civilian_targeting",2023-06-01
"2023-06",NA,2,"magdalena","civilian_targeting",2023-06-01
"2023-06",NA,1,"meta","civilian_targeting",2023-06-01
"2023-06",NA,3,"narino","civilian_targeting",2023-06-01
"2023-06","tumaco",1,"narino","civilian_targeting",2023-06-01
"2023-06",NA,13,"norte de santander","civilian_targeting",2023-06-01
"2023-06",NA,7,"putumayo","civilian_targeting",2023-06-01
"2023-06",NA,0,"quindio","civilian_targeting",2023-06-01
"2023-06",NA,0,"risaralda","civilian_targeting",2023-06-01
"2023-06",NA,1,"santander","civilian_targeting",2023-06-01
"2023-06",NA,0,"sucre","civilian_targeting",2023-06-01
"2023-06",NA,2,"tolima","civilian_targeting",2023-06-01
"2023-06",NA,8,"valle del cauca","civilian_targeting",2023-06-01
"2023-06","buenaventura",2,"valle del cauca","civilian_targeting",2023-06-01
"2023-06",NA,0,"vaupes","civilian_targeting",2023-06-01
"2023-06","arauca",11,"arauca","civilian_targeting",2023-06-01
"2023-06",NA,0,"guainia","civilian_targeting",2023-06-01
"2023-06",NA,0,"vichada","civilian_targeting",2023-06-01
"2023-06",NA,4,"guaviare","civilian_targeting",2023-06-01
"2023-06",NA,0,"san andres y providencia","civilian_targeting",2023-06-01
"2023-06",NA,2,"bogota, d.c.","civilian_targeting",2023-06-01
"2023-07",NA,0,"amazonas","civilian_targeting",2023-07-01
"2023-07",NA,16,"antioquia","civilian_targeting",2023-07-01
"2023-07",NA,3,"atlantico","civilian_targeting",2023-07-01
"2023-07",NA,7,"bolivar","civilian_targeting",2023-07-01
"2023-07",NA,0,"boyaca","civilian_targeting",2023-07-01
"2023-07",NA,1,"caldas","civilian_targeting",2023-07-01
"2023-07",NA,2,"caqueta","civilian_targeting",2023-07-01
"2023-07",NA,1,"casanare","civilian_targeting",2023-07-01
"2023-07",NA,44,"cauca","civilian_targeting",2023-07-01
"2023-07",NA,2,"cesar","civilian_targeting",2023-07-01
"2023-07",NA,9,"choco","civilian_targeting",2023-07-01
"2023-07",NA,2,"cordoba","civilian_targeting",2023-07-01
"2023-07",NA,0,"cundinamarca","civilian_targeting",2023-07-01
"2023-07",NA,4,"huila","civilian_targeting",2023-07-01
"2023-07",NA,5,"la guajira","civilian_targeting",2023-07-01
"2023-07",NA,2,"magdalena","civilian_targeting",2023-07-01
"2023-07",NA,3,"meta","civilian_targeting",2023-07-01
"2023-07",NA,11,"narino","civilian_targeting",2023-07-01
"2023-07","tumaco",6,"narino","civilian_targeting",2023-07-01
"2023-07",NA,16,"norte de santander","civilian_targeting",2023-07-01
"2023-07",NA,2,"putumayo","civilian_targeting",2023-07-01
"2023-07",NA,0,"quindio","civilian_targeting",2023-07-01
"2023-07",NA,0,"risaralda","civilian_targeting",2023-07-01
"2023-07",NA,3,"santander","civilian_targeting",2023-07-01
"2023-07",NA,1,"sucre","civilian_targeting",2023-07-01
"2023-07",NA,1,"tolima","civilian_targeting",2023-07-01
"2023-07",NA,14,"valle del cauca","civilian_targeting",2023-07-01
"2023-07","buenaventura",1,"valle del cauca","civilian_targeting",2023-07-01
"2023-07",NA,0,"vaupes","civilian_targeting",2023-07-01
"2023-07","arauca",13,"arauca","civilian_targeting",2023-07-01
"2023-07",NA,0,"guainia","civilian_targeting",2023-07-01
"2023-07",NA,0,"vichada","civilian_targeting",2023-07-01
"2023-07",NA,2,"guaviare","civilian_targeting",2023-07-01
"2023-07",NA,0,"san andres y providencia","civilian_targeting",2023-07-01
"2023-07",NA,1,"bogota, d.c.","civilian_targeting",2023-07-01
"2023-08",NA,1,"amazonas","civilian_targeting",2023-08-01
"2023-08",NA,12,"antioquia","civilian_targeting",2023-08-01
"2023-08",NA,4,"atlantico","civilian_targeting",2023-08-01
"2023-08",NA,11,"bolivar","civilian_targeting",2023-08-01
"2023-08",NA,2,"boyaca","civilian_targeting",2023-08-01
"2023-08",NA,0,"caldas","civilian_targeting",2023-08-01
"2023-08",NA,3,"caqueta","civilian_targeting",2023-08-01
"2023-08",NA,1,"casanare","civilian_targeting",2023-08-01
"2023-08",NA,21,"cauca","civilian_targeting",2023-08-01
"2023-08",NA,8,"cesar","civilian_targeting",2023-08-01
"2023-08",NA,3,"choco","civilian_targeting",2023-08-01
"2023-08",NA,3,"cordoba","civilian_targeting",2023-08-01
"2023-08",NA,1,"cundinamarca","civilian_targeting",2023-08-01
"2023-08",NA,8,"huila","civilian_targeting",2023-08-01
"2023-08",NA,6,"la guajira","civilian_targeting",2023-08-01
"2023-08",NA,4,"magdalena","civilian_targeting",2023-08-01
"2023-08",NA,3,"meta","civilian_targeting",2023-08-01
"2023-08",NA,14,"narino","civilian_targeting",2023-08-01
"2023-08","tumaco",5,"narino","civilian_targeting",2023-08-01
"2023-08",NA,21,"norte de santander","civilian_targeting",2023-08-01
"2023-08",NA,2,"putumayo","civilian_targeting",2023-08-01
"2023-08",NA,0,"quindio","civilian_targeting",2023-08-01
"2023-08",NA,0,"risaralda","civilian_targeting",2023-08-01
"2023-08",NA,5,"santander","civilian_targeting",2023-08-01
"2023-08",NA,0,"sucre","civilian_targeting",2023-08-01
"2023-08",NA,3,"tolima","civilian_targeting",2023-08-01
"2023-08",NA,4,"valle del cauca","civilian_targeting",2023-08-01
"2023-08","buenaventura",1,"valle del cauca","civilian_targeting",2023-08-01
"2023-08",NA,0,"vaupes","civilian_targeting",2023-08-01
"2023-08","arauca",11,"arauca","civilian_targeting",2023-08-01
"2023-08",NA,0,"guainia","civilian_targeting",2023-08-01
"2023-08",NA,0,"vichada","civilian_targeting",2023-08-01
"2023-08",NA,1,"guaviare","civilian_targeting",2023-08-01
"2023-08",NA,0,"san andres y providencia","civilian_targeting",2023-08-01
"2023-08",NA,8,"bogota, d.c.","civilian_targeting",2023-08-01
"2023-09",NA,0,"amazonas","civilian_targeting",2023-09-01
"2023-09",NA,12,"antioquia","civilian_targeting",2023-09-01
"2023-09",NA,5,"atlantico","civilian_targeting",2023-09-01
"2023-09",NA,14,"bolivar","civilian_targeting",2023-09-01
"2023-09",NA,2,"boyaca","civilian_targeting",2023-09-01
"2023-09",NA,0,"caldas","civilian_targeting",2023-09-01
"2023-09",NA,1,"caqueta","civilian_targeting",2023-09-01
"2023-09",NA,1,"casanare","civilian_targeting",2023-09-01
"2023-09",NA,16,"cauca","civilian_targeting",2023-09-01
"2023-09",NA,6,"cesar","civilian_targeting",2023-09-01
"2023-09",NA,0,"choco","civilian_targeting",2023-09-01
"2023-09",NA,3,"cordoba","civilian_targeting",2023-09-01
"2023-09",NA,2,"cundinamarca","civilian_targeting",2023-09-01
"2023-09",NA,4,"huila","civilian_targeting",2023-09-01
"2023-09",NA,5,"la guajira","civilian_targeting",2023-09-01
"2023-09",NA,3,"magdalena","civilian_targeting",2023-09-01
"2023-09",NA,2,"meta","civilian_targeting",2023-09-01
"2023-09",NA,5,"narino","civilian_targeting",2023-09-01
"2023-09","tumaco",3,"narino","civilian_targeting",2023-09-01
"2023-09",NA,16,"norte de santander","civilian_targeting",2023-09-01
"2023-09",NA,4,"putumayo","civilian_targeting",2023-09-01
"2023-09",NA,0,"quindio","civilian_targeting",2023-09-01
"2023-09",NA,0,"risaralda","civilian_targeting",2023-09-01
"2023-09",NA,3,"santander","civilian_targeting",2023-09-01
"2023-09",NA,5,"sucre","civilian_targeting",2023-09-01
"2023-09",NA,5,"tolima","civilian_targeting",2023-09-01
"2023-09",NA,3,"valle del cauca","civilian_targeting",2023-09-01
"2023-09","buenaventura",0,"valle del cauca","civilian_targeting",2023-09-01
"2023-09",NA,0,"vaupes","civilian_targeting",2023-09-01
"2023-09","arauca",9,"arauca","civilian_targeting",2023-09-01
"2023-09",NA,0,"guainia","civilian_targeting",2023-09-01
"2023-09",NA,0,"vichada","civilian_targeting",2023-09-01
"2023-09",NA,0,"guaviare","civilian_targeting",2023-09-01
"2023-09",NA,0,"san andres y providencia","civilian_targeting",2023-09-01
"2023-09",NA,7,"bogota, d.c.","civilian_targeting",2023-09-01
"2023-10",NA,1,"amazonas","civilian_targeting",2023-10-01
"2023-10",NA,19,"antioquia","civilian_targeting",2023-10-01
"2023-10",NA,5,"atlantico","civilian_targeting",2023-10-01
"2023-10",NA,9,"bolivar","civilian_targeting",2023-10-01
"2023-10",NA,0,"boyaca","civilian_targeting",2023-10-01
"2023-10",NA,1,"caldas","civilian_targeting",2023-10-01
"2023-10",NA,0,"caqueta","civilian_targeting",2023-10-01
"2023-10",NA,0,"casanare","civilian_targeting",2023-10-01
"2023-10",NA,31,"cauca","civilian_targeting",2023-10-01
"2023-10",NA,3,"cesar","civilian_targeting",2023-10-01
"2023-10",NA,2,"choco","civilian_targeting",2023-10-01
"2023-10",NA,1,"cordoba","civilian_targeting",2023-10-01
"2023-10",NA,2,"cundinamarca","civilian_targeting",2023-10-01
"2023-10",NA,4,"huila","civilian_targeting",2023-10-01
"2023-10",NA,9,"la guajira","civilian_targeting",2023-10-01
"2023-10",NA,7,"magdalena","civilian_targeting",2023-10-01
"2023-10",NA,2,"meta","civilian_targeting",2023-10-01
"2023-10",NA,6,"narino","civilian_targeting",2023-10-01
"2023-10","tumaco",5,"narino","civilian_targeting",2023-10-01
"2023-10",NA,13,"norte de santander","civilian_targeting",2023-10-01
"2023-10",NA,4,"putumayo","civilian_targeting",2023-10-01
"2023-10",NA,0,"quindio","civilian_targeting",2023-10-01
"2023-10",NA,0,"risaralda","civilian_targeting",2023-10-01
"2023-10",NA,6,"santander","civilian_targeting",2023-10-01
"2023-10",NA,3,"sucre","civilian_targeting",2023-10-01
"2023-10",NA,4,"tolima","civilian_targeting",2023-10-01
"2023-10",NA,5,"valle del cauca","civilian_targeting",2023-10-01
"2023-10","buenaventura",2,"valle del cauca","civilian_targeting",2023-10-01
"2023-10",NA,0,"vaupes","civilian_targeting",2023-10-01
"2023-10","arauca",10,"arauca","civilian_targeting",2023-10-01
"2023-10",NA,0,"guainia","civilian_targeting",2023-10-01
"2023-10",NA,0,"vichada","civilian_targeting",2023-10-01
"2023-10",NA,0,"guaviare","civilian_targeting",2023-10-01
"2023-10",NA,0,"san andres y providencia","civilian_targeting",2023-10-01
"2023-10",NA,2,"bogota, d.c.","civilian_targeting",2023-10-01
"2023-11",NA,0,"amazonas","civilian_targeting",2023-11-01
"2023-11",NA,37,"antioquia","civilian_targeting",2023-11-01
"2023-11",NA,2,"atlantico","civilian_targeting",2023-11-01
"2023-11",NA,11,"bolivar","civilian_targeting",2023-11-01
"2023-11",NA,1,"boyaca","civilian_targeting",2023-11-01
"2023-11",NA,1,"caldas","civilian_targeting",2023-11-01
"2023-11",NA,0,"caqueta","civilian_targeting",2023-11-01
"2023-11",NA,2,"casanare","civilian_targeting",2023-11-01
"2023-11",NA,30,"cauca","civilian_targeting",2023-11-01
"2023-11",NA,4,"cesar","civilian_targeting",2023-11-01
"2023-11",NA,5,"choco","civilian_targeting",2023-11-01
"2023-11",NA,2,"cordoba","civilian_targeting",2023-11-01
"2023-11",NA,2,"cundinamarca","civilian_targeting",2023-11-01
"2023-11",NA,6,"huila","civilian_targeting",2023-11-01
"2023-11",NA,2,"la guajira","civilian_targeting",2023-11-01
"2023-11",NA,3,"magdalena","civilian_targeting",2023-11-01
"2023-11",NA,1,"meta","civilian_targeting",2023-11-01
"2023-11",NA,6,"narino","civilian_targeting",2023-11-01
"2023-11","tumaco",0,"narino","civilian_targeting",2023-11-01
"2023-11",NA,13,"norte de santander","civilian_targeting",2023-11-01
"2023-11",NA,7,"putumayo","civilian_targeting",2023-11-01
"2023-11",NA,0,"quindio","civilian_targeting",2023-11-01
"2023-11",NA,0,"risaralda","civilian_targeting",2023-11-01
"2023-11",NA,6,"santander","civilian_targeting",2023-11-01
"2023-11",NA,0,"sucre","civilian_targeting",2023-11-01
"2023-11",NA,2,"tolima","civilian_targeting",2023-11-01
"2023-11",NA,8,"valle del cauca","civilian_targeting",2023-11-01
"2023-11","buenaventura",2,"valle del cauca","civilian_targeting",2023-11-01
"2023-11",NA,0,"vaupes","civilian_targeting",2023-11-01
"2023-11","arauca",15,"arauca","civilian_targeting",2023-11-01
"2023-11",NA,0,"guainia","civilian_targeting",2023-11-01
"2023-11",NA,0,"vichada","civilian_targeting",2023-11-01
"2023-11",NA,0,"guaviare","civilian_targeting",2023-11-01
"2023-11",NA,0,"san andres y providencia","civilian_targeting",2023-11-01
"2023-11",NA,3,"bogota, d.c.","civilian_targeting",2023-11-01
"2023-12",NA,0,"amazonas","civilian_targeting",2023-12-01
"2023-12",NA,23,"antioquia","civilian_targeting",2023-12-01
"2023-12",NA,1,"atlantico","civilian_targeting",2023-12-01
"2023-12",NA,9,"bolivar","civilian_targeting",2023-12-01
"2023-12",NA,0,"boyaca","civilian_targeting",2023-12-01
"2023-12",NA,3,"caldas","civilian_targeting",2023-12-01
"2023-12",NA,1,"caqueta","civilian_targeting",2023-12-01
"2023-12",NA,0,"casanare","civilian_targeting",2023-12-01
"2023-12",NA,23,"cauca","civilian_targeting",2023-12-01
"2023-12",NA,8,"cesar","civilian_targeting",2023-12-01
"2023-12",NA,10,"choco","civilian_targeting",2023-12-01
"2023-12",NA,2,"cordoba","civilian_targeting",2023-12-01
"2023-12",NA,1,"cundinamarca","civilian_targeting",2023-12-01
"2023-12",NA,1,"huila","civilian_targeting",2023-12-01
"2023-12",NA,3,"la guajira","civilian_targeting",2023-12-01
"2023-12",NA,3,"magdalena","civilian_targeting",2023-12-01
"2023-12",NA,3,"meta","civilian_targeting",2023-12-01
"2023-12",NA,6,"narino","civilian_targeting",2023-12-01
"2023-12","tumaco",1,"narino","civilian_targeting",2023-12-01
"2023-12",NA,13,"norte de santander","civilian_targeting",2023-12-01
"2023-12",NA,15,"putumayo","civilian_targeting",2023-12-01
"2023-12",NA,2,"quindio","civilian_targeting",2023-12-01
"2023-12",NA,0,"risaralda","civilian_targeting",2023-12-01
"2023-12",NA,5,"santander","civilian_targeting",2023-12-01
"2023-12",NA,3,"sucre","civilian_targeting",2023-12-01
"2023-12",NA,2,"tolima","civilian_targeting",2023-12-01
"2023-12",NA,10,"valle del cauca","civilian_targeting",2023-12-01
"2023-12","buenaventura",0,"valle del cauca","civilian_targeting",2023-12-01
"2023-12",NA,0,"vaupes","civilian_targeting",2023-12-01
"2023-12","arauca",17,"arauca","civilian_targeting",2023-12-01
"2023-12",NA,0,"guainia","civilian_targeting",2023-12-01
"2023-12",NA,0,"vichada","civilian_targeting",2023-12-01
"2023-12",NA,0,"guaviare","civilian_targeting",2023-12-01
"2023-12",NA,0,"san andres y providencia","civilian_targeting",2023-12-01
"2023-12",NA,2,"bogota, d.c.","civilian_targeting",2023-12-01
"2024-01",NA,0,"amazonas","civilian_targeting",2024-01-01
"2024-01",NA,30,"antioquia","civilian_targeting",2024-01-01
"2024-01",NA,5,"atlantico","civilian_targeting",2024-01-01
"2024-01",NA,13,"bolivar","civilian_targeting",2024-01-01
"2024-01",NA,1,"boyaca","civilian_targeting",2024-01-01
"2024-01",NA,1,"caldas","civilian_targeting",2024-01-01
"2024-01",NA,1,"caqueta","civilian_targeting",2024-01-01
"2024-01",NA,0,"casanare","civilian_targeting",2024-01-01
"2024-01",NA,35,"cauca","civilian_targeting",2024-01-01
"2024-01",NA,3,"cesar","civilian_targeting",2024-01-01
"2024-01",NA,10,"choco","civilian_targeting",2024-01-01
"2024-01",NA,2,"cordoba","civilian_targeting",2024-01-01
"2024-01",NA,1,"cundinamarca","civilian_targeting",2024-01-01
"2024-01",NA,5,"huila","civilian_targeting",2024-01-01
"2024-01",NA,3,"la guajira","civilian_targeting",2024-01-01
"2024-01",NA,4,"magdalena","civilian_targeting",2024-01-01
"2024-01",NA,1,"meta","civilian_targeting",2024-01-01
"2024-01",NA,4,"narino","civilian_targeting",2024-01-01
"2024-01","tumaco",3,"narino","civilian_targeting",2024-01-01
"2024-01",NA,21,"norte de santander","civilian_targeting",2024-01-01
"2024-01",NA,16,"putumayo","civilian_targeting",2024-01-01
"2024-01",NA,0,"quindio","civilian_targeting",2024-01-01
"2024-01",NA,0,"risaralda","civilian_targeting",2024-01-01
"2024-01",NA,3,"santander","civilian_targeting",2024-01-01
"2024-01",NA,3,"sucre","civilian_targeting",2024-01-01
"2024-01",NA,2,"tolima","civilian_targeting",2024-01-01
"2024-01",NA,5,"valle del cauca","civilian_targeting",2024-01-01
"2024-01","buenaventura",2,"valle del cauca","civilian_targeting",2024-01-01
"2024-01",NA,0,"vaupes","civilian_targeting",2024-01-01
"2024-01","arauca",16,"arauca","civilian_targeting",2024-01-01
"2024-01",NA,0,"guainia","civilian_targeting",2024-01-01
"2024-01",NA,0,"vichada","civilian_targeting",2024-01-01
"2024-01",NA,0,"guaviare","civilian_targeting",2024-01-01
"2024-01",NA,0,"san andres y providencia","civilian_targeting",2024-01-01
"2024-01",NA,2,"bogota, d.c.","civilian_targeting",2024-01-01
"2024-02",NA,0,"amazonas","civilian_targeting",2024-02-01
"2024-02",NA,24,"antioquia","civilian_targeting",2024-02-01
"2024-02",NA,0,"atlantico","civilian_targeting",2024-02-01
"2024-02",NA,9,"bolivar","civilian_targeting",2024-02-01
"2024-02",NA,0,"boyaca","civilian_targeting",2024-02-01
"2024-02",NA,0,"caldas","civilian_targeting",2024-02-01
"2024-02",NA,1,"caqueta","civilian_targeting",2024-02-01
"2024-02",NA,1,"casanare","civilian_targeting",2024-02-01
"2024-02",NA,25,"cauca","civilian_targeting",2024-02-01
"2024-02",NA,7,"cesar","civilian_targeting",2024-02-01
"2024-02",NA,9,"choco","civilian_targeting",2024-02-01
"2024-02",NA,0,"cordoba","civilian_targeting",2024-02-01
"2024-02",NA,0,"cundinamarca","civilian_targeting",2024-02-01
"2024-02",NA,3,"huila","civilian_targeting",2024-02-01
"2024-02",NA,2,"la guajira","civilian_targeting",2024-02-01
"2024-02",NA,6,"magdalena","civilian_targeting",2024-02-01
"2024-02",NA,0,"meta","civilian_targeting",2024-02-01
"2024-02",NA,3,"narino","civilian_targeting",2024-02-01
"2024-02","tumaco",0,"narino","civilian_targeting",2024-02-01
"2024-02",NA,8,"norte de santander","civilian_targeting",2024-02-01
"2024-02",NA,11,"putumayo","civilian_targeting",2024-02-01
"2024-02",NA,0,"quindio","civilian_targeting",2024-02-01
"2024-02",NA,1,"risaralda","civilian_targeting",2024-02-01
"2024-02",NA,5,"santander","civilian_targeting",2024-02-01
"2024-02",NA,1,"sucre","civilian_targeting",2024-02-01
"2024-02",NA,4,"tolima","civilian_targeting",2024-02-01
"2024-02",NA,9,"valle del cauca","civilian_targeting",2024-02-01
"2024-02","buenaventura",0,"valle del cauca","civilian_targeting",2024-02-01
"2024-02",NA,0,"vaupes","civilian_targeting",2024-02-01
"2024-02","arauca",6,"arauca","civilian_targeting",2024-02-01
"2024-02",NA,0,"guainia","civilian_targeting",2024-02-01
"2024-02",NA,0,"vichada","civilian_targeting",2024-02-01
"2024-02",NA,0,"guaviare","civilian_targeting",2024-02-01
"2024-02",NA,0,"san andres y providencia","civilian_targeting",2024-02-01
"2024-02",NA,4,"bogota, d.c.","civilian_targeting",2024-02-01
"2024-03",NA,1,"amazonas","civilian_targeting",2024-03-01
"2024-03",NA,22,"antioquia","civilian_targeting",2024-03-01
"2024-03",NA,7,"atlantico","civilian_targeting",2024-03-01
"2024-03",NA,6,"bolivar","civilian_targeting",2024-03-01
"2024-03",NA,0,"boyaca","civilian_targeting",2024-03-01
"2024-03",NA,0,"caldas","civilian_targeting",2024-03-01
"2024-03",NA,5,"caqueta","civilian_targeting",2024-03-01
"2024-03",NA,1,"casanare","civilian_targeting",2024-03-01
"2024-03",NA,22,"cauca","civilian_targeting",2024-03-01
"2024-03",NA,2,"cesar","civilian_targeting",2024-03-01
"2024-03",NA,6,"choco","civilian_targeting",2024-03-01
"2024-03",NA,1,"cordoba","civilian_targeting",2024-03-01
"2024-03",NA,0,"cundinamarca","civilian_targeting",2024-03-01
"2024-03",NA,0,"huila","civilian_targeting",2024-03-01
"2024-03",NA,3,"la guajira","civilian_targeting",2024-03-01
"2024-03",NA,4,"magdalena","civilian_targeting",2024-03-01
"2024-03",NA,0,"meta","civilian_targeting",2024-03-01
"2024-03",NA,1,"narino","civilian_targeting",2024-03-01
"2024-03","tumaco",2,"narino","civilian_targeting",2024-03-01
"2024-03",NA,19,"norte de santander","civilian_targeting",2024-03-01
"2024-03",NA,3,"putumayo","civilian_targeting",2024-03-01
"2024-03",NA,0,"quindio","civilian_targeting",2024-03-01
"2024-03",NA,1,"risaralda","civilian_targeting",2024-03-01
"2024-03",NA,5,"santander","civilian_targeting",2024-03-01
"2024-03",NA,2,"sucre","civilian_targeting",2024-03-01
"2024-03",NA,1,"tolima","civilian_targeting",2024-03-01
"2024-03",NA,3,"valle del cauca","civilian_targeting",2024-03-01
"2024-03","buenaventura",0,"valle del cauca","civilian_targeting",2024-03-01
"2024-03",NA,0,"vaupes","civilian_targeting",2024-03-01
"2024-03","arauca",21,"arauca","civilian_targeting",2024-03-01
"2024-03",NA,0,"guainia","civilian_targeting",2024-03-01
"2024-03",NA,1,"vichada","civilian_targeting",2024-03-01
"2024-03",NA,0,"guaviare","civilian_targeting",2024-03-01
"2024-03",NA,0,"san andres y providencia","civilian_targeting",2024-03-01
"2024-03",NA,0,"bogota, d.c.","civilian_targeting",2024-03-01
"2024-04",NA,3,"amazonas","civilian_targeting",2024-04-01
"2024-04",NA,9,"antioquia","civilian_targeting",2024-04-01
"2024-04",NA,0,"atlantico","civilian_targeting",2024-04-01
"2024-04",NA,9,"bolivar","civilian_targeting",2024-04-01
"2024-04",NA,0,"boyaca","civilian_targeting",2024-04-01
"2024-04",NA,0,"caldas","civilian_targeting",2024-04-01
"2024-04",NA,0,"caqueta","civilian_targeting",2024-04-01
"2024-04",NA,0,"casanare","civilian_targeting",2024-04-01
"2024-04",NA,14,"cauca","civilian_targeting",2024-04-01
"2024-04",NA,1,"cesar","civilian_targeting",2024-04-01
"2024-04",NA,6,"choco","civilian_targeting",2024-04-01
"2024-04",NA,1,"cordoba","civilian_targeting",2024-04-01
"2024-04",NA,2,"cundinamarca","civilian_targeting",2024-04-01
"2024-04",NA,2,"huila","civilian_targeting",2024-04-01
"2024-04",NA,4,"la guajira","civilian_targeting",2024-04-01
"2024-04",NA,1,"magdalena","civilian_targeting",2024-04-01
"2024-04",NA,3,"meta","civilian_targeting",2024-04-01
"2024-04",NA,4,"narino","civilian_targeting",2024-04-01
"2024-04","tumaco",1,"narino","civilian_targeting",2024-04-01
"2024-04",NA,10,"norte de santander","civilian_targeting",2024-04-01
"2024-04",NA,8,"putumayo","civilian_targeting",2024-04-01
"2024-04",NA,0,"quindio","civilian_targeting",2024-04-01
"2024-04",NA,0,"risaralda","civilian_targeting",2024-04-01
"2024-04",NA,4,"santander","civilian_targeting",2024-04-01
"2024-04",NA,0,"sucre","civilian_targeting",2024-04-01
"2024-04",NA,0,"tolima","civilian_targeting",2024-04-01
"2024-04",NA,3,"valle del cauca","civilian_targeting",2024-04-01
"2024-04","buenaventura",1,"valle del cauca","civilian_targeting",2024-04-01
"2024-04",NA,1,"vaupes","civilian_targeting",2024-04-01
"2024-04","arauca",26,"arauca","civilian_targeting",2024-04-01
"2024-04",NA,0,"guainia","civilian_targeting",2024-04-01
"2024-04",NA,2,"vichada","civilian_targeting",2024-04-01
"2024-04",NA,2,"guaviare","civilian_targeting",2024-04-01
"2024-04",NA,0,"san andres y providencia","civilian_targeting",2024-04-01
"2024-04",NA,5,"bogota, d.c.","civilian_targeting",2024-04-01
"2024-05",NA,0,"amazonas","civilian_targeting",2024-05-01
"2024-05",NA,15,"antioquia","civilian_targeting",2024-05-01
"2024-05",NA,1,"atlantico","civilian_targeting",2024-05-01
"2024-05",NA,4,"bolivar","civilian_targeting",2024-05-01
"2024-05",NA,0,"boyaca","civilian_targeting",2024-05-01
"2024-05",NA,0,"caldas","civilian_targeting",2024-05-01
"2024-05",NA,1,"caqueta","civilian_targeting",2024-05-01
"2024-05",NA,1,"casanare","civilian_targeting",2024-05-01
"2024-05",NA,18,"cauca","civilian_targeting",2024-05-01
"2024-05",NA,3,"cesar","civilian_targeting",2024-05-01
"2024-05",NA,5,"choco","civilian_targeting",2024-05-01
"2024-05",NA,1,"cordoba","civilian_targeting",2024-05-01
"2024-05",NA,1,"cundinamarca","civilian_targeting",2024-05-01
"2024-05",NA,3,"huila","civilian_targeting",2024-05-01
"2024-05",NA,2,"la guajira","civilian_targeting",2024-05-01
"2024-05",NA,2,"magdalena","civilian_targeting",2024-05-01
"2024-05",NA,3,"meta","civilian_targeting",2024-05-01
"2024-05",NA,3,"narino","civilian_targeting",2024-05-01
"2024-05","tumaco",0,"narino","civilian_targeting",2024-05-01
"2024-05",NA,10,"norte de santander","civilian_targeting",2024-05-01
"2024-05",NA,3,"putumayo","civilian_targeting",2024-05-01
"2024-05",NA,0,"quindio","civilian_targeting",2024-05-01
"2024-05",NA,0,"risaralda","civilian_targeting",2024-05-01
"2024-05",NA,3,"santander","civilian_targeting",2024-05-01
"2024-05",NA,0,"sucre","civilian_targeting",2024-05-01
"2024-05",NA,1,"tolima","civilian_targeting",2024-05-01
"2024-05",NA,3,"valle del cauca","civilian_targeting",2024-05-01
"2024-05","buenaventura",1,"valle del cauca","civilian_targeting",2024-05-01
"2024-05",NA,0,"vaupes","civilian_targeting",2024-05-01
"2024-05","arauca",18,"arauca","civilian_targeting",2024-05-01
"2024-05",NA,0,"guainia","civilian_targeting",2024-05-01
"2024-05",NA,0,"vichada","civilian_targeting",2024-05-01
"2024-05",NA,0,"guaviare","civilian_targeting",2024-05-01
"2024-05",NA,0,"san andres y providencia","civilian_targeting",2024-05-01
"2024-05",NA,3,"bogota, d.c.","civilian_targeting",2024-05-01
"2024-06",NA,0,"amazonas","civilian_targeting",2024-06-01
"2024-06",NA,19,"antioquia","civilian_targeting",2024-06-01
"2024-06",NA,2,"atlantico","civilian_targeting",2024-06-01
"2024-06",NA,2,"bolivar","civilian_targeting",2024-06-01
"2024-06",NA,0,"boyaca","civilian_targeting",2024-06-01
"2024-06",NA,0,"caldas","civilian_targeting",2024-06-01
"2024-06",NA,2,"caqueta","civilian_targeting",2024-06-01
"2024-06",NA,1,"casanare","civilian_targeting",2024-06-01
"2024-06",NA,18,"cauca","civilian_targeting",2024-06-01
"2024-06",NA,2,"cesar","civilian_targeting",2024-06-01
"2024-06",NA,0,"choco","civilian_targeting",2024-06-01
"2024-06",NA,0,"cordoba","civilian_targeting",2024-06-01
"2024-06",NA,0,"cundinamarca","civilian_targeting",2024-06-01
"2024-06",NA,2,"huila","civilian_targeting",2024-06-01
"2024-06",NA,1,"la guajira","civilian_targeting",2024-06-01
"2024-06",NA,0,"magdalena","civilian_targeting",2024-06-01
"2024-06",NA,4,"meta","civilian_targeting",2024-06-01
"2024-06",NA,1,"narino","civilian_targeting",2024-06-01
"2024-06","tumaco",0,"narino","civilian_targeting",2024-06-01
"2024-06",NA,12,"norte de santander","civilian_targeting",2024-06-01
"2024-06",NA,14,"putumayo","civilian_targeting",2024-06-01
"2024-06",NA,1,"quindio","civilian_targeting",2024-06-01
"2024-06",NA,0,"risaralda","civilian_targeting",2024-06-01
"2024-06",NA,3,"santander","civilian_targeting",2024-06-01
"2024-06",NA,1,"sucre","civilian_targeting",2024-06-01
"2024-06",NA,1,"tolima","civilian_targeting",2024-06-01
"2024-06",NA,9,"valle del cauca","civilian_targeting",2024-06-01
"2024-06","buenaventura",0,"valle del cauca","civilian_targeting",2024-06-01
"2024-06",NA,0,"vaupes","civilian_targeting",2024-06-01
"2024-06","arauca",12,"arauca","civilian_targeting",2024-06-01
"2024-06",NA,0,"guainia","civilian_targeting",2024-06-01
"2024-06",NA,0,"vichada","civilian_targeting",2024-06-01
"2024-06",NA,0,"guaviare","civilian_targeting",2024-06-01
"2024-06",NA,0,"san andres y providencia","civilian_targeting",2024-06-01
"2024-06",NA,3,"bogota, d.c.","civilian_targeting",2024-06-01
"2024-07",NA,0,"amazonas","civilian_targeting",2024-07-01
"2024-07",NA,16,"antioquia","civilian_targeting",2024-07-01
"2024-07",NA,1,"atlantico","civilian_targeting",2024-07-01
"2024-07",NA,4,"bolivar","civilian_targeting",2024-07-01
"2024-07",NA,0,"boyaca","civilian_targeting",2024-07-01
"2024-07",NA,0,"caldas","civilian_targeting",2024-07-01
"2024-07",NA,0,"caqueta","civilian_targeting",2024-07-01
"2024-07",NA,1,"casanare","civilian_targeting",2024-07-01
"2024-07",NA,16,"cauca","civilian_targeting",2024-07-01
"2024-07",NA,0,"cesar","civilian_targeting",2024-07-01
"2024-07",NA,8,"choco","civilian_targeting",2024-07-01
"2024-07",NA,0,"cordoba","civilian_targeting",2024-07-01
"2024-07",NA,0,"cundinamarca","civilian_targeting",2024-07-01
"2024-07",NA,1,"huila","civilian_targeting",2024-07-01
"2024-07",NA,1,"la guajira","civilian_targeting",2024-07-01
"2024-07",NA,1,"magdalena","civilian_targeting",2024-07-01
"2024-07",NA,0,"meta","civilian_targeting",2024-07-01
"2024-07",NA,3,"narino","civilian_targeting",2024-07-01
"2024-07","tumaco",2,"narino","civilian_targeting",2024-07-01
"2024-07",NA,13,"norte de santander","civilian_targeting",2024-07-01
"2024-07",NA,1,"putumayo","civilian_targeting",2024-07-01
"2024-07",NA,0,"quindio","civilian_targeting",2024-07-01
"2024-07",NA,1,"risaralda","civilian_targeting",2024-07-01
"2024-07",NA,1,"santander","civilian_targeting",2024-07-01
"2024-07",NA,0,"sucre","civilian_targeting",2024-07-01
"2024-07",NA,1,"tolima","civilian_targeting",2024-07-01
"2024-07",NA,10,"valle del cauca","civilian_targeting",2024-07-01
"2024-07","buenaventura",0,"valle del cauca","civilian_targeting",2024-07-01
"2024-07",NA,0,"vaupes","civilian_targeting",2024-07-01
"2024-07","arauca",9,"arauca","civilian_targeting",2024-07-01
"2024-07",NA,0,"guainia","civilian_targeting",2024-07-01
"2024-07",NA,0,"vichada","civilian_targeting",2024-07-01
"2024-07",NA,0,"guaviare","civilian_targeting",2024-07-01
"2024-07",NA,0,"san andres y providencia","civilian_targeting",2024-07-01
"2024-07",NA,3,"bogota, d.c.","civilian_targeting",2024-07-01
"2024-08",NA,0,"amazonas","civilian_targeting",2024-08-01
"2024-08",NA,25,"antioquia","civilian_targeting",2024-08-01
"2024-08",NA,3,"atlantico","civilian_targeting",2024-08-01
"2024-08",NA,6,"bolivar","civilian_targeting",2024-08-01
"2024-08",NA,2,"boyaca","civilian_targeting",2024-08-01
"2024-08",NA,0,"caldas","civilian_targeting",2024-08-01
"2024-08",NA,3,"caqueta","civilian_targeting",2024-08-01
"2024-08",NA,0,"casanare","civilian_targeting",2024-08-01
"2024-08",NA,24,"cauca","civilian_targeting",2024-08-01
"2024-08",NA,3,"cesar","civilian_targeting",2024-08-01
"2024-08",NA,10,"choco","civilian_targeting",2024-08-01
"2024-08",NA,2,"cordoba","civilian_targeting",2024-08-01
"2024-08",NA,1,"cundinamarca","civilian_targeting",2024-08-01
"2024-08",NA,3,"huila","civilian_targeting",2024-08-01
"2024-08",NA,4,"la guajira","civilian_targeting",2024-08-01
"2024-08",NA,3,"magdalena","civilian_targeting",2024-08-01
"2024-08",NA,1,"meta","civilian_targeting",2024-08-01
"2024-08",NA,4,"narino","civilian_targeting",2024-08-01
"2024-08","tumaco",2,"narino","civilian_targeting",2024-08-01
"2024-08",NA,13,"norte de santander","civilian_targeting",2024-08-01
"2024-08",NA,2,"putumayo","civilian_targeting",2024-08-01
"2024-08",NA,2,"quindio","civilian_targeting",2024-08-01
"2024-08",NA,2,"risaralda","civilian_targeting",2024-08-01
"2024-08",NA,0,"santander","civilian_targeting",2024-08-01
"2024-08",NA,0,"sucre","civilian_targeting",2024-08-01
"2024-08",NA,1,"tolima","civilian_targeting",2024-08-01
"2024-08",NA,4,"valle del cauca","civilian_targeting",2024-08-01
"2024-08","buenaventura",0,"valle del cauca","civilian_targeting",2024-08-01
"2024-08",NA,0,"vaupes","civilian_targeting",2024-08-01
"2024-08","arauca",16,"arauca","civilian_targeting",2024-08-01
"2024-08",NA,0,"guainia","civilian_targeting",2024-08-01
"2024-08",NA,0,"vichada","civilian_targeting",2024-08-01
"2024-08",NA,1,"guaviare","civilian_targeting",2024-08-01
"2024-08",NA,0,"san andres y providencia","civilian_targeting",2024-08-01
"2024-08",NA,6,"bogota, d.c.","civilian_targeting",2024-08-01
"2024-09",NA,0,"amazonas","civilian_targeting",2024-09-01
"2024-09",NA,14,"antioquia","civilian_targeting",2024-09-01
"2024-09",NA,2,"atlantico","civilian_targeting",2024-09-01
"2024-09",NA,7,"bolivar","civilian_targeting",2024-09-01
"2024-09",NA,0,"boyaca","civilian_targeting",2024-09-01
"2024-09",NA,0,"caldas","civilian_targeting",2024-09-01
"2024-09",NA,1,"caqueta","civilian_targeting",2024-09-01
"2024-09",NA,1,"casanare","civilian_targeting",2024-09-01
"2024-09",NA,18,"cauca","civilian_targeting",2024-09-01
"2024-09",NA,2,"cesar","civilian_targeting",2024-09-01
"2024-09",NA,12,"choco","civilian_targeting",2024-09-01
"2024-09",NA,1,"cordoba","civilian_targeting",2024-09-01
"2024-09",NA,0,"cundinamarca","civilian_targeting",2024-09-01
"2024-09",NA,5,"huila","civilian_targeting",2024-09-01
"2024-09",NA,5,"la guajira","civilian_targeting",2024-09-01
"2024-09",NA,6,"magdalena","civilian_targeting",2024-09-01
"2024-09",NA,0,"meta","civilian_targeting",2024-09-01
"2024-09",NA,4,"narino","civilian_targeting",2024-09-01
"2024-09","tumaco",1,"narino","civilian_targeting",2024-09-01
"2024-09",NA,12,"norte de santander","civilian_targeting",2024-09-01
"2024-09",NA,2,"putumayo","civilian_targeting",2024-09-01
"2024-09",NA,0,"quindio","civilian_targeting",2024-09-01
"2024-09",NA,0,"risaralda","civilian_targeting",2024-09-01
"2024-09",NA,1,"santander","civilian_targeting",2024-09-01
"2024-09",NA,0,"sucre","civilian_targeting",2024-09-01
"2024-09",NA,0,"tolima","civilian_targeting",2024-09-01
"2024-09",NA,7,"valle del cauca","civilian_targeting",2024-09-01
"2024-09","buenaventura",0,"valle del cauca","civilian_targeting",2024-09-01
"2024-09",NA,0,"vaupes","civilian_targeting",2024-09-01
"2024-09","arauca",9,"arauca","civilian_targeting",2024-09-01
"2024-09",NA,0,"guainia","civilian_targeting",2024-09-01
"2024-09",NA,0,"vichada","civilian_targeting",2024-09-01
"2024-09",NA,1,"guaviare","civilian_targeting",2024-09-01
"2024-09",NA,0,"san andres y providencia","civilian_targeting",2024-09-01
"2024-09",NA,0,"bogota, d.c.","civilian_targeting",2024-09-01
"2024-10",NA,0,"amazonas","civilian_targeting",2024-10-01
"2024-10",NA,19,"antioquia","civilian_targeting",2024-10-01
"2024-10",NA,2,"atlantico","civilian_targeting",2024-10-01
"2024-10",NA,6,"bolivar","civilian_targeting",2024-10-01
"2024-10",NA,1,"boyaca","civilian_targeting",2024-10-01
"2024-10",NA,0,"caldas","civilian_targeting",2024-10-01
"2024-10",NA,1,"caqueta","civilian_targeting",2024-10-01
"2024-10",NA,0,"casanare","civilian_targeting",2024-10-01
"2024-10",NA,18,"cauca","civilian_targeting",2024-10-01
"2024-10",NA,5,"cesar","civilian_targeting",2024-10-01
"2024-10",NA,8,"choco","civilian_targeting",2024-10-01
"2024-10",NA,1,"cordoba","civilian_targeting",2024-10-01
"2024-10",NA,1,"cundinamarca","civilian_targeting",2024-10-01
"2024-10",NA,4,"huila","civilian_targeting",2024-10-01
"2024-10",NA,9,"la guajira","civilian_targeting",2024-10-01
"2024-10",NA,1,"magdalena","civilian_targeting",2024-10-01
"2024-10",NA,2,"meta","civilian_targeting",2024-10-01
"2024-10",NA,3,"narino","civilian_targeting",2024-10-01
"2024-10","tumaco",1,"narino","civilian_targeting",2024-10-01
"2024-10",NA,4,"norte de santander","civilian_targeting",2024-10-01
"2024-10",NA,5,"putumayo","civilian_targeting",2024-10-01
"2024-10",NA,0,"quindio","civilian_targeting",2024-10-01
"2024-10",NA,0,"risaralda","civilian_targeting",2024-10-01
"2024-10",NA,3,"santander","civilian_targeting",2024-10-01
"2024-10",NA,0,"sucre","civilian_targeting",2024-10-01
"2024-10",NA,3,"tolima","civilian_targeting",2024-10-01
"2024-10",NA,11,"valle del cauca","civilian_targeting",2024-10-01
"2024-10","buenaventura",0,"valle del cauca","civilian_targeting",2024-10-01
"2024-10",NA,0,"vaupes","civilian_targeting",2024-10-01
"2024-10","arauca",19,"arauca","civilian_targeting",2024-10-01
"2024-10",NA,0,"guainia","civilian_targeting",2024-10-01
"2024-10",NA,1,"vichada","civilian_targeting",2024-10-01
"2024-10",NA,0,"guaviare","civilian_targeting",2024-10-01
"2024-10",NA,0,"san andres y providencia","civilian_targeting",2024-10-01
"2024-10",NA,3,"bogota, d.c.","civilian_targeting",2024-10-01
"2024-11",NA,1,"amazonas","civilian_targeting",2024-11-01
"2024-11",NA,11,"antioquia","civilian_targeting",2024-11-01
"2024-11",NA,3,"atlantico","civilian_targeting",2024-11-01
"2024-11",NA,4,"bolivar","civilian_targeting",2024-11-01
"2024-11",NA,0,"boyaca","civilian_targeting",2024-11-01
"2024-11",NA,0,"caldas","civilian_targeting",2024-11-01
"2024-11",NA,3,"caqueta","civilian_targeting",2024-11-01
"2024-11",NA,1,"casanare","civilian_targeting",2024-11-01
"2024-11",NA,18,"cauca","civilian_targeting",2024-11-01
"2024-11",NA,3,"cesar","civilian_targeting",2024-11-01
"2024-11",NA,9,"choco","civilian_targeting",2024-11-01
"2024-11",NA,3,"cordoba","civilian_targeting",2024-11-01
"2024-11",NA,1,"cundinamarca","civilian_targeting",2024-11-01
"2024-11",NA,2,"huila","civilian_targeting",2024-11-01
"2024-11",NA,5,"la guajira","civilian_targeting",2024-11-01
"2024-11",NA,1,"magdalena","civilian_targeting",2024-11-01
"2024-11",NA,0,"meta","civilian_targeting",2024-11-01
"2024-11",NA,5,"narino","civilian_targeting",2024-11-01
"2024-11","tumaco",2,"narino","civilian_targeting",2024-11-01
"2024-11",NA,4,"norte de santander","civilian_targeting",2024-11-01
"2024-11",NA,2,"putumayo","civilian_targeting",2024-11-01
"2024-11",NA,0,"quindio","civilian_targeting",2024-11-01
"2024-11",NA,0,"risaralda","civilian_targeting",2024-11-01
"2024-11",NA,3,"santander","civilian_targeting",2024-11-01
"2024-11",NA,2,"sucre","civilian_targeting",2024-11-01
"2024-11",NA,0,"tolima","civilian_targeting",2024-11-01
"2024-11",NA,12,"valle del cauca","civilian_targeting",2024-11-01
"2024-11","buenaventura",0,"valle del cauca","civilian_targeting",2024-11-01
"2024-11",NA,0,"vaupes","civilian_targeting",2024-11-01
"2024-11","arauca",19,"arauca","civilian_targeting",2024-11-01
"2024-11",NA,0,"guainia","civilian_targeting",2024-11-01
"2024-11",NA,0,"vichada","civilian_targeting",2024-11-01
"2024-11",NA,0,"guaviare","civilian_targeting",2024-11-01
"2024-11",NA,0,"san andres y providencia","civilian_targeting",2024-11-01
"2024-11",NA,2,"bogota, d.c.","civilian_targeting",2024-11-01
"2024-12",NA,1,"amazonas","civilian_targeting",2024-12-01
"2024-12",NA,18,"antioquia","civilian_targeting",2024-12-01
"2024-12",NA,3,"atlantico","civilian_targeting",2024-12-01
"2024-12",NA,4,"bolivar","civilian_targeting",2024-12-01
"2024-12",NA,0,"boyaca","civilian_targeting",2024-12-01
"2024-12",NA,0,"caldas","civilian_targeting",2024-12-01
"2024-12",NA,3,"caqueta","civilian_targeting",2024-12-01
"2024-12",NA,0,"casanare","civilian_targeting",2024-12-01
"2024-12",NA,16,"cauca","civilian_targeting",2024-12-01
"2024-12",NA,8,"cesar","civilian_targeting",2024-12-01
"2024-12",NA,5,"choco","civilian_targeting",2024-12-01
"2024-12",NA,0,"cordoba","civilian_targeting",2024-12-01
"2024-12",NA,0,"cundinamarca","civilian_targeting",2024-12-01
"2024-12",NA,0,"huila","civilian_targeting",2024-12-01
"2024-12",NA,3,"la guajira","civilian_targeting",2024-12-01
"2024-12",NA,1,"magdalena","civilian_targeting",2024-12-01
"2024-12",NA,1,"meta","civilian_targeting",2024-12-01
"2024-12",NA,0,"narino","civilian_targeting",2024-12-01
"2024-12","tumaco",0,"narino","civilian_targeting",2024-12-01
"2024-12",NA,13,"norte de santander","civilian_targeting",2024-12-01
"2024-12",NA,8,"putumayo","civilian_targeting",2024-12-01
"2024-12",NA,0,"quindio","civilian_targeting",2024-12-01
"2024-12",NA,1,"risaralda","civilian_targeting",2024-12-01
"2024-12",NA,1,"santander","civilian_targeting",2024-12-01
"2024-12",NA,1,"sucre","civilian_targeting",2024-12-01
"2024-12",NA,0,"tolima","civilian_targeting",2024-12-01
"2024-12",NA,4,"valle del cauca","civilian_targeting",2024-12-01
"2024-12","buenaventura",2,"valle del cauca","civilian_targeting",2024-12-01
"2024-12",NA,0,"vaupes","civilian_targeting",2024-12-01
"2024-12","arauca",12,"arauca","civilian_targeting",2024-12-01
"2024-12",NA,0,"guainia","civilian_targeting",2024-12-01
"2024-12",NA,0,"vichada","civilian_targeting",2024-12-01
"2024-12",NA,1,"guaviare","civilian_targeting",2024-12-01
"2024-12",NA,0,"san andres y providencia","civilian_targeting",2024-12-01
"2024-12",NA,0,"bogota, d.c.","civilian_targeting",2024-12-01
"2025-01",NA,1,"amazonas","civilian_targeting",2025-01-01
"2025-01",NA,16,"antioquia","civilian_targeting",2025-01-01
"2025-01",NA,4,"atlantico","civilian_targeting",2025-01-01
"2025-01",NA,7,"bolivar","civilian_targeting",2025-01-01
"2025-01",NA,0,"boyaca","civilian_targeting",2025-01-01
"2025-01",NA,2,"caldas","civilian_targeting",2025-01-01
"2025-01",NA,1,"caqueta","civilian_targeting",2025-01-01
"2025-01",NA,1,"casanare","civilian_targeting",2025-01-01
"2025-01",NA,15,"cauca","civilian_targeting",2025-01-01
"2025-01",NA,1,"cesar","civilian_targeting",2025-01-01
"2025-01",NA,18,"choco","civilian_targeting",2025-01-01
"2025-01",NA,2,"cordoba","civilian_targeting",2025-01-01
"2025-01",NA,0,"cundinamarca","civilian_targeting",2025-01-01
"2025-01",NA,2,"huila","civilian_targeting",2025-01-01
"2025-01",NA,9,"la guajira","civilian_targeting",2025-01-01
"2025-01",NA,4,"magdalena","civilian_targeting",2025-01-01
"2025-01",NA,0,"meta","civilian_targeting",2025-01-01
"2025-01",NA,0,"narino","civilian_targeting",2025-01-01
"2025-01","tumaco",1,"narino","civilian_targeting",2025-01-01
"2025-01",NA,21,"norte de santander","civilian_targeting",2025-01-01
"2025-01",NA,6,"putumayo","civilian_targeting",2025-01-01
"2025-01",NA,1,"quindio","civilian_targeting",2025-01-01
"2025-01",NA,2,"risaralda","civilian_targeting",2025-01-01
"2025-01",NA,4,"santander","civilian_targeting",2025-01-01
"2025-01",NA,0,"sucre","civilian_targeting",2025-01-01
"2025-01",NA,1,"tolima","civilian_targeting",2025-01-01
"2025-01",NA,6,"valle del cauca","civilian_targeting",2025-01-01
"2025-01","buenaventura",0,"valle del cauca","civilian_targeting",2025-01-01
"2025-01",NA,0,"vaupes","civilian_targeting",2025-01-01
"2025-01","arauca",6,"arauca","civilian_targeting",2025-01-01
"2025-01",NA,0,"guainia","civilian_targeting",2025-01-01
"2025-01",NA,0,"vichada","civilian_targeting",2025-01-01
"2025-01",NA,2,"guaviare","civilian_targeting",2025-01-01
"2025-01",NA,0,"san andres y providencia","civilian_targeting",2025-01-01
"2025-01",NA,1,"bogota, d.c.","civilian_targeting",2025-01-01
"2025-02",NA,1,"amazonas","civilian_targeting",2025-02-01
"2025-02",NA,19,"antioquia","civilian_targeting",2025-02-01
"2025-02",NA,0,"atlantico","civilian_targeting",2025-02-01
"2025-02",NA,5,"bolivar","civilian_targeting",2025-02-01
"2025-02",NA,0,"boyaca","civilian_targeting",2025-02-01
"2025-02",NA,1,"caldas","civilian_targeting",2025-02-01
"2025-02",NA,2,"caqueta","civilian_targeting",2025-02-01
"2025-02",NA,1,"casanare","civilian_targeting",2025-02-01
"2025-02",NA,24,"cauca","civilian_targeting",2025-02-01
"2025-02",NA,1,"cesar","civilian_targeting",2025-02-01
"2025-02",NA,10,"choco","civilian_targeting",2025-02-01
"2025-02",NA,1,"cordoba","civilian_targeting",2025-02-01
"2025-02",NA,0,"cundinamarca","civilian_targeting",2025-02-01
"2025-02",NA,4,"huila","civilian_targeting",2025-02-01
"2025-02",NA,9,"la guajira","civilian_targeting",2025-02-01
"2025-02",NA,6,"magdalena","civilian_targeting",2025-02-01
"2025-02",NA,0,"meta","civilian_targeting",2025-02-01
"2025-02",NA,4,"narino","civilian_targeting",2025-02-01
"2025-02","tumaco",1,"narino","civilian_targeting",2025-02-01
"2025-02",NA,11,"norte de santander","civilian_targeting",2025-02-01
"2025-02",NA,5,"putumayo","civilian_targeting",2025-02-01
"2025-02",NA,0,"quindio","civilian_targeting",2025-02-01
"2025-02",NA,0,"risaralda","civilian_targeting",2025-02-01
"2025-02",NA,4,"santander","civilian_targeting",2025-02-01
"2025-02",NA,1,"sucre","civilian_targeting",2025-02-01
"2025-02",NA,1,"tolima","civilian_targeting",2025-02-01
"2025-02",NA,4,"valle del cauca","civilian_targeting",2025-02-01
"2025-02","buenaventura",1,"valle del cauca","civilian_targeting",2025-02-01
"2025-02",NA,0,"vaupes","civilian_targeting",2025-02-01
"2025-02","arauca",4,"arauca","civilian_targeting",2025-02-01
"2025-02",NA,0,"guainia","civilian_targeting",2025-02-01
"2025-02",NA,1,"vichada","civilian_targeting",2025-02-01
"2025-02",NA,0,"guaviare","civilian_targeting",2025-02-01
"2025-02",NA,0,"san andres y providencia","civilian_targeting",2025-02-01
"2025-02",NA,1,"bogota, d.c.","civilian_targeting",2025-02-01
"2025-03",NA,0,"amazonas","civilian_targeting",2025-03-01
"2025-03",NA,21,"antioquia","civilian_targeting",2025-03-01
"2025-03",NA,3,"atlantico","civilian_targeting",2025-03-01
"2025-03",NA,8,"bolivar","civilian_targeting",2025-03-01
"2025-03",NA,0,"boyaca","civilian_targeting",2025-03-01
"2025-03",NA,1,"caldas","civilian_targeting",2025-03-01
"2025-03",NA,4,"caqueta","civilian_targeting",2025-03-01
"2025-03",NA,0,"casanare","civilian_targeting",2025-03-01
"2025-03",NA,26,"cauca","civilian_targeting",2025-03-01
"2025-03",NA,3,"cesar","civilian_targeting",2025-03-01
"2025-03",NA,5,"choco","civilian_targeting",2025-03-01
"2025-03",NA,2,"cordoba","civilian_targeting",2025-03-01
"2025-03",NA,1,"cundinamarca","civilian_targeting",2025-03-01
"2025-03",NA,5,"huila","civilian_targeting",2025-03-01
"2025-03",NA,10,"la guajira","civilian_targeting",2025-03-01
"2025-03",NA,4,"magdalena","civilian_targeting",2025-03-01
"2025-03",NA,3,"meta","civilian_targeting",2025-03-01
"2025-03",NA,5,"narino","civilian_targeting",2025-03-01
"2025-03","tumaco",2,"narino","civilian_targeting",2025-03-01
"2025-03",NA,18,"norte de santander","civilian_targeting",2025-03-01
"2025-03",NA,2,"putumayo","civilian_targeting",2025-03-01
"2025-03",NA,0,"quindio","civilian_targeting",2025-03-01
"2025-03",NA,2,"risaralda","civilian_targeting",2025-03-01
"2025-03",NA,2,"santander","civilian_targeting",2025-03-01
"2025-03",NA,1,"sucre","civilian_targeting",2025-03-01
"2025-03",NA,4,"tolima","civilian_targeting",2025-03-01
"2025-03",NA,5,"valle del cauca","civilian_targeting",2025-03-01
"2025-03","buenaventura",0,"valle del cauca","civilian_targeting",2025-03-01
"2025-03",NA,0,"vaupes","civilian_targeting",2025-03-01
"2025-03","arauca",14,"arauca","civilian_targeting",2025-03-01
"2025-03",NA,0,"guainia","civilian_targeting",2025-03-01
"2025-03",NA,0,"vichada","civilian_targeting",2025-03-01
"2025-03",NA,2,"guaviare","civilian_targeting",2025-03-01
"2025-03",NA,0,"san andres y providencia","civilian_targeting",2025-03-01
"2025-03",NA,4,"bogota, d.c.","civilian_targeting",2025-03-01
"2025-04",NA,0,"amazonas","civilian_targeting",2025-04-01
"2025-04",NA,27,"antioquia","civilian_targeting",2025-04-01
"2025-04",NA,3,"atlantico","civilian_targeting",2025-04-01
"2025-04",NA,9,"bolivar","civilian_targeting",2025-04-01
"2025-04",NA,0,"boyaca","civilian_targeting",2025-04-01
"2025-04",NA,0,"caldas","civilian_targeting",2025-04-01
"2025-04",NA,3,"caqueta","civilian_targeting",2025-04-01
"2025-04",NA,0,"casanare","civilian_targeting",2025-04-01
"2025-04",NA,10,"cauca","civilian_targeting",2025-04-01
"2025-04",NA,3,"cesar","civilian_targeting",2025-04-01
"2025-04",NA,10,"choco","civilian_targeting",2025-04-01
"2025-04",NA,9,"cordoba","civilian_targeting",2025-04-01
"2025-04",NA,0,"cundinamarca","civilian_targeting",2025-04-01
"2025-04",NA,3,"huila","civilian_targeting",2025-04-01
"2025-04",NA,4,"la guajira","civilian_targeting",2025-04-01
"2025-04",NA,4,"magdalena","civilian_targeting",2025-04-01
"2025-04",NA,4,"meta","civilian_targeting",2025-04-01
"2025-04",NA,2,"narino","civilian_targeting",2025-04-01
"2025-04","tumaco",0,"narino","civilian_targeting",2025-04-01
"2025-04",NA,10,"norte de santander","civilian_targeting",2025-04-01
"2025-04",NA,4,"putumayo","civilian_targeting",2025-04-01
"2025-04",NA,0,"quindio","civilian_targeting",2025-04-01
"2025-04",NA,1,"risaralda","civilian_targeting",2025-04-01
"2025-04",NA,2,"santander","civilian_targeting",2025-04-01
"2025-04",NA,2,"sucre","civilian_targeting",2025-04-01
"2025-04",NA,0,"tolima","civilian_targeting",2025-04-01
"2025-04",NA,3,"valle del cauca","civilian_targeting",2025-04-01
"2025-04","buenaventura",3,"valle del cauca","civilian_targeting",2025-04-01
"2025-04",NA,0,"vaupes","civilian_targeting",2025-04-01
"2025-04","arauca",9,"arauca","civilian_targeting",2025-04-01
"2025-04",NA,0,"guainia","civilian_targeting",2025-04-01
"2025-04",NA,0,"vichada","civilian_targeting",2025-04-01
"2025-04",NA,3,"guaviare","civilian_targeting",2025-04-01
"2025-04",NA,0,"san andres y providencia","civilian_targeting",2025-04-01
"2025-04",NA,5,"bogota, d.c.","civilian_targeting",2025-04-01
"2025-05",NA,0,"amazonas","civilian_targeting",2025-05-01
"2025-05",NA,14,"antioquia","civilian_targeting",2025-05-01
"2025-05",NA,4,"atlantico","civilian_targeting",2025-05-01
"2025-05",NA,7,"bolivar","civilian_targeting",2025-05-01
"2025-05",NA,0,"boyaca","civilian_targeting",2025-05-01
"2025-05",NA,0,"caldas","civilian_targeting",2025-05-01
"2025-05",NA,1,"caqueta","civilian_targeting",2025-05-01
"2025-05",NA,1,"casanare","civilian_targeting",2025-05-01
"2025-05",NA,18,"cauca","civilian_targeting",2025-05-01
"2025-05",NA,10,"cesar","civilian_targeting",2025-05-01
"2025-05",NA,7,"choco","civilian_targeting",2025-05-01
"2025-05",NA,2,"cordoba","civilian_targeting",2025-05-01
"2025-05",NA,1,"cundinamarca","civilian_targeting",2025-05-01
"2025-05",NA,2,"huila","civilian_targeting",2025-05-01
"2025-05",NA,4,"la guajira","civilian_targeting",2025-05-01
"2025-05",NA,2,"magdalena","civilian_targeting",2025-05-01
"2025-05",NA,2,"meta","civilian_targeting",2025-05-01
"2025-05",NA,6,"narino","civilian_targeting",2025-05-01
"2025-05","tumaco",2,"narino","civilian_targeting",2025-05-01
"2025-05",NA,21,"norte de santander","civilian_targeting",2025-05-01
"2025-05",NA,1,"putumayo","civilian_targeting",2025-05-01
"2025-05",NA,0,"quindio","civilian_targeting",2025-05-01
"2025-05",NA,1,"risaralda","civilian_targeting",2025-05-01
"2025-05",NA,5,"santander","civilian_targeting",2025-05-01
"2025-05",NA,3,"sucre","civilian_targeting",2025-05-01
"2025-05",NA,1,"tolima","civilian_targeting",2025-05-01
"2025-05",NA,8,"valle del cauca","civilian_targeting",2025-05-01
"2025-05","buenaventura",0,"valle del cauca","civilian_targeting",2025-05-01
"2025-05",NA,0,"vaupes","civilian_targeting",2025-05-01
"2025-05","arauca",7,"arauca","civilian_targeting",2025-05-01
"2025-05",NA,0,"guainia","civilian_targeting",2025-05-01
"2025-05",NA,0,"vichada","civilian_targeting",2025-05-01
"2025-05",NA,0,"guaviare","civilian_targeting",2025-05-01
"2025-05",NA,0,"san andres y providencia","civilian_targeting",2025-05-01
"2025-05",NA,5,"bogota, d.c.","civilian_targeting",2025-05-01
"2025-06",NA,0,"amazonas","civilian_targeting",2025-06-01
"2025-06",NA,12,"antioquia","civilian_targeting",2025-06-01
"2025-06",NA,1,"atlantico","civilian_targeting",2025-06-01
"2025-06",NA,2,"bolivar","civilian_targeting",2025-06-01
"2025-06",NA,0,"boyaca","civilian_targeting",2025-06-01
"2025-06",NA,0,"caldas","civilian_targeting",2025-06-01
"2025-06",NA,0,"caqueta","civilian_targeting",2025-06-01
"2025-06",NA,2,"casanare","civilian_targeting",2025-06-01
"2025-06",NA,17,"cauca","civilian_targeting",2025-06-01
"2025-06",NA,3,"cesar","civilian_targeting",2025-06-01
"2025-06",NA,0,"choco","civilian_targeting",2025-06-01
"2025-06",NA,4,"cordoba","civilian_targeting",2025-06-01
"2025-06",NA,0,"cundinamarca","civilian_targeting",2025-06-01
"2025-06",NA,0,"huila","civilian_targeting",2025-06-01
"2025-06",NA,1,"la guajira","civilian_targeting",2025-06-01
"2025-06",NA,2,"magdalena","civilian_targeting",2025-06-01
"2025-06",NA,2,"meta","civilian_targeting",2025-06-01
"2025-06",NA,2,"narino","civilian_targeting",2025-06-01
"2025-06","tumaco",2,"narino","civilian_targeting",2025-06-01
"2025-06",NA,6,"norte de santander","civilian_targeting",2025-06-01
"2025-06",NA,1,"putumayo","civilian_targeting",2025-06-01
"2025-06",NA,1,"quindio","civilian_targeting",2025-06-01
"2025-06",NA,1,"risaralda","civilian_targeting",2025-06-01
"2025-06",NA,2,"santander","civilian_targeting",2025-06-01
"2025-06",NA,0,"sucre","civilian_targeting",2025-06-01
"2025-06",NA,1,"tolima","civilian_targeting",2025-06-01
"2025-06",NA,8,"valle del cauca","civilian_targeting",2025-06-01
"2025-06","buenaventura",2,"valle del cauca","civilian_targeting",2025-06-01
"2025-06",NA,0,"vaupes","civilian_targeting",2025-06-01
"2025-06","arauca",3,"arauca","civilian_targeting",2025-06-01
"2025-06",NA,0,"guainia","civilian_targeting",2025-06-01
"2025-06",NA,0,"vichada","civilian_targeting",2025-06-01
"2025-06",NA,2,"guaviare","civilian_targeting",2025-06-01
"2025-06",NA,0,"san andres y providencia","civilian_targeting",2025-06-01
"2025-06",NA,2,"bogota, d.c.","civilian_targeting",2025-06-01
"2025-07",NA,1,"amazonas","civilian_targeting",2025-07-01
"2025-07",NA,20,"antioquia","civilian_targeting",2025-07-01
"2025-07",NA,2,"atlantico","civilian_targeting",2025-07-01
"2025-07",NA,14,"bolivar","civilian_targeting",2025-07-01
"2025-07",NA,0,"boyaca","civilian_targeting",2025-07-01
"2025-07",NA,1,"caldas","civilian_targeting",2025-07-01
"2025-07",NA,1,"caqueta","civilian_targeting",2025-07-01
"2025-07",NA,1,"casanare","civilian_targeting",2025-07-01
"2025-07",NA,19,"cauca","civilian_targeting",2025-07-01
"2025-07",NA,2,"cesar","civilian_targeting",2025-07-01
"2025-07",NA,1,"choco","civilian_targeting",2025-07-01
"2025-07",NA,8,"cordoba","civilian_targeting",2025-07-01
"2025-07",NA,2,"cundinamarca","civilian_targeting",2025-07-01
"2025-07",NA,5,"huila","civilian_targeting",2025-07-01
"2025-07",NA,6,"la guajira","civilian_targeting",2025-07-01
"2025-07",NA,0,"magdalena","civilian_targeting",2025-07-01
"2025-07",NA,2,"meta","civilian_targeting",2025-07-01
"2025-07",NA,2,"narino","civilian_targeting",2025-07-01
"2025-07","tumaco",3,"narino","civilian_targeting",2025-07-01
"2025-07",NA,16,"norte de santander","civilian_targeting",2025-07-01
"2025-07",NA,0,"putumayo","civilian_targeting",2025-07-01
"2025-07",NA,0,"quindio","civilian_targeting",2025-07-01
"2025-07",NA,2,"risaralda","civilian_targeting",2025-07-01
"2025-07",NA,2,"santander","civilian_targeting",2025-07-01
"2025-07",NA,1,"sucre","civilian_targeting",2025-07-01
"2025-07",NA,2,"tolima","civilian_targeting",2025-07-01
"2025-07",NA,3,"valle del cauca","civilian_targeting",2025-07-01
"2025-07","buenaventura",1,"valle del cauca","civilian_targeting",2025-07-01
"2025-07",NA,0,"vaupes","civilian_targeting",2025-07-01
"2025-07","arauca",7,"arauca","civilian_targeting",2025-07-01
"2025-07",NA,0,"guainia","civilian_targeting",2025-07-01
"2025-07",NA,0,"vichada","civilian_targeting",2025-07-01
"2025-07",NA,3,"guaviare","civilian_targeting",2025-07-01
"2025-07",NA,0,"san andres y providencia","civilian_targeting",2025-07-01
"2025-07",NA,2,"bogota, d.c.","civilian_targeting",2025-07-01
"2025-08",NA,0,"amazonas","civilian_targeting",2025-08-01
"2025-08",NA,20,"antioquia","civilian_targeting",2025-08-01
"2025-08",NA,3,"atlantico","civilian_targeting",2025-08-01
"2025-08",NA,10,"bolivar","civilian_targeting",2025-08-01
"2025-08",NA,0,"boyaca","civilian_targeting",2025-08-01
"2025-08",NA,0,"caldas","civilian_targeting",2025-08-01
"2025-08",NA,5,"caqueta","civilian_targeting",2025-08-01
"2025-08",NA,0,"casanare","civilian_targeting",2025-08-01
"2025-08",NA,16,"cauca","civilian_targeting",2025-08-01
"2025-08",NA,2,"cesar","civilian_targeting",2025-08-01
"2025-08",NA,0,"choco","civilian_targeting",2025-08-01
"2025-08",NA,9,"cordoba","civilian_targeting",2025-08-01
"2025-08",NA,0,"cundinamarca","civilian_targeting",2025-08-01
"2025-08",NA,4,"huila","civilian_targeting",2025-08-01
"2025-08",NA,15,"la guajira","civilian_targeting",2025-08-01
"2025-08",NA,2,"magdalena","civilian_targeting",2025-08-01
"2025-08",NA,5,"meta","civilian_targeting",2025-08-01
"2025-08",NA,5,"narino","civilian_targeting",2025-08-01
"2025-08","tumaco",1,"narino","civilian_targeting",2025-08-01
"2025-08",NA,16,"norte de santander","civilian_targeting",2025-08-01
"2025-08",NA,1,"putumayo","civilian_targeting",2025-08-01
"2025-08",NA,0,"quindio","civilian_targeting",2025-08-01
"2025-08",NA,3,"risaralda","civilian_targeting",2025-08-01
"2025-08",NA,1,"santander","civilian_targeting",2025-08-01
"2025-08",NA,0,"sucre","civilian_targeting",2025-08-01
"2025-08",NA,1,"tolima","civilian_targeting",2025-08-01
"2025-08",NA,9,"valle del cauca","civilian_targeting",2025-08-01
"2025-08","buenaventura",1,"valle del cauca","civilian_targeting",2025-08-01
"2025-08",NA,0,"vaupes","civilian_targeting",2025-08-01
"2025-08","arauca",12,"arauca","civilian_targeting",2025-08-01
"2025-08",NA,1,"guainia","civilian_targeting",2025-08-01
"2025-08",NA,0,"vichada","civilian_targeting",2025-08-01
"2025-08",NA,1,"guaviare","civilian_targeting",2025-08-01
"2025-08",NA,0,"san andres y providencia","civilian_targeting",2025-08-01
"2025-08",NA,1,"bogota, d.c.","civilian_targeting",2025-08-01
"2025-09",NA,0,"amazonas","civilian_targeting",2025-09-01
"2025-09",NA,22,"antioquia","civilian_targeting",2025-09-01
"2025-09",NA,6,"atlantico","civilian_targeting",2025-09-01
"2025-09",NA,8,"bolivar","civilian_targeting",2025-09-01
"2025-09",NA,0,"boyaca","civilian_targeting",2025-09-01
"2025-09",NA,1,"caldas","civilian_targeting",2025-09-01
"2025-09",NA,6,"caqueta","civilian_targeting",2025-09-01
"2025-09",NA,3,"casanare","civilian_targeting",2025-09-01
"2025-09",NA,21,"cauca","civilian_targeting",2025-09-01
"2025-09",NA,3,"cesar","civilian_targeting",2025-09-01
"2025-09",NA,2,"choco","civilian_targeting",2025-09-01
"2025-09",NA,9,"cordoba","civilian_targeting",2025-09-01
"2025-09",NA,1,"cundinamarca","civilian_targeting",2025-09-01
"2025-09",NA,4,"huila","civilian_targeting",2025-09-01
"2025-09",NA,7,"la guajira","civilian_targeting",2025-09-01
"2025-09",NA,5,"magdalena","civilian_targeting",2025-09-01
"2025-09",NA,1,"meta","civilian_targeting",2025-09-01
"2025-09",NA,2,"narino","civilian_targeting",2025-09-01
"2025-09","tumaco",3,"narino","civilian_targeting",2025-09-01
"2025-09",NA,21,"norte de santander","civilian_targeting",2025-09-01
"2025-09",NA,2,"putumayo","civilian_targeting",2025-09-01
"2025-09",NA,0,"quindio","civilian_targeting",2025-09-01
"2025-09",NA,4,"risaralda","civilian_targeting",2025-09-01
"2025-09",NA,0,"santander","civilian_targeting",2025-09-01
"2025-09",NA,3,"sucre","civilian_targeting",2025-09-01
"2025-09",NA,1,"tolima","civilian_targeting",2025-09-01
"2025-09",NA,7,"valle del cauca","civilian_targeting",2025-09-01
"2025-09","buenaventura",9,"valle del cauca","civilian_targeting",2025-09-01
"2025-09",NA,0,"vaupes","civilian_targeting",2025-09-01
"2025-09","arauca",20,"arauca","civilian_targeting",2025-09-01
"2025-09",NA,0,"guainia","civilian_targeting",2025-09-01
"2025-09",NA,0,"vichada","civilian_targeting",2025-09-01
"2025-09",NA,1,"guaviare","civilian_targeting",2025-09-01
"2025-09",NA,0,"san andres y providencia","civilian_targeting",2025-09-01
"2025-09",NA,2,"bogota, d.c.","civilian_targeting",2025-09-01
"2025-10",NA,1,"amazonas","civilian_targeting",2025-10-01
"2025-10",NA,18,"antioquia","civilian_targeting",2025-10-01
"2025-10",NA,4,"atlantico","civilian_targeting",2025-10-01
"2025-10",NA,6,"bolivar","civilian_targeting",2025-10-01
"2025-10",NA,0,"boyaca","civilian_targeting",2025-10-01
"2025-10",NA,0,"caldas","civilian_targeting",2025-10-01
"2025-10",NA,1,"caqueta","civilian_targeting",2025-10-01
"2025-10",NA,0,"casanare","civilian_targeting",2025-10-01
"2025-10",NA,16,"cauca","civilian_targeting",2025-10-01
"2025-10",NA,1,"cesar","civilian_targeting",2025-10-01
"2025-10",NA,1,"choco","civilian_targeting",2025-10-01
"2025-10",NA,4,"cordoba","civilian_targeting",2025-10-01
"2025-10",NA,0,"cundinamarca","civilian_targeting",2025-10-01
"2025-10",NA,1,"huila","civilian_targeting",2025-10-01
"2025-10",NA,9,"la guajira","civilian_targeting",2025-10-01
"2025-10",NA,9,"magdalena","civilian_targeting",2025-10-01
"2025-10",NA,1,"meta","civilian_targeting",2025-10-01
"2025-10",NA,0,"narino","civilian_targeting",2025-10-01
"2025-10","tumaco",0,"narino","civilian_targeting",2025-10-01
"2025-10",NA,12,"norte de santander","civilian_targeting",2025-10-01
"2025-10",NA,0,"putumayo","civilian_targeting",2025-10-01
"2025-10",NA,1,"quindio","civilian_targeting",2025-10-01
"2025-10",NA,0,"risaralda","civilian_targeting",2025-10-01
"2025-10",NA,0,"santander","civilian_targeting",2025-10-01
"2025-10",NA,0,"sucre","civilian_targeting",2025-10-01
"2025-10",NA,0,"tolima","civilian_targeting",2025-10-01
"2025-10",NA,8,"valle del cauca","civilian_targeting",2025-10-01
"2025-10","buenaventura",1,"valle del cauca","civilian_targeting",2025-10-01
"2025-10",NA,0,"vaupes","civilian_targeting",2025-10-01
"2025-10","arauca",14,"arauca","civilian_targeting",2025-10-01
"2025-10",NA,0,"guainia","civilian_targeting",2025-10-01
"2025-10",NA,0,"vichada","civilian_targeting",2025-10-01
"2025-10",NA,1,"guaviare","civilian_targeting",2025-10-01
"2025-10",NA,0,"san andres y providencia","civilian_targeting",2025-10-01
"2025-10",NA,3,"bogota, d.c.","civilian_targeting",2025-10-01
"2025-11",NA,2,"amazonas","civilian_targeting",2025-11-01
"2025-11",NA,18,"antioquia","civilian_targeting",2025-11-01
"2025-11",NA,7,"atlantico","civilian_targeting",2025-11-01
"2025-11",NA,6,"bolivar","civilian_targeting",2025-11-01
"2025-11",NA,0,"boyaca","civilian_targeting",2025-11-01
"2025-11",NA,0,"caldas","civilian_targeting",2025-11-01
"2025-11",NA,0,"caqueta","civilian_targeting",2025-11-01
"2025-11",NA,0,"casanare","civilian_targeting",2025-11-01
"2025-11",NA,20,"cauca","civilian_targeting",2025-11-01
"2025-11",NA,1,"cesar","civilian_targeting",2025-11-01
"2025-11",NA,0,"choco","civilian_targeting",2025-11-01
"2025-11",NA,0,"cordoba","civilian_targeting",2025-11-01
"2025-11",NA,2,"cundinamarca","civilian_targeting",2025-11-01
"2025-11",NA,9,"huila","civilian_targeting",2025-11-01
"2025-11",NA,10,"la guajira","civilian_targeting",2025-11-01
"2025-11",NA,1,"magdalena","civilian_targeting",2025-11-01
"2025-11",NA,3,"meta","civilian_targeting",2025-11-01
"2025-11",NA,2,"narino","civilian_targeting",2025-11-01
"2025-11","tumaco",0,"narino","civilian_targeting",2025-11-01
"2025-11",NA,8,"norte de santander","civilian_targeting",2025-11-01
"2025-11",NA,1,"putumayo","civilian_targeting",2025-11-01
"2025-11",NA,0,"quindio","civilian_targeting",2025-11-01
"2025-11",NA,0,"risaralda","civilian_targeting",2025-11-01
"2025-11",NA,2,"santander","civilian_targeting",2025-11-01
"2025-11",NA,1,"sucre","civilian_targeting",2025-11-01
"2025-11",NA,3,"tolima","civilian_targeting",2025-11-01
"2025-11",NA,8,"valle del cauca","civilian_targeting",2025-11-01
"2025-11","buenaventura",1,"valle del cauca","civilian_targeting",2025-11-01
"2025-11",NA,0,"vaupes","civilian_targeting",2025-11-01
"2025-11","arauca",4,"arauca","civilian_targeting",2025-11-01
"2025-11",NA,0,"guainia","civilian_targeting",2025-11-01
"2025-11",NA,0,"vichada","civilian_targeting",2025-11-01
"2025-11",NA,0,"guaviare","civilian_targeting",2025-11-01
"2025-11",NA,0,"san andres y providencia","civilian_targeting",2025-11-01
"2025-11",NA,5,"bogota, d.c.","civilian_targeting",2025-11-01
"2025-12",NA,0,"amazonas","civilian_targeting",2025-12-01
"2025-12",NA,11,"antioquia","civilian_targeting",2025-12-01
"2025-12",NA,1,"atlantico","civilian_targeting",2025-12-01
"2025-12",NA,10,"bolivar","civilian_targeting",2025-12-01
"2025-12",NA,0,"boyaca","civilian_targeting",2025-12-01
"2025-12",NA,0,"caldas","civilian_targeting",2025-12-01
"2025-12",NA,1,"caqueta","civilian_targeting",2025-12-01
"2025-12",NA,1,"casanare","civilian_targeting",2025-12-01
"2025-12",NA,17,"cauca","civilian_targeting",2025-12-01
"2025-12",NA,2,"cesar","civilian_targeting",2025-12-01
"2025-12",NA,0,"choco","civilian_targeting",2025-12-01
"2025-12",NA,2,"cordoba","civilian_targeting",2025-12-01
"2025-12",NA,0,"cundinamarca","civilian_targeting",2025-12-01
"2025-12",NA,5,"huila","civilian_targeting",2025-12-01
"2025-12",NA,13,"la guajira","civilian_targeting",2025-12-01
"2025-12",NA,1,"magdalena","civilian_targeting",2025-12-01
"2025-12",NA,0,"meta","civilian_targeting",2025-12-01
"2025-12",NA,3,"narino","civilian_targeting",2025-12-01
"2025-12","tumaco",0,"narino","civilian_targeting",2025-12-01
"2025-12",NA,15,"norte de santander","civilian_targeting",2025-12-01
"2025-12",NA,0,"putumayo","civilian_targeting",2025-12-01
"2025-12",NA,1,"quindio","civilian_targeting",2025-12-01
"2025-12",NA,0,"risaralda","civilian_targeting",2025-12-01
"2025-12",NA,1,"santander","civilian_targeting",2025-12-01
"2025-12",NA,2,"sucre","civilian_targeting",2025-12-01
"2025-12",NA,1,"tolima","civilian_targeting",2025-12-01
"2025-12",NA,5,"valle del cauca","civilian_targeting",2025-12-01
"2025-12","buenaventura",0,"valle del cauca","civilian_targeting",2025-12-01
"2025-12",NA,0,"vaupes","civilian_targeting",2025-12-01
"2025-12","arauca",5,"arauca","civilian_targeting",2025-12-01
"2025-12",NA,0,"guainia","civilian_targeting",2025-12-01
"2025-12",NA,0,"vichada","civilian_targeting",2025-12-01
"2025-12",NA,0,"guaviare","civilian_targeting",2025-12-01
"2025-12",NA,0,"san andres y providencia","civilian_targeting",2025-12-01
"2025-12",NA,1,"bogota, d.c.","civilian_targeting",2025-12-01
"2026-01",NA,0,"amazonas","civilian_targeting",2026-01-01
"2026-01",NA,15,"antioquia","civilian_targeting",2026-01-01
"2026-01",NA,3,"atlantico","civilian_targeting",2026-01-01
"2026-01",NA,6,"bolivar","civilian_targeting",2026-01-01
"2026-01",NA,0,"boyaca","civilian_targeting",2026-01-01
"2026-01",NA,0,"caldas","civilian_targeting",2026-01-01
"2026-01",NA,2,"caqueta","civilian_targeting",2026-01-01
"2026-01",NA,1,"casanare","civilian_targeting",2026-01-01
"2026-01",NA,10,"cauca","civilian_targeting",2026-01-01
"2026-01",NA,7,"cesar","civilian_targeting",2026-01-01
"2026-01",NA,0,"choco","civilian_targeting",2026-01-01
"2026-01",NA,1,"cordoba","civilian_targeting",2026-01-01
"2026-01",NA,0,"cundinamarca","civilian_targeting",2026-01-01
"2026-01",NA,4,"huila","civilian_targeting",2026-01-01
"2026-01",NA,12,"la guajira","civilian_targeting",2026-01-01
"2026-01",NA,4,"magdalena","civilian_targeting",2026-01-01
"2026-01",NA,0,"meta","civilian_targeting",2026-01-01
"2026-01",NA,1,"narino","civilian_targeting",2026-01-01
"2026-01","tumaco",0,"narino","civilian_targeting",2026-01-01
"2026-01",NA,12,"norte de santander","civilian_targeting",2026-01-01
"2026-01",NA,0,"putumayo","civilian_targeting",2026-01-01
"2026-01",NA,0,"quindio","civilian_targeting",2026-01-01
"2026-01",NA,1,"risaralda","civilian_targeting",2026-01-01
"2026-01",NA,1,"santander","civilian_targeting",2026-01-01
"2026-01",NA,0,"sucre","civilian_targeting",2026-01-01
"2026-01",NA,2,"tolima","civilian_targeting",2026-01-01
"2026-01",NA,5,"valle del cauca","civilian_targeting",2026-01-01
"2026-01","buenaventura",1,"valle del cauca","civilian_targeting",2026-01-01
"2026-01",NA,0,"vaupes","civilian_targeting",2026-01-01
"2026-01","arauca",5,"arauca","civilian_targeting",2026-01-01
"2026-01",NA,0,"guainia","civilian_targeting",2026-01-01
"2026-01",NA,0,"vichada","civilian_targeting",2026-01-01
"2026-01",NA,0,"guaviare","civilian_targeting",2026-01-01
"2026-01",NA,0,"san andres y providencia","civilian_targeting",2026-01-01
"2026-01",NA,2,"bogota, d.c.","civilian_targeting",2026-01-01
"2026-02",NA,0,"amazonas","civilian_targeting",2026-02-01
"2026-02",NA,13,"antioquia","civilian_targeting",2026-02-01
"2026-02",NA,4,"atlantico","civilian_targeting",2026-02-01
"2026-02",NA,4,"bolivar","civilian_targeting",2026-02-01
"2026-02",NA,0,"boyaca","civilian_targeting",2026-02-01
"2026-02",NA,2,"caldas","civilian_targeting",2026-02-01
"2026-02",NA,3,"caqueta","civilian_targeting",2026-02-01
"2026-02",NA,1,"casanare","civilian_targeting",2026-02-01
"2026-02",NA,15,"cauca","civilian_targeting",2026-02-01
"2026-02",NA,3,"cesar","civilian_targeting",2026-02-01
"2026-02",NA,2,"choco","civilian_targeting",2026-02-01
"2026-02",NA,1,"cordoba","civilian_targeting",2026-02-01
"2026-02",NA,1,"cundinamarca","civilian_targeting",2026-02-01
"2026-02",NA,4,"huila","civilian_targeting",2026-02-01
"2026-02",NA,5,"la guajira","civilian_targeting",2026-02-01
"2026-02",NA,1,"magdalena","civilian_targeting",2026-02-01
"2026-02",NA,4,"meta","civilian_targeting",2026-02-01
"2026-02",NA,3,"narino","civilian_targeting",2026-02-01
"2026-02","tumaco",0,"narino","civilian_targeting",2026-02-01
"2026-02",NA,21,"norte de santander","civilian_targeting",2026-02-01
"2026-02",NA,1,"putumayo","civilian_targeting",2026-02-01
"2026-02",NA,0,"quindio","civilian_targeting",2026-02-01
"2026-02",NA,0,"risaralda","civilian_targeting",2026-02-01
"2026-02",NA,3,"santander","civilian_targeting",2026-02-01
"2026-02",NA,2,"sucre","civilian_targeting",2026-02-01
"2026-02",NA,2,"tolima","civilian_targeting",2026-02-01
"2026-02",NA,2,"valle del cauca","civilian_targeting",2026-02-01
"2026-02","buenaventura",1,"valle del cauca","civilian_targeting",2026-02-01
"2026-02",NA,0,"vaupes","civilian_targeting",2026-02-01
"2026-02","arauca",5,"arauca","civilian_targeting",2026-02-01
"2026-02",NA,0,"guainia","civilian_targeting",2026-02-01
"2026-02",NA,0,"vichada","civilian_targeting",2026-02-01
"2026-02",NA,0,"guaviare","civilian_targeting",2026-02-01
"2026-02",NA,0,"san andres y providencia","civilian_targeting",2026-02-01
"2026-02",NA,4,"bogota, d.c.","civilian_targeting",2026-02-01
"2026-03",NA,0,"amazonas","civilian_targeting",2026-03-01
"2026-03",NA,5,"antioquia","civilian_targeting",2026-03-01
"2026-03",NA,1,"atlantico","civilian_targeting",2026-03-01
"2026-03",NA,1,"bolivar","civilian_targeting",2026-03-01
"2026-03",NA,0,"boyaca","civilian_targeting",2026-03-01
"2026-03",NA,0,"caldas","civilian_targeting",2026-03-01
"2026-03",NA,0,"caqueta","civilian_targeting",2026-03-01
"2026-03",NA,0,"casanare","civilian_targeting",2026-03-01
"2026-03",NA,6,"cauca","civilian_targeting",2026-03-01
"2026-03",NA,0,"cesar","civilian_targeting",2026-03-01
"2026-03",NA,2,"choco","civilian_targeting",2026-03-01
"2026-03",NA,1,"cordoba","civilian_targeting",2026-03-01
"2026-03",NA,0,"cundinamarca","civilian_targeting",2026-03-01
"2026-03",NA,0,"huila","civilian_targeting",2026-03-01
"2026-03",NA,1,"la guajira","civilian_targeting",2026-03-01
"2026-03",NA,2,"magdalena","civilian_targeting",2026-03-01
"2026-03",NA,2,"meta","civilian_targeting",2026-03-01
"2026-03",NA,3,"narino","civilian_targeting",2026-03-01
"2026-03","tumaco",2,"narino","civilian_targeting",2026-03-01
"2026-03",NA,2,"norte de santander","civilian_targeting",2026-03-01
"2026-03",NA,0,"putumayo","civilian_targeting",2026-03-01
"2026-03",NA,0,"quindio","civilian_targeting",2026-03-01
"2026-03",NA,1,"risaralda","civilian_targeting",2026-03-01
"2026-03",NA,0,"santander","civilian_targeting",2026-03-01
"2026-03",NA,1,"sucre","civilian_targeting",2026-03-01
"2026-03",NA,3,"tolima","civilian_targeting",2026-03-01
"2026-03",NA,1,"valle del cauca","civilian_targeting",2026-03-01
"2026-03","buenaventura",0,"valle del cauca","civilian_targeting",2026-03-01
"2026-03",NA,0,"vaupes","civilian_targeting",2026-03-01
"2026-03","arauca",2,"arauca","civilian_targeting",2026-03-01
"2026-03",NA,0,"guainia","civilian_targeting",2026-03-01
"2026-03",NA,0,"vichada","civilian_targeting",2026-03-01
"2026-03",NA,0,"guaviare","civilian_targeting",2026-03-01
"2026-03",NA,0,"san andres y providencia","civilian_targeting",2026-03-01
"2026-03",NA,0,"bogota, d.c.","civilian_targeting",2026-03-01
