"FECHA HECHO","COD_DEPTO","DEPARTAMENTO","COD_MUNI","MUNICIPIO","ZONA","CANTIDAD"
"29/03/2026","19","CAUCA","19585","PURACE","URBANA","1"
"28/03/2026","20","CESAR","20011","AGUACHICA","URBANA","1"
"27/03/2026","18","CAQUETA","18247","EL DONCELLO","URBANA","1"
"27/03/2026","52","NARIÑO","52001","PASTO","URBANA","1"
"27/03/2026","85","CASANARE","85250","PAZ DE ARIPORO","URBANA","1"
"27/03/2026","19","CAUCA","19780","SUAREZ","URBANA","1"
"26/03/2026","54","NORTE DE SANTANDER","54003","ABREGO","URBANA","1"
"26/03/2026","44","LA GUAJIRA","44035","ALBANIA","URBANA","1"
"26/03/2026","19","CAUCA","19142","CALOTO","URBANA","1"
"26/03/2026","19","CAUCA","19212","CORINTO","URBANA","1"
"26/03/2026","18","CAQUETA","18256","EL PAUJIL","URBANA","1"
"26/03/2026","76","VALLE DEL CAUCA","76520","PALMIRA","URBANA","1"
"25/03/2026","54","NORTE DE SANTANDER","54001","CUCUTA","URBANA","1"
"25/03/2026","18","CAQUETA","18256","EL PAUJIL","URBANA","1"
"25/03/2026","41","HUILA","41797","TESALIA","URBANA","1"
"24/03/2026","05","ANTIOQUIA","05154","CAUCASIA","URBANA","1"
"24/03/2026","05","ANTIOQUIA","05154","CAUCASIA","URBANA","1"
"24/03/2026","54","NORTE DE SANTANDER","54810","TIBU","URBANA","1"
"23/03/2026","27","CHOCO","27077","BAJO BAUDO","URBANA","1"
"23/03/2026","05","ANTIOQUIA","05154","CAUCASIA","URBANA","1"
"23/03/2026","19","CAUCA","19807","TIMBIO","RURAL","1"
"23/03/2026","44","LA GUAJIRA","44847","URIBIA","URBANA","1"
"22/03/2026","54","NORTE DE SANTANDER","54172","CHINACOTA","URBANA","1"
"22/03/2026","18","CAQUETA","18001","FLORENCIA","URBANA","1"
"20/03/2026","19","CAUCA","19780","SUAREZ","URBANA","1"
"20/03/2026","41","HUILA","41770","SUAZA","URBANA","1"
"19/03/2026","76","VALLE DEL CAUCA","76001","CALI","URBANA","1"
"19/03/2026","18","CAQUETA","18150","CARTAGENA DEL CHAIRA","URBANA","1"
"19/03/2026","95","GUAVIARE","95025","EL RETORNO","URBANA","1"
"18/03/2026","54","NORTE DE SANTANDER","54250","EL TARRA","RURAL","1"
"18/03/2026","41","HUILA","41001","NEIVA","URBANA","1"
"18/03/2026","52","NARIÑO","52001","PASTO","RURAL","1"
"17/03/2026","18","CAQUETA","18150","CARTAGENA DEL CHAIRA","URBANA","1"
"16/03/2026","81","ARAUCA","81065","ARAUQUITA","URBANA","1"
"15/03/2026","41","HUILA","41001","NEIVA","URBANA","1"
"14/03/2026","76","VALLE DEL CAUCA","76001","CALI","URBANA","1"
"14/03/2026","20","CESAR","20228","CURUMANI","RURAL","1"
"13/03/2026","95","GUAVIARE","95015","CALAMAR","RURAL","1"
"13/03/2026","27","CHOCO","27810","UNION PANAMERICANA","URBANA","1"
"12/03/2026","81","ARAUCA","81065","ARAUQUITA","URBANA","1"
"12/03/2026","19","CAUCA","19397","LA VEGA","URBANA","1"
"12/03/2026","27","CHOCO","27491","NOVITA","URBANA","1"
"12/03/2026","13","BOLIVAR","13688","SANTA ROSA DEL SUR","URBANA","1"
"11/03/2026","95","GUAVIARE","95200","MIRAFLORES","URBANA","1"
"11/03/2026","41","HUILA","41001","NEIVA","URBANA","1"
"11/03/2026","47","MAGDALENA","47001","SANTA MARTA","URBANA","1"
"11/03/2026","19","CAUCA","19809","TIMBIQUI","URBANA","1"
"11/03/2026","52","NARIÑO","52083","BELEN","URBANA","1"
"11/03/2026","19","CAUCA","19130","CAJIBIO","URBANA","1"
"11/03/2026","19","CAUCA","19130","CAJIBIO","URBANA","1"
"11/03/2026","19","CAUCA","19256","EL TAMBO","URBANA","1"
"11/03/2026","19","CAUCA","19256","EL TAMBO","URBANA","1"
"11/03/2026","19","CAUCA","19256","EL TAMBO","URBANA","1"
"11/03/2026","19","CAUCA","19256","EL TAMBO","RURAL","1"
"10/03/2026","27","CHOCO","27491","NOVITA","URBANA","1"
"10/03/2026","19","CAUCA","19532","PATIA","RURAL","1"
"09/03/2026","05","ANTIOQUIA","05040","ANORI","RURAL","1"
"09/03/2026","05","ANTIOQUIA","05361","ITUANGO","URBANA","1"
"09/03/2026","54","NORTE DE SANTANDER","54398","LA PLAYA","URBANA","1"
"09/03/2026","95","GUAVIARE","95200","MIRAFLORES","URBANA","1"
"08/03/2026","76","VALLE DEL CAUCA","76248","EL CERRITO","URBANA","1"
"08/03/2026","95","GUAVIARE","95200","MIRAFLORES","URBANA","1"
"08/03/2026","85","CASANARE","85400","TAMARA","URBANA","1"
"08/03/2026","85","CASANARE","85001","YOPAL","URBANA","1"
"08/03/2026","85","CASANARE","85001","YOPAL","URBANA","1"
"08/03/2026","50","META","50350","LA MACARENA","RURAL","1"
"07/03/2026","11","BOGOTA D.C.","11001","BOGOTA D.C.","URBANA","1"
"07/03/2026","76","VALLE DEL CAUCA","76001","CALI","URBANA","1"
"07/03/2026","13","BOLIVAR","13001","CARTAGENA DE INDIAS","URBANA","1"
"07/03/2026","13","BOLIVAR","13001","CARTAGENA DE INDIAS","URBANA","1"
"07/03/2026","13","BOLIVAR","13473","MORALES","URBANA","1"
"07/03/2026","41","HUILA","41001","NEIVA","URBANA","1"
"07/03/2026","13","BOLIVAR","13688","SANTA ROSA DEL SUR","URBANA","1"
"07/03/2026","13","BOLIVAR","13688","SANTA ROSA DEL SUR","URBANA","1"
"07/03/2026","13","BOLIVAR","13688","SANTA ROSA DEL SUR","URBANA","1"
"07/03/2026","13","BOLIVAR","13688","SANTA ROSA DEL SUR","URBANA","1"
"07/03/2026","13","BOLIVAR","13688","SANTA ROSA DEL SUR","URBANA","1"
"06/03/2026","76","VALLE DEL CAUCA","76111","GUADALAJARA DE BUGA","URBANA","1"
"06/03/2026","19","CAUCA","19455","MIRANDA","URBANA","1"
"06/03/2026","19","CAUCA","19110","BUENOS AIRES","URBANA","1"
"06/03/2026","19","CAUCA","19256","EL TAMBO","URBANA","1"
"05/03/2026","19","CAUCA","19050","ARGELIA","URBANA","1"
"05/03/2026","19","CAUCA","19256","EL TAMBO","URBANA","1"
"05/03/2026","95","GUAVIARE","95200","MIRAFLORES","URBANA","1"
"05/03/2026","27","CHOCO","27491","NOVITA","URBANA","1"
"04/03/2026","54","NORTE DE SANTANDER","54720","SARDINATA","URBANA","1"
"04/03/2026","19","CAUCA","19807","TIMBIO","URBANA","1"
"04/03/2026","85","CASANARE","85001","YOPAL","URBANA","1"
"03/03/2026","19","CAUCA","19100","BOLIVAR","URBANA","1"
"03/03/2026","19","CAUCA","19142","CALOTO","URBANA","1"
"03/03/2026","19","CAUCA","19532","PATIA","URBANA","1"
"01/03/2026","76","VALLE DEL CAUCA","76001","CALI","URBANA","1"
"01/03/2026","54","NORTE DE SANTANDER","54001","CUCUTA","URBANA","1"
"01/03/2026","52","NARIÑO","52250","EL CHARCO","URBANA","1"
"01/03/2026","52","NARIÑO","52678","SAMANIEGO","URBANA","1"
"01/03/2026","27","CHOCO","27580","RIO IRO","URBANA","1"
"28/02/2026","19","CAUCA","19137","CALDONO","URBANA","1"
"28/02/2026","13","BOLIVAR","13160","CANTAGALLO","URBANA","1"
"28/02/2026","13","BOLIVAR","13244","EL CARMEN DE BOLIVAR","URBANA","1"
"28/02/2026","13","BOLIVAR","13458","MONTECRISTO","URBANA","1"
"28/02/2026","13","BOLIVAR","13688","SANTA ROSA DEL SUR","URBANA","1"
"28/02/2026","19","CAUCA","19809","TIMBIQUI","URBANA","1"
"28/02/2026","19","CAUCA","19824","TOTORO","URBANA","1"
"28/02/2026","27","CHOCO","27580","RIO IRO","URBANA","1"
"27/02/2026","76","VALLE DEL CAUCA","76364","JAMUNDI","URBANA","1"
"27/02/2026","52","NARIÑO","52687","SAN LORENZO","URBANA","1"
"27/02/2026","54","NORTE DE SANTANDER","54810","TIBU","URBANA","1"
"26/02/2026","18","CAQUETA","18410","LA MONTAÑITA","URBANA","1"
"26/02/2026","73","TOLIMA","73483","NATAGAIMA","URBANA","1"
"26/02/2026","76","VALLE DEL CAUCA","76001","CALI","URBANA","1"
"26/02/2026","52","NARIÑO","52256","EL ROSARIO","URBANA","1"
"26/02/2026","81","ARAUCA","81065","ARAUQUITA","RURAL","1"
"25/02/2026","41","HUILA","41132","CAMPOALEGRE","URBANA","1"
"25/02/2026","41","HUILA","41132","CAMPOALEGRE","URBANA","1"
"25/02/2026","54","NORTE DE SANTANDER","54261","EL ZULIA","URBANA","1"
"25/02/2026","41","HUILA","41349","HOBO","URBANA","1"
"25/02/2026","19","CAUCA","19701","SANTA ROSA","URBANA","1"
"25/02/2026","85","CASANARE","85001","YOPAL","URBANA","1"
"25/02/2026","85","CASANARE","85001","YOPAL","RURAL","1"
"24/02/2026","11","BOGOTA D.C.","11001","BOGOTA D.C.","URBANA","1"
"24/02/2026","18","CAQUETA","18001","FLORENCIA","URBANA","1"
"24/02/2026","18","CAQUETA","18410","LA MONTAÑITA","URBANA","1"
"24/02/2026","08","ATLANTICO","08638","SABANALARGA","URBANA","1"
"24/02/2026","52","NARIÑO","52694","SAN PEDRO DE CARTAGO","RURAL","1"
"23/02/2026","11","BOGOTA D.C.","11001","BOGOTA D.C.","URBANA","1"
"23/02/2026","47","MAGDALENA","47189","CIENAGA","URBANA","1"
"22/02/2026","08","ATLANTICO","08638","SABANALARGA","URBANA","1"
"22/02/2026","25","CUNDINAMARCA","25662","SAN JUAN DE RIOSECO","URBANA","1"
"22/02/2026","54","NORTE DE SANTANDER","54810","TIBU","URBANA","1"
"21/02/2026","41","HUILA","41132","CAMPOALEGRE","URBANA","1"
"21/02/2026","41","HUILA","41132","CAMPOALEGRE","URBANA","1"
"21/02/2026","19","CAUCA","19212","CORINTO","URBANA","1"
"21/02/2026","19","CAUCA","19212","CORINTO","URBANA","1"
"21/02/2026","85","CASANARE","85001","YOPAL","URBANA","1"
"20/02/2026","76","VALLE DEL CAUCA","76109","BUENAVENTURA","URBANA","1"
"20/02/2026","13","BOLIVAR","13458","MONTECRISTO","URBANA","1"
"20/02/2026","18","CAQUETA","18753","SAN VICENTE DEL CAGUAN","URBANA","1"
"19/02/2026","95","GUAVIARE","95025","EL RETORNO","RURAL","1"
"19/02/2026","41","HUILA","41359","ISNOS","URBANA","1"
"19/02/2026","19","CAUCA","19821","TORIBIO","URBANA","1"
"18/02/2026","19","CAUCA","19212","CORINTO","URBANA","1"
"18/02/2026","19","CAUCA","19821","TORIBIO","URBANA","1"
"18/02/2026","81","ARAUCA","81065","ARAUQUITA","RURAL","1"
"18/02/2026","05","ANTIOQUIA","05361","ITUANGO","RURAL","1"
"17/02/2026","19","CAUCA","19050","ARGELIA","URBANA","1"
"17/02/2026","11","BOGOTA D.C.","11001","BOGOTA D.C.","URBANA","1"
"17/02/2026","54","NORTE DE SANTANDER","54245","EL CARMEN","URBANA","1"
"17/02/2026","41","HUILA","41396","LA PLATA","RURAL","1"
"17/02/2026","81","ARAUCA","81736","SARAVENA","URBANA","1"
"16/02/2026","41","HUILA","41349","HOBO","URBANA","1"
"16/02/2026","19","CAUCA","19785","SUCRE","URBANA","1"
"16/02/2026","05","ANTIOQUIA","05113","BURITICA","RURAL","1"
"15/02/2026","76","VALLE DEL CAUCA","76109","BUENAVENTURA","URBANA","1"
"15/02/2026","19","CAUCA","19450","MERCADERES","URBANA","1"
"15/02/2026","13","BOLIVAR","13458","MONTECRISTO","URBANA","1"
"15/02/2026","76","VALLE DEL CAUCA","76520","PALMIRA","URBANA","1"
"15/02/2026","95","GUAVIARE","95001","SAN JOSE DEL GUAVIARE","RURAL","1"
"15/02/2026","05","ANTIOQUIA","05604","REMEDIOS","RURAL","1"
"14/02/2026","19","CAUCA","19001","POPAYAN","URBANA","1"
"14/02/2026","05","ANTIOQUIA","05107","BRICEÑO","RURAL","1"
"14/02/2026","05","ANTIOQUIA","05107","BRICEÑO","RURAL","1"
"13/02/2026","11","BOGOTA D.C.","11001","BOGOTA D.C.","URBANA","1"
"13/02/2026","19","CAUCA","19212","CORINTO","URBANA","1"
"13/02/2026","52","NARIÑO","52227","CUMBAL","URBANA","1"
"12/02/2026","54","NORTE DE SANTANDER","54498","OCAÑA","URBANA","1"
"12/02/2026","81","ARAUCA","81736","SARAVENA","URBANA","1"
"12/02/2026","54","NORTE DE SANTANDER","54245","EL CARMEN","URBANA","1"
"12/02/2026","54","NORTE DE SANTANDER","54250","EL TARRA","URBANA","1"
"12/02/2026","81","ARAUCA","81736","SARAVENA","RURAL","1"
"12/02/2026","81","ARAUCA","81736","SARAVENA","RURAL","1"
"11/02/2026","19","CAUCA","19050","ARGELIA","URBANA","1"
"11/02/2026","19","CAUCA","19130","CAJIBIO","URBANA","1"
"11/02/2026","19","CAUCA","19130","CAJIBIO","URBANA","1"
"11/02/2026","54","NORTE DE SANTANDER","54245","EL CARMEN","URBANA","1"
"11/02/2026","19","CAUCA","19418","LOPEZ DE MICAY","URBANA","1"
"11/02/2026","19","CAUCA","19698","SANTANDER DE QUILICHAO","URBANA","1"
"11/02/2026","19","CAUCA","19130","CAJIBIO","URBANA","1"
"10/02/2026","19","CAUCA","19418","LOPEZ DE MICAY","URBANA","1"
"10/02/2026","19","CAUCA","19418","LOPEZ DE MICAY","URBANA","1"
"10/02/2026","44","LA GUAJIRA","44855","URUMITA","URBANA","1"
"09/02/2026","19","CAUCA","19050","ARGELIA","URBANA","1"
"09/02/2026","54","NORTE DE SANTANDER","54245","EL CARMEN","RURAL","1"
"09/02/2026","73","TOLIMA","73616","RIOBLANCO","URBANA","1"
"09/02/2026","13","BOLIVAR","13688","SANTA ROSA DEL SUR","URBANA","1"
"09/02/2026","19","CAUCA","19743","SILVIA","URBANA","1"
"08/02/2026","95","GUAVIARE","95015","CALAMAR","RURAL","1"
"07/02/2026","76","VALLE DEL CAUCA","76001","CALI","URBANA","1"
"07/02/2026","19","CAUCA","19455","MIRANDA","URBANA","1"
"07/02/2026","54","NORTE DE SANTANDER","54498","OCAÑA","URBANA","1"
"06/02/2026","95","GUAVIARE","95015","CALAMAR","RURAL","1"
"06/02/2026","54","NORTE DE SANTANDER","54498","OCAÑA","URBANA","1"
"06/02/2026","54","NORTE DE SANTANDER","54810","TIBU","URBANA","1"
"05/02/2026","05","ANTIOQUIA","05234","DABEIBA","RURAL","1"
"05/02/2026","52","NARIÑO","52250","EL CHARCO","URBANA","1"
"05/02/2026","41","HUILA","41396","LA PLATA","RURAL","1"
"05/02/2026","13","BOLIVAR","13473","MORALES","URBANA","1"
"05/02/2026","81","ARAUCA","81300","FORTUL","URBANA","1"
"04/02/2026","19","CAUCA","19300","GUACHENE","URBANA","1"
"03/02/2026","19","CAUCA","19142","CALOTO","URBANA","1"
"03/02/2026","19","CAUCA","19698","SANTANDER DE QUILICHAO","URBANA","1"
"03/02/2026","41","HUILA","41801","TERUEL","RURAL","1"
"03/02/2026","19","CAUCA","19142","CALOTO","RURAL","1"
"01/02/2026","19","CAUCA","19212","CORINTO","URBANA","1"
"01/02/2026","44","LA GUAJIRA","44430","MAICAO","URBANA","1"
"01/02/2026","44","LA GUAJIRA","44560","MANAURE","URBANA","1"
"01/02/2026","13","BOLIVAR","13473","MORALES","URBANA","1"
"01/02/2026","13","BOLIVAR","13688","SANTA ROSA DEL SUR","URBANA","1"
"30/01/2026","95","GUAVIARE","95015","CALAMAR","RURAL","1"
"30/01/2026","19","CAUCA","19698","SANTANDER DE QUILICHAO","URBANA","1"
"30/01/2026","76","VALLE DEL CAUCA","76130","CANDELARIA","URBANA","1"
"30/01/2026","27","CHOCO","27580","RIO IRO","URBANA","1"
"29/01/2026","18","CAQUETA","18094","BELEN DE LOS ANDAQUIES","URBANA","1"
"29/01/2026","18","CAQUETA","18247","EL DONCELLO","URBANA","1"
"29/01/2026","18","CAQUETA","18001","FLORENCIA","URBANA","1"
"28/01/2026","19","CAUCA","19050","ARGELIA","URBANA","1"
"28/01/2026","19","CAUCA","19418","LOPEZ DE MICAY","URBANA","1"
"28/01/2026","13","BOLIVAR","13688","SANTA ROSA DEL SUR","URBANA","1"
"27/01/2026","54","NORTE DE SANTANDER","54001","CUCUTA","URBANA","1"
"27/01/2026","19","CAUCA","19513","PADILLA","URBANA","1"
"26/01/2026","95","GUAVIARE","95015","CALAMAR","RURAL","1"
"26/01/2026","19","CAUCA","19212","CORINTO","URBANA","1"
"26/01/2026","52","NARIÑO","52250","EL CHARCO","URBANA","1"
"26/01/2026","19","CAUCA","19455","MIRANDA","URBANA","1"
"26/01/2026","54","NORTE DE SANTANDER","54810","TIBU","URBANA","1"
"26/01/2026","81","ARAUCA","81300","FORTUL","URBANA","1"
"25/01/2026","19","CAUCA","19355","INZA","URBANA","1"
"25/01/2026","19","CAUCA","19698","SANTANDER DE QUILICHAO","URBANA","1"
"25/01/2026","20","CESAR","20517","PAILITAS","RURAL","1"
"25/01/2026","95","GUAVIARE","95025","EL RETORNO","RURAL","1"
"24/01/2026","19","CAUCA","19130","CAJIBIO","URBANA","1"
"24/01/2026","19","CAUCA","19130","CAJIBIO","URBANA","1"
"24/01/2026","19","CAUCA","19256","EL TAMBO","URBANA","1"
"24/01/2026","52","NARIÑO","52405","LEIVA","URBANA","1"
"24/01/2026","19","CAUCA","19473","MORALES","URBANA","1"
"24/01/2026","19","CAUCA","19513","PADILLA","URBANA","1"
"24/01/2026","52","NARIÑO","52240","CHACHAGÜI","RURAL","1"
"23/01/2026","11","BOGOTA D.C.","11001","BOGOTA D.C.","URBANA","1"
"23/01/2026","05","ANTIOQUIA","05001","MEDELLIN","URBANA","1"
"23/01/2026","13","BOLIVAR","13688","SANTA ROSA DEL SUR","URBANA","1"
"23/01/2026","95","GUAVIARE","95025","EL RETORNO","RURAL","1"
"22/01/2026","19","CAUCA","19142","CALOTO","URBANA","1"
"22/01/2026","76","VALLE DEL CAUCA","76233","DAGUA","URBANA","1"
"22/01/2026","76","VALLE DEL CAUCA","76233","DAGUA","URBANA","1"
"22/01/2026","73","TOLIMA","73001","IBAGUE","URBANA","1"
"22/01/2026","19","CAUCA","19355","INZA","URBANA","1"
"22/01/2026","05","ANTIOQUIA","05001","MEDELLIN","URBANA","1"
"22/01/2026","54","NORTE DE SANTANDER","54498","OCAÑA","RURAL","1"
"22/01/2026","85","CASANARE","85315","SACAMA","URBANA","1"
"22/01/2026","54","NORTE DE SANTANDER","54810","TIBU","RURAL","1"
"21/01/2026","13","BOLIVAR","13042","ARENAL","URBANA","1"
"21/01/2026","81","ARAUCA","81736","SARAVENA","URBANA","1"
"21/01/2026","95","GUAVIARE","95025","EL RETORNO","RURAL","1"
"20/01/2026","19","CAUCA","19780","SUAREZ","URBANA","1"
"19/01/2026","54","NORTE DE SANTANDER","54385","LA ESPERANZA","URBANA","1"
"19/01/2026","54","NORTE DE SANTANDER","54810","TIBU","RURAL","1"
"19/01/2026","19","CAUCA","19532","PATIA","RURAL","1"
"18/01/2026","54","NORTE DE SANTANDER","54245","EL CARMEN","URBANA","1"
"18/01/2026","54","NORTE DE SANTANDER","54245","EL CARMEN","URBANA","1"
"18/01/2026","19","CAUCA","19256","EL TAMBO","URBANA","1"
"18/01/2026","19","CAUCA","19780","SUAREZ","URBANA","1"
"18/01/2026","05","ANTIOQUIA","05040","ANORI","RURAL","1"
"17/01/2026","52","NARIÑO","52001","PASTO","URBANA","1"
"17/01/2026","19","CAUCA","19130","CAJIBIO","URBANA","1"
"17/01/2026","41","HUILA","41551","PITALITO","URBANA","1"
"17/01/2026","19","CAUCA","19780","SUAREZ","URBANA","1"
"17/01/2026","54","NORTE DE SANTANDER","54810","TIBU","URBANA","1"
"16/01/2026","19","CAUCA","19110","BUENOS AIRES","URBANA","1"
"16/01/2026","19","CAUCA","19110","BUENOS AIRES","URBANA","1"
"16/01/2026","27","CHOCO","27600","RIO QUITO","URBANA","1"
"16/01/2026","27","CHOCO","27745","SIPI","URBANA","1"
"16/01/2026","95","GUAVIARE","95015","CALAMAR","RURAL","1"
"16/01/2026","05","ANTIOQUIA","05034","ANDES","RURAL","1"
"16/01/2026","05","ANTIOQUIA","05040","ANORI","RURAL","1"
"15/01/2026","19","CAUCA","19256","EL TAMBO","URBANA","1"
"15/01/2026","54","NORTE DE SANTANDER","54261","EL ZULIA","URBANA","1"
"15/01/2026","19","CAUCA","19780","SUAREZ","URBANA","1"
"15/01/2026","95","GUAVIARE","95015","CALAMAR","RURAL","1"
"14/01/2026","81","ARAUCA","81300","FORTUL","RURAL","1"
"14/01/2026","73","TOLIMA","73616","RIOBLANCO","URBANA","1"
"14/01/2026","27","CHOCO","27660","SAN JOSE DEL PALMAR","URBANA","1"
"14/01/2026","44","LA GUAJIRA","44847","URIBIA","URBANA","1"
"13/01/2026","81","ARAUCA","81300","FORTUL","RURAL","1"
"13/01/2026","44","LA GUAJIRA","44430","MAICAO","URBANA","1"
"12/01/2026","54","NORTE DE SANTANDER","54874","VILLA DEL ROSARIO","URBANA","1"
"12/01/2026","19","CAUCA","19212","CORINTO","URBANA","1"
"10/01/2026","19","CAUCA","19418","LOPEZ DE MICAY","URBANA","1"
"10/01/2026","19","CAUCA","19517","PAEZ","URBANA","1"
"10/01/2026","52","NARIÑO","52480","NARIÑO","RURAL","1"
"09/01/2026","76","VALLE DEL CAUCA","76001","CALI","URBANA","1"
"09/01/2026","19","CAUCA","19532","PATIA","URBANA","1"
"09/01/2026","81","ARAUCA","81736","SARAVENA","URBANA","1"
"09/01/2026","19","CAUCA","19532","PATIA","RURAL","1"
"08/01/2026","11","BOGOTA D.C.","11001","BOGOTA D.C.","URBANA","1"
"08/01/2026","19","CAUCA","19418","LOPEZ DE MICAY","URBANA","1"
"08/01/2026","81","ARAUCA","81736","SARAVENA","URBANA","1"
"08/01/2026","27","CHOCO","27077","BAJO BAUDO","URBANA","1"
"08/01/2026","11","BOGOTA D.C.","11001","BOGOTA D.C.","URBANA","1"
"07/01/2026","54","NORTE DE SANTANDER","54003","ABREGO","URBANA","1"
"07/01/2026","41","HUILA","41396","LA PLATA","RURAL","1"
"07/01/2026","19","CAUCA","19517","PAEZ","URBANA","1"
"07/01/2026","95","GUAVIARE","95015","CALAMAR","RURAL","1"
"07/01/2026","05","ANTIOQUIA","05364","JARDIN","RURAL","1"
"06/01/2026","13","BOLIVAR","13042","ARENAL","URBANA","1"
"06/01/2026","11","BOGOTA D.C.","11001","BOGOTA D.C.","URBANA","1"
"06/01/2026","85","CASANARE","85410","TAURAMENA","RURAL","1"
"06/01/2026","85","CASANARE","85001","YOPAL","URBANA","1"
"05/01/2026","41","HUILA","41357","IQUIRA","URBANA","1"
"04/01/2026","13","BOLIVAR","13042","ARENAL","URBANA","1"
"04/01/2026","41","HUILA","41530","PALESTINA","RURAL","1"
"03/01/2026","13","BOLIVAR","13042","ARENAL","URBANA","1"
"02/01/2026","19","CAUCA","19050","ARGELIA","URBANA","1"
"01/01/2026","13","BOLIVAR","13042","ARENAL","URBANA","1"
"01/01/2026","19","CAUCA","19050","ARGELIA","URBANA","1"
"01/01/2026","13","BOLIVAR","13042","ARENAL","RURAL","1"
"27/12/2025","05","ANTIOQUIA","05040","ANORI","RURAL","1"
"27/12/2025","19","CAUCA","19001","POPAYAN","URBANA","1"
"27/12/2025","85","CASANARE","85001","YOPAL","URBANA","1"
"26/12/2025","54","NORTE DE SANTANDER","54810","TIBU","RURAL","1"
"24/12/2025","54","NORTE DE SANTANDER","54720","SARDINATA","URBANA","1"
"24/12/2025","54","NORTE DE SANTANDER","54810","TIBU","RURAL","1"
"23/12/2025","19","CAUCA","19110","BUENOS AIRES","URBANA","1"
"23/12/2025","19","CAUCA","19110","BUENOS AIRES","URBANA","1"
"23/12/2025","81","ARAUCA","81736","SARAVENA","URBANA","1"
"23/12/2025","52","NARIÑO","52001","PASTO","URBANA","1"
"22/12/2025","20","CESAR","20310","GONZALEZ","URBANA","1"
"21/12/2025","19","CAUCA","19780","SUAREZ","URBANA","1"
"20/12/2025","95","GUAVIARE","95015","CALAMAR","URBANA","1"
"20/12/2025","54","NORTE DE SANTANDER","54245","EL CARMEN","URBANA","1"
"20/12/2025","41","HUILA","41001","NEIVA","URBANA","1"
"20/12/2025","50","META","50568","PUERTO GAITAN","URBANA","1"
"19/12/2025","19","CAUCA","19001","POPAYAN","URBANA","1"
"18/12/2025","05","ANTIOQUIA","05040","ANORI","URBANA","1"
"18/12/2025","95","GUAVIARE","95015","CALAMAR","URBANA","1"
"18/12/2025","27","CHOCO","27001","QUIBDO","URBANA","1"
"18/12/2025","20","CESAR","20011","AGUACHICA","RURAL","1"
"17/12/2025","76","VALLE DEL CAUCA","76109","BUENAVENTURA","URBANA","1"
"17/12/2025","44","LA GUAJIRA","44430","MAICAO","URBANA","1"
"16/12/2025","76","VALLE DEL CAUCA","76001","CALI","URBANA","1"
"16/12/2025","68","SANTANDER","68081","BARRANCABERMEJA","RURAL","1"
"16/12/2025","81","ARAUCA","81001","ARAUCA","URBANA","1"
"16/12/2025","68","SANTANDER","68081","BARRANCABERMEJA","URBANA","1"
"16/12/2025","76","VALLE DEL CAUCA","76109","BUENAVENTURA","URBANA","1"
"16/12/2025","20","CESAR","20178","CHIRIGUANA","URBANA","1"
"16/12/2025","54","NORTE DE SANTANDER","54001","CUCUTA","URBANA","1"
"16/12/2025","52","NARIÑO","52260","EL TAMBO","URBANA","1"
"16/12/2025","18","CAQUETA","18001","FLORENCIA","URBANA","1"
"16/12/2025","19","CAUCA","19110","BUENOS AIRES","URBANA","1"
"16/12/2025","44","LA GUAJIRA","44430","MAICAO","URBANA","1"
"16/12/2025","44","LA GUAJIRA","44430","MAICAO","URBANA","1"
"16/12/2025","54","NORTE DE SANTANDER","54498","OCAÑA","URBANA","1"
"16/12/2025","54","NORTE DE SANTANDER","54518","PAMPLONA","URBANA","1"
"16/12/2025","86","PUTUMAYO","86568","PUERTO ASIS","URBANA","1"
"16/12/2025","47","MAGDALENA","47001","SANTA MARTA","URBANA","1"
"15/12/2025","05","ANTIOQUIA","05034","ANDES","URBANA","1"
"15/12/2025","19","CAUCA","19137","CALDONO","URBANA","1"
"15/12/2025","27","CHOCO","27245","EL CARMEN DE ATRATO","URBANA","1"
"15/12/2025","73","TOLIMA","73275","FLANDES","URBANA","1"
"15/12/2025","44","LA GUAJIRA","44430","MAICAO","URBANA","1"
"15/12/2025","20","CESAR","20178","CHIRIGUANA","URBANA","1"
"15/12/2025","20","CESAR","20383","LA GLORIA","RURAL","1"
"15/12/2025","20","CESAR","20400","LA JAGUA DE IBIRICO","RURAL","1"
"15/12/2025","20","CESAR","20550","PELAYA","URBANA","1"
"15/12/2025","68","SANTANDER","68081","BARRANCABERMEJA","RURAL","1"
"14/12/2025","27","CHOCO","27580","RIO IRO","URBANA","1"
"14/12/2025","05","ANTIOQUIA","05854","VALDIVIA","RURAL","1"
"14/12/2025","05","ANTIOQUIA","05854","VALDIVIA","RURAL","1"
"14/12/2025","54","NORTE DE SANTANDER","54261","EL ZULIA","URBANA","1"
"14/12/2025","20","CESAR","20228","CURUMANI","URBANA","1"
"14/12/2025","20","CESAR","20550","PELAYA","RURAL","1"
"13/12/2025","52","NARIÑO","52838","TUQUERRES","URBANA","1"
"13/12/2025","19","CAUCA","19532","PATIA","RURAL","1"
"13/12/2025","19","CAUCA","19532","PATIA","URBANA","1"
"12/12/2025","05","ANTIOQUIA","05790","TARAZA","RURAL","1"
"11/12/2025","19","CAUCA","19256","EL TAMBO","RURAL","1"
"11/12/2025","18","CAQUETA","18001","FLORENCIA","URBANA","1"
"11/12/2025","73","TOLIMA","73770","SUAREZ","URBANA","1"
"10/12/2025","52","NARIÑO","52835","SAN ANDRES DE TUMACO","URBANA","1"
"09/12/2025","18","CAQUETA","18410","LA MONTAÑITA","URBANA","1"
"08/12/2025","52","NARIÑO","52385","LA LLANADA","URBANA","1"
"08/12/2025","52","NARIÑO","52001","PASTO","URBANA","1"
"08/12/2025","52","NARIÑO","52001","PASTO","URBANA","1"
"07/12/2025","81","ARAUCA","81065","ARAUQUITA","URBANA","1"
"07/12/2025","41","HUILA","41797","TESALIA","URBANA","1"
"06/12/2025","19","CAUCA","19075","BALBOA","URBANA","1"
"06/12/2025","19","CAUCA","19075","BALBOA","URBANA","1"
"06/12/2025","19","CAUCA","19075","BALBOA","URBANA","1"
"06/12/2025","54","NORTE DE SANTANDER","54001","CUCUTA","URBANA","1"
"06/12/2025","19","CAUCA","19355","INZA","URBANA","1"
"06/12/2025","19","CAUCA","19455","MIRANDA","URBANA","1"
"06/12/2025","19","CAUCA","19532","PATIA","URBANA","1"
"06/12/2025","19","CAUCA","19532","PATIA","URBANA","1"
"06/12/2025","19","CAUCA","19622","ROSAS","URBANA","1"
"06/12/2025","19","CAUCA","19622","ROSAS","URBANA","1"
"05/12/2025","70","SUCRE","70235","GALERAS","URBANA","1"
"05/12/2025","19","CAUCA","19513","PADILLA","URBANA","1"
"05/12/2025","19","CAUCA","19517","PAEZ","URBANA","1"
"05/12/2025","19","CAUCA","19532","PATIA","URBANA","1"
"04/12/2025","76","VALLE DEL CAUCA","76275","FLORIDA","URBANA","1"
"04/12/2025","19","CAUCA","19473","MORALES","URBANA","1"
"03/12/2025","27","CHOCO","27787","TADO","URBANA","1"
"03/12/2025","19","CAUCA","19355","INZA","URBANA","1"
"03/12/2025","27","CHOCO","27787","TADO","URBANA","1"
"02/12/2025","54","NORTE DE SANTANDER","54001","CUCUTA","URBANA","1"
"02/12/2025","19","CAUCA","19780","SUAREZ","URBANA","1"
"01/12/2025","19","CAUCA","19300","GUACHENE","URBANA","1"
"01/12/2025","54","NORTE DE SANTANDER","54810","TIBU","URBANA","1"
"30/11/2025","19","CAUCA","19050","ARGELIA","URBANA","1"
"30/11/2025","19","CAUCA","19110","BUENOS AIRES","URBANA","1"
"30/11/2025","95","GUAVIARE","95001","SAN JOSE DEL GUAVIARE","URBANA","1"
"29/11/2025","41","HUILA","41306","GIGANTE","URBANA","1"
"28/11/2025","19","CAUCA","19698","SANTANDER DE QUILICHAO","RURAL","1"
"28/11/2025","85","CASANARE","85001","YOPAL","RURAL","1"
"28/11/2025","05","ANTIOQUIA","05040","ANORI","URBANA","1"
"28/11/2025","81","ARAUCA","81065","ARAUQUITA","URBANA","1"
"28/11/2025","18","CAQUETA","18756","SOLANO","URBANA","1"
"27/11/2025","05","ANTIOQUIA","05001","MEDELLIN","URBANA","1"
"27/11/2025","13","BOLIVAR","13244","EL CARMEN DE BOLIVAR","URBANA","1"
"27/11/2025","54","NORTE DE SANTANDER","54250","EL TARRA","URBANA","1"
"26/11/2025","19","CAUCA","19532","PATIA","RURAL","1"
"26/11/2025","52","NARIÑO","52224","CUASPUD CARLOSAMA","URBANA","1"
"26/11/2025","19","CAUCA","19256","EL TAMBO","URBANA","1"
"26/11/2025","19","CAUCA","19256","EL TAMBO","RURAL","1"
"26/11/2025","19","CAUCA","19532","PATIA","URBANA","1"
"26/11/2025","19","CAUCA","19532","PATIA","URBANA","1"
"26/11/2025","95","GUAVIARE","95001","SAN JOSE DEL GUAVIARE","RURAL","1"
"26/11/2025","54","NORTE DE SANTANDER","54810","TIBU","RURAL","1"
"25/11/2025","52","NARIÑO","52001","PASTO","URBANA","1"
"25/11/2025","81","ARAUCA","81001","ARAUCA","URBANA","1"
"25/11/2025","11","BOGOTA D.C.","11001","BOGOTA D.C.","URBANA","1"
"25/11/2025","52","NARIÑO","52786","TAMINANGO","RURAL","1"
"24/11/2025","95","GUAVIARE","95001","SAN JOSE DEL GUAVIARE","URBANA","1"
"22/11/2025","76","VALLE DEL CAUCA","76109","BUENAVENTURA","URBANA","1"
"21/11/2025","19","CAUCA","19473","MORALES","URBANA","1"
"21/11/2025","50","META","50006","ACACIAS","URBANA","1"
"21/11/2025","11","BOGOTA D.C.","11001","BOGOTA D.C.","URBANA","1"
"21/11/2025","19","CAUCA","19473","MORALES","URBANA","1"
"20/11/2025","41","HUILA","41306","GIGANTE","URBANA","1"
"20/11/2025","20","CESAR","20310","GONZALEZ","URBANA","1"
"20/11/2025","76","VALLE DEL CAUCA","76364","JAMUNDI","URBANA","1"
"19/11/2025","19","CAUCA","19780","SUAREZ","URBANA","1"
"19/11/2025","19","CAUCA","19130","CAJIBIO","URBANA","1"
"19/11/2025","19","CAUCA","19364","JAMBALO","URBANA","1"
"19/11/2025","19","CAUCA","19513","PADILLA","URBANA","1"
"19/11/2025","19","CAUCA","19001","POPAYAN","URBANA","1"
"19/11/2025","19","CAUCA","19743","SILVIA","URBANA","1"
"19/11/2025","05","ANTIOQUIA","05887","YARUMAL","URBANA","1"
"18/11/2025","81","ARAUCA","81065","ARAUQUITA","URBANA","1"
"18/11/2025","54","NORTE DE SANTANDER","54001","CUCUTA","URBANA","1"
"18/11/2025","76","VALLE DEL CAUCA","76364","JAMUNDI","URBANA","1"
"17/11/2025","76","VALLE DEL CAUCA","76001","CALI","URBANA","1"
"17/11/2025","19","CAUCA","19130","CAJIBIO","URBANA","1"
"17/11/2025","95","GUAVIARE","95015","CALAMAR","URBANA","1"
"17/11/2025","19","CAUCA","19212","CORINTO","URBANA","1"
"17/11/2025","81","ARAUCA","81300","FORTUL","URBANA","1"
"17/11/2025","19","CAUCA","19780","SUAREZ","URBANA","1"
"17/11/2025","19","CAUCA","19780","SUAREZ","URBANA","1"
"17/11/2025","52","NARIÑO","52001","PASTO","URBANA","1"
"16/11/2025","76","VALLE DEL CAUCA","76001","CALI","URBANA","1"
"16/11/2025","08","ATLANTICO","08001","BARRANQUILLA","URBANA","1"
"16/11/2025","19","CAUCA","19418","LOPEZ DE MICAY","URBANA","1"
"16/11/2025","47","MAGDALENA","47001","SANTA MARTA","URBANA","1"
"15/11/2025","76","VALLE DEL CAUCA","76001","CALI","URBANA","1"
"15/11/2025","76","VALLE DEL CAUCA","76001","CALI","URBANA","1"
"15/11/2025","19","CAUCA","19698","SANTANDER DE QUILICHAO","URBANA","1"
"15/11/2025","19","CAUCA","19698","SANTANDER DE QUILICHAO","URBANA","1"
"15/11/2025","19","CAUCA","19698","SANTANDER DE QUILICHAO","URBANA","1"
"15/11/2025","19","CAUCA","19698","SANTANDER DE QUILICHAO","RURAL","1"
"15/11/2025","19","CAUCA","19698","SANTANDER DE QUILICHAO","RURAL","1"
"14/11/2025","19","CAUCA","19548","PIENDAMO - TUNIA","RURAL","1"
"14/11/2025","81","ARAUCA","81065","ARAUQUITA","URBANA","1"
"14/11/2025","19","CAUCA","19075","BALBOA","RURAL","1"
"14/11/2025","54","NORTE DE SANTANDER","54810","TIBU","RURAL","1"
"13/11/2025","76","VALLE DEL CAUCA","76109","BUENAVENTURA","URBANA","1"
"13/11/2025","19","CAUCA","19622","ROSAS","URBANA","1"
"13/11/2025","19","CAUCA","19622","ROSAS","URBANA","1"
"13/11/2025","19","CAUCA","19622","ROSAS","URBANA","1"
"13/11/2025","19","CAUCA","19807","TIMBIO","URBANA","1"
"13/11/2025","19","CAUCA","19212","CORINTO","URBANA","1"
"12/11/2025","18","CAQUETA","18256","EL PAUJIL","URBANA","1"
"12/11/2025","19","CAUCA","19355","INZA","URBANA","1"
"12/11/2025","19","CAUCA","19355","INZA","URBANA","1"
"12/11/2025","19","CAUCA","19355","INZA","URBANA","1"
"12/11/2025","19","CAUCA","19355","INZA","URBANA","1"
"12/11/2025","19","CAUCA","19355","INZA","URBANA","1"
"12/11/2025","19","CAUCA","19355","INZA","URBANA","1"
"12/11/2025","19","CAUCA","19450","MERCADERES","URBANA","1"
"12/11/2025","19","CAUCA","19455","MIRANDA","URBANA","1"
"12/11/2025","19","CAUCA","19513","PADILLA","URBANA","1"
"12/11/2025","19","CAUCA","19532","PATIA","URBANA","1"
"12/11/2025","19","CAUCA","19532","PATIA","RURAL","1"
"12/11/2025","19","CAUCA","19355","INZA","URBANA","1"
"11/11/2025","27","CHOCO","27450","MEDIO SAN JUAN","URBANA","1"
"11/11/2025","85","CASANARE","85250","PAZ DE ARIPORO","URBANA","1"
"11/11/2025","19","CAUCA","19780","SUAREZ","URBANA","1"
"11/11/2025","52","NARIÑO","52254","EL PEÑOL","URBANA","1"
"11/11/2025","13","BOLIVAR","13042","ARENAL","URBANA","1"
"11/11/2025","27","CHOCO","27077","BAJO BAUDO","URBANA","1"
"11/11/2025","19","CAUCA","19142","CALOTO","URBANA","1"
"11/11/2025","19","CAUCA","19142","CALOTO","URBANA","1"
"11/11/2025","81","ARAUCA","81300","FORTUL","URBANA","1"
"11/11/2025","19","CAUCA","19418","LOPEZ DE MICAY","URBANA","1"
"10/11/2025","54","NORTE DE SANTANDER","54498","OCAÑA","URBANA","1"
"09/11/2025","76","VALLE DEL CAUCA","76109","BUENAVENTURA","URBANA","1"
"09/11/2025","54","NORTE DE SANTANDER","54001","CUCUTA","URBANA","1"
"08/11/2025","15","BOYACA","15001","TUNJA","URBANA","1"
"08/11/2025","15","BOYACA","15001","TUNJA","URBANA","1"
"08/11/2025","15","BOYACA","15001","TUNJA","URBANA","1"
"08/11/2025","15","BOYACA","15001","TUNJA","URBANA","1"
"08/11/2025","15","BOYACA","15001","TUNJA","URBANA","1"
"08/11/2025","50","META","50001","VILLAVICENCIO","URBANA","1"
"08/11/2025","15","BOYACA","15001","TUNJA","URBANA","1"
"07/11/2025","54","NORTE DE SANTANDER","54099","BOCHALEMA","URBANA","1"
"07/11/2025","54","NORTE DE SANTANDER","54405","LOS PATIOS","RURAL","1"
"07/11/2025","95","GUAVIARE","95001","SAN JOSE DEL GUAVIARE","URBANA","1"
"07/11/2025","19","CAUCA","19698","SANTANDER DE QUILICHAO","URBANA","1"
"07/11/2025","19","CAUCA","19698","SANTANDER DE QUILICHAO","URBANA","1"
"07/11/2025","19","CAUCA","19780","SUAREZ","URBANA","1"
"06/11/2025","05","ANTIOQUIA","05040","ANORI","RURAL","1"
"06/11/2025","76","VALLE DEL CAUCA","76520","PALMIRA","URBANA","1"
"06/11/2025","44","LA GUAJIRA","44847","URIBIA","URBANA","1"
"05/11/2025","95","GUAVIARE","95015","CALAMAR","URBANA","1"
"04/11/2025","95","GUAVIARE","95001","SAN JOSE DEL GUAVIARE","URBANA","1"
"04/11/2025","19","CAUCA","19809","TIMBIQUI","URBANA","1"
"03/11/2025","19","CAUCA","19780","SUAREZ","URBANA","1"
"03/11/2025","19","CAUCA","19780","SUAREZ","URBANA","1"
"03/11/2025","19","CAUCA","19780","SUAREZ","URBANA","1"
"03/11/2025","19","CAUCA","19418","LOPEZ DE MICAY","RURAL","1"
"02/11/2025","05","ANTIOQUIA","05040","ANORI","RURAL","1"
"02/11/2025","95","GUAVIARE","95015","CALAMAR","RURAL","1"
"02/11/2025","52","NARIÑO","52356","IPIALES","URBANA","1"
"02/11/2025","54","NORTE DE SANTANDER","54498","OCAÑA","URBANA","1"
"01/11/2025","05","ANTIOQUIA","05040","ANORI","URBANA","1"
"01/11/2025","11","BOGOTA D.C.","11001","BOGOTA D.C.","URBANA","1"
"01/11/2025","54","NORTE DE SANTANDER","54810","TIBU","RURAL","1"
"01/11/2025","54","NORTE DE SANTANDER","54810","TIBU","RURAL","1"
"29/10/2025","41","HUILA","41770","SUAZA","URBANA","1"
"29/10/2025","19","CAUCA","19780","SUAREZ","URBANA","1"
"28/10/2025","76","VALLE DEL CAUCA","76109","BUENAVENTURA","URBANA","1"
"28/10/2025","19","CAUCA","19473","MORALES","URBANA","1"
"28/10/2025","95","GUAVIARE","95001","SAN JOSE DEL GUAVIARE","URBANA","1"
"27/10/2025","76","VALLE DEL CAUCA","76109","BUENAVENTURA","URBANA","1"
"27/10/2025","95","GUAVIARE","95015","CALAMAR","RURAL","1"
"26/10/2025","19","CAUCA","19698","SANTANDER DE QUILICHAO","URBANA","1"
"26/10/2025","05","ANTIOQUIA","05031","AMALFI","RURAL","1"
"26/10/2025","05","ANTIOQUIA","05040","ANORI","URBANA","1"
"26/10/2025","95","GUAVIARE","95025","EL RETORNO","URBANA","1"
"26/10/2025","20","CESAR","20770","SAN MARTIN","URBANA","1"
"25/10/2025","27","CHOCO","27745","SIPI","URBANA","1"
"25/10/2025","19","CAUCA","19698","SANTANDER DE QUILICHAO","URBANA","1"
"25/10/2025","27","CHOCO","27745","SIPI","URBANA","1"
"24/10/2025","81","ARAUCA","81300","FORTUL","URBANA","1"
"24/10/2025","76","VALLE DEL CAUCA","76364","JAMUNDI","URBANA","1"
"22/10/2025","50","META","50680","SAN CARLOS DE GUAROA","RURAL","1"
"21/10/2025","19","CAUCA","19130","CAJIBIO","URBANA","1"
"21/10/2025","95","GUAVIARE","95001","SAN JOSE DEL GUAVIARE","URBANA","1"
"20/10/2025","54","NORTE DE SANTANDER","54250","EL TARRA","RURAL","1"
"20/10/2025","19","CAUCA","19532","PATIA","URBANA","1"
"20/10/2025","18","CAQUETA","18756","SOLANO","URBANA","1"
"19/10/2025","19","CAUCA","19532","PATIA","RURAL","1"
"19/10/2025","19","CAUCA","19100","BOLIVAR","URBANA","1"
"19/10/2025","19","CAUCA","19110","BUENOS AIRES","URBANA","1"
"19/10/2025","18","CAQUETA","18001","FLORENCIA","URBANA","1"
"19/10/2025","19","CAUCA","19780","SUAREZ","URBANA","1"
"19/10/2025","19","CAUCA","19821","TORIBIO","URBANA","1"
"19/10/2025","19","CAUCA","19821","TORIBIO","URBANA","1"
"18/10/2025","52","NARIÑO","52001","PASTO","RURAL","1"
"18/10/2025","19","CAUCA","19532","PATIA","URBANA","1"
"18/10/2025","81","ARAUCA","81065","ARAUQUITA","URBANA","1"
"18/10/2025","19","CAUCA","19050","ARGELIA","URBANA","1"
"18/10/2025","41","HUILA","41396","LA PLATA","URBANA","1"
"18/10/2025","81","ARAUCA","81591","PUERTO RONDON","URBANA","1"
"18/10/2025","18","CAQUETA","18001","FLORENCIA","URBANA","1"
"17/10/2025","66","RISARALDA","66088","BELEN DE UMBRIA","URBANA","1"
"17/10/2025","76","VALLE DEL CAUCA","76109","BUENAVENTURA","URBANA","1"
"17/10/2025","76","VALLE DEL CAUCA","76109","BUENAVENTURA","URBANA","1"
"17/10/2025","13","BOLIVAR","13688","SANTA ROSA DEL SUR","URBANA","1"
"16/10/2025","76","VALLE DEL CAUCA","76109","BUENAVENTURA","URBANA","1"
"16/10/2025","76","VALLE DEL CAUCA","76364","JAMUNDI","URBANA","1"
"15/10/2025","19","CAUCA","19050","ARGELIA","RURAL","1"
"15/10/2025","19","CAUCA","19050","ARGELIA","URBANA","1"
"15/10/2025","19","CAUCA","19573","PUERTO TEJADA","URBANA","1"
"15/10/2025","13","BOLIVAR","13688","SANTA ROSA DEL SUR","URBANA","1"
"15/10/2025","05","ANTIOQUIA","05790","TARAZA","URBANA","1"
"15/10/2025","05","ANTIOQUIA","05088","BELLO","URBANA","1"
"14/10/2025","95","GUAVIARE","95015","CALAMAR","URBANA","1"
"14/10/2025","95","GUAVIARE","95015","CALAMAR","URBANA","1"
"14/10/2025","76","VALLE DEL CAUCA","76001","CALI","URBANA","1"
"14/10/2025","54","NORTE DE SANTANDER","54172","CHINACOTA","URBANA","1"
"14/10/2025","68","SANTANDER","68573","PUERTO PARRA","URBANA","1"
"14/10/2025","20","CESAR","20614","RIO DE ORO","URBANA","1"
"14/10/2025","20","CESAR","20614","RIO DE ORO","URBANA","1"
"14/10/2025","15","BOYACA","15646","SAMACA","URBANA","1"
"13/10/2025","05","ANTIOQUIA","05040","ANORI","RURAL","1"
"13/10/2025","20","CESAR","20550","PELAYA","URBANA","1"
"13/10/2025","18","CAQUETA","18753","SAN VICENTE DEL CAGUAN","URBANA","1"
"12/10/2025","76","VALLE DEL CAUCA","76364","JAMUNDI","URBANA","1"
"11/10/2025","19","CAUCA","19142","CALOTO","URBANA","1"
"11/10/2025","50","META","50001","VILLAVICENCIO","URBANA","1"
"10/10/2025","76","VALLE DEL CAUCA","76126","CALIMA","URBANA","1"
"10/10/2025","50","META","50568","PUERTO GAITAN","URBANA","1"
"09/10/2025","76","VALLE DEL CAUCA","76364","JAMUNDI","URBANA","1"
"09/10/2025","19","CAUCA","19075","BALBOA","RURAL","1"
"09/10/2025","11","BOGOTA D.C.","11001","BOGOTA D.C.","URBANA","1"
"09/10/2025","76","VALLE DEL CAUCA","76364","JAMUNDI","URBANA","1"
"09/10/2025","13","BOLIVAR","13688","SANTA ROSA DEL SUR","URBANA","1"
"09/10/2025","19","CAUCA","19780","SUAREZ","URBANA","1"
"08/10/2025","27","CHOCO","27245","EL CARMEN DE ATRATO","URBANA","1"
"08/10/2025","54","NORTE DE SANTANDER","54810","TIBU","RURAL","1"
"07/10/2025","19","CAUCA","19256","EL TAMBO","URBANA","1"
"07/10/2025","19","CAUCA","19698","SANTANDER DE QUILICHAO","URBANA","1"
"07/10/2025","70","SUCRE","70001","SINCELEJO","URBANA","1"
"06/10/2025","05","ANTIOQUIA","05113","BURITICA","URBANA","1"
"06/10/2025","76","VALLE DEL CAUCA","76364","JAMUNDI","URBANA","1"
"06/10/2025","15","BOYACA","15755","SOCOTA","URBANA","1"
"05/10/2025","81","ARAUCA","81065","ARAUQUITA","RURAL","1"
"05/10/2025","11","BOGOTA D.C.","11001","BOGOTA D.C.","URBANA","1"
"05/10/2025","19","CAUCA","19212","CORINTO","URBANA","1"
"05/10/2025","18","CAQUETA","18001","FLORENCIA","URBANA","1"
"05/10/2025","19","CAUCA","19355","INZA","URBANA","1"
"05/10/2025","76","VALLE DEL CAUCA","76364","JAMUNDI","URBANA","1"
"05/10/2025","19","CAUCA","19473","MORALES","URBANA","1"
"05/10/2025","13","BOLIVAR","13688","SANTA ROSA DEL SUR","URBANA","1"
"04/10/2025","27","CHOCO","27450","MEDIO SAN JUAN","URBANA","1"
"04/10/2025","05","ANTIOQUIA","05579","PUERTO BERRIO","URBANA","1"
"04/10/2025","50","META","50568","PUERTO GAITAN","URBANA","1"
"04/10/2025","13","BOLIVAR","13688","SANTA ROSA DEL SUR","URBANA","1"
"03/10/2025","19","CAUCA","19050","ARGELIA","URBANA","1"
"03/10/2025","19","CAUCA","19050","ARGELIA","URBANA","1"
"03/10/2025","19","CAUCA","19780","SUAREZ","URBANA","1"
"02/10/2025","05","ANTIOQUIA","05113","BURITICA","RURAL","1"
"02/10/2025","19","CAUCA","19532","PATIA","URBANA","1"
"02/10/2025","19","CAUCA","19532","PATIA","URBANA","1"
"01/10/2025","52","NARIÑO","52215","CORDOBA","RURAL","1"
"01/10/2025","19","CAUCA","19212","CORINTO","URBANA","1"
"01/10/2025","13","BOLIVAR","13744","SIMITI","URBANA","1"
"30/09/2025","52","NARIÑO","52215","CORDOBA","URBANA","1"
"30/09/2025","81","ARAUCA","81300","FORTUL","URBANA","1"
"30/09/2025","54","NORTE DE SANTANDER","54874","VILLA DEL ROSARIO","URBANA","1"
"30/09/2025","13","BOLIVAR","13894","ZAMBRANO","URBANA","1"
"29/09/2025","81","ARAUCA","81300","FORTUL","URBANA","1"
"29/09/2025","08","ATLANTICO","08634","SABANAGRANDE","URBANA","1"
"28/09/2025","13","BOLIVAR","13042","ARENAL","URBANA","1"
"28/09/2025","27","CHOCO","27450","MEDIO SAN JUAN","URBANA","1"
"28/09/2025","19","CAUCA","19780","SUAREZ","URBANA","1"
"27/09/2025","19","CAUCA","19780","SUAREZ","URBANA","1"
"26/09/2025","19","CAUCA","19075","BALBOA","RURAL","1"
"26/09/2025","13","BOLIVAR","13688","SANTA ROSA DEL SUR","URBANA","1"
"26/09/2025","27","CHOCO","27800","UNGUIA","URBANA","1"
"25/09/2025","41","HUILA","41396","LA PLATA","URBANA","1"
"24/09/2025","76","VALLE DEL CAUCA","76001","CALI","URBANA","1"
"24/09/2025","05","ANTIOQUIA","05604","REMEDIOS","RURAL","1"
"23/09/2025","27","CHOCO","27450","MEDIO SAN JUAN","URBANA","1"
"23/09/2025","41","HUILA","41001","NEIVA","URBANA","1"
"22/09/2025","76","VALLE DEL CAUCA","76109","BUENAVENTURA","URBANA","1"
"22/09/2025","52","NARIÑO","52573","PUERRES","RURAL","1"
"20/09/2025","05","ANTIOQUIA","05031","AMALFI","URBANA","1"
"20/09/2025","05","ANTIOQUIA","05031","AMALFI","URBANA","1"
"20/09/2025","85","CASANARE","85400","TAMARA","URBANA","1"
"19/09/2025","05","ANTIOQUIA","05040","ANORI","URBANA","1"
"19/09/2025","05","ANTIOQUIA","05040","ANORI","URBANA","1"
"19/09/2025","68","SANTANDER","68679","SAN GIL","URBANA","1"
"18/09/2025","76","VALLE DEL CAUCA","76001","CALI","URBANA","1"
"18/09/2025","05","ANTIOQUIA","05234","DABEIBA","URBANA","1"
"18/09/2025","27","CHOCO","27450","MEDIO SAN JUAN","URBANA","1"
"18/09/2025","20","CESAR","20770","SAN MARTIN","URBANA","1"
"18/09/2025","52","NARIÑO","52573","PUERRES","RURAL","1"
"17/09/2025","05","ANTIOQUIA","05040","ANORI","RURAL","1"
"17/09/2025","08","ATLANTICO","08078","BARANOA","URBANA","1"
"17/09/2025","20","CESAR","20045","BECERRIL","URBANA","1"
"17/09/2025","05","ANTIOQUIA","05284","FRONTINO","URBANA","1"
"17/09/2025","73","TOLIMA","73001","IBAGUE","URBANA","1"
"17/09/2025","76","VALLE DEL CAUCA","76736","SEVILLA","URBANA","1"
"16/09/2025","18","CAQUETA","18150","CARTAGENA DEL CHAIRA","URBANA","1"
"16/09/2025","52","NARIÑO","52835","SAN ANDRES DE TUMACO","RURAL","1"
"16/09/2025","50","META","50001","VILLAVICENCIO","URBANA","1"
"15/09/2025","76","VALLE DEL CAUCA","76233","DAGUA","URBANA","1"
"15/09/2025","19","CAUCA","19318","GUAPI","URBANA","1"
"15/09/2025","11","BOGOTA D.C.","11001","BOGOTA D.C.","URBANA","1"
"14/09/2025","19","CAUCA","19130","CAJIBIO","URBANA","1"
"14/09/2025","19","CAUCA","19130","CAJIBIO","URBANA","1"
"14/09/2025","19","CAUCA","19130","CAJIBIO","RURAL","1"
"14/09/2025","19","CAUCA","19137","CALDONO","URBANA","1"
"14/09/2025","19","CAUCA","19137","CALDONO","URBANA","1"
"14/09/2025","19","CAUCA","19142","CALOTO","URBANA","1"
"14/09/2025","76","VALLE DEL CAUCA","76233","DAGUA","URBANA","1"
"14/09/2025","81","ARAUCA","81300","FORTUL","URBANA","1"
"14/09/2025","19","CAUCA","19300","GUACHENE","URBANA","1"
"14/09/2025","19","CAUCA","19455","MIRANDA","URBANA","1"
"14/09/2025","19","CAUCA","19743","SILVIA","URBANA","1"
"14/09/2025","19","CAUCA","19780","SUAREZ","URBANA","1"
"14/09/2025","19","CAUCA","19821","TORIBIO","URBANA","1"
"14/09/2025","05","ANTIOQUIA","05887","YARUMAL","URBANA","1"
"14/09/2025","19","CAUCA","19130","CAJIBIO","RURAL","1"
"14/09/2025","19","CAUCA","19212","CORINTO","URBANA","1"
"14/09/2025","19","CAUCA","19355","INZA","RURAL","1"
"13/09/2025","81","ARAUCA","81220","CRAVO NORTE","URBANA","1"
"11/09/2025","81","ARAUCA","81736","SARAVENA","URBANA","1"
"10/09/2025","05","ANTIOQUIA","05579","PUERTO BERRIO","URBANA","1"
"10/09/2025","54","NORTE DE SANTANDER","54720","SARDINATA","URBANA","1"
"10/09/2025","70","SUCRE","70001","SINCELEJO","URBANA","1"
"10/09/2025","05","ANTIOQUIA","05895","ZARAGOZA","URBANA","1"
"10/09/2025","05","ANTIOQUIA","05001","MEDELLIN","URBANA","1"
"09/09/2025","11","BOGOTA D.C.","11001","BOGOTA D.C.","URBANA","1"
"09/09/2025","54","NORTE DE SANTANDER","54810","TIBU","URBANA","1"
"08/09/2025","76","VALLE DEL CAUCA","76001","CALI","URBANA","1"
"08/09/2025","76","VALLE DEL CAUCA","76001","CALI","URBANA","1"
"08/09/2025","44","LA GUAJIRA","44430","MAICAO","URBANA","1"
"08/09/2025","27","CHOCO","27450","MEDIO SAN JUAN","URBANA","1"
"08/09/2025","19","CAUCA","19050","ARGELIA","URBANA","1"
"08/09/2025","86","PUTUMAYO","86573","PUERTO LEGUIZAMO","URBANA","1"
"07/09/2025","27","CHOCO","27025","ALTO BAUDO","URBANA","1"
"07/09/2025","27","CHOCO","27491","NOVITA","URBANA","1"
"07/09/2025","81","ARAUCA","81736","SARAVENA","URBANA","1"
"06/09/2025","85","CASANARE","85010","AGUAZUL","URBANA","1"
"06/09/2025","50","META","50370","URIBE","URBANA","1"
"05/09/2025","76","VALLE DEL CAUCA","76364","JAMUNDI","URBANA","1"
"05/09/2025","95","GUAVIARE","95001","SAN JOSE DEL GUAVIARE","URBANA","1"
"05/09/2025","19","CAUCA","19698","SANTANDER DE QUILICHAO","URBANA","1"
"05/09/2025","19","CAUCA","19780","SUAREZ","URBANA","1"
"04/09/2025","76","VALLE DEL CAUCA","76364","JAMUNDI","URBANA","1"
"04/09/2025","81","ARAUCA","81591","PUERTO RONDON","URBANA","1"
"04/09/2025","76","VALLE DEL CAUCA","76834","TULUA","URBANA","1"
"03/09/2025","63","QUINDIO","63212","CORDOBA","URBANA","1"
"03/09/2025","05","ANTIOQUIA","05284","FRONTINO","URBANA","1"
"03/09/2025","19","CAUCA","19532","PATIA","RURAL","1"
"03/09/2025","19","CAUCA","19785","SUCRE","RURAL","1"
"03/09/2025","27","CHOCO","27787","TADO","URBANA","1"
"03/09/2025","52","NARIÑO","52540","POLICARPA","URBANA","1"
"02/09/2025","52","NARIÑO","52258","EL TABLON DE GOMEZ","RURAL","1"
"02/09/2025","19","CAUCA","19300","GUACHENE","URBANA","1"
"02/09/2025","19","CAUCA","19532","PATIA","RURAL","1"
"02/09/2025","19","CAUCA","19532","PATIA","RURAL","1"
"02/09/2025","27","CHOCO","27001","QUIBDO","URBANA","1"
"02/09/2025","54","NORTE DE SANTANDER","54720","SARDINATA","RURAL","1"
"01/09/2025","27","CHOCO","27001","QUIBDO","URBANA","1"
"01/09/2025","54","NORTE DE SANTANDER","54673","SAN CAYETANO","URBANA","1"
"01/09/2025","50","META","50689","SAN MARTIN","URBANA","1"
"01/09/2025","19","CAUCA","19780","SUAREZ","RURAL","1"
"01/09/2025","19","CAUCA","19780","SUAREZ","RURAL","1"
"01/09/2025","54","NORTE DE SANTANDER","54810","TIBU","RURAL","1"
"31/08/2025","81","ARAUCA","81794","TAME","URBANA","1"
"31/08/2025","05","ANTIOQUIA","05854","VALDIVIA","RURAL","1"
"31/08/2025","19","CAUCA","19532","PATIA","URBANA","1"
"29/08/2025","19","CAUCA","19212","CORINTO","URBANA","1"
"29/08/2025","41","HUILA","41298","GARZON","URBANA","1"
"29/08/2025","41","HUILA","41298","GARZON","URBANA","1"
"29/08/2025","41","HUILA","41020","ALGECIRAS","URBANA","1"
"29/08/2025","76","VALLE DEL CAUCA","76109","BUENAVENTURA","URBANA","1"
"28/08/2025","11","BOGOTA D.C.","11001","BOGOTA D.C.","URBANA","1"
"28/08/2025","76","VALLE DEL CAUCA","76233","DAGUA","URBANA","1"
"28/08/2025","95","GUAVIARE","95001","SAN JOSE DEL GUAVIARE","URBANA","1"
"28/08/2025","05","ANTIOQUIA","05040","ANORI","RURAL","1"
"27/08/2025","54","NORTE DE SANTANDER","54001","CUCUTA","URBANA","1"
"27/08/2025","54","NORTE DE SANTANDER","54001","CUCUTA","URBANA","1"
"27/08/2025","54","NORTE DE SANTANDER","54001","CUCUTA","URBANA","1"
"27/08/2025","54","NORTE DE SANTANDER","54001","CUCUTA","URBANA","1"
"27/08/2025","54","NORTE DE SANTANDER","54001","CUCUTA","URBANA","1"
"27/08/2025","41","HUILA","41349","HOBO","URBANA","1"
"27/08/2025","19","CAUCA","19455","MIRANDA","URBANA","1"
"26/08/2025","05","ANTIOQUIA","05034","ANDES","RURAL","1"
"26/08/2025","54","NORTE DE SANTANDER","54261","EL ZULIA","URBANA","1"
"26/08/2025","05","ANTIOQUIA","05361","ITUANGO","RURAL","1"
"26/08/2025","19","CAUCA","19001","POPAYAN","URBANA","1"
"26/08/2025","76","VALLE DEL CAUCA","76563","PRADERA","URBANA","1"
"25/08/2025","76","VALLE DEL CAUCA","76001","CALI","RURAL","1"
"25/08/2025","19","CAUCA","19743","SILVIA","URBANA","1"
"25/08/2025","54","NORTE DE SANTANDER","54810","TIBU","RURAL","1"
"24/08/2025","95","GUAVIARE","95025","EL RETORNO","RURAL","1"
"24/08/2025","05","ANTIOQUIA","05040","ANORI","RURAL","1"
"24/08/2025","19","CAUCA","19100","BOLIVAR","URBANA","1"
"24/08/2025","50","META","50287","FUENTE DE ORO","URBANA","1"
"24/08/2025","05","ANTIOQUIA","05647","SAN ANDRES DE CUERQUIA","URBANA","1"
"24/08/2025","27","CHOCO","27660","SAN JOSE DEL PALMAR","URBANA","1"
"24/08/2025","27","CHOCO","27745","SIPI","URBANA","1"
"23/08/2025","19","CAUCA","19110","BUENOS AIRES","URBANA","1"
"23/08/2025","95","GUAVIARE","95015","CALAMAR","URBANA","1"
"23/08/2025","95","GUAVIARE","95200","MIRAFLORES","URBANA","1"
"23/08/2025","86","PUTUMAYO","86573","PUERTO LEGUIZAMO","URBANA","1"
"23/08/2025","13","BOLIVAR","13688","SANTA ROSA DEL SUR","URBANA","1"
"23/08/2025","20","CESAR","20045","BECERRIL","RURAL","1"
"22/08/2025","20","CESAR","20045","BECERRIL","URBANA","1"
"22/08/2025","19","CAUCA","19137","CALDONO","URBANA","1"
"22/08/2025","18","CAQUETA","18001","FLORENCIA","URBANA","1"
"22/08/2025","81","ARAUCA","81794","TAME","URBANA","1"
"21/08/2025","76","VALLE DEL CAUCA","76001","CALI","URBANA","1"
"21/08/2025","76","VALLE DEL CAUCA","76001","CALI","URBANA","1"
"21/08/2025","76","VALLE DEL CAUCA","76001","CALI","URBANA","1"
"21/08/2025","76","VALLE DEL CAUCA","76001","CALI","URBANA","1"
"21/08/2025","76","VALLE DEL CAUCA","76001","CALI","URBANA","1"
"21/08/2025","76","VALLE DEL CAUCA","76001","CALI","URBANA","1"
"21/08/2025","76","VALLE DEL CAUCA","76001","CALI","URBANA","1"
"21/08/2025","76","VALLE DEL CAUCA","76001","CALI","URBANA","1"
"21/08/2025","76","VALLE DEL CAUCA","76001","CALI","URBANA","1"
"21/08/2025","76","VALLE DEL CAUCA","76001","CALI","URBANA","1"
"21/08/2025","76","VALLE DEL CAUCA","76001","CALI","URBANA","1"
"21/08/2025","76","VALLE DEL CAUCA","76001","CALI","URBANA","1"
"21/08/2025","76","VALLE DEL CAUCA","76001","CALI","URBANA","1"
"21/08/2025","76","VALLE DEL CAUCA","76001","CALI","URBANA","1"
"21/08/2025","19","CAUCA","19142","CALOTO","RURAL","1"
"21/08/2025","41","HUILA","41396","LA PLATA","RURAL","1"
"21/08/2025","18","CAQUETA","18753","SAN VICENTE DEL CAGUAN","URBANA","1"
"21/08/2025","81","ARAUCA","81736","SARAVENA","URBANA","1"
"21/08/2025","76","VALLE DEL CAUCA","76001","CALI","URBANA","1"
"21/08/2025","76","VALLE DEL CAUCA","76001","CALI","URBANA","1"
"21/08/2025","76","VALLE DEL CAUCA","76001","CALI","URBANA","1"
"21/08/2025","76","VALLE DEL CAUCA","76001","CALI","URBANA","1"
"21/08/2025","76","VALLE DEL CAUCA","76001","CALI","URBANA","1"
"21/08/2025","76","VALLE DEL CAUCA","76001","CALI","URBANA","1"
"21/08/2025","76","VALLE DEL CAUCA","76001","CALI","URBANA","1"
"21/08/2025","76","VALLE DEL CAUCA","76001","CALI","URBANA","1"
"21/08/2025","76","VALLE DEL CAUCA","76001","CALI","URBANA","1"
"21/08/2025","76","VALLE DEL CAUCA","76001","CALI","URBANA","1"
"20/08/2025","95","GUAVIARE","95200","MIRAFLORES","URBANA","1"
"20/08/2025","19","CAUCA","19548","PIENDAMO - TUNIA","URBANA","1"
"20/08/2025","19","CAUCA","19785","SUCRE","URBANA","1"
"20/08/2025","81","ARAUCA","81794","TAME","URBANA","1"
"19/08/2025","54","NORTE DE SANTANDER","54001","CUCUTA","URBANA","1"
"19/08/2025","18","CAQUETA","18410","LA MONTAÑITA","URBANA","1"
"18/08/2025","52","NARIÑO","52356","IPIALES","RURAL","1"
"18/08/2025","41","HUILA","41396","LA PLATA","URBANA","1"
"17/08/2025","05","ANTIOQUIA","05040","ANORI","URBANA","1"
"17/08/2025","81","ARAUCA","81001","ARAUCA","URBANA","1"
"17/08/2025","13","BOLIVAR","13473","MORALES","URBANA","1"
"16/08/2025","52","NARIÑO","52835","SAN ANDRES DE TUMACO","RURAL","1"
"16/08/2025","54","NORTE DE SANTANDER","54001","CUCUTA","URBANA","1"
"15/08/2025","52","NARIÑO","52612","RICAURTE","RURAL","1"
"15/08/2025","05","ANTIOQUIA","05854","VALDIVIA","RURAL","1"
"15/08/2025","05","ANTIOQUIA","05790","TARAZA","URBANA","1"
"15/08/2025","52","NARIÑO","52612","RICAURTE","RURAL","1"
"14/08/2025","54","NORTE DE SANTANDER","54001","CUCUTA","URBANA","1"
"13/08/2025","05","ANTIOQUIA","05425","MACEO","RURAL","1"
"13/08/2025","27","CHOCO","27077","BAJO BAUDO","URBANA","1"
"13/08/2025","76","VALLE DEL CAUCA","76275","FLORIDA","URBANA","1"
"13/08/2025","76","VALLE DEL CAUCA","76275","FLORIDA","URBANA","1"
"13/08/2025","05","ANTIOQUIA","05736","SEGOVIA","URBANA","1"
"13/08/2025","81","ARAUCA","81794","TAME","URBANA","1"
"12/08/2025","18","CAQUETA","18150","CARTAGENA DEL CHAIRA","URBANA","1"
"11/08/2025","20","CESAR","20011","AGUACHICA","URBANA","1"
"11/08/2025","05","ANTIOQUIA","05040","ANORI","RURAL","1"
"10/08/2025","19","CAUCA","19397","LA VEGA","URBANA","1"
"10/08/2025","50","META","50573","PUERTO LOPEZ","URBANA","1"
"10/08/2025","50","META","50573","PUERTO LOPEZ","URBANA","1"
"10/08/2025","50","META","50001","VILLAVICENCIO","URBANA","1"
"09/08/2025","95","GUAVIARE","95015","CALAMAR","URBANA","1"
"09/08/2025","95","GUAVIARE","95015","CALAMAR","URBANA","1"
"08/08/2025","54","NORTE DE SANTANDER","54001","CUCUTA","URBANA","1"
"08/08/2025","95","GUAVIARE","95025","EL RETORNO","URBANA","1"
"08/08/2025","95","GUAVIARE","95001","SAN JOSE DEL GUAVIARE","URBANA","1"
"08/08/2025","85","CASANARE","85400","TAMARA","URBANA","1"
"08/08/2025","05","ANTIOQUIA","05893","YONDO","URBANA","1"
"07/08/2025","27","CHOCO","27745","SIPI","URBANA","1"
"07/08/2025","18","CAQUETA","18756","SOLANO","URBANA","1"
"06/08/2025","76","VALLE DEL CAUCA","76364","JAMUNDI","URBANA","1"
"06/08/2025","47","MAGDALENA","47555","PLATO","URBANA","1"
"06/08/2025","52","NARIÑO","52838","TUQUERRES","RURAL","1"
"05/08/2025","52","NARIÑO","52678","SAMANIEGO","RURAL","1"
"05/08/2025","11","BOGOTA D.C.","11001","BOGOTA D.C.","URBANA","1"
"05/08/2025","11","BOGOTA D.C.","11001","BOGOTA D.C.","URBANA","1"
"05/08/2025","76","VALLE DEL CAUCA","76001","CALI","URBANA","1"
"05/08/2025","19","CAUCA","19001","POPAYAN","URBANA","1"
"04/08/2025","52","NARIÑO","52838","TUQUERRES","RURAL","1"
"04/08/2025","11","BOGOTA D.C.","11001","BOGOTA D.C.","URBANA","1"
"04/08/2025","41","HUILA","41306","GIGANTE","URBANA","1"
"04/08/2025","76","VALLE DEL CAUCA","76318","GUACARI","URBANA","1"
"04/08/2025","13","BOLIVAR","13688","SANTA ROSA DEL SUR","URBANA","1"
"02/08/2025","19","CAUCA","19100","BOLIVAR","URBANA","1"
"02/08/2025","13","BOLIVAR","13688","SANTA ROSA DEL SUR","URBANA","1"
"01/08/2025","11","BOGOTA D.C.","11001","BOGOTA D.C.","URBANA","1"
"01/08/2025","41","HUILA","41396","LA PLATA","URBANA","1"
"01/08/2025","19","CAUCA","19517","PAEZ","URBANA","1"
"01/08/2025","81","ARAUCA","81794","TAME","URBANA","1"
"01/08/2025","13","BOLIVAR","13688","SANTA ROSA DEL SUR","URBANA","1"
"31/07/2025","05","ANTIOQUIA","05649","SAN CARLOS","RURAL","1"
"31/07/2025","19","CAUCA","19050","ARGELIA","RURAL","1"
"31/07/2025","11","BOGOTA D.C.","11001","BOGOTA D.C.","URBANA","1"
"31/07/2025","99","VICHADA","99524","LA PRIMAVERA","URBANA","1"
"31/07/2025","05","ANTIOQUIA","05887","YARUMAL","URBANA","1"
"30/07/2025","81","ARAUCA","81065","ARAUQUITA","URBANA","1"
"30/07/2025","19","CAUCA","19050","ARGELIA","URBANA","1"
"30/07/2025","19","CAUCA","19050","ARGELIA","URBANA","1"
"30/07/2025","54","NORTE DE SANTANDER","54001","CUCUTA","URBANA","1"
"30/07/2025","76","VALLE DEL CAUCA","76828","TRUJILLO","URBANA","1"
"30/07/2025","76","VALLE DEL CAUCA","76001","CALI","URBANA","1"
"30/07/2025","76","VALLE DEL CAUCA","76001","CALI","URBANA","1"
"29/07/2025","85","CASANARE","85315","SACAMA","URBANA","1"
"28/07/2025","54","NORTE DE SANTANDER","54001","CUCUTA","URBANA","1"
"28/07/2025","54","NORTE DE SANTANDER","54001","CUCUTA","URBANA","1"
"28/07/2025","19","CAUCA","19256","EL TAMBO","URBANA","1"
"28/07/2025","05","ANTIOQUIA","05893","YONDO","URBANA","1"
"27/07/2025","52","NARIÑO","52254","EL PEÑOL","URBANA","1"
"27/07/2025","54","NORTE DE SANTANDER","54344","HACARI","RURAL","1"
"27/07/2025","76","VALLE DEL CAUCA","76364","JAMUNDI","URBANA","1"
"27/07/2025","19","CAUCA","19001","POPAYAN","URBANA","1"
"26/07/2025","50","META","50150","CASTILLA LA NUEVA","URBANA","1"
"26/07/2025","13","BOLIVAR","13688","SANTA ROSA DEL SUR","URBANA","1"
"26/07/2025","19","CAUCA","19807","TIMBIO","URBANA","1"
"26/07/2025","19","CAUCA","19807","TIMBIO","URBANA","1"
"25/07/2025","19","CAUCA","19022","ALMAGUER","URBANA","1"
"25/07/2025","05","ANTIOQUIA","05113","BURITICA","URBANA","1"
"25/07/2025","05","ANTIOQUIA","05361","ITUANGO","URBANA","1"
"25/07/2025","19","CAUCA","19807","TIMBIO","URBANA","1"
"25/07/2025","19","CAUCA","19807","TIMBIO","RURAL","1"
"24/07/2025","19","CAUCA","19137","CALDONO","URBANA","1"
"24/07/2025","19","CAUCA","19137","CALDONO","URBANA","1"
"24/07/2025","50","META","50150","CASTILLA LA NUEVA","URBANA","1"
"23/07/2025","05","ANTIOQUIA","05113","BURITICA","RURAL","1"
"23/07/2025","05","ANTIOQUIA","05113","BURITICA","URBANA","1"
"23/07/2025","76","VALLE DEL CAUCA","76001","CALI","URBANA","1"
"23/07/2025","27","CHOCO","27001","QUIBDO","URBANA","1"
"23/07/2025","27","CHOCO","27001","QUIBDO","URBANA","1"
"23/07/2025","27","CHOCO","27001","QUIBDO","URBANA","1"
"23/07/2025","50","META","50683","SAN JUAN DE ARAMA","URBANA","1"
"23/07/2025","19","CAUCA","19780","SUAREZ","URBANA","1"
"23/07/2025","25","CUNDINAMARCA","25817","TOCANCIPA","URBANA","1"
"23/07/2025","19","CAUCA","19821","TORIBIO","RURAL","1"
"22/07/2025","52","NARIÑO","52435","MALLAMA","RURAL","1"
"22/07/2025","19","CAUCA","19780","SUAREZ","URBANA","1"
"22/07/2025","19","CAUCA","19780","SUAREZ","RURAL","1"
"21/07/2025","76","VALLE DEL CAUCA","76001","CALI","URBANA","1"
"21/07/2025","54","NORTE DE SANTANDER","54001","CUCUTA","URBANA","1"
"21/07/2025","20","CESAR","20614","RIO DE ORO","URBANA","1"
"21/07/2025","20","CESAR","20400","LA JAGUA DE IBIRICO","RURAL","1"
"20/07/2025","76","VALLE DEL CAUCA","76113","BUGALAGRANDE","URBANA","1"
"20/07/2025","27","CHOCO","27413","LLORO","URBANA","1"
"19/07/2025","76","VALLE DEL CAUCA","76109","BUENAVENTURA","URBANA","1"
"19/07/2025","54","NORTE DE SANTANDER","54172","CHINACOTA","URBANA","1"
"19/07/2025","76","VALLE DEL CAUCA","76364","JAMUNDI","URBANA","1"
"19/07/2025","15","BOYACA","15403","LA UVITA","URBANA","1"
"19/07/2025","15","BOYACA","15522","PANQUEBA","URBANA","1"
"18/07/2025","19","CAUCA","19622","ROSAS","URBANA","1"
"18/07/2025","19","CAUCA","19622","ROSAS","URBANA","1"
"18/07/2025","19","CAUCA","19807","TIMBIO","URBANA","1"
"18/07/2025","19","CAUCA","19137","CALDONO","URBANA","1"
"17/07/2025","20","CESAR","20250","EL PASO","URBANA","1"
"17/07/2025","76","VALLE DEL CAUCA","76364","JAMUNDI","URBANA","1"
"17/07/2025","05","ANTIOQUIA","05670","SAN ROQUE","RURAL","1"
"17/07/2025","81","ARAUCA","81736","SARAVENA","URBANA","1"
"17/07/2025","20","CESAR","20250","EL PASO","RURAL","1"
"16/07/2025","76","VALLE DEL CAUCA","76109","BUENAVENTURA","URBANA","1"
"16/07/2025","76","VALLE DEL CAUCA","76109","BUENAVENTURA","RURAL","1"
"16/07/2025","19","CAUCA","19780","SUAREZ","URBANA","1"
"14/07/2025","54","NORTE DE SANTANDER","54250","EL TARRA","RURAL","1"
"14/07/2025","50","META","50313","GRANADA","URBANA","1"
"14/07/2025","95","GUAVIARE","95200","MIRAFLORES","URBANA","1"
"14/07/2025","19","CAUCA","19473","MORALES","URBANA","1"
"14/07/2025","05","ANTIOQUIA","05647","SAN ANDRES DE CUERQUIA","RURAL","1"
"14/07/2025","19","CAUCA","19698","SANTANDER DE QUILICHAO","URBANA","1"
"13/07/2025","11","BOGOTA D.C.","11001","BOGOTA D.C.","URBANA","1"
"13/07/2025","19","CAUCA","19780","SUAREZ","URBANA","1"
"13/07/2025","19","CAUCA","19780","SUAREZ","RURAL","1"
"12/07/2025","50","META","50251","EL CASTILLO","URBANA","1"
"12/07/2025","50","META","50590","PUERTO RICO","URBANA","1"
"12/07/2025","85","CASANARE","85315","SACAMA","URBANA","1"
"11/07/2025","54","NORTE DE SANTANDER","54001","CUCUTA","URBANA","1"
"11/07/2025","54","NORTE DE SANTANDER","54001","CUCUTA","URBANA","1"
"11/07/2025","05","ANTIOQUIA","05361","ITUANGO","URBANA","1"
"11/07/2025","76","VALLE DEL CAUCA","76364","JAMUNDI","URBANA","1"
"11/07/2025","76","VALLE DEL CAUCA","76364","JAMUNDI","URBANA","1"
"11/07/2025","13","BOLIVAR","13600","RIO VIEJO","URBANA","1"
"11/07/2025","19","CAUCA","19698","SANTANDER DE QUILICHAO","URBANA","1"
"11/07/2025","19","CAUCA","19698","SANTANDER DE QUILICHAO","URBANA","1"
"11/07/2025","20","CESAR","20045","BECERRIL","RURAL","1"
"10/07/2025","76","VALLE DEL CAUCA","76364","JAMUNDI","URBANA","1"
"09/07/2025","81","ARAUCA","81065","ARAUQUITA","URBANA","1"
"09/07/2025","54","NORTE DE SANTANDER","54109","BUCARASICA","URBANA","1"
"09/07/2025","19","CAUCA","19110","BUENOS AIRES","URBANA","1"
"09/07/2025","95","GUAVIARE","95015","CALAMAR","RURAL","1"
"09/07/2025","76","VALLE DEL CAUCA","76001","CALI","URBANA","1"
"09/07/2025","05","ANTIOQUIA","05154","CAUCASIA","URBANA","1"
"09/07/2025","19","CAUCA","19532","PATIA","RURAL","1"
"09/07/2025","05","ANTIOQUIA","05790","TARAZA","URBANA","1"
"08/07/2025","54","NORTE DE SANTANDER","54261","EL ZULIA","URBANA","1"
"08/07/2025","68","SANTANDER","68081","BARRANCABERMEJA","URBANA","1"
"08/07/2025","05","ANTIOQUIA","05113","BURITICA","URBANA","1"
"08/07/2025","05","ANTIOQUIA","05113","BURITICA","RURAL","1"
"08/07/2025","05","ANTIOQUIA","05113","BURITICA","RURAL","1"
"08/07/2025","05","ANTIOQUIA","05361","ITUANGO","RURAL","1"
"08/07/2025","19","CAUCA","19532","PATIA","RURAL","1"
"08/07/2025","86","PUTUMAYO","86571","PUERTO GUZMAN","URBANA","1"
"08/07/2025","13","BOLIVAR","13600","RIO VIEJO","URBANA","1"
"08/07/2025","13","BOLIVAR","13600","RIO VIEJO","URBANA","1"
"08/07/2025","05","ANTIOQUIA","05854","VALDIVIA","RURAL","1"
"07/07/2025","41","HUILA","41001","NEIVA","URBANA","1"
"07/07/2025","41","HUILA","41524","PALERMO","URBANA","1"
"07/07/2025","81","ARAUCA","81736","SARAVENA","URBANA","1"
"07/07/2025","81","ARAUCA","81736","SARAVENA","URBANA","1"
"07/07/2025","81","ARAUCA","81736","SARAVENA","URBANA","1"
"07/07/2025","54","NORTE DE SANTANDER","54720","SARDINATA","RURAL","1"
"07/07/2025","19","CAUCA","19532","PATIA","RURAL","1"
"07/07/2025","19","CAUCA","19532","PATIA","RURAL","1"
"06/07/2025","54","NORTE DE SANTANDER","54001","CUCUTA","URBANA","1"
"06/07/2025","20","CESAR","20400","LA JAGUA DE IBIRICO","RURAL","1"
"06/07/2025","19","CAUCA","19473","MORALES","URBANA","1"
"06/07/2025","85","CASANARE","85250","PAZ DE ARIPORO","URBANA","1"
"05/07/2025","19","CAUCA","19075","BALBOA","URBANA","1"
"05/07/2025","19","CAUCA","19110","BUENOS AIRES","URBANA","1"
"05/07/2025","18","CAQUETA","18150","CARTAGENA DEL CHAIRA","URBANA","1"
"05/07/2025","15","BOYACA","15183","CHITA","URBANA","1"
"05/07/2025","54","NORTE DE SANTANDER","54001","CUCUTA","URBANA","1"
"05/07/2025","76","VALLE DEL CAUCA","76364","JAMUNDI","URBANA","1"
"05/07/2025","27","CHOCO","27660","SAN JOSE DEL PALMAR","URBANA","1"
"05/07/2025","54","NORTE DE SANTANDER","54720","SARDINATA","RURAL","1"
"04/07/2025","54","NORTE DE SANTANDER","54498","OCAÑA","URBANA","1"
"04/07/2025","76","VALLE DEL CAUCA","76520","PALMIRA","URBANA","1"
"04/07/2025","05","ANTIOQUIA","05604","REMEDIOS","RURAL","1"
"04/07/2025","27","CHOCO","27787","TADO","URBANA","1"
"04/07/2025","81","ARAUCA","81794","TAME","URBANA","1"
"04/07/2025","15","BOYACA","15806","TIBASOSA","URBANA","1"
"04/07/2025","19","CAUCA","19824","TOTORO","URBANA","1"
"04/07/2025","95","GUAVIARE","95015","CALAMAR","URBANA","1"
"04/07/2025","20","CESAR","20517","PAILITAS","URBANA","1"
"04/07/2025","54","NORTE DE SANTANDER","54001","CUCUTA","URBANA","1"
"04/07/2025","81","ARAUCA","81001","ARAUCA","URBANA","1"
"04/07/2025","81","ARAUCA","81065","ARAUQUITA","URBANA","1"
"04/07/2025","76","VALLE DEL CAUCA","76109","BUENAVENTURA","URBANA","1"
"04/07/2025","76","VALLE DEL CAUCA","76109","BUENAVENTURA","URBANA","1"
"04/07/2025","95","GUAVIARE","95015","CALAMAR","URBANA","1"
"04/07/2025","19","CAUCA","19137","CALDONO","URBANA","1"
"04/07/2025","76","VALLE DEL CAUCA","76126","CALIMA","URBANA","1"
"04/07/2025","68","SANTANDER","68162","CERRITO","URBANA","1"
"04/07/2025","81","ARAUCA","81220","CRAVO NORTE","URBANA","1"
"04/07/2025","54","NORTE DE SANTANDER","54001","CUCUTA","URBANA","1"
"04/07/2025","19","CAUCA","19256","EL TAMBO","URBANA","1"
"04/07/2025","50","META","50350","LA MACARENA","URBANA","1"
"03/07/2025","19","CAUCA","19110","BUENOS AIRES","URBANA","1"
"03/07/2025","95","GUAVIARE","95015","CALAMAR","URBANA","1"
"03/07/2025","19","CAUCA","19137","CALDONO","URBANA","1"
"03/07/2025","19","CAUCA","19137","CALDONO","URBANA","1"
"03/07/2025","76","VALLE DEL CAUCA","76001","CALI","URBANA","1"
"03/07/2025","15","BOYACA","15183","CHITA","URBANA","1"
"03/07/2025","76","VALLE DEL CAUCA","76364","JAMUNDI","URBANA","1"
"03/07/2025","50","META","50350","LA MACARENA","URBANA","1"
"03/07/2025","95","GUAVIARE","95001","SAN JOSE DEL GUAVIARE","URBANA","1"
"02/07/2025","54","NORTE DE SANTANDER","54553","PUERTO SANTANDER","URBANA","1"
"01/07/2025","19","CAUCA","19022","ALMAGUER","RURAL","1"
"01/07/2025","19","CAUCA","19100","BOLIVAR","URBANA","1"
"01/07/2025","19","CAUCA","19100","BOLIVAR","URBANA","1"
"01/07/2025","19","CAUCA","19100","BOLIVAR","RURAL","1"
"30/06/2025","19","CAUCA","19256","EL TAMBO","URBANA","1"
"30/06/2025","52","NARIÑO","52418","LOS ANDES","URBANA","1"
"29/06/2025","19","CAUCA","19256","EL TAMBO","URBANA","1"
"29/06/2025","50","META","50001","VILLAVICENCIO","URBANA","1"
"27/06/2025","68","SANTANDER","68081","BARRANCABERMEJA","URBANA","1"
"27/06/2025","13","BOLIVAR","13688","SANTA ROSA DEL SUR","URBANA","1"
"26/06/2025","27","CHOCO","27361","ISTMINA","URBANA","1"
"26/06/2025","41","HUILA","41676","SANTA MARIA","URBANA","1"
"25/06/2025","76","VALLE DEL CAUCA","76111","GUADALAJARA DE BUGA","URBANA","1"
"25/06/2025","19","CAUCA","19548","PIENDAMO - TUNIA","URBANA","1"
"24/06/2025","20","CESAR","20550","PELAYA","RURAL","1"
"24/06/2025","54","NORTE DE SANTANDER","54001","CUCUTA","URBANA","1"
"23/06/2025","20","CESAR","20383","LA GLORIA","RURAL","1"
"23/06/2025","86","PUTUMAYO","86573","PUERTO LEGUIZAMO","URBANA","1"
"23/06/2025","95","GUAVIARE","95001","SAN JOSE DEL GUAVIARE","URBANA","1"
"22/06/2025","52","NARIÑO","52418","LOS ANDES","RURAL","1"
"22/06/2025","19","CAUCA","19050","ARGELIA","URBANA","1"
"22/06/2025","11","BOGOTA D.C.","11001","BOGOTA D.C.","URBANA","1"
"21/06/2025","41","HUILA","41020","ALGECIRAS","URBANA","1"
"21/06/2025","41","HUILA","41020","ALGECIRAS","URBANA","1"
"21/06/2025","41","HUILA","41020","ALGECIRAS","URBANA","1"
"21/06/2025","19","CAUCA","19050","ARGELIA","URBANA","1"
"21/06/2025","50","META","50313","GRANADA","URBANA","1"
"20/06/2025","27","CHOCO","27787","TADO","URBANA","1"
"20/06/2025","44","LA GUAJIRA","44430","MAICAO","RURAL","1"
"19/06/2025","54","NORTE DE SANTANDER","54001","CUCUTA","URBANA","1"
"19/06/2025","19","CAUCA","19532","PATIA","RURAL","1"
"19/06/2025","19","CAUCA","19532","PATIA","RURAL","1"
"19/06/2025","05","ANTIOQUIA","05756","SONSON","URBANA","1"
"18/06/2025","11","BOGOTA D.C.","11001","BOGOTA D.C.","URBANA","1"
"18/06/2025","76","VALLE DEL CAUCA","76126","CALIMA","URBANA","1"
"18/06/2025","05","ANTIOQUIA","05670","SAN ROQUE","RURAL","1"
"18/06/2025","13","BOLIVAR","13688","SANTA ROSA DEL SUR","URBANA","1"
"18/06/2025","52","NARIÑO","52560","POTOSI","RURAL","1"
"17/06/2025","05","ANTIOQUIA","05113","BURITICA","URBANA","1"
"17/06/2025","05","ANTIOQUIA","05113","BURITICA","RURAL","1"
"17/06/2025","19","CAUCA","19212","CORINTO","URBANA","1"
"17/06/2025","19","CAUCA","19532","PATIA","URBANA","1"
"17/06/2025","05","ANTIOQUIA","05001","MEDELLIN","URBANA","1"
"16/06/2025","05","ANTIOQUIA","05125","CAICEDO","URBANA","1"
"16/06/2025","05","ANTIOQUIA","05125","CAICEDO","URBANA","1"
"16/06/2025","68","SANTANDER","68547","PIEDECUESTA","URBANA","1"
"16/06/2025","54","NORTE DE SANTANDER","54810","TIBU","URBANA","1"
"15/06/2025","95","GUAVIARE","95001","SAN JOSE DEL GUAVIARE","URBANA","1"
"14/06/2025","54","NORTE DE SANTANDER","54344","HACARI","RURAL","1"
"13/06/2025","19","CAUCA","19355","INZA","URBANA","1"
"13/06/2025","23","CORDOBA","23001","MONTERIA","URBANA","1"
"13/06/2025","52","NARIÑO","52001","PASTO","URBANA","1"
"12/06/2025","76","VALLE DEL CAUCA","76109","BUENAVENTURA","URBANA","1"
"12/06/2025","19","CAUCA","19355","INZA","URBANA","1"
"12/06/2025","47","MAGDALENA","47703","SAN ZENON","URBANA","1"
"12/06/2025","76","VALLE DEL CAUCA","76001","CALI","URBANA","1"
"12/06/2025","19","CAUCA","19212","CORINTO","URBANA","1"
"12/06/2025","19","CAUCA","19318","GUAPI","URBANA","1"
"11/06/2025","52","NARIÑO","52001","PASTO","URBANA","1"
"11/06/2025","52","NARIÑO","52001","PASTO","URBANA","1"
"11/06/2025","52","NARIÑO","52001","PASTO","URBANA","1"
"11/06/2025","52","NARIÑO","52001","PASTO","URBANA","1"
"11/06/2025","52","NARIÑO","52786","TAMINANGO","RURAL","1"
"10/06/2025","19","CAUCA","19845","VILLA RICA","RURAL","1"
"10/06/2025","76","VALLE DEL CAUCA","76109","BUENAVENTURA","URBANA","1"
"10/06/2025","76","VALLE DEL CAUCA","76001","CALI","URBANA","1"
"10/06/2025","76","VALLE DEL CAUCA","76001","CALI","URBANA","1"
"10/06/2025","76","VALLE DEL CAUCA","76364","JAMUNDI","RURAL","1"
"10/06/2025","76","VALLE DEL CAUCA","76364","JAMUNDI","URBANA","1"
"10/06/2025","19","CAUCA","19473","MORALES","URBANA","1"
"10/06/2025","76","VALLE DEL CAUCA","76001","CALI","URBANA","1"
"10/06/2025","76","VALLE DEL CAUCA","76364","JAMUNDI","RURAL","1"
"10/06/2025","76","VALLE DEL CAUCA","76364","JAMUNDI","URBANA","1"
"10/06/2025","19","CAUCA","19212","CORINTO","URBANA","1"
"10/06/2025","19","CAUCA","19212","CORINTO","URBANA","1"
"10/06/2025","19","CAUCA","19212","CORINTO","URBANA","1"
"10/06/2025","76","VALLE DEL CAUCA","76364","JAMUNDI","URBANA","1"
"10/06/2025","76","VALLE DEL CAUCA","76364","JAMUNDI","URBANA","1"
"10/06/2025","76","VALLE DEL CAUCA","76364","JAMUNDI","URBANA","1"
"10/06/2025","19","CAUCA","19050","ARGELIA","URBANA","1"
"10/06/2025","11","BOGOTA D.C.","11001","BOGOTA D.C.","URBANA","1"
"10/06/2025","76","VALLE DEL CAUCA","76109","BUENAVENTURA","URBANA","1"
"10/06/2025","76","VALLE DEL CAUCA","76001","CALI","URBANA","1"
"10/06/2025","76","VALLE DEL CAUCA","76001","CALI","URBANA","1"
"10/06/2025","76","VALLE DEL CAUCA","76001","CALI","URBANA","1"
"10/06/2025","76","VALLE DEL CAUCA","76001","CALI","URBANA","1"
"10/06/2025","76","VALLE DEL CAUCA","76001","CALI","URBANA","1"
"10/06/2025","76","VALLE DEL CAUCA","76001","CALI","URBANA","1"
"10/06/2025","76","VALLE DEL CAUCA","76001","CALI","URBANA","1"
"10/06/2025","76","VALLE DEL CAUCA","76001","CALI","URBANA","1"
"10/06/2025","76","VALLE DEL CAUCA","76001","CALI","URBANA","1"
"10/06/2025","76","VALLE DEL CAUCA","76001","CALI","URBANA","1"
"10/06/2025","76","VALLE DEL CAUCA","76001","CALI","URBANA","1"
"10/06/2025","76","VALLE DEL CAUCA","76001","CALI","URBANA","1"
"10/06/2025","76","VALLE DEL CAUCA","76001","CALI","URBANA","1"
"10/06/2025","76","VALLE DEL CAUCA","76001","CALI","URBANA","1"
"10/06/2025","19","CAUCA","19212","CORINTO","URBANA","1"
"10/06/2025","19","CAUCA","19212","CORINTO","URBANA","1"
"10/06/2025","19","CAUCA","19212","CORINTO","URBANA","1"
"10/06/2025","76","VALLE DEL CAUCA","76364","JAMUNDI","URBANA","1"
"10/06/2025","19","CAUCA","19418","LOPEZ DE MICAY","URBANA","1"
"10/06/2025","19","CAUCA","19473","MORALES","URBANA","1"
"10/06/2025","41","HUILA","41001","NEIVA","URBANA","1"
"10/06/2025","19","CAUCA","19532","PATIA","URBANA","1"
"10/06/2025","19","CAUCA","19532","PATIA","URBANA","1"
"10/06/2025","19","CAUCA","19532","PATIA","URBANA","1"
"10/06/2025","19","CAUCA","19532","PATIA","URBANA","1"
"10/06/2025","19","CAUCA","19532","PATIA","URBANA","1"
"10/06/2025","19","CAUCA","19532","PATIA","URBANA","1"
"10/06/2025","19","CAUCA","19532","PATIA","URBANA","1"
"10/06/2025","19","CAUCA","19532","PATIA","URBANA","1"
"10/06/2025","19","CAUCA","19532","PATIA","URBANA","1"
"10/06/2025","95","GUAVIARE","95001","SAN JOSE DEL GUAVIARE","URBANA","1"
"10/06/2025","19","CAUCA","19780","SUAREZ","URBANA","1"
"10/06/2025","19","CAUCA","19809","TIMBIQUI","URBANA","1"
"09/06/2025","19","CAUCA","19050","ARGELIA","RURAL","1"
"09/06/2025","76","VALLE DEL CAUCA","76109","BUENAVENTURA","URBANA","1"
"09/06/2025","54","NORTE DE SANTANDER","54498","OCAÑA","URBANA","1"
"09/06/2025","19","CAUCA","19532","PATIA","URBANA","1"
"08/06/2025","76","VALLE DEL CAUCA","76020","ALCALA","URBANA","1"
"08/06/2025","68","SANTANDER","68081","BARRANCABERMEJA","URBANA","1"
"08/06/2025","76","VALLE DEL CAUCA","76364","JAMUNDI","URBANA","1"
"08/06/2025","81","ARAUCA","81794","TAME","URBANA","1"
"07/06/2025","76","VALLE DEL CAUCA","76109","BUENAVENTURA","URBANA","1"
"07/06/2025","76","VALLE DEL CAUCA","76364","JAMUNDI","URBANA","1"
"07/06/2025","50","META","50711","VISTAHERMOSA","URBANA","1"
"06/06/2025","76","VALLE DEL CAUCA","76001","CALI","URBANA","1"
"06/06/2025","76","VALLE DEL CAUCA","76001","CALI","URBANA","1"
"05/06/2025","19","CAUCA","19050","ARGELIA","RURAL","1"
"05/06/2025","76","VALLE DEL CAUCA","76109","BUENAVENTURA","URBANA","1"
"05/06/2025","41","HUILA","41132","CAMPOALEGRE","URBANA","1"
"05/06/2025","18","CAQUETA","18150","CARTAGENA DEL CHAIRA","URBANA","1"
"05/06/2025","76","VALLE DEL CAUCA","76364","JAMUNDI","URBANA","1"
"05/06/2025","19","CAUCA","19455","MIRANDA","URBANA","1"
"04/06/2025","76","VALLE DEL CAUCA","76001","CALI","URBANA","1"
"04/06/2025","41","HUILA","41306","GIGANTE","URBANA","1"
"04/06/2025","52","NARIÑO","52036","ANCUYA","RURAL","1"
"01/06/2025","05","ANTIOQUIA","05154","CAUCASIA","URBANA","1"
"01/06/2025","05","ANTIOQUIA","05736","SEGOVIA","URBANA","1"
"31/05/2025","54","NORTE DE SANTANDER","54810","TIBU","RURAL","1"
"31/05/2025","54","NORTE DE SANTANDER","54810","TIBU","RURAL","1"
"29/05/2025","81","ARAUCA","81300","FORTUL","URBANA","1"
"28/05/2025","52","NARIÑO","52001","PASTO","URBANA","1"
"27/05/2025","81","ARAUCA","81001","ARAUCA","URBANA","1"
"27/05/2025","19","CAUCA","19130","CAJIBIO","URBANA","1"
"27/05/2025","19","CAUCA","19300","GUACHENE","URBANA","1"
"27/05/2025","41","HUILA","41001","NEIVA","URBANA","1"
"27/05/2025","19","CAUCA","19001","POPAYAN","URBANA","1"
"27/05/2025","27","CHOCO","27580","RIO IRO","URBANA","1"
"27/05/2025","19","CAUCA","19622","ROSAS","URBANA","1"
"26/05/2025","76","VALLE DEL CAUCA","76126","CALIMA","URBANA","1"
"26/05/2025","20","CESAR","20228","CURUMANI","URBANA","1"
"26/05/2025","85","CASANARE","85410","TAURAMENA","URBANA","1"
"26/05/2025","20","CESAR","20228","CURUMANI","RURAL","1"
"26/05/2025","20","CESAR","20550","PELAYA","RURAL","1"
"25/05/2025","54","NORTE DE SANTANDER","54498","OCAÑA","URBANA","1"
"25/05/2025","76","VALLE DEL CAUCA","76364","JAMUNDI","URBANA","1"
"25/05/2025","95","GUAVIARE","95200","MIRAFLORES","URBANA","1"
"23/05/2025","54","NORTE DE SANTANDER","54810","TIBU","URBANA","1"
"23/05/2025","19","CAUCA","19075","BALBOA","URBANA","1"
"23/05/2025","19","CAUCA","19100","BOLIVAR","RURAL","1"
"23/05/2025","54","NORTE DE SANTANDER","54670","SAN CALIXTO","RURAL","1"
"23/05/2025","05","ANTIOQUIA","05790","TARAZA","URBANA","1"
"22/05/2025","41","HUILA","41006","ACEVEDO","URBANA","1"
"21/05/2025","52","NARIÑO","52233","CUMBITARA","URBANA","1"
"20/05/2025","19","CAUCA","19473","MORALES","RURAL","1"
"19/05/2025","81","ARAUCA","81001","ARAUCA","URBANA","1"
"19/05/2025","11","BOGOTA D.C.","11001","BOGOTA D.C.","URBANA","1"
"19/05/2025","19","CAUCA","19517","PAEZ","URBANA","1"
"19/05/2025","19","CAUCA","19517","PAEZ","URBANA","1"
"18/05/2025","76","VALLE DEL CAUCA","76001","CALI","URBANA","1"
"18/05/2025","76","VALLE DEL CAUCA","76001","CALI","URBANA","1"
"18/05/2025","76","VALLE DEL CAUCA","76001","CALI","URBANA","1"
"18/05/2025","76","VALLE DEL CAUCA","76001","CALI","URBANA","1"
"18/05/2025","76","VALLE DEL CAUCA","76001","CALI","URBANA","1"
"18/05/2025","76","VALLE DEL CAUCA","76001","CALI","URBANA","1"
"18/05/2025","76","VALLE DEL CAUCA","76001","CALI","URBANA","1"
"18/05/2025","76","VALLE DEL CAUCA","76001","CALI","URBANA","1"
"18/05/2025","76","VALLE DEL CAUCA","76001","CALI","URBANA","1"
"18/05/2025","19","CAUCA","19517","PAEZ","URBANA","1"
"18/05/2025","76","VALLE DEL CAUCA","76001","CALI","URBANA","1"
"18/05/2025","76","VALLE DEL CAUCA","76001","CALI","URBANA","1"
"18/05/2025","76","VALLE DEL CAUCA","76001","CALI","URBANA","1"
"18/05/2025","76","VALLE DEL CAUCA","76001","CALI","URBANA","1"
"17/05/2025","95","GUAVIARE","95015","CALAMAR","URBANA","1"
"17/05/2025","52","NARIÑO","52356","IPIALES","URBANA","1"
"17/05/2025","25","CUNDINAMARCA","25524","PANDI","URBANA","1"
"17/05/2025","05","ANTIOQUIA","05854","VALDIVIA","RURAL","1"
"16/05/2025","54","NORTE DE SANTANDER","54874","VILLA DEL ROSARIO","URBANA","1"
"14/05/2025","19","CAUCA","19532","PATIA","RURAL","1"
"13/05/2025","19","CAUCA","19532","PATIA","RURAL","1"
"13/05/2025","11","BOGOTA D.C.","11001","BOGOTA D.C.","URBANA","1"
"13/05/2025","11","BOGOTA D.C.","11001","BOGOTA D.C.","URBANA","1"
"13/05/2025","86","PUTUMAYO","86571","PUERTO GUZMAN","URBANA","1"
"13/05/2025","19","CAUCA","19780","SUAREZ","URBANA","1"
"13/05/2025","27","CHOCO","27787","TADO","URBANA","1"
"12/05/2025","19","CAUCA","19397","LA VEGA","URBANA","1"
"11/05/2025","95","GUAVIARE","95025","EL RETORNO","URBANA","1"
"10/05/2025","70","SUCRE","70708","SAN MARCOS","URBANA","1"
"10/05/2025","54","NORTE DE SANTANDER","54001","CUCUTA","URBANA","1"
"10/05/2025","18","CAQUETA","18001","FLORENCIA","URBANA","1"
"10/05/2025","20","CESAR","20310","GONZALEZ","URBANA","1"
"10/05/2025","20","CESAR","20228","CURUMANI","RURAL","1"
"09/05/2025","52","NARIÑO","52001","PASTO","RURAL","1"
"09/05/2025","18","CAQUETA","18001","FLORENCIA","URBANA","1"
"09/05/2025","13","BOLIVAR","13744","SIMITI","URBANA","1"
"09/05/2025","05","ANTIOQUIA","05837","TURBO","URBANA","1"
"07/05/2025","19","CAUCA","19780","SUAREZ","URBANA","1"
"07/05/2025","19","CAUCA","19780","SUAREZ","URBANA","1"
"07/05/2025","19","CAUCA","19780","SUAREZ","RURAL","1"
"06/05/2025","81","ARAUCA","81065","ARAUQUITA","URBANA","1"
"06/05/2025","44","LA GUAJIRA","44874","VILLANUEVA","URBANA","1"
"05/05/2025","76","VALLE DEL CAUCA","76364","JAMUNDI","URBANA","1"
"05/05/2025","76","VALLE DEL CAUCA","76563","PRADERA","URBANA","1"
"05/05/2025","70","SUCRE","70708","SAN MARCOS","URBANA","1"
"04/05/2025","81","ARAUCA","81001","ARAUCA","URBANA","1"
"04/05/2025","19","CAUCA","19001","POPAYAN","URBANA","1"
"04/05/2025","23","CORDOBA","23670","SAN ANDRES DE SOTAVENTO","URBANA","1"
"04/05/2025","85","CASANARE","85410","TAURAMENA","URBANA","1"
"03/05/2025","19","CAUCA","19142","CALOTO","URBANA","1"
"03/05/2025","19","CAUCA","19364","JAMBALO","URBANA","1"
"03/05/2025","95","GUAVIARE","95200","MIRAFLORES","URBANA","1"
"03/05/2025","13","BOLIVAR","13473","MORALES","URBANA","1"
"03/05/2025","05","ANTIOQUIA","05854","VALDIVIA","RURAL","1"
"03/05/2025","20","CESAR","20614","RIO DE ORO","RURAL","1"
"02/05/2025","27","CHOCO","27025","ALTO BAUDO","URBANA","1"
"02/05/2025","27","CHOCO","27075","BAHIA SOLANO","URBANA","1"
"02/05/2025","23","CORDOBA","23675","SAN BERNARDO DEL VIENTO","URBANA","1"
"01/05/2025","25","CUNDINAMARCA","25269","FACATATIVA","URBANA","1"
"01/05/2025","41","HUILA","41396","LA PLATA","URBANA","1"
"01/05/2025","41","HUILA","41396","LA PLATA","URBANA","1"
"01/05/2025","41","HUILA","41797","TESALIA","URBANA","1"
"01/05/2025","19","CAUCA","19110","BUENOS AIRES","URBANA","1"
"30/04/2025","19","CAUCA","19001","POPAYAN","RURAL","1"
"30/04/2025","81","ARAUCA","81065","ARAUQUITA","URBANA","1"
"30/04/2025","54","NORTE DE SANTANDER","54670","SAN CALIXTO","RURAL","1"
"30/04/2025","19","CAUCA","19698","SANTANDER DE QUILICHAO","URBANA","1"
"28/04/2025","54","NORTE DE SANTANDER","54001","CUCUTA","URBANA","1"
"28/04/2025","19","CAUCA","19517","PAEZ","URBANA","1"
"28/04/2025","70","SUCRE","70678","SAN BENITO ABAD","URBANA","1"
"28/04/2025","54","NORTE DE SANTANDER","54871","VILLA CARO","URBANA","1"
"27/04/2025","19","CAUCA","19256","EL TAMBO","RURAL","1"
"27/04/2025","19","CAUCA","19392","LA SIERRA","URBANA","1"
"27/04/2025","19","CAUCA","19532","PATIA","URBANA","1"
"27/04/2025","27","CHOCO","27001","QUIBDO","URBANA","1"
"27/04/2025","27","CHOCO","27745","SIPI","URBANA","1"
"27/04/2025","20","CESAR","20001","VALLEDUPAR","RURAL","1"
"26/04/2025","54","NORTE DE SANTANDER","54109","BUCARASICA","RURAL","1"
"26/04/2025","18","CAQUETA","18001","FLORENCIA","URBANA","1"
"26/04/2025","54","NORTE DE SANTANDER","54498","OCAÑA","URBANA","1"
"26/04/2025","81","ARAUCA","81794","TAME","URBANA","1"
"25/04/2025","76","VALLE DEL CAUCA","76001","CALI","URBANA","1"
"25/04/2025","19","CAUCA","19256","EL TAMBO","URBANA","1"
"25/04/2025","18","CAQUETA","18001","FLORENCIA","URBANA","1"
"25/04/2025","70","SUCRE","70235","GALERAS","URBANA","1"
"25/04/2025","54","NORTE DE SANTANDER","54670","SAN CALIXTO","RURAL","1"
"25/04/2025","19","CAUCA","19698","SANTANDER DE QUILICHAO","URBANA","1"
"23/04/2025","13","BOLIVAR","13300","HATILLO DE LOBA","URBANA","1"
"23/04/2025","19","CAUCA","19743","SILVIA","URBANA","1"
"23/04/2025","05","ANTIOQUIA","05113","BURITICA","URBANA","1"
"22/04/2025","27","CHOCO","27077","BAJO BAUDO","URBANA","1"
"22/04/2025","41","HUILA","41132","CAMPOALEGRE","URBANA","1"
"22/04/2025","19","CAUCA","19256","EL TAMBO","RURAL","1"
"22/04/2025","81","ARAUCA","81736","SARAVENA","URBANA","1"
"22/04/2025","54","NORTE DE SANTANDER","54001","CUCUTA","URBANA","1"
"22/04/2025","52","NARIÑO","52254","EL PEÑOL","RURAL","1"
"22/04/2025","27","CHOCO","27077","BAJO BAUDO","URBANA","1"
"21/04/2025","05","ANTIOQUIA","05234","DABEIBA","URBANA","1"
"21/04/2025","27","CHOCO","27361","ISTMINA","URBANA","1"
"21/04/2025","73","TOLIMA","73616","RIOBLANCO","URBANA","1"
"21/04/2025","27","CHOCO","27787","TADO","URBANA","1"
"20/04/2025","05","ANTIOQUIA","05842","URAMITA","URBANA","1"
"20/04/2025","19","CAUCA","19698","SANTANDER DE QUILICHAO","URBANA","1"
"19/04/2025","76","VALLE DEL CAUCA","76109","BUENAVENTURA","URBANA","1"
"19/04/2025","76","VALLE DEL CAUCA","76001","CALI","RURAL","1"
"19/04/2025","19","CAUCA","19212","CORINTO","URBANA","1"
"19/04/2025","19","CAUCA","19212","CORINTO","URBANA","1"
"19/04/2025","19","CAUCA","19212","CORINTO","RURAL","1"
"19/04/2025","27","CHOCO","27245","EL CARMEN DE ATRATO","URBANA","1"
"19/04/2025","73","TOLIMA","73616","RIOBLANCO","URBANA","1"
"18/04/2025","27","CHOCO","27615","RIOSUCIO","URBANA","1"
"18/04/2025","27","CHOCO","27615","RIOSUCIO","URBANA","1"
"18/04/2025","41","HUILA","41799","TELLO","URBANA","1"
"17/04/2025","76","VALLE DEL CAUCA","76364","JAMUNDI","RURAL","1"
"17/04/2025","19","CAUCA","19698","SANTANDER DE QUILICHAO","RURAL","1"
"17/04/2025","41","HUILA","41396","LA PLATA","URBANA","1"
"17/04/2025","41","HUILA","41396","LA PLATA","URBANA","1"
"17/04/2025","41","HUILA","41396","LA PLATA","URBANA","1"
"17/04/2025","41","HUILA","41396","LA PLATA","URBANA","1"
"17/04/2025","41","HUILA","41396","LA PLATA","URBANA","1"
"17/04/2025","41","HUILA","41396","LA PLATA","URBANA","1"
"17/04/2025","41","HUILA","41396","LA PLATA","URBANA","1"
"17/04/2025","13","BOLIVAR","13473","MORALES","URBANA","1"
"17/04/2025","41","HUILA","41551","PITALITO","URBANA","1"
"17/04/2025","19","CAUCA","19698","SANTANDER DE QUILICHAO","URBANA","1"
"17/04/2025","19","CAUCA","19698","SANTANDER DE QUILICHAO","URBANA","1"
"17/04/2025","19","CAUCA","19698","SANTANDER DE QUILICHAO","URBANA","1"
"17/04/2025","41","HUILA","41020","ALGECIRAS","URBANA","1"
"17/04/2025","81","ARAUCA","81300","FORTUL","URBANA","1"
"16/04/2025","27","CHOCO","27073","BAGADO","URBANA","1"
"16/04/2025","19","CAUCA","19698","SANTANDER DE QUILICHAO","RURAL","1"
"15/04/2025","76","VALLE DEL CAUCA","76001","CALI","URBANA","1"
"15/04/2025","76","VALLE DEL CAUCA","76364","JAMUNDI","RURAL","1"
"15/04/2025","05","ANTIOQUIA","05042","SANTA FE DE ANTIOQUIA","RURAL","1"
"15/04/2025","81","ARAUCA","81220","CRAVO NORTE","URBANA","1"
"15/04/2025","76","VALLE DEL CAUCA","76364","JAMUNDI","URBANA","1"
"15/04/2025","95","GUAVIARE","95001","SAN JOSE DEL GUAVIARE","RURAL","1"
"15/04/2025","18","CAQUETA","18756","SOLANO","URBANA","1"
"14/04/2025","11","BOGOTA D.C.","11001","BOGOTA D.C.","URBANA","1"
"14/04/2025","27","CHOCO","27450","MEDIO SAN JUAN","URBANA","1"
"13/04/2025","19","CAUCA","19130","CAJIBIO","URBANA","1"
"13/04/2025","19","CAUCA","19130","CAJIBIO","URBANA","1"
"13/04/2025","19","CAUCA","19130","CAJIBIO","RURAL","1"
"13/04/2025","19","CAUCA","19001","POPAYAN","URBANA","1"
"12/04/2025","76","VALLE DEL CAUCA","76109","BUENAVENTURA","URBANA","1"
"12/04/2025","18","CAQUETA","18410","LA MONTAÑITA","URBANA","1"
"12/04/2025","85","CASANARE","85400","TAMARA","URBANA","1"
"11/04/2025","19","CAUCA","19473","MORALES","URBANA","1"
"11/04/2025","19","CAUCA","19548","PIENDAMO - TUNIA","URBANA","1"
"11/04/2025","27","CHOCO","27580","RIO IRO","URBANA","1"
"11/04/2025","54","NORTE DE SANTANDER","54670","SAN CALIXTO","RURAL","1"
"11/04/2025","18","CAQUETA","18756","SOLANO","URBANA","1"
"11/04/2025","05","ANTIOQUIA","05113","BURITICA","URBANA","1"
"10/04/2025","11","BOGOTA D.C.","11001","BOGOTA D.C.","URBANA","1"
"10/04/2025","11","BOGOTA D.C.","11001","BOGOTA D.C.","URBANA","1"
"10/04/2025","54","NORTE DE SANTANDER","54250","EL TARRA","RURAL","1"
"09/04/2025","76","VALLE DEL CAUCA","76520","PALMIRA","URBANA","1"
"09/04/2025","44","LA GUAJIRA","44001","RIOHACHA","URBANA","1"
"09/04/2025","81","ARAUCA","81736","SARAVENA","URBANA","1"
"08/04/2025","85","CASANARE","85263","PORE","URBANA","1"
"08/04/2025","95","GUAVIARE","95001","SAN JOSE DEL GUAVIARE","URBANA","1"
"08/04/2025","52","NARIÑO","52678","SAMANIEGO","RURAL","1"
"07/04/2025","81","ARAUCA","81736","SARAVENA","URBANA","1"
"07/04/2025","81","ARAUCA","81794","TAME","URBANA","1"
"06/04/2025","05","ANTIOQUIA","05854","VALDIVIA","RURAL","1"
"05/04/2025","13","BOLIVAR","13042","ARENAL","RURAL","1"
"05/04/2025","15","BOYACA","15759","SOGAMOSO","URBANA","1"
"04/04/2025","11","BOGOTA D.C.","11001","BOGOTA D.C.","URBANA","1"
"04/04/2025","27","CHOCO","27361","ISTMINA","URBANA","1"
"04/04/2025","41","HUILA","41396","LA PLATA","URBANA","1"
"04/04/2025","41","HUILA","41396","LA PLATA","URBANA","1"
"04/04/2025","27","CHOCO","27450","MEDIO SAN JUAN","URBANA","1"
"03/04/2025","13","BOLIVAR","13473","MORALES","URBANA","1"
"03/04/2025","54","NORTE DE SANTANDER","54670","SAN CALIXTO","URBANA","1"
"03/04/2025","13","BOLIVAR","13688","SANTA ROSA DEL SUR","URBANA","1"
"02/04/2025","76","VALLE DEL CAUCA","76109","BUENAVENTURA","URBANA","1"
"02/04/2025","27","CHOCO","27001","QUIBDO","URBANA","1"
"02/04/2025","18","CAQUETA","18785","SOLITA","URBANA","1"
"02/04/2025","27","CHOCO","27787","TADO","URBANA","1"
"02/04/2025","52","NARIÑO","52356","IPIALES","RURAL","1"
"01/04/2025","50","META","50325","MAPIRIPAN","RURAL","1"
"01/04/2025","54","NORTE DE SANTANDER","54001","CUCUTA","URBANA","1"
"01/04/2025","27","CHOCO","27361","ISTMINA","URBANA","1"
"01/04/2025","86","PUTUMAYO","86571","PUERTO GUZMAN","URBANA","1"
"01/04/2025","19","CAUCA","19743","SILVIA","URBANA","1"
"31/03/2025","81","ARAUCA","81591","PUERTO RONDON","URBANA","1"
"31/03/2025","81","ARAUCA","81794","TAME","URBANA","1"
"31/03/2025","54","NORTE DE SANTANDER","54810","TIBU","URBANA","1"
"30/03/2025","27","CHOCO","27361","ISTMINA","URBANA","1"
"30/03/2025","73","TOLIMA","73616","RIOBLANCO","URBANA","1"
"30/03/2025","54","NORTE DE SANTANDER","54001","CUCUTA","RURAL","1"
"29/03/2025","19","CAUCA","19130","CAJIBIO","URBANA","1"
"29/03/2025","19","CAUCA","19130","CAJIBIO","URBANA","1"
"28/03/2025","76","VALLE DEL CAUCA","76520","PALMIRA","URBANA","1"
"27/03/2025","11","BOGOTA D.C.","11001","BOGOTA D.C.","URBANA","1"
"27/03/2025","19","CAUCA","19318","GUAPI","URBANA","1"
"26/03/2025","19","CAUCA","19130","CAJIBIO","URBANA","1"
"26/03/2025","19","CAUCA","19130","CAJIBIO","URBANA","1"
"26/03/2025","19","CAUCA","19548","PIENDAMO - TUNIA","URBANA","1"
"26/03/2025","19","CAUCA","19548","PIENDAMO - TUNIA","URBANA","1"
"26/03/2025","19","CAUCA","19548","PIENDAMO - TUNIA","URBANA","1"
"26/03/2025","19","CAUCA","19548","PIENDAMO - TUNIA","URBANA","1"
"26/03/2025","19","CAUCA","19548","PIENDAMO - TUNIA","URBANA","1"
"26/03/2025","19","CAUCA","19548","PIENDAMO - TUNIA","URBANA","1"
"26/03/2025","19","CAUCA","19548","PIENDAMO - TUNIA","URBANA","1"
"26/03/2025","19","CAUCA","19780","SUAREZ","URBANA","1"
"26/03/2025","19","CAUCA","19548","PIENDAMO - TUNIA","URBANA","1"
"26/03/2025","19","CAUCA","19780","SUAREZ","URBANA","1"
"26/03/2025","19","CAUCA","19780","SUAREZ","URBANA","1"
"25/03/2025","41","HUILA","41020","ALGECIRAS","URBANA","1"
"25/03/2025","41","HUILA","41020","ALGECIRAS","RURAL","1"
"25/03/2025","19","CAUCA","19548","PIENDAMO - TUNIA","URBANA","1"
"25/03/2025","19","CAUCA","19548","PIENDAMO - TUNIA","URBANA","1"
"25/03/2025","95","GUAVIARE","95001","SAN JOSE DEL GUAVIARE","URBANA","1"
"25/03/2025","81","ARAUCA","81794","TAME","URBANA","1"
"25/03/2025","13","BOLIVAR","13810","TIQUISIO","RURAL","1"
"24/03/2025","27","CHOCO","27001","QUIBDO","URBANA","1"
"24/03/2025","27","CHOCO","27001","QUIBDO","URBANA","1"
"24/03/2025","19","CAUCA","19622","ROSAS","URBANA","1"
"22/03/2025","52","NARIÑO","52254","EL PEÑOL","RURAL","1"
"21/03/2025","54","NORTE DE SANTANDER","54810","TIBU","RURAL","1"
"20/03/2025","86","PUTUMAYO","86571","PUERTO GUZMAN","URBANA","1"
"20/03/2025","81","ARAUCA","81794","TAME","URBANA","1"
"20/03/2025","54","NORTE DE SANTANDER","54810","TIBU","URBANA","1"
"20/03/2025","76","VALLE DEL CAUCA","76834","TULUA","URBANA","1"
"19/03/2025","50","META","50006","ACACIAS","URBANA","1"
"19/03/2025","11","BOGOTA D.C.","11001","BOGOTA D.C.","URBANA","1"
"19/03/2025","54","NORTE DE SANTANDER","54001","CUCUTA","URBANA","1"
"19/03/2025","54","NORTE DE SANTANDER","54250","EL TARRA","RURAL","1"
"19/03/2025","19","CAUCA","19397","LA VEGA","RURAL","1"
"18/03/2025","76","VALLE DEL CAUCA","76001","CALI","URBANA","1"
"18/03/2025","95","GUAVIARE","95025","EL RETORNO","URBANA","1"
"18/03/2025","27","CHOCO","27450","MEDIO SAN JUAN","URBANA","1"
"18/03/2025","19","CAUCA","19821","TORIBIO","URBANA","1"
"18/03/2025","19","CAUCA","19821","TORIBIO","URBANA","1"
"17/03/2025","19","CAUCA","19142","CALOTO","URBANA","1"
"17/03/2025","19","CAUCA","19050","ARGELIA","URBANA","1"
"17/03/2025","41","HUILA","41298","GARZON","RURAL","1"
"17/03/2025","54","NORTE DE SANTANDER","54810","TIBU","RURAL","1"
"16/03/2025","13","BOLIVAR","13688","SANTA ROSA DEL SUR","URBANA","1"
"16/03/2025","19","CAUCA","19698","SANTANDER DE QUILICHAO","URBANA","1"
"15/03/2025","27","CHOCO","27050","ATRATO","URBANA","1"
"15/03/2025","76","VALLE DEL CAUCA","76318","GUACARI","URBANA","1"
"15/03/2025","13","BOLIVAR","13688","SANTA ROSA DEL SUR","URBANA","1"
"14/03/2025","95","GUAVIARE","95001","SAN JOSE DEL GUAVIARE","URBANA","1"
"13/03/2025","11","BOGOTA D.C.","11001","BOGOTA D.C.","URBANA","1"
"12/03/2025","76","VALLE DEL CAUCA","76109","BUENAVENTURA","URBANA","1"
"12/03/2025","54","NORTE DE SANTANDER","54250","EL TARRA","RURAL","1"
"12/03/2025","19","CAUCA","19355","INZA","URBANA","1"
"12/03/2025","19","CAUCA","19355","INZA","URBANA","1"
"12/03/2025","54","NORTE DE SANTANDER","54871","VILLA CARO","RURAL","1"
"11/03/2025","19","CAUCA","19075","BALBOA","RURAL","1"
"11/03/2025","18","CAQUETA","18001","FLORENCIA","URBANA","1"
"11/03/2025","95","GUAVIARE","95001","SAN JOSE DEL GUAVIARE","URBANA","1"
"10/03/2025","54","NORTE DE SANTANDER","54250","EL TARRA","RURAL","1"
"10/03/2025","95","GUAVIARE","95001","SAN JOSE DEL GUAVIARE","URBANA","1"
"08/03/2025","11","BOGOTA D.C.","11001","BOGOTA D.C.","URBANA","1"
"08/03/2025","76","VALLE DEL CAUCA","76126","CALIMA","URBANA","1"
"07/03/2025","27","CHOCO","27077","BAJO BAUDO","URBANA","1"
"07/03/2025","76","VALLE DEL CAUCA","76109","BUENAVENTURA","URBANA","1"
"06/03/2025","05","ANTIOQUIA","05854","VALDIVIA","RURAL","1"
"06/03/2025","41","HUILA","41306","GIGANTE","URBANA","1"
"06/03/2025","47","MAGDALENA","47001","SANTA MARTA","URBANA","1"
"06/03/2025","81","ARAUCA","81794","TAME","URBANA","1"
"05/03/2025","19","CAUCA","19050","ARGELIA","URBANA","1"
"05/03/2025","76","VALLE DEL CAUCA","76126","CALIMA","URBANA","1"
"05/03/2025","19","CAUCA","19001","POPAYAN","RURAL","1"
"04/03/2025","81","ARAUCA","81736","SARAVENA","URBANA","1"
"04/03/2025","95","GUAVIARE","95001","SAN JOSE DEL GUAVIARE","URBANA","1"
"03/03/2025","19","CAUCA","19256","EL TAMBO","URBANA","1"
"03/03/2025","19","CAUCA","19256","EL TAMBO","URBANA","1"
"03/03/2025","19","CAUCA","19256","EL TAMBO","URBANA","1"
"03/03/2025","19","CAUCA","19256","EL TAMBO","URBANA","1"
"03/03/2025","19","CAUCA","19256","EL TAMBO","RURAL","1"
"03/03/2025","54","NORTE DE SANTANDER","54418","LOURDES","URBANA","1"
"02/03/2025","18","CAQUETA","18150","CARTAGENA DEL CHAIRA","URBANA","1"
"01/03/2025","15","BOYACA","15204","COMBITA","URBANA","1"
"01/03/2025","54","NORTE DE SANTANDER","54001","CUCUTA","URBANA","1"
"01/03/2025","54","NORTE DE SANTANDER","54250","EL TARRA","URBANA","1"
"01/03/2025","81","ARAUCA","81736","SARAVENA","URBANA","1"
"01/03/2025","81","ARAUCA","81736","SARAVENA","URBANA","1"
"01/03/2025","05","ANTIOQUIA","05040","ANORI","RURAL","1"
"28/02/2025","13","BOLIVAR","13042","ARENAL","URBANA","1"
"28/02/2025","76","VALLE DEL CAUCA","76126","CALIMA","URBANA","1"
"27/02/2025","95","GUAVIARE","95025","EL RETORNO","RURAL","1"
"27/02/2025","11","BOGOTA D.C.","11001","BOGOTA D.C.","URBANA","1"
"27/02/2025","54","NORTE DE SANTANDER","54001","CUCUTA","URBANA","1"
"27/02/2025","54","NORTE DE SANTANDER","54001","CUCUTA","URBANA","1"
"27/02/2025","50","META","50318","GUAMAL","URBANA","1"
"27/02/2025","13","BOLIVAR","13688","SANTA ROSA DEL SUR","URBANA","1"
"26/02/2025","95","GUAVIARE","95015","CALAMAR","RURAL","1"
"26/02/2025","19","CAUCA","19050","ARGELIA","URBANA","1"
"26/02/2025","27","CHOCO","27245","EL CARMEN DE ATRATO","URBANA","1"
"26/02/2025","05","ANTIOQUIA","05854","VALDIVIA","RURAL","1"
"25/02/2025","54","NORTE DE SANTANDER","54670","SAN CALIXTO","RURAL","1"
"25/02/2025","19","CAUCA","19532","PATIA","URBANA","1"
"24/02/2025","18","CAQUETA","18410","LA MONTAÑITA","URBANA","1"
"24/02/2025","19","CAUCA","19473","MORALES","URBANA","1"
"24/02/2025","19","CAUCA","19473","MORALES","URBANA","1"
"24/02/2025","19","CAUCA","19780","SUAREZ","URBANA","1"
"24/02/2025","54","NORTE DE SANTANDER","54810","TIBU","RURAL","1"
"24/02/2025","52","NARIÑO","52612","RICAURTE","URBANA","1"
"23/02/2025","27","CHOCO","27001","QUIBDO","URBANA","1"
"23/02/2025","54","NORTE DE SANTANDER","54003","ABREGO","RURAL","1"
"22/02/2025","19","CAUCA","19050","ARGELIA","URBANA","1"
"22/02/2025","13","BOLIVAR","13688","SANTA ROSA DEL SUR","URBANA","1"
"22/02/2025","81","ARAUCA","81736","SARAVENA","URBANA","1"
"22/02/2025","54","NORTE DE SANTANDER","54344","HACARI","RURAL","1"
"21/02/2025","41","HUILA","41020","ALGECIRAS","RURAL","1"
"21/02/2025","41","HUILA","41020","ALGECIRAS","RURAL","1"
"21/02/2025","19","CAUCA","19050","ARGELIA","URBANA","1"
"21/02/2025","27","CHOCO","27077","BAJO BAUDO","URBANA","1"
"21/02/2025","11","BOGOTA D.C.","11001","BOGOTA D.C.","URBANA","1"
"21/02/2025","76","VALLE DEL CAUCA","76403","LA VICTORIA","URBANA","1"
"21/02/2025","76","VALLE DEL CAUCA","76403","LA VICTORIA","URBANA","1"
"21/02/2025","19","CAUCA","19418","LOPEZ DE MICAY","URBANA","1"
"21/02/2025","19","CAUCA","19418","LOPEZ DE MICAY","URBANA","1"
"21/02/2025","19","CAUCA","19418","LOPEZ DE MICAY","URBANA","1"
"21/02/2025","27","CHOCO","27001","QUIBDO","URBANA","1"
"21/02/2025","27","CHOCO","27001","QUIBDO","URBANA","1"
"20/02/2025","76","VALLE DEL CAUCA","76520","PALMIRA","URBANA","1"
"20/02/2025","81","ARAUCA","81736","SARAVENA","URBANA","1"
"20/02/2025","81","ARAUCA","81794","TAME","URBANA","1"
"20/02/2025","54","NORTE DE SANTANDER","54001","CUCUTA","URBANA","1"
"20/02/2025","81","ARAUCA","81300","FORTUL","URBANA","1"
"20/02/2025","68","SANTANDER","68397","LA PAZ","URBANA","1"
"20/02/2025","81","ARAUCA","81300","FORTUL","URBANA","1"
"20/02/2025","81","ARAUCA","81736","SARAVENA","URBANA","1"
"20/02/2025","54","NORTE DE SANTANDER","54874","VILLA DEL ROSARIO","URBANA","1"
"19/02/2025","19","CAUCA","19050","ARGELIA","URBANA","1"
"19/02/2025","19","CAUCA","19050","ARGELIA","URBANA","1"
"19/02/2025","19","CAUCA","19001","POPAYAN","URBANA","1"
"19/02/2025","81","ARAUCA","81794","TAME","URBANA","1"
"19/02/2025","54","NORTE DE SANTANDER","54874","VILLA DEL ROSARIO","URBANA","1"
"19/02/2025","19","CAUCA","19050","ARGELIA","RURAL","1"
"19/02/2025","19","CAUCA","19050","ARGELIA","RURAL","1"
"19/02/2025","19","CAUCA","19050","ARGELIA","RURAL","1"
"19/02/2025","54","NORTE DE SANTANDER","54874","VILLA DEL ROSARIO","URBANA","1"
"19/02/2025","54","NORTE DE SANTANDER","54874","VILLA DEL ROSARIO","URBANA","1"
"18/02/2025","81","ARAUCA","81065","ARAUQUITA","URBANA","1"
"18/02/2025","19","CAUCA","19050","ARGELIA","URBANA","1"
"18/02/2025","13","BOLIVAR","13688","SANTA ROSA DEL SUR","URBANA","1"
"18/02/2025","19","CAUCA","19050","ARGELIA","RURAL","1"
"18/02/2025","27","CHOCO","27580","RIO IRO","RURAL","1"
"18/02/2025","20","CESAR","20614","RIO DE ORO","RURAL","1"
"18/02/2025","27","CHOCO","27245","EL CARMEN DE ATRATO","RURAL","1"
"17/02/2025","19","CAUCA","19050","ARGELIA","URBANA","1"
"17/02/2025","27","CHOCO","27245","EL CARMEN DE ATRATO","URBANA","1"
"17/02/2025","50","META","50330","MESETAS","URBANA","1"
"17/02/2025","27","CHOCO","27001","QUIBDO","URBANA","1"
"17/02/2025","19","CAUCA","19050","ARGELIA","RURAL","1"
"17/02/2025","19","CAUCA","19050","ARGELIA","RURAL","1"
"17/02/2025","54","NORTE DE SANTANDER","54800","TEORAMA","RURAL","1"
"17/02/2025","27","CHOCO","27361","ISTMINA","RURAL","1"
"16/02/2025","13","BOLIVAR","13042","ARENAL","URBANA","1"
"16/02/2025","27","CHOCO","27450","MEDIO SAN JUAN","URBANA","1"
"16/02/2025","19","CAUCA","19548","PIENDAMO - TUNIA","URBANA","1"
"16/02/2025","19","CAUCA","19548","PIENDAMO - TUNIA","URBANA","1"
"16/02/2025","19","CAUCA","19548","PIENDAMO - TUNIA","URBANA","1"
"15/02/2025","19","CAUCA","19050","ARGELIA","URBANA","1"
"15/02/2025","76","VALLE DEL CAUCA","76109","BUENAVENTURA","URBANA","1"
"15/02/2025","54","NORTE DE SANTANDER","54001","CUCUTA","URBANA","1"
"15/02/2025","27","CHOCO","27450","MEDIO SAN JUAN","URBANA","1"
"15/02/2025","19","CAUCA","19532","PATIA","URBANA","1"
"15/02/2025","19","CAUCA","19532","PATIA","URBANA","1"
"15/02/2025","19","CAUCA","19622","ROSAS","URBANA","1"
"15/02/2025","19","CAUCA","19050","ARGELIA","RURAL","1"
"15/02/2025","52","NARIÑO","52001","PASTO","URBANA","1"
"14/02/2025","19","CAUCA","19532","PATIA","URBANA","1"
"14/02/2025","54","NORTE DE SANTANDER","54001","CUCUTA","URBANA","1"
"14/02/2025","54","NORTE DE SANTANDER","54001","CUCUTA","URBANA","1"
"14/02/2025","41","HUILA","41396","LA PLATA","URBANA","1"
"14/02/2025","41","HUILA","41396","LA PLATA","URBANA","1"
"14/02/2025","41","HUILA","41396","LA PLATA","URBANA","1"
"13/02/2025","19","CAUCA","19001","POPAYAN","URBANA","1"
"11/02/2025","41","HUILA","41020","ALGECIRAS","RURAL","1"
"11/02/2025","50","META","50330","MESETAS","URBANA","1"
"09/02/2025","19","CAUCA","19050","ARGELIA","URBANA","1"
"07/02/2025","19","CAUCA","19100","BOLIVAR","URBANA","1"
"06/02/2025","76","VALLE DEL CAUCA","76109","BUENAVENTURA","URBANA","1"
"06/02/2025","27","CHOCO","27450","MEDIO SAN JUAN","URBANA","1"
"06/02/2025","54","NORTE DE SANTANDER","54810","TIBU","URBANA","1"
"06/02/2025","27","CHOCO","27450","MEDIO SAN JUAN","RURAL","1"
"05/02/2025","13","BOLIVAR","13688","SANTA ROSA DEL SUR","URBANA","1"
"05/02/2025","19","CAUCA","19698","SANTANDER DE QUILICHAO","URBANA","1"
"04/02/2025","27","CHOCO","27001","QUIBDO","RURAL","1"
"03/02/2025","81","ARAUCA","81065","ARAUQUITA","URBANA","1"
"03/02/2025","19","CAUCA","19001","POPAYAN","URBANA","1"
"03/02/2025","81","ARAUCA","81736","SARAVENA","URBANA","1"
"03/02/2025","19","CAUCA","19780","SUAREZ","URBANA","1"
"03/02/2025","44","LA GUAJIRA","44847","URIBIA","URBANA","1"
"03/02/2025","05","ANTIOQUIA","05854","VALDIVIA","RURAL","1"
"02/02/2025","15","BOYACA","15522","PANQUEBA","URBANA","1"
"02/02/2025","27","CHOCO","27787","TADO","URBANA","1"
"01/02/2025","81","ARAUCA","81065","ARAUQUITA","URBANA","1"
"01/02/2025","27","CHOCO","27135","EL CANTON DEL SAN PABLO","URBANA","1"
"01/02/2025","27","CHOCO","27250","EL LITORAL DEL SAN JUAN","RURAL","1"
"01/02/2025","54","NORTE DE SANTANDER","54800","TEORAMA","RURAL","1"
"31/01/2025","13","BOLIVAR","13473","MORALES","URBANA","1"
"30/01/2025","27","CHOCO","27077","BAJO BAUDO","URBANA","1"
"30/01/2025","19","CAUCA","19050","ARGELIA","RURAL","1"
"29/01/2025","76","VALLE DEL CAUCA","76616","RIOFRIO","URBANA","1"
"29/01/2025","81","ARAUCA","81001","ARAUCA","URBANA","1"
"29/01/2025","19","CAUCA","19130","CAJIBIO","URBANA","1"
"29/01/2025","76","VALLE DEL CAUCA","76364","JAMUNDI","URBANA","1"
"29/01/2025","76","VALLE DEL CAUCA","76616","RIOFRIO","URBANA","1"
"29/01/2025","27","CHOCO","27450","MEDIO SAN JUAN","URBANA","1"
"29/01/2025","76","VALLE DEL CAUCA","76616","RIOFRIO","RURAL","1"
"29/01/2025","76","VALLE DEL CAUCA","76616","RIOFRIO","RURAL","1"
"28/01/2025","19","CAUCA","19212","CORINTO","URBANA","1"
"28/01/2025","13","BOLIVAR","13468","SANTA CRUZ DE MOMPOX","URBANA","1"
"28/01/2025","19","CAUCA","19050","ARGELIA","RURAL","1"
"27/01/2025","19","CAUCA","19050","ARGELIA","URBANA","1"
"26/01/2025","05","ANTIOQUIA","05854","VALDIVIA","URBANA","1"
"25/01/2025","81","ARAUCA","81001","ARAUCA","URBANA","1"
"25/01/2025","86","PUTUMAYO","86568","PUERTO ASIS","URBANA","1"
"25/01/2025","52","NARIÑO","52079","BARBACOAS","RURAL","1"
"25/01/2025","27","CHOCO","27580","RIO IRO","URBANA","1"
"24/01/2025","95","GUAVIARE","95015","CALAMAR","URBANA","1"
"24/01/2025","70","SUCRE","70708","SAN MARCOS","URBANA","1"
"23/01/2025","19","CAUCA","19050","ARGELIA","URBANA","1"
"23/01/2025","19","CAUCA","19050","ARGELIA","URBANA","1"
"23/01/2025","19","CAUCA","19050","ARGELIA","URBANA","1"
"23/01/2025","19","CAUCA","19050","ARGELIA","RURAL","1"
"23/01/2025","19","CAUCA","19050","ARGELIA","URBANA","1"
"23/01/2025","54","NORTE DE SANTANDER","54800","TEORAMA","URBANA","1"
"23/01/2025","19","CAUCA","19050","ARGELIA","URBANA","1"
"23/01/2025","05","ANTIOQUIA","05107","BRICEÑO","RURAL","1"
"22/01/2025","19","CAUCA","19821","TORIBIO","URBANA","1"
"22/01/2025","19","CAUCA","19821","TORIBIO","URBANA","1"
"22/01/2025","70","SUCRE","70001","SINCELEJO","URBANA","1"
"22/01/2025","76","VALLE DEL CAUCA","76109","BUENAVENTURA","URBANA","1"
"21/01/2025","19","CAUCA","19050","ARGELIA","RURAL","1"
"21/01/2025","76","VALLE DEL CAUCA","76001","CALI","URBANA","1"
"21/01/2025","81","ARAUCA","81794","TAME","URBANA","1"
"21/01/2025","76","VALLE DEL CAUCA","76834","TULUA","URBANA","1"
"20/01/2025","19","CAUCA","19532","PATIA","URBANA","1"
"20/01/2025","66","RISARALDA","66001","PEREIRA","URBANA","1"
"20/01/2025","18","CAQUETA","18592","PUERTO RICO","URBANA","1"
"20/01/2025","44","LA GUAJIRA","44847","URIBIA","URBANA","1"
"19/01/2025","54","NORTE DE SANTANDER","54670","SAN CALIXTO","RURAL","1"
"19/01/2025","27","CHOCO","27077","BAJO BAUDO","URBANA","1"
"18/01/2025","76","VALLE DEL CAUCA","76364","JAMUNDI","RURAL","1"
"18/01/2025","52","NARIÑO","52233","CUMBITARA","RURAL","1"
"18/01/2025","19","CAUCA","19517","PAEZ","URBANA","1"
"18/01/2025","13","BOLIVAR","13600","RIO VIEJO","URBANA","1"
"18/01/2025","27","CHOCO","27361","ISTMINA","URBANA","1"
"17/01/2025","19","CAUCA","19532","PATIA","URBANA","1"
"17/01/2025","05","ANTIOQUIA","05113","BURITICA","RURAL","1"
"17/01/2025","81","ARAUCA","81001","ARAUCA","URBANA","1"
"17/01/2025","19","CAUCA","19050","ARGELIA","URBANA","1"
"17/01/2025","41","HUILA","41306","GIGANTE","URBANA","1"
"17/01/2025","19","CAUCA","19355","INZA","RURAL","1"
"17/01/2025","19","CAUCA","19532","PATIA","URBANA","1"
"17/01/2025","95","GUAVIARE","95001","SAN JOSE DEL GUAVIARE","URBANA","1"
"16/01/2025","95","GUAVIARE","95001","SAN JOSE DEL GUAVIARE","RURAL","1"
"16/01/2025","19","CAUCA","19256","EL TAMBO","URBANA","1"
"16/01/2025","81","ARAUCA","81001","ARAUCA","URBANA","1"
"16/01/2025","76","VALLE DEL CAUCA","76109","BUENAVENTURA","URBANA","1"
"16/01/2025","54","NORTE DE SANTANDER","54001","CUCUTA","URBANA","1"
"16/01/2025","76","VALLE DEL CAUCA","76233","DAGUA","URBANA","1"
"16/01/2025","18","CAQUETA","18001","FLORENCIA","URBANA","1"
"16/01/2025","27","CHOCO","27450","MEDIO SAN JUAN","URBANA","1"
"16/01/2025","20","CESAR","20550","PELAYA","RURAL","1"
"16/01/2025","54","NORTE DE SANTANDER","54001","CUCUTA","RURAL","1"
"15/01/2025","11","BOGOTA D.C.","11001","BOGOTA D.C.","URBANA","1"
"15/01/2025","19","CAUCA","19212","CORINTO","URBANA","1"
"15/01/2025","86","PUTUMAYO","86571","PUERTO GUZMAN","URBANA","1"
"14/01/2025","81","ARAUCA","81065","ARAUQUITA","URBANA","1"
"14/01/2025","81","ARAUCA","81065","ARAUQUITA","URBANA","1"
"14/01/2025","81","ARAUCA","81065","ARAUQUITA","URBANA","1"
"14/01/2025","11","BOGOTA D.C.","11001","BOGOTA D.C.","URBANA","1"
"14/01/2025","41","HUILA","41396","LA PLATA","URBANA","1"
"13/01/2025","18","CAQUETA","18001","FLORENCIA","URBANA","1"
"13/01/2025","76","VALLE DEL CAUCA","76364","JAMUNDI","URBANA","1"
"13/01/2025","27","CHOCO","27001","QUIBDO","URBANA","1"
"13/01/2025","76","VALLE DEL CAUCA","76834","TULUA","URBANA","1"
"13/01/2025","19","CAUCA","19780","SUAREZ","URBANA","1"
"12/01/2025","41","HUILA","41001","NEIVA","URBANA","1"
"12/01/2025","73","TOLIMA","73624","ROVIRA","URBANA","1"
"12/01/2025","25","CUNDINAMARCA","25754","SOACHA","URBANA","1"
"12/01/2025","27","CHOCO","27001","QUIBDO","RURAL","1"
"12/01/2025","52","NARIÑO","52250","EL CHARCO","URBANA","1"
"11/01/2025","76","VALLE DEL CAUCA","76364","JAMUNDI","URBANA","1"
"11/01/2025","81","ARAUCA","81736","SARAVENA","URBANA","1"
"10/01/2025","54","NORTE DE SANTANDER","54810","TIBU","URBANA","1"
"09/01/2025","81","ARAUCA","81065","ARAUQUITA","URBANA","1"
"09/01/2025","86","PUTUMAYO","86571","PUERTO GUZMAN","URBANA","1"
"09/01/2025","81","ARAUCA","81736","SARAVENA","RURAL","1"
"08/01/2025","54","NORTE DE SANTANDER","54001","CUCUTA","URBANA","1"
"08/01/2025","13","BOLIVAR","13810","TIQUISIO","RURAL","1"
"07/01/2025","81","ARAUCA","81065","ARAUQUITA","URBANA","1"
"07/01/2025","19","CAUCA","19418","LOPEZ DE MICAY","RURAL","1"
"06/01/2025","44","LA GUAJIRA","44430","MAICAO","URBANA","1"
"06/01/2025","76","VALLE DEL CAUCA","76563","PRADERA","URBANA","1"
"06/01/2025","76","VALLE DEL CAUCA","76563","PRADERA","URBANA","1"
"06/01/2025","81","ARAUCA","81736","SARAVENA","URBANA","1"
"06/01/2025","81","ARAUCA","81736","SARAVENA","URBANA","1"
"06/01/2025","81","ARAUCA","81736","SARAVENA","URBANA","1"
"06/01/2025","27","CHOCO","27787","TADO","RURAL","1"
"05/01/2025","95","GUAVIARE","95015","CALAMAR","RURAL","1"
"04/01/2025","95","GUAVIARE","95015","CALAMAR","RURAL","1"
"04/01/2025","95","GUAVIARE","95015","CALAMAR","RURAL","1"
"02/01/2025","11","BOGOTA D.C.","11001","BOGOTA D.C.","URBANA","1"
"02/01/2025","54","NORTE DE SANTANDER","54810","TIBU","RURAL","1"
"01/01/2025","19","CAUCA","19050","ARGELIA","URBANA","1"
"01/01/2025","19","CAUCA","19212","CORINTO","URBANA","1"
"01/01/2025","13","BOLIVAR","13600","RIO VIEJO","URBANA","1"
"31/12/2024","95","GUAVIARE","95001","SAN JOSE DEL GUAVIARE","URBANA","1"
"28/12/2024","54","NORTE DE SANTANDER","54660","SALAZAR","URBANA","1"
"27/12/2024","86","PUTUMAYO","86885","VILLAGARZON","URBANA","1"
"26/12/2024","27","CHOCO","27001","QUIBDO","URBANA","1"
"26/12/2024","54","NORTE DE SANTANDER","54800","TEORAMA","URBANA","1"
"26/12/2024","44","LA GUAJIRA","44847","URIBIA","URBANA","1"
"24/12/2024","05","ANTIOQUIA","05001","MEDELLIN","URBANA","1"
"23/12/2024","76","VALLE DEL CAUCA","76364","JAMUNDI","URBANA","1"
"23/12/2024","54","NORTE DE SANTANDER","54810","TIBU","URBANA","1"
"22/12/2024","54","NORTE DE SANTANDER","54810","TIBU","RURAL","1"
"22/12/2024","54","NORTE DE SANTANDER","54001","CUCUTA","URBANA","1"
"21/12/2024","50","META","50006","ACACIAS","RURAL","1"
"19/12/2024","54","NORTE DE SANTANDER","54498","OCAÑA","URBANA","1"
"19/12/2024","54","NORTE DE SANTANDER","54498","OCAÑA","URBANA","1"
"18/12/2024","27","CHOCO","27001","QUIBDO","URBANA","1"
"18/12/2024","05","ANTIOQUIA","05107","BRICEÑO","RURAL","1"
"18/12/2024","20","CESAR","20614","RIO DE ORO","RURAL","1"
"17/12/2024","27","CHOCO","27361","ISTMINA","RURAL","1"
"17/12/2024","41","HUILA","41026","ALTAMIRA","URBANA","1"
"17/12/2024","76","VALLE DEL CAUCA","76109","BUENAVENTURA","URBANA","1"
"16/12/2024","81","ARAUCA","81065","ARAUQUITA","RURAL","1"
"16/12/2024","27","CHOCO","27800","UNGUIA","URBANA","1"
"15/12/2024","19","CAUCA","19050","ARGELIA","URBANA","1"
"12/12/2024","27","CHOCO","27745","SIPI","RURAL","1"
"12/12/2024","86","PUTUMAYO","86569","PUERTO CAICEDO","URBANA","1"
"11/12/2024","27","CHOCO","27580","RIO IRO","URBANA","1"
"10/12/2024","41","HUILA","41349","HOBO","URBANA","1"
"10/12/2024","05","ANTIOQUIA","05736","SEGOVIA","URBANA","1"
"09/12/2024","86","PUTUMAYO","86569","PUERTO CAICEDO","URBANA","1"
"09/12/2024","20","CESAR","20614","RIO DE ORO","URBANA","1"
"09/12/2024","73","TOLIMA","73616","RIOBLANCO","URBANA","1"
"09/12/2024","81","ARAUCA","81794","TAME","RURAL","1"
"09/12/2024","54","NORTE DE SANTANDER","54800","TEORAMA","URBANA","1"
"08/12/2024","19","CAUCA","19130","CAJIBIO","URBANA","1"
"08/12/2024","76","VALLE DEL CAUCA","76126","CALIMA","URBANA","1"
"07/12/2024","76","VALLE DEL CAUCA","76364","JAMUNDI","URBANA","1"
"07/12/2024","41","HUILA","41001","NEIVA","URBANA","1"
"07/12/2024","76","VALLE DEL CAUCA","76364","JAMUNDI","URBANA","1"
"06/12/2024","19","CAUCA","19050","ARGELIA","URBANA","1"
"06/12/2024","27","CHOCO","27787","TADO","RURAL","1"
"06/12/2024","27","CHOCO","27787","TADO","RURAL","1"
"06/12/2024","05","ANTIOQUIA","05736","SEGOVIA","URBANA","1"
"04/12/2024","19","CAUCA","19050","ARGELIA","URBANA","1"
"04/12/2024","52","NARIÑO","52385","LA LLANADA","URBANA","1"
"03/12/2024","41","HUILA","41020","ALGECIRAS","URBANA","1"
"03/12/2024","41","HUILA","41020","ALGECIRAS","URBANA","1"
"03/12/2024","41","HUILA","41020","ALGECIRAS","URBANA","1"
"03/12/2024","41","HUILA","41020","ALGECIRAS","URBANA","1"
"03/12/2024","41","HUILA","41020","ALGECIRAS","URBANA","1"
"03/12/2024","86","PUTUMAYO","86571","PUERTO GUZMAN","URBANA","1"
"02/12/2024","05","ANTIOQUIA","05001","MEDELLIN","URBANA","1"
"02/12/2024","27","CHOCO","27001","QUIBDO","URBANA","1"
"01/12/2024","18","CAQUETA","18001","FLORENCIA","URBANA","1"
"01/12/2024","18","CAQUETA","18753","SAN VICENTE DEL CAGUAN","URBANA","1"
"30/11/2024","41","HUILA","41020","ALGECIRAS","URBANA","1"
"29/11/2024","19","CAUCA","19050","ARGELIA","URBANA","1"
"29/11/2024","18","CAQUETA","18753","SAN VICENTE DEL CAGUAN","URBANA","1"
"27/11/2024","18","CAQUETA","18001","FLORENCIA","URBANA","1"
"26/11/2024","73","TOLIMA","73236","DOLORES","URBANA","1"
"26/11/2024","73","TOLIMA","73236","DOLORES","URBANA","1"
"26/11/2024","54","NORTE DE SANTANDER","54418","LOURDES","URBANA","1"
"26/11/2024","19","CAUCA","19743","SILVIA","RURAL","1"
"26/11/2024","54","NORTE DE SANTANDER","54003","ABREGO","RURAL","1"
"25/11/2024","81","ARAUCA","81736","SARAVENA","URBANA","1"
"24/11/2024","76","VALLE DEL CAUCA","76364","JAMUNDI","RURAL","1"
"23/11/2024","81","ARAUCA","81736","SARAVENA","URBANA","1"
"23/11/2024","85","CASANARE","85001","YOPAL","URBANA","1"
"22/11/2024","81","ARAUCA","81736","SARAVENA","URBANA","1"
"21/11/2024","54","NORTE DE SANTANDER","54206","CONVENCION","RURAL","1"
"20/11/2024","41","HUILA","41396","LA PLATA","URBANA","1"
"20/11/2024","41","HUILA","41396","LA PLATA","URBANA","1"
"19/11/2024","19","CAUCA","19050","ARGELIA","URBANA","1"
"19/11/2024","27","CHOCO","27245","EL CARMEN DE ATRATO","URBANA","1"
"17/11/2024","85","CASANARE","85010","AGUAZUL","URBANA","1"
"17/11/2024","41","HUILA","41001","NEIVA","URBANA","1"
"17/11/2024","54","NORTE DE SANTANDER","54553","PUERTO SANTANDER","URBANA","1"
"17/11/2024","85","CASANARE","85010","AGUAZUL","URBANA","1"
"16/11/2024","27","CHOCO","27001","QUIBDO","URBANA","1"
"16/11/2024","27","CHOCO","27361","ISTMINA","URBANA","1"
"16/11/2024","19","CAUCA","19256","EL TAMBO","URBANA","1"
"16/11/2024","19","CAUCA","19256","EL TAMBO","URBANA","1"
"16/11/2024","18","CAQUETA","18610","SAN JOSE DEL FRAGUA","URBANA","1"
"16/11/2024","18","CAQUETA","18610","SAN JOSE DEL FRAGUA","URBANA","1"
"15/11/2024","18","CAQUETA","18001","FLORENCIA","URBANA","1"
"15/11/2024","76","VALLE DEL CAUCA","76364","JAMUNDI","URBANA","1"
"15/11/2024","76","VALLE DEL CAUCA","76364","JAMUNDI","URBANA","1"
"12/11/2024","19","CAUCA","19050","ARGELIA","URBANA","1"
"12/11/2024","76","VALLE DEL CAUCA","76520","PALMIRA","URBANA","1"
"11/11/2024","19","CAUCA","19050","ARGELIA","URBANA","1"
"11/11/2024","19","CAUCA","19050","ARGELIA","URBANA","1"
"10/11/2024","81","ARAUCA","81794","TAME","URBANA","1"
"10/11/2024","81","ARAUCA","81794","TAME","URBANA","1"
"09/11/2024","41","HUILA","41396","LA PLATA","URBANA","1"
"09/11/2024","41","HUILA","41396","LA PLATA","URBANA","1"
"09/11/2024","27","CHOCO","27745","SIPI","RURAL","1"
"08/11/2024","19","CAUCA","19050","ARGELIA","URBANA","1"
"08/11/2024","19","CAUCA","19050","ARGELIA","RURAL","1"
"08/11/2024","76","VALLE DEL CAUCA","76364","JAMUNDI","URBANA","1"
"07/11/2024","19","CAUCA","19532","PATIA","RURAL","1"
"07/11/2024","76","VALLE DEL CAUCA","76364","JAMUNDI","URBANA","1"
"07/11/2024","54","NORTE DE SANTANDER","54206","CONVENCION","URBANA","1"
"07/11/2024","76","VALLE DEL CAUCA","76364","JAMUNDI","URBANA","1"
"06/11/2024","76","VALLE DEL CAUCA","76364","JAMUNDI","URBANA","1"
"06/11/2024","23","CORDOBA","23001","MONTERIA","URBANA","1"
"06/11/2024","54","NORTE DE SANTANDER","54810","TIBU","RURAL","1"
"06/11/2024","54","NORTE DE SANTANDER","54245","EL CARMEN","RURAL","1"
"05/11/2024","54","NORTE DE SANTANDER","54245","EL CARMEN","RURAL","1"
"03/11/2024","76","VALLE DEL CAUCA","76364","JAMUNDI","URBANA","1"
"03/11/2024","19","CAUCA","19001","POPAYAN","URBANA","1"
"02/11/2024","19","CAUCA","19318","GUAPI","URBANA","1"
"02/11/2024","19","CAUCA","19318","GUAPI","URBANA","1"
"02/11/2024","19","CAUCA","19318","GUAPI","URBANA","1"
"02/11/2024","19","CAUCA","19318","GUAPI","URBANA","1"
"02/11/2024","19","CAUCA","19318","GUAPI","URBANA","1"
"02/11/2024","19","CAUCA","19001","POPAYAN","URBANA","1"
"02/11/2024","19","CAUCA","19318","GUAPI","URBANA","1"
"02/11/2024","19","CAUCA","19318","GUAPI","URBANA","1"
"02/11/2024","15","BOYACA","15223","CUBARA","URBANA","1"
"02/11/2024","19","CAUCA","19318","GUAPI","URBANA","1"
"01/11/2024","85","CASANARE","85162","MONTERREY","RURAL","1"
"01/11/2024","86","PUTUMAYO","86568","PUERTO ASIS","URBANA","1"
"31/10/2024","54","NORTE DE SANTANDER","54206","CONVENCION","RURAL","1"
"31/10/2024","54","NORTE DE SANTANDER","54206","CONVENCION","RURAL","1"
"31/10/2024","18","CAQUETA","18001","FLORENCIA","URBANA","1"
"30/10/2024","27","CHOCO","27073","BAGADO","URBANA","1"
"30/10/2024","41","HUILA","41306","GIGANTE","URBANA","1"
"30/10/2024","68","SANTANDER","68081","BARRANCABERMEJA","RURAL","1"
"29/10/2024","05","ANTIOQUIA","05040","ANORI","RURAL","1"
"29/10/2024","05","ANTIOQUIA","05604","REMEDIOS","URBANA","1"
"29/10/2024","27","CHOCO","27660","SAN JOSE DEL PALMAR","URBANA","1"
"27/10/2024","54","NORTE DE SANTANDER","54810","TIBU","RURAL","1"
"27/10/2024","19","CAUCA","19050","ARGELIA","URBANA","1"
"27/10/2024","54","NORTE DE SANTANDER","54261","EL ZULIA","URBANA","1"
"27/10/2024","86","PUTUMAYO","86573","PUERTO LEGUIZAMO","URBANA","1"
"27/10/2024","54","NORTE DE SANTANDER","54810","TIBU","URBANA","1"
"26/10/2024","85","CASANARE","85400","TAMARA","URBANA","1"
"25/10/2024","27","CHOCO","27245","EL CARMEN DE ATRATO","RURAL","1"
"25/10/2024","27","CHOCO","27245","EL CARMEN DE ATRATO","RURAL","1"
"25/10/2024","27","CHOCO","27245","EL CARMEN DE ATRATO","RURAL","1"
"25/10/2024","54","NORTE DE SANTANDER","54261","EL ZULIA","RURAL","1"
"25/10/2024","54","NORTE DE SANTANDER","54261","EL ZULIA","RURAL","1"
"25/10/2024","73","TOLIMA","73001","IBAGUE","URBANA","1"
"24/10/2024","27","CHOCO","27073","BAGADO","RURAL","1"
"24/10/2024","54","NORTE DE SANTANDER","54206","CONVENCION","RURAL","1"
"23/10/2024","27","CHOCO","27077","BAJO BAUDO","RURAL","1"
"23/10/2024","27","CHOCO","27361","ISTMINA","RURAL","1"
"23/10/2024","13","BOLIVAR","13688","SANTA ROSA DEL SUR","RURAL","1"
"22/10/2024","85","CASANARE","85162","MONTERREY","RURAL","1"
"22/10/2024","85","CASANARE","85001","YOPAL","URBANA","1"
"21/10/2024","05","ANTIOQUIA","05107","BRICEÑO","RURAL","1"
"21/10/2024","27","CHOCO","27001","QUIBDO","URBANA","1"
"21/10/2024","27","CHOCO","27361","ISTMINA","RURAL","1"
"21/10/2024","54","NORTE DE SANTANDER","54670","SAN CALIXTO","URBANA","1"
"21/10/2024","41","HUILA","41020","ALGECIRAS","URBANA","1"
"20/10/2024","19","CAUCA","19050","ARGELIA","URBANA","1"
"20/10/2024","11","BOGOTA D.C.","11001","BOGOTA D.C.","URBANA","1"
"20/10/2024","19","CAUCA","19130","CAJIBIO","RURAL","1"
"20/10/2024","19","CAUCA","19548","PIENDAMO - TUNIA","URBANA","1"
"19/10/2024","11","BOGOTA D.C.","11001","BOGOTA D.C.","URBANA","1"
"19/10/2024","54","NORTE DE SANTANDER","54800","TEORAMA","RURAL","1"
"19/10/2024","13","BOLIVAR","13688","SANTA ROSA DEL SUR","URBANA","1"
"19/10/2024","81","ARAUCA","81794","TAME","URBANA","1"
"18/10/2024","11","BOGOTA D.C.","11001","BOGOTA D.C.","URBANA","1"
"18/10/2024","76","VALLE DEL CAUCA","76364","JAMUNDI","URBANA","1"
"17/10/2024","19","CAUCA","19809","TIMBIQUI","URBANA","1"
"17/10/2024","19","CAUCA","19142","CALOTO","URBANA","1"
"17/10/2024","76","VALLE DEL CAUCA","76364","JAMUNDI","URBANA","1"
"17/10/2024","95","GUAVIARE","95001","SAN JOSE DEL GUAVIARE","URBANA","1"
"16/10/2024","76","VALLE DEL CAUCA","76364","JAMUNDI","URBANA","1"
"16/10/2024","19","CAUCA","19130","CAJIBIO","URBANA","1"
"16/10/2024","19","CAUCA","19142","CALOTO","URBANA","1"
"16/10/2024","76","VALLE DEL CAUCA","76364","JAMUNDI","URBANA","1"
"16/10/2024","41","HUILA","41483","NATAGA","URBANA","1"
"15/10/2024","54","NORTE DE SANTANDER","54810","TIBU","RURAL","1"
"15/10/2024","19","CAUCA","19256","EL TAMBO","URBANA","1"
"14/10/2024","27","CHOCO","27745","SIPI","RURAL","1"
"14/10/2024","13","BOLIVAR","13600","RIO VIEJO","URBANA","1"
"13/10/2024","19","CAUCA","19050","ARGELIA","URBANA","1"
"13/10/2024","19","CAUCA","19455","MIRANDA","URBANA","1"
"13/10/2024","19","CAUCA","19455","MIRANDA","URBANA","1"
"13/10/2024","41","HUILA","41797","TESALIA","URBANA","1"
"12/10/2024","27","CHOCO","27361","ISTMINA","RURAL","1"
"12/10/2024","19","CAUCA","19050","ARGELIA","URBANA","1"
"12/10/2024","19","CAUCA","19050","ARGELIA","URBANA","1"
"11/10/2024","11","BOGOTA D.C.","11001","BOGOTA D.C.","URBANA","1"
"11/10/2024","50","META","50350","LA MACARENA","URBANA","1"
"11/10/2024","13","BOLIVAR","13600","RIO VIEJO","URBANA","1"
"11/10/2024","19","CAUCA","19743","SILVIA","URBANA","1"
"10/10/2024","13","BOLIVAR","13600","RIO VIEJO","URBANA","1"
"09/10/2024","54","NORTE DE SANTANDER","54800","TEORAMA","RURAL","1"
"09/10/2024","54","NORTE DE SANTANDER","54800","TEORAMA","RURAL","1"
"09/10/2024","19","CAUCA","19050","ARGELIA","URBANA","1"
"08/10/2024","11","BOGOTA D.C.","11001","BOGOTA D.C.","URBANA","1"
"08/10/2024","54","NORTE DE SANTANDER","54206","CONVENCION","RURAL","1"
"08/10/2024","19","CAUCA","19212","CORINTO","URBANA","1"
"07/10/2024","73","TOLIMA","73043","ANZOATEGUI","URBANA","1"
"07/10/2024","73","TOLIMA","73043","ANZOATEGUI","RURAL","1"
"07/10/2024","19","CAUCA","19050","ARGELIA","URBANA","1"
"07/10/2024","54","NORTE DE SANTANDER","54206","CONVENCION","RURAL","1"
"07/10/2024","13","BOLIVAR","13688","SANTA ROSA DEL SUR","URBANA","1"
"07/10/2024","81","ARAUCA","81065","ARAUQUITA","RURAL","1"
"07/10/2024","13","BOLIVAR","13688","SANTA ROSA DEL SUR","URBANA","1"
"06/10/2024","19","CAUCA","19418","LOPEZ DE MICAY","URBANA","1"
"05/10/2024","54","NORTE DE SANTANDER","54344","HACARI","RURAL","1"
"04/10/2024","41","HUILA","41770","SUAZA","URBANA","1"
"04/10/2024","27","CHOCO","27787","TADO","RURAL","1"
"03/10/2024","81","ARAUCA","81065","ARAUQUITA","URBANA","1"
"03/10/2024","13","BOLIVAR","13042","ARENAL","URBANA","1"
"03/10/2024","11","BOGOTA D.C.","11001","BOGOTA D.C.","URBANA","1"
"03/10/2024","95","GUAVIARE","95025","EL RETORNO","URBANA","1"
"03/10/2024","54","NORTE DE SANTANDER","54810","TIBU","RURAL","1"
"02/10/2024","81","ARAUCA","81065","ARAUQUITA","URBANA","1"
"02/10/2024","19","CAUCA","19517","PAEZ","URBANA","1"
"02/10/2024","19","CAUCA","19517","PAEZ","URBANA","1"
"02/10/2024","19","CAUCA","19517","PAEZ","URBANA","1"
"02/10/2024","54","NORTE DE SANTANDER","54810","TIBU","RURAL","1"
"02/10/2024","86","PUTUMAYO","86885","VILLAGARZON","URBANA","1"
"02/10/2024","47","MAGDALENA","47980","ZONA BANANERA","URBANA","1"
"02/10/2024","05","ANTIOQUIA","05031","AMALFI","RURAL","1"
"01/10/2024","81","ARAUCA","81065","ARAUQUITA","URBANA","1"
"01/10/2024","11","BOGOTA D.C.","11001","BOGOTA D.C.","URBANA","1"
"30/09/2024","41","HUILA","41020","ALGECIRAS","RURAL","1"
"30/09/2024","54","NORTE DE SANTANDER","54405","LOS PATIOS","URBANA","1"
"28/09/2024","13","BOLIVAR","13473","MORALES","URBANA","1"
"28/09/2024","25","CUNDINAMARCA","25506","VENECIA","URBANA","1"
"28/09/2024","25","CUNDINAMARCA","25506","VENECIA","URBANA","1"
"28/09/2024","27","CHOCO","27245","EL CARMEN DE ATRATO","RURAL","1"
"28/09/2024","27","CHOCO","27245","EL CARMEN DE ATRATO","RURAL","1"
"28/09/2024","27","CHOCO","27361","ISTMINA","RURAL","1"
"28/09/2024","27","CHOCO","27001","QUIBDO","RURAL","1"
"27/09/2024","19","CAUCA","19698","SANTANDER DE QUILICHAO","URBANA","1"
"27/09/2024","19","CAUCA","19698","SANTANDER DE QUILICHAO","URBANA","1"
"26/09/2024","54","NORTE DE SANTANDER","54720","SARDINATA","RURAL","1"
"26/09/2024","76","VALLE DEL CAUCA","76318","GUACARI","URBANA","1"
"26/09/2024","41","HUILA","41349","HOBO","URBANA","1"
"25/09/2024","13","BOLIVAR","13042","ARENAL","URBANA","1"
"25/09/2024","27","CHOCO","27001","QUIBDO","RURAL","1"
"25/09/2024","05","ANTIOQUIA","05315","GUADALUPE","RURAL","1"
"24/09/2024","05","ANTIOQUIA","05756","SONSON","RURAL","1"
"24/09/2024","76","VALLE DEL CAUCA","76100","BOLIVAR","URBANA","1"
"24/09/2024","95","GUAVIARE","95015","CALAMAR","RURAL","1"
"24/09/2024","54","NORTE DE SANTANDER","54498","OCAÑA","URBANA","1"
"24/09/2024","13","BOLIVAR","13688","SANTA ROSA DEL SUR","URBANA","1"
"24/09/2024","19","CAUCA","19698","SANTANDER DE QUILICHAO","URBANA","1"
"24/09/2024","54","NORTE DE SANTANDER","54800","TEORAMA","RURAL","1"
"23/09/2024","85","CASANARE","85010","AGUAZUL","URBANA","1"
"23/09/2024","85","CASANARE","85410","TAURAMENA","URBANA","1"
"23/09/2024","54","NORTE DE SANTANDER","54810","TIBU","RURAL","1"
"23/09/2024","54","NORTE DE SANTANDER","54820","TOLEDO","RURAL","1"
"23/09/2024","94","GUAINIA","94001","INIRIDA","URBANA","1"
"22/09/2024","19","CAUCA","19142","CALOTO","URBANA","1"
"21/09/2024","19","CAUCA","19050","ARGELIA","URBANA","1"
"21/09/2024","19","CAUCA","19050","ARGELIA","URBANA","1"
"21/09/2024","27","CHOCO","27361","ISTMINA","RURAL","1"
"20/09/2024","81","ARAUCA","81065","ARAUQUITA","URBANA","1"
"20/09/2024","19","CAUCA","19821","TORIBIO","URBANA","1"
"20/09/2024","19","CAUCA","19821","TORIBIO","URBANA","1"
"19/09/2024","11","BOGOTA D.C.","11001","BOGOTA D.C.","URBANA","1"
"19/09/2024","47","MAGDALENA","47288","FUNDACION","URBANA","1"
"19/09/2024","41","HUILA","41799","TELLO","URBANA","1"
"19/09/2024","20","CESAR","20750","SAN DIEGO","RURAL","1"
"18/09/2024","54","NORTE DE SANTANDER","54800","TEORAMA","RURAL","1"
"18/09/2024","05","ANTIOQUIA","05837","TURBO","URBANA","1"
"18/09/2024","27","CHOCO","27001","QUIBDO","URBANA","1"
"18/09/2024","81","ARAUCA","81065","ARAUQUITA","URBANA","1"
"18/09/2024","11","BOGOTA D.C.","11001","BOGOTA D.C.","URBANA","1"
"18/09/2024","11","BOGOTA D.C.","11001","BOGOTA D.C.","URBANA","1"
"18/09/2024","11","BOGOTA D.C.","11001","BOGOTA D.C.","URBANA","1"
"18/09/2024","18","CAQUETA","18592","PUERTO RICO","URBANA","1"
"17/09/2024","81","ARAUCA","81065","ARAUQUITA","RURAL","1"
"17/09/2024","20","CESAR","20550","PELAYA","RURAL","1"
"17/09/2024","15","BOYACA","15223","CUBARA","URBANA","1"
"16/09/2024","27","CHOCO","27001","QUIBDO","URBANA","1"
"16/09/2024","41","HUILA","41078","BARAYA","URBANA","1"
"16/09/2024","81","ARAUCA","81794","TAME","URBANA","1"
"15/09/2024","27","CHOCO","27245","EL CARMEN DE ATRATO","RURAL","1"
"15/09/2024","18","CAQUETA","18150","CARTAGENA DEL CHAIRA","URBANA","1"
"15/09/2024","18","CAQUETA","18150","CARTAGENA DEL CHAIRA","URBANA","1"
"14/09/2024","18","CAQUETA","18150","CARTAGENA DEL CHAIRA","URBANA","1"
"14/09/2024","52","NARIÑO","52835","SAN ANDRES DE TUMACO","URBANA","1"
"14/09/2024","81","ARAUCA","81794","TAME","URBANA","1"
"14/09/2024","81","ARAUCA","81794","TAME","URBANA","1"
"14/09/2024","41","HUILA","41799","TELLO","URBANA","1"
"14/09/2024","19","CAUCA","19050","ARGELIA","URBANA","1"
"14/09/2024","18","CAQUETA","18150","CARTAGENA DEL CHAIRA","URBANA","1"
"14/09/2024","54","NORTE DE SANTANDER","54001","CUCUTA","URBANA","1"
"14/09/2024","54","NORTE DE SANTANDER","54001","CUCUTA","URBANA","1"
"14/09/2024","81","ARAUCA","81736","SARAVENA","URBANA","1"
"13/09/2024","05","ANTIOQUIA","05101","CIUDAD BOLIVAR","RURAL","1"
"13/09/2024","05","ANTIOQUIA","05736","SEGOVIA","URBANA","1"
"13/09/2024","81","ARAUCA","81065","ARAUQUITA","URBANA","1"
"13/09/2024","76","VALLE DEL CAUCA","76318","GUACARI","URBANA","1"
"13/09/2024","41","HUILA","41799","TELLO","URBANA","1"
"12/09/2024","27","CHOCO","27001","QUIBDO","URBANA","1"
"12/09/2024","41","HUILA","41001","NEIVA","URBANA","1"
"12/09/2024","19","CAUCA","19780","SUAREZ","URBANA","1"
"11/09/2024","05","ANTIOQUIA","05854","VALDIVIA","RURAL","1"
"11/09/2024","81","ARAUCA","81065","ARAUQUITA","RURAL","1"
"10/09/2024","05","ANTIOQUIA","05107","BRICEÑO","URBANA","1"
"10/09/2024","11","BOGOTA D.C.","11001","BOGOTA D.C.","URBANA","1"
"10/09/2024","11","BOGOTA D.C.","11001","BOGOTA D.C.","URBANA","1"
"10/09/2024","54","NORTE DE SANTANDER","54250","EL TARRA","RURAL","1"
"09/09/2024","54","NORTE DE SANTANDER","54498","OCAÑA","RURAL","1"
"09/09/2024","81","ARAUCA","81065","ARAUQUITA","RURAL","1"
"09/09/2024","19","CAUCA","19256","EL TAMBO","URBANA","1"
"09/09/2024","27","CHOCO","27660","SAN JOSE DEL PALMAR","URBANA","1"
"08/09/2024","54","NORTE DE SANTANDER","54206","CONVENCION","URBANA","1"
"08/09/2024","27","CHOCO","27491","NOVITA","RURAL","1"
"07/09/2024","15","BOYACA","15238","DUITAMA","URBANA","1"
"07/09/2024","18","CAQUETA","18001","FLORENCIA","URBANA","1"
"07/09/2024","19","CAUCA","19355","INZA","URBANA","1"
"07/09/2024","19","CAUCA","19355","INZA","URBANA","1"
"06/09/2024","54","NORTE DE SANTANDER","54800","TEORAMA","RURAL","1"
"06/09/2024","54","NORTE DE SANTANDER","54800","TEORAMA","RURAL","1"
"05/09/2024","19","CAUCA","19050","ARGELIA","URBANA","1"
"05/09/2024","85","CASANARE","85001","YOPAL","URBANA","1"
"05/09/2024","81","ARAUCA","81065","ARAUQUITA","URBANA","1"
"05/09/2024","19","CAUCA","19050","ARGELIA","URBANA","1"
"04/09/2024","54","NORTE DE SANTANDER","54680","SANTIAGO","RURAL","1"
"04/09/2024","41","HUILA","41078","BARAYA","RURAL","1"
"04/09/2024","41","HUILA","41078","BARAYA","RURAL","1"
"04/09/2024","15","BOYACA","15223","CUBARA","URBANA","1"
"04/09/2024","81","ARAUCA","81300","FORTUL","URBANA","1"
"04/09/2024","41","HUILA","41524","PALERMO","URBANA","1"
"04/09/2024","19","CAUCA","19743","SILVIA","URBANA","1"
"04/09/2024","19","CAUCA","19824","TOTORO","URBANA","1"
"04/09/2024","19","CAUCA","19824","TOTORO","URBANA","1"
"04/09/2024","19","CAUCA","19824","TOTORO","URBANA","1"
"04/09/2024","19","CAUCA","19824","TOTORO","URBANA","1"
"03/09/2024","15","BOYACA","15223","CUBARA","RURAL","1"
"03/09/2024","52","NARIÑO","52079","BARBACOAS","URBANA","1"
"03/09/2024","52","NARIÑO","52540","POLICARPA","RURAL","1"
"03/09/2024","19","CAUCA","19050","ARGELIA","URBANA","1"
"03/09/2024","19","CAUCA","19397","LA VEGA","URBANA","1"
"03/09/2024","05","ANTIOQUIA","05001","MEDELLIN","URBANA","1"
"02/09/2024","81","ARAUCA","81065","ARAUQUITA","URBANA","1"
"02/09/2024","81","ARAUCA","81065","ARAUQUITA","URBANA","1"
"02/09/2024","54","NORTE DE SANTANDER","54245","EL CARMEN","RURAL","1"
"02/09/2024","76","VALLE DEL CAUCA","76248","EL CERRITO","URBANA","1"
"02/09/2024","41","HUILA","41306","GIGANTE","URBANA","1"
"01/09/2024","13","BOLIVAR","13042","ARENAL","URBANA","1"
"31/08/2024","19","CAUCA","19050","ARGELIA","URBANA","1"
"31/08/2024","19","CAUCA","19050","ARGELIA","URBANA","1"
"31/08/2024","19","CAUCA","19050","ARGELIA","URBANA","1"
"31/08/2024","19","CAUCA","19050","ARGELIA","URBANA","1"
"31/08/2024","19","CAUCA","19001","POPAYAN","URBANA","1"
"31/08/2024","81","ARAUCA","81736","SARAVENA","URBANA","1"
"31/08/2024","54","NORTE DE SANTANDER","54810","TIBU","URBANA","1"
"30/08/2024","11","BOGOTA D.C.","11001","BOGOTA D.C.","URBANA","1"
"30/08/2024","76","VALLE DEL CAUCA","76248","EL CERRITO","URBANA","1"
"30/08/2024","73","TOLIMA","73001","IBAGUE","URBANA","1"
"30/08/2024","13","BOLIVAR","13458","MONTECRISTO","URBANA","1"
"30/08/2024","19","CAUCA","19743","SILVIA","URBANA","1"
"30/08/2024","54","NORTE DE SANTANDER","54810","TIBU","URBANA","1"
"30/08/2024","54","NORTE DE SANTANDER","54810","TIBU","RURAL","1"
"29/08/2024","05","ANTIOQUIA","05790","TARAZA","URBANA","1"
"29/08/2024","81","ARAUCA","81065","ARAUQUITA","URBANA","1"
"29/08/2024","11","BOGOTA D.C.","11001","BOGOTA D.C.","URBANA","1"
"29/08/2024","11","BOGOTA D.C.","11001","BOGOTA D.C.","URBANA","1"
"29/08/2024","76","VALLE DEL CAUCA","76100","BOLIVAR","URBANA","1"
"29/08/2024","76","VALLE DEL CAUCA","76248","EL CERRITO","URBANA","1"
"29/08/2024","54","NORTE DE SANTANDER","54250","EL TARRA","RURAL","1"
"29/08/2024","81","ARAUCA","81794","TAME","URBANA","1"
"29/08/2024","05","ANTIOQUIA","05854","VALDIVIA","RURAL","1"
"29/08/2024","05","ANTIOQUIA","05854","VALDIVIA","URBANA","1"
"29/08/2024","05","ANTIOQUIA","05854","VALDIVIA","RURAL","1"
"29/08/2024","05","ANTIOQUIA","05736","SEGOVIA","RURAL","1"
"29/08/2024","05","ANTIOQUIA","05854","VALDIVIA","RURAL","1"
"29/08/2024","05","ANTIOQUIA","05854","VALDIVIA","URBANA","1"
"29/08/2024","05","ANTIOQUIA","05854","VALDIVIA","RURAL","1"
"28/08/2024","27","CHOCO","27001","QUIBDO","URBANA","1"
"28/08/2024","19","CAUCA","19050","ARGELIA","URBANA","1"
"28/08/2024","11","BOGOTA D.C.","11001","BOGOTA D.C.","URBANA","1"
"28/08/2024","25","CUNDINAMARCA","25506","VENECIA","URBANA","1"
"28/08/2024","81","ARAUCA","81065","ARAUQUITA","RURAL","1"
"28/08/2024","52","NARIÑO","52256","EL ROSARIO","URBANA","1"
"27/08/2024","41","HUILA","41078","BARAYA","RURAL","1"
"27/08/2024","81","ARAUCA","81736","SARAVENA","RURAL","1"
"26/08/2024","81","ARAUCA","81065","ARAUQUITA","URBANA","1"
"26/08/2024","19","CAUCA","19050","ARGELIA","URBANA","1"
"26/08/2024","73","TOLIMA","73001","IBAGUE","URBANA","1"
"26/08/2024","13","BOLIVAR","13688","SANTA ROSA DEL SUR","URBANA","1"
"26/08/2024","81","ARAUCA","81736","SARAVENA","URBANA","1"
"26/08/2024","81","ARAUCA","81001","ARAUCA","URBANA","1"
"25/08/2024","81","ARAUCA","81300","FORTUL","URBANA","1"
"25/08/2024","81","ARAUCA","81736","SARAVENA","URBANA","1"
"24/08/2024","05","ANTIOQUIA","05736","SEGOVIA","URBANA","1"
"24/08/2024","19","CAUCA","19743","SILVIA","URBANA","1"
"24/08/2024","81","ARAUCA","81794","TAME","URBANA","1"
"24/08/2024","81","ARAUCA","81300","FORTUL","RURAL","1"
"24/08/2024","05","ANTIOQUIA","05790","TARAZA","RURAL","1"
"23/08/2024","81","ARAUCA","81065","ARAUQUITA","URBANA","1"
"23/08/2024","73","TOLIMA","73236","DOLORES","URBANA","1"
"23/08/2024","73","TOLIMA","73236","DOLORES","URBANA","1"
"23/08/2024","95","GUAVIARE","95001","SAN JOSE DEL GUAVIARE","URBANA","1"
"22/08/2024","52","NARIÑO","52678","SAMANIEGO","URBANA","1"
"22/08/2024","19","CAUCA","19050","ARGELIA","URBANA","1"
"22/08/2024","73","TOLIMA","73270","FALAN","URBANA","1"
"22/08/2024","73","TOLIMA","73270","FALAN","URBANA","1"
"22/08/2024","19","CAUCA","19001","POPAYAN","URBANA","1"
"21/08/2024","19","CAUCA","19130","CAJIBIO","URBANA","1"
"21/08/2024","41","HUILA","41357","IQUIRA","URBANA","1"
"21/08/2024","19","CAUCA","19780","SUAREZ","URBANA","1"
"21/08/2024","19","CAUCA","19780","SUAREZ","URBANA","1"
"21/08/2024","54","NORTE DE SANTANDER","54003","ABREGO","RURAL","1"
"20/08/2024","54","NORTE DE SANTANDER","54003","ABREGO","RURAL","1"
"20/08/2024","19","CAUCA","19050","ARGELIA","URBANA","1"
"20/08/2024","76","VALLE DEL CAUCA","76001","CALI","URBANA","1"
"20/08/2024","41","HUILA","41001","NEIVA","URBANA","1"
"20/08/2024","76","VALLE DEL CAUCA","76001","CALI","URBANA","1"
"19/08/2024","95","GUAVIARE","95001","SAN JOSE DEL GUAVIARE","URBANA","1"
"18/08/2024","13","BOLIVAR","13042","ARENAL","URBANA","1"
"18/08/2024","54","NORTE DE SANTANDER","54670","SAN CALIXTO","RURAL","1"
"17/08/2024","05","ANTIOQUIA","05887","YARUMAL","URBANA","1"
"17/08/2024","54","NORTE DE SANTANDER","54398","LA PLAYA","RURAL","1"
"17/08/2024","19","CAUCA","19455","MIRANDA","RURAL","1"
"17/08/2024","54","NORTE DE SANTANDER","54206","CONVENCION","RURAL","1"
"16/08/2024","73","TOLIMA","73043","ANZOATEGUI","URBANA","1"
"16/08/2024","19","CAUCA","19050","ARGELIA","URBANA","1"
"16/08/2024","54","NORTE DE SANTANDER","54498","OCAÑA","RURAL","1"
"16/08/2024","27","CHOCO","27205","CONDOTO","RURAL","1"
"15/08/2024","19","CAUCA","19050","ARGELIA","URBANA","1"
"15/08/2024","76","VALLE DEL CAUCA","76364","JAMUNDI","URBANA","1"
"14/08/2024","19","CAUCA","19050","ARGELIA","URBANA","1"
"14/08/2024","19","CAUCA","19050","ARGELIA","URBANA","1"
"14/08/2024","19","CAUCA","19050","ARGELIA","URBANA","1"
"14/08/2024","19","CAUCA","19130","CAJIBIO","URBANA","1"
"14/08/2024","54","NORTE DE SANTANDER","54344","HACARI","URBANA","1"
"14/08/2024","41","HUILA","41396","LA PLATA","URBANA","1"
"14/08/2024","41","HUILA","41483","NATAGA","URBANA","1"
"14/08/2024","41","HUILA","41001","NEIVA","URBANA","1"
"14/08/2024","41","HUILA","41001","NEIVA","RURAL","1"
"13/08/2024","19","CAUCA","19050","ARGELIA","URBANA","1"
"13/08/2024","11","BOGOTA D.C.","11001","BOGOTA D.C.","URBANA","1"
"13/08/2024","11","BOGOTA D.C.","11001","BOGOTA D.C.","URBANA","1"
"13/08/2024","95","GUAVIARE","95025","EL RETORNO","URBANA","1"
"13/08/2024","19","CAUCA","19743","SILVIA","RURAL","1"
"11/08/2024","68","SANTANDER","68081","BARRANCABERMEJA","URBANA","1"
"11/08/2024","95","GUAVIARE","95001","SAN JOSE DEL GUAVIARE","URBANA","1"
"11/08/2024","18","CAQUETA","18756","SOLANO","RURAL","1"
"11/08/2024","27","CHOCO","27361","ISTMINA","RURAL","1"
"11/08/2024","27","CHOCO","27491","NOVITA","RURAL","1"
"11/08/2024","27","CHOCO","27745","SIPI","RURAL","1"
"10/08/2024","52","NARIÑO","52079","BARBACOAS","URBANA","1"
"10/08/2024","18","CAQUETA","18150","CARTAGENA DEL CHAIRA","URBANA","1"
"10/08/2024","95","GUAVIARE","95200","MIRAFLORES","URBANA","1"
"10/08/2024","86","PUTUMAYO","86573","PUERTO LEGUIZAMO","URBANA","1"
"10/08/2024","18","CAQUETA","18756","SOLANO","URBANA","1"
"09/08/2024","19","CAUCA","19693","SAN SEBASTIAN","URBANA","1"
"09/08/2024","97","VAUPES","97161","CARURU","URBANA","1"
"09/08/2024","05","ANTIOQUIA","05854","VALDIVIA","RURAL","1"
"09/08/2024","27","CHOCO","27745","SIPI","RURAL","1"
"09/08/2024","27","CHOCO","27745","SIPI","RURAL","1"
"08/08/2024","19","CAUCA","19050","ARGELIA","URBANA","1"
"08/08/2024","81","ARAUCA","81591","PUERTO RONDON","URBANA","1"
"07/08/2024","85","CASANARE","85001","YOPAL","RURAL","1"
"07/08/2024","95","GUAVIARE","95001","SAN JOSE DEL GUAVIARE","URBANA","1"
"07/08/2024","47","MAGDALENA","47001","SANTA MARTA","URBANA","1"
"06/08/2024","41","HUILA","41020","ALGECIRAS","RURAL","1"
"06/08/2024","19","CAUCA","19698","SANTANDER DE QUILICHAO","URBANA","1"
"06/08/2024","19","CAUCA","19821","TORIBIO","URBANA","1"
"04/08/2024","52","NARIÑO","52565","PROVIDENCIA","RURAL","1"
"04/08/2024","76","VALLE DEL CAUCA","76364","JAMUNDI","URBANA","1"
"03/08/2024","52","NARIÑO","52835","SAN ANDRES DE TUMACO","RURAL","1"
"03/08/2024","19","CAUCA","19050","ARGELIA","URBANA","1"
"03/08/2024","19","CAUCA","19212","CORINTO","URBANA","1"
"03/08/2024","54","NORTE DE SANTANDER","54660","SALAZAR","RURAL","1"
"03/08/2024","95","GUAVIARE","95001","SAN JOSE DEL GUAVIARE","URBANA","1"
"02/08/2024","19","CAUCA","19050","ARGELIA","URBANA","1"
"02/08/2024","19","CAUCA","19355","INZA","URBANA","1"
"02/08/2024","19","CAUCA","19517","PAEZ","URBANA","1"
"01/08/2024","13","BOLIVAR","13042","ARENAL","URBANA","1"
"01/08/2024","19","CAUCA","19517","PAEZ","URBANA","1"
"01/08/2024","19","CAUCA","19743","SILVIA","URBANA","1"
"31/07/2024","11","BOGOTA D.C.","11001","BOGOTA D.C.","URBANA","1"
"31/07/2024","18","CAQUETA","18001","FLORENCIA","URBANA","1"
"30/07/2024","27","CHOCO","27001","QUIBDO","URBANA","1"
"30/07/2024","73","TOLIMA","73043","ANZOATEGUI","URBANA","1"
"30/07/2024","19","CAUCA","19050","ARGELIA","URBANA","1"
"30/07/2024","19","CAUCA","19364","JAMBALO","URBANA","1"
"30/07/2024","08","ATLANTICO","08758","SOLEDAD","URBANA","1"
"29/07/2024","13","BOLIVAR","13688","SANTA ROSA DEL SUR","URBANA","1"
"28/07/2024","52","NARIÑO","52256","EL ROSARIO","RURAL","1"
"27/07/2024","19","CAUCA","19780","SUAREZ","URBANA","1"
"27/07/2024","19","CAUCA","19780","SUAREZ","URBANA","1"
"27/07/2024","27","CHOCO","27745","SIPI","RURAL","1"
"26/07/2024","13","BOLIVAR","13600","RIO VIEJO","URBANA","1"
"26/07/2024","44","LA GUAJIRA","44855","URUMITA","URBANA","1"
"25/07/2024","19","CAUCA","19050","ARGELIA","URBANA","1"
"25/07/2024","19","CAUCA","19050","ARGELIA","URBANA","1"
"25/07/2024","41","HUILA","41797","TESALIA","URBANA","1"
"24/07/2024","19","CAUCA","19256","EL TAMBO","URBANA","1"
"24/07/2024","19","CAUCA","19256","EL TAMBO","URBANA","1"
"24/07/2024","19","CAUCA","19807","TIMBIO","URBANA","1"
"24/07/2024","76","VALLE DEL CAUCA","76364","JAMUNDI","RURAL","1"
"23/07/2024","19","CAUCA","19780","SUAREZ","URBANA","1"
"23/07/2024","19","CAUCA","19050","ARGELIA","URBANA","1"
"23/07/2024","19","CAUCA","19050","ARGELIA","URBANA","1"
"23/07/2024","19","CAUCA","19050","ARGELIA","URBANA","1"
"23/07/2024","19","CAUCA","19050","ARGELIA","URBANA","1"
"23/07/2024","19","CAUCA","19050","ARGELIA","URBANA","1"
"23/07/2024","19","CAUCA","19050","ARGELIA","URBANA","1"
"23/07/2024","19","CAUCA","19050","ARGELIA","URBANA","1"
"23/07/2024","19","CAUCA","19050","ARGELIA","URBANA","1"
"23/07/2024","11","BOGOTA D.C.","11001","BOGOTA D.C.","URBANA","1"
"23/07/2024","54","NORTE DE SANTANDER","54670","SAN CALIXTO","RURAL","1"
"21/07/2024","19","CAUCA","19050","ARGELIA","URBANA","1"
"21/07/2024","19","CAUCA","19075","BALBOA","URBANA","1"
"21/07/2024","41","HUILA","41801","TERUEL","URBANA","1"
"20/07/2024","76","VALLE DEL CAUCA","76364","JAMUNDI","URBANA","1"
"20/07/2024","41","HUILA","41001","NEIVA","RURAL","1"
"20/07/2024","19","CAUCA","19743","SILVIA","URBANA","1"
"20/07/2024","19","CAUCA","19780","SUAREZ","URBANA","1"
"20/07/2024","19","CAUCA","19130","CAJIBIO","URBANA","1"
"20/07/2024","41","HUILA","41298","GARZON","RURAL","1"
"19/07/2024","76","VALLE DEL CAUCA","76364","JAMUNDI","RURAL","1"
"19/07/2024","19","CAUCA","19743","SILVIA","URBANA","1"
"19/07/2024","19","CAUCA","19743","SILVIA","URBANA","1"
"18/07/2024","18","CAQUETA","18001","FLORENCIA","URBANA","1"
"18/07/2024","18","CAQUETA","18001","FLORENCIA","URBANA","1"
"17/07/2024","50","META","50330","MESETAS","URBANA","1"
"17/07/2024","50","META","50330","MESETAS","URBANA","1"
"17/07/2024","50","META","50330","MESETAS","URBANA","1"
"17/07/2024","41","HUILA","41001","NEIVA","URBANA","1"
"17/07/2024","41","HUILA","41001","NEIVA","URBANA","1"
"17/07/2024","41","HUILA","41001","NEIVA","URBANA","1"
"15/07/2024","27","CHOCO","27001","QUIBDO","URBANA","1"
"15/07/2024","19","CAUCA","19050","ARGELIA","URBANA","1"
"15/07/2024","19","CAUCA","19050","ARGELIA","URBANA","1"
"15/07/2024","19","CAUCA","19050","ARGELIA","URBANA","1"
"15/07/2024","11","BOGOTA D.C.","11001","BOGOTA D.C.","URBANA","1"
"15/07/2024","11","BOGOTA D.C.","11001","BOGOTA D.C.","URBANA","1"
"15/07/2024","86","PUTUMAYO","86001","MOCOA","URBANA","1"
"14/07/2024","05","ANTIOQUIA","05134","CAMPAMENTO","URBANA","1"
"13/07/2024","27","CHOCO","27001","QUIBDO","URBANA","1"
"13/07/2024","52","NARIÑO","52418","LOS ANDES","RURAL","1"
"13/07/2024","41","HUILA","41298","GARZON","URBANA","1"
"12/07/2024","05","ANTIOQUIA","05040","ANORI","RURAL","1"
"12/07/2024","19","CAUCA","19256","EL TAMBO","URBANA","1"
"12/07/2024","13","BOLIVAR","13473","MORALES","URBANA","1"
"12/07/2024","13","BOLIVAR","13473","MORALES","URBANA","1"
"12/07/2024","81","ARAUCA","81736","SARAVENA","URBANA","1"
"11/07/2024","54","NORTE DE SANTANDER","54099","BOCHALEMA","URBANA","1"
"11/07/2024","19","CAUCA","19548","PIENDAMO - TUNIA","URBANA","1"
"11/07/2024","19","CAUCA","19548","PIENDAMO - TUNIA","URBANA","1"
"11/07/2024","13","BOLIVAR","13688","SANTA ROSA DEL SUR","URBANA","1"
"11/07/2024","19","CAUCA","19698","SANTANDER DE QUILICHAO","URBANA","1"
"11/07/2024","19","CAUCA","19780","SUAREZ","URBANA","1"
"10/07/2024","27","CHOCO","27050","ATRATO","RURAL","1"
"10/07/2024","19","CAUCA","19418","LOPEZ DE MICAY","URBANA","1"
"09/07/2024","81","ARAUCA","81065","ARAUQUITA","URBANA","1"
"09/07/2024","13","BOLIVAR","13473","MORALES","URBANA","1"
"08/07/2024","81","ARAUCA","81065","ARAUQUITA","URBANA","1"
"08/07/2024","11","BOGOTA D.C.","11001","BOGOTA D.C.","URBANA","1"
"07/07/2024","50","META","50680","SAN CARLOS DE GUAROA","RURAL","1"
"06/07/2024","19","CAUCA","19050","ARGELIA","URBANA","1"
"06/07/2024","76","VALLE DEL CAUCA","76109","BUENAVENTURA","URBANA","1"
"06/07/2024","76","VALLE DEL CAUCA","76001","CALI","URBANA","1"
"06/07/2024","50","META","50350","LA MACARENA","RURAL","1"
"05/07/2024","05","ANTIOQUIA","05107","BRICEÑO","URBANA","1"
"04/07/2024","81","ARAUCA","81001","ARAUCA","URBANA","1"
"04/07/2024","81","ARAUCA","81001","ARAUCA","URBANA","1"
"04/07/2024","81","ARAUCA","81065","ARAUQUITA","URBANA","1"
"04/07/2024","13","BOLIVAR","13042","ARENAL","URBANA","1"
"04/07/2024","11","BOGOTA D.C.","11001","BOGOTA D.C.","URBANA","1"
"04/07/2024","19","CAUCA","19137","CALDONO","URBANA","1"
"04/07/2024","54","NORTE DE SANTANDER","54172","CHINACOTA","RURAL","1"
"04/07/2024","54","NORTE DE SANTANDER","54172","CHINACOTA","RURAL","1"
"04/07/2024","20","CESAR","20178","CHIRIGUANA","URBANA","1"
"04/07/2024","54","NORTE DE SANTANDER","54174","CHITAGA","RURAL","1"
"04/07/2024","81","ARAUCA","81220","CRAVO NORTE","URBANA","1"
"04/07/2024","81","ARAUCA","81220","CRAVO NORTE","URBANA","1"
"04/07/2024","15","BOYACA","15223","CUBARA","URBANA","1"
"04/07/2024","54","NORTE DE SANTANDER","54239","DURANIA","URBANA","1"
"04/07/2024","54","NORTE DE SANTANDER","54239","DURANIA","RURAL","1"
"04/07/2024","76","VALLE DEL CAUCA","76246","EL CAIRO","URBANA","1"
"04/07/2024","81","ARAUCA","81300","FORTUL","URBANA","1"
"04/07/2024","15","BOYACA","15368","JERICO","URBANA","1"
"04/07/2024","41","HUILA","41396","LA PLATA","URBANA","1"
"04/07/2024","54","NORTE DE SANTANDER","54377","LABATECA","RURAL","1"
"04/07/2024","54","NORTE DE SANTANDER","54418","LOURDES","RURAL","1"
"04/07/2024","27","CHOCO","27245","EL CARMEN DE ATRATO","RURAL","1"
"04/07/2024","52","NARIÑO","52001","PASTO","URBANA","1"
"04/07/2024","54","NORTE DE SANTANDER","54673","SAN CAYETANO","URBANA","1"
"04/07/2024","54","NORTE DE SANTANDER","54673","SAN CAYETANO","URBANA","1"
"04/07/2024","05","ANTIOQUIA","05001","MEDELLIN","URBANA","1"
"04/07/2024","41","HUILA","41001","NEIVA","URBANA","1"
"04/07/2024","54","NORTE DE SANTANDER","54498","OCAÑA","RURAL","1"
"04/07/2024","19","CAUCA","19517","PAEZ","URBANA","1"
"04/07/2024","19","CAUCA","19517","PAEZ","URBANA","1"
"04/07/2024","19","CAUCA","19517","PAEZ","URBANA","1"
"04/07/2024","19","CAUCA","19532","PATIA","URBANA","1"
"04/07/2024","44","LA GUAJIRA","44001","RIOHACHA","URBANA","1"
"04/07/2024","27","CHOCO","27615","RIOSUCIO","URBANA","1"
"04/07/2024","54","NORTE DE SANTANDER","54670","SAN CALIXTO","RURAL","1"
"04/07/2024","54","NORTE DE SANTANDER","54673","SAN CAYETANO","URBANA","1"
"04/07/2024","27","CHOCO","27660","SAN JOSE DEL PALMAR","URBANA","1"
"04/07/2024","81","ARAUCA","81736","SARAVENA","URBANA","1"
"04/07/2024","19","CAUCA","19760","SOTARA PAISPAMBA","RURAL","1"
"04/07/2024","81","ARAUCA","81794","TAME","URBANA","1"
"04/07/2024","54","NORTE DE SANTANDER","54820","TOLEDO","RURAL","1"
"04/07/2024","54","NORTE DE SANTANDER","54820","TOLEDO","RURAL","1"
"04/07/2024","44","LA GUAJIRA","44430","MAICAO","URBANA","1"
"03/07/2024","05","ANTIOQUIA","05647","SAN ANDRES DE CUERQUIA","RURAL","1"
"03/07/2024","81","ARAUCA","81065","ARAUQUITA","URBANA","1"
"03/07/2024","15","BOYACA","15183","CHITA","URBANA","1"
"03/07/2024","76","VALLE DEL CAUCA","76111","GUADALAJARA DE BUGA","URBANA","1"
"02/07/2024","19","CAUCA","19050","ARGELIA","URBANA","1"
"01/07/2024","19","CAUCA","19050","ARGELIA","URBANA","1"
"01/07/2024","19","CAUCA","19780","SUAREZ","URBANA","1"
"01/07/2024","73","TOLIMA","73770","SUAREZ","URBANA","1"
"30/06/2024","81","ARAUCA","81065","ARAUQUITA","URBANA","1"
"30/06/2024","05","ANTIOQUIA","05686","SANTA ROSA DE OSOS","RURAL","1"
"29/06/2024","19","CAUCA","19256","EL TAMBO","URBANA","1"
"28/06/2024","81","ARAUCA","81065","ARAUQUITA","URBANA","1"
"28/06/2024","47","MAGDALENA","47189","CIENAGA","URBANA","1"
"27/06/2024","54","NORTE DE SANTANDER","54810","TIBU","URBANA","1"
"26/06/2024","54","NORTE DE SANTANDER","54810","TIBU","RURAL","1"
"26/06/2024","05","ANTIOQUIA","05790","TARAZA","RURAL","1"
"25/06/2024","19","CAUCA","19548","PIENDAMO - TUNIA","URBANA","1"
"25/06/2024","76","VALLE DEL CAUCA","76834","TULUA","URBANA","1"
"25/06/2024","05","ANTIOQUIA","05250","EL BAGRE","RURAL","1"
"25/06/2024","54","NORTE DE SANTANDER","54003","ABREGO","RURAL","1"
"23/06/2024","76","VALLE DEL CAUCA","76147","CARTAGO","URBANA","1"
"23/06/2024","27","CHOCO","27001","QUIBDO","URBANA","1"
"22/06/2024","76","VALLE DEL CAUCA","76364","JAMUNDI","URBANA","1"
"21/06/2024","52","NARIÑO","52786","TAMINANGO","URBANA","1"
"21/06/2024","47","MAGDALENA","47189","CIENAGA","URBANA","1"
"21/06/2024","13","BOLIVAR","13458","MONTECRISTO","URBANA","1"
"21/06/2024","52","NARIÑO","52786","TAMINANGO","URBANA","1"
"21/06/2024","27","CHOCO","27001","QUIBDO","URBANA","1"
"21/06/2024","52","NARIÑO","52786","TAMINANGO","RURAL","1"
"21/06/2024","52","NARIÑO","52786","TAMINANGO","URBANA","1"
"21/06/2024","52","NARIÑO","52786","TAMINANGO","URBANA","1"
"21/06/2024","52","NARIÑO","52786","TAMINANGO","URBANA","1"
"20/06/2024","41","HUILA","41001","NEIVA","URBANA","1"
"20/06/2024","81","ARAUCA","81794","TAME","URBANA","1"
"20/06/2024","27","CHOCO","27001","QUIBDO","URBANA","1"
"19/06/2024","76","VALLE DEL CAUCA","76364","JAMUNDI","URBANA","1"
"19/06/2024","66","RISARALDA","66572","PUEBLO RICO","URBANA","1"
"19/06/2024","66","RISARALDA","66572","PUEBLO RICO","RURAL","1"
"19/06/2024","13","BOLIVAR","13744","SIMITI","URBANA","1"
"19/06/2024","76","VALLE DEL CAUCA","76001","CALI","URBANA","1"
"19/06/2024","27","CHOCO","27001","QUIBDO","URBANA","1"
"18/06/2024","20","CESAR","20032","ASTREA","URBANA","1"
"18/06/2024","19","CAUCA","19001","POPAYAN","URBANA","1"
"18/06/2024","05","ANTIOQUIA","05847","URRAO","RURAL","1"
"17/06/2024","19","CAUCA","19050","ARGELIA","URBANA","1"
"17/06/2024","19","CAUCA","19050","ARGELIA","URBANA","1"
"17/06/2024","19","CAUCA","19050","ARGELIA","URBANA","1"
"17/06/2024","19","CAUCA","19050","ARGELIA","URBANA","1"
"17/06/2024","73","TOLIMA","73168","CHAPARRAL","URBANA","1"
"17/06/2024","50","META","50313","GRANADA","URBANA","1"
"17/06/2024","19","CAUCA","19780","SUAREZ","URBANA","1"
"16/06/2024","19","CAUCA","19130","CAJIBIO","URBANA","1"
"16/06/2024","50","META","50590","PUERTO RICO","RURAL","1"
"16/06/2024","50","META","50006","ACACIAS","URBANA","1"
"15/06/2024","81","ARAUCA","81065","ARAUQUITA","URBANA","1"
"15/06/2024","81","ARAUCA","81591","PUERTO RONDON","URBANA","1"
"15/06/2024","05","ANTIOQUIA","05147","CAREPA","RURAL","1"
"14/06/2024","50","META","50313","GRANADA","URBANA","1"
"14/06/2024","76","VALLE DEL CAUCA","76364","JAMUNDI","URBANA","1"
"14/06/2024","18","CAQUETA","18753","SAN VICENTE DEL CAGUAN","URBANA","1"
"14/06/2024","19","CAUCA","19698","SANTANDER DE QUILICHAO","URBANA","1"
"14/06/2024","52","NARIÑO","52256","EL ROSARIO","URBANA","1"
"13/06/2024","19","CAUCA","19050","ARGELIA","URBANA","1"
"13/06/2024","19","CAUCA","19130","CAJIBIO","URBANA","1"
"13/06/2024","50","META","50313","GRANADA","URBANA","1"
"13/06/2024","41","HUILA","41396","LA PLATA","RURAL","1"
"13/06/2024","19","CAUCA","19473","MORALES","URBANA","1"
"13/06/2024","52","NARIÑO","52540","POLICARPA","URBANA","1"
"12/06/2024","76","VALLE DEL CAUCA","76364","JAMUNDI","URBANA","1"
"12/06/2024","76","VALLE DEL CAUCA","76364","JAMUNDI","URBANA","1"
"12/06/2024","05","ANTIOQUIA","05887","YARUMAL","RURAL","1"
"12/06/2024","19","CAUCA","19050","ARGELIA","URBANA","1"
"12/06/2024","19","CAUCA","19130","CAJIBIO","URBANA","1"
"12/06/2024","19","CAUCA","19142","CALOTO","RURAL","1"
"12/06/2024","76","VALLE DEL CAUCA","76364","JAMUNDI","URBANA","1"
"12/06/2024","76","VALLE DEL CAUCA","76364","JAMUNDI","URBANA","1"
"12/06/2024","76","VALLE DEL CAUCA","76364","JAMUNDI","URBANA","1"
"12/06/2024","76","VALLE DEL CAUCA","76364","JAMUNDI","URBANA","1"
"12/06/2024","47","MAGDALENA","47980","ZONA BANANERA","URBANA","1"
"11/06/2024","11","BOGOTA D.C.","11001","BOGOTA D.C.","URBANA","1"
"11/06/2024","41","HUILA","41001","NEIVA","URBANA","1"
"10/06/2024","76","VALLE DEL CAUCA","76364","JAMUNDI","RURAL","1"
"10/06/2024","76","VALLE DEL CAUCA","76364","JAMUNDI","RURAL","1"
"10/06/2024","95","GUAVIARE","95001","SAN JOSE DEL GUAVIARE","URBANA","1"
"08/06/2024","18","CAQUETA","18247","EL DONCELLO","URBANA","1"
"08/06/2024","54","NORTE DE SANTANDER","54810","TIBU","URBANA","1"
"08/06/2024","27","CHOCO","27745","SIPI","RURAL","1"
"07/06/2024","76","VALLE DEL CAUCA","76364","JAMUNDI","URBANA","1"
"07/06/2024","76","VALLE DEL CAUCA","76109","BUENAVENTURA","URBANA","1"
"07/06/2024","76","VALLE DEL CAUCA","76109","BUENAVENTURA","URBANA","1"
"07/06/2024","81","ARAUCA","81794","TAME","URBANA","1"
"07/06/2024","19","CAUCA","19001","POPAYAN","URBANA","1"
"07/06/2024","27","CHOCO","27250","EL LITORAL DEL SAN JUAN","RURAL","1"
"06/06/2024","19","CAUCA","19050","ARGELIA","URBANA","1"
"05/06/2024","19","CAUCA","19142","CALOTO","URBANA","1"
"05/06/2024","19","CAUCA","19142","CALOTO","URBANA","1"
"05/06/2024","19","CAUCA","19142","CALOTO","URBANA","1"
"05/06/2024","50","META","50313","GRANADA","URBANA","1"
"05/06/2024","19","CAUCA","19780","SUAREZ","URBANA","1"
"05/06/2024","81","ARAUCA","81794","TAME","URBANA","1"
"05/06/2024","81","ARAUCA","81794","TAME","URBANA","1"
"04/06/2024","19","CAUCA","19050","ARGELIA","URBANA","1"
"04/06/2024","41","HUILA","41001","NEIVA","URBANA","1"
"04/06/2024","27","CHOCO","27745","SIPI","RURAL","1"
"03/06/2024","50","META","50006","ACACIAS","URBANA","1"
"03/06/2024","19","CAUCA","19050","ARGELIA","URBANA","1"
"03/06/2024","19","CAUCA","19050","ARGELIA","URBANA","1"
"02/06/2024","19","CAUCA","19050","ARGELIA","URBANA","1"
"02/06/2024","19","CAUCA","19050","ARGELIA","URBANA","1"
"02/06/2024","76","VALLE DEL CAUCA","76318","GUACARI","URBANA","1"
"02/06/2024","52","NARIÑO","52540","POLICARPA","RURAL","1"
"01/06/2024","76","VALLE DEL CAUCA","76364","JAMUNDI","URBANA","1"
"01/06/2024","50","META","50006","ACACIAS","URBANA","1"
"01/06/2024","19","CAUCA","19050","ARGELIA","URBANA","1"
"01/06/2024","19","CAUCA","19780","SUAREZ","URBANA","1"
"31/05/2024","41","HUILA","41518","PAICOL","RURAL","1"
"30/05/2024","05","ANTIOQUIA","05361","ITUANGO","RURAL","1"
"30/05/2024","19","CAUCA","19364","JAMBALO","RURAL","1"
"30/05/2024","19","CAUCA","19821","TORIBIO","URBANA","1"
"29/05/2024","85","CASANARE","85001","YOPAL","URBANA","1"
"28/05/2024","81","ARAUCA","81001","ARAUCA","URBANA","1"
"28/05/2024","19","CAUCA","19050","ARGELIA","URBANA","1"
"28/05/2024","19","CAUCA","19075","BALBOA","URBANA","1"
"28/05/2024","05","ANTIOQUIA","05113","BURITICA","RURAL","1"
"27/05/2024","19","CAUCA","19050","ARGELIA","RURAL","1"
"27/05/2024","19","CAUCA","19256","EL TAMBO","URBANA","1"
"27/05/2024","85","CASANARE","85125","HATO COROZAL","URBANA","1"
"26/05/2024","05","ANTIOQUIA","05113","BURITICA","RURAL","1"
"26/05/2024","18","CAQUETA","18753","SAN VICENTE DEL CAGUAN","URBANA","1"
"25/05/2024","23","CORDOBA","23001","MONTERIA","URBANA","1"
"25/05/2024","27","CHOCO","27001","QUIBDO","URBANA","1"
"25/05/2024","41","HUILA","41006","ACEVEDO","URBANA","1"
"25/05/2024","41","HUILA","41306","GIGANTE","URBANA","1"
"24/05/2024","05","ANTIOQUIA","05284","FRONTINO","RURAL","1"
"24/05/2024","27","CHOCO","27099","BOJAYA","RURAL","1"
"24/05/2024","85","CASANARE","85001","YOPAL","URBANA","1"
"24/05/2024","54","NORTE DE SANTANDER","54206","CONVENCION","URBANA","1"
"24/05/2024","05","ANTIOQUIA","05120","CACERES","RURAL","1"
"23/05/2024","05","ANTIOQUIA","05854","VALDIVIA","RURAL","1"
"23/05/2024","19","CAUCA","19698","SANTANDER DE QUILICHAO","URBANA","1"
"22/05/2024","05","ANTIOQUIA","05120","CACERES","RURAL","1"
"22/05/2024","76","VALLE DEL CAUCA","76111","GUADALAJARA DE BUGA","URBANA","1"
"22/05/2024","76","VALLE DEL CAUCA","76670","SAN PEDRO","URBANA","1"
"22/05/2024","54","NORTE DE SANTANDER","54810","TIBU","RURAL","1"
"21/05/2024","27","CHOCO","27745","SIPI","RURAL","1"
"21/05/2024","68","SANTANDER","68081","BARRANCABERMEJA","URBANA","1"
"21/05/2024","68","SANTANDER","68081","BARRANCABERMEJA","URBANA","1"
"20/05/2024","76","VALLE DEL CAUCA","76364","JAMUNDI","URBANA","1"
"20/05/2024","13","BOLIVAR","13042","ARENAL","URBANA","1"
"20/05/2024","19","CAUCA","19130","CAJIBIO","URBANA","1"
"20/05/2024","50","META","50251","EL CASTILLO","URBANA","1"
"20/05/2024","76","VALLE DEL CAUCA","76364","JAMUNDI","URBANA","1"
"20/05/2024","76","VALLE DEL CAUCA","76364","JAMUNDI","URBANA","1"
"20/05/2024","19","CAUCA","19473","MORALES","URBANA","1"
"20/05/2024","19","CAUCA","19473","MORALES","URBANA","1"
"20/05/2024","19","CAUCA","19473","MORALES","URBANA","1"
"20/05/2024","19","CAUCA","19473","MORALES","URBANA","1"
"20/05/2024","19","CAUCA","19473","MORALES","URBANA","1"
"20/05/2024","19","CAUCA","19473","MORALES","URBANA","1"
"20/05/2024","19","CAUCA","19473","MORALES","URBANA","1"
"20/05/2024","19","CAUCA","19473","MORALES","URBANA","1"
"20/05/2024","19","CAUCA","19473","MORALES","URBANA","1"
"20/05/2024","19","CAUCA","19473","MORALES","URBANA","1"
"20/05/2024","19","CAUCA","19698","SANTANDER DE QUILICHAO","URBANA","1"
"20/05/2024","19","CAUCA","19780","SUAREZ","URBANA","1"
"20/05/2024","52","NARIÑO","52227","CUMBAL","URBANA","1"
"19/05/2024","05","ANTIOQUIA","05113","BURITICA","RURAL","1"
"19/05/2024","05","ANTIOQUIA","05113","BURITICA","RURAL","1"
"19/05/2024","50","META","50313","GRANADA","URBANA","1"
"18/05/2024","05","ANTIOQUIA","05093","BETULIA","RURAL","1"
"18/05/2024","19","CAUCA","19532","PATIA","URBANA","1"
"18/05/2024","19","CAUCA","19532","PATIA","URBANA","1"
"18/05/2024","50","META","50006","ACACIAS","URBANA","1"
"18/05/2024","54","NORTE DE SANTANDER","54172","CHINACOTA","RURAL","1"
"18/05/2024","54","NORTE DE SANTANDER","54001","CUCUTA","URBANA","1"
"18/05/2024","41","HUILA","41001","NEIVA","URBANA","1"
"17/05/2024","27","CHOCO","27001","QUIBDO","URBANA","1"
"17/05/2024","41","HUILA","41001","NEIVA","RURAL","1"
"17/05/2024","54","NORTE DE SANTANDER","54810","TIBU","URBANA","1"
"17/05/2024","52","NARIÑO","52356","IPIALES","RURAL","1"
"16/05/2024","27","CHOCO","27001","QUIBDO","URBANA","1"
"16/05/2024","18","CAQUETA","18150","CARTAGENA DEL CHAIRA","URBANA","1"
"16/05/2024","41","HUILA","41306","GIGANTE","URBANA","1"
"16/05/2024","50","META","50313","GRANADA","URBANA","1"
"15/05/2024","41","HUILA","41020","ALGECIRAS","URBANA","1"
"15/05/2024","19","CAUCA","19517","PAEZ","URBANA","1"
"14/05/2024","13","BOLIVAR","13042","ARENAL","URBANA","1"
"11/05/2024","05","ANTIOQUIA","05736","SEGOVIA","RURAL","1"
"11/05/2024","50","META","50006","ACACIAS","URBANA","1"
"10/05/2024","13","BOLIVAR","13042","ARENAL","URBANA","1"
"10/05/2024","50","META","50313","GRANADA","URBANA","1"
"10/05/2024","19","CAUCA","19455","MIRANDA","URBANA","1"
"10/05/2024","19","CAUCA","19455","MIRANDA","URBANA","1"
"10/05/2024","19","CAUCA","19455","MIRANDA","URBANA","1"
"09/05/2024","11","BOGOTA D.C.","11001","BOGOTA D.C.","URBANA","1"
"08/05/2024","05","ANTIOQUIA","05604","REMEDIOS","RURAL","1"
"08/05/2024","13","BOLIVAR","13458","MONTECRISTO","URBANA","1"
"07/05/2024","19","CAUCA","19050","ARGELIA","URBANA","1"
"07/05/2024","19","CAUCA","19050","ARGELIA","URBANA","1"
"07/05/2024","19","CAUCA","19050","ARGELIA","URBANA","1"
"07/05/2024","19","CAUCA","19397","LA VEGA","URBANA","1"
"07/05/2024","86","PUTUMAYO","86569","PUERTO CAICEDO","URBANA","1"
"07/05/2024","47","MAGDALENA","47001","SANTA MARTA","URBANA","1"
"06/05/2024","11","BOGOTA D.C.","11001","BOGOTA D.C.","URBANA","1"
"06/05/2024","54","NORTE DE SANTANDER","54250","EL TARRA","RURAL","1"
"06/05/2024","13","BOLIVAR","13473","MORALES","URBANA","1"
"05/05/2024","13","BOLIVAR","13042","ARENAL","URBANA","1"
"05/05/2024","19","CAUCA","19698","SANTANDER DE QUILICHAO","URBANA","1"
"05/05/2024","52","NARIÑO","52696","SANTA BARBARA","RURAL","1"
"05/05/2024","52","NARIÑO","52411","LINARES","RURAL","1"
"04/05/2024","19","CAUCA","19050","ARGELIA","URBANA","1"
"04/05/2024","76","VALLE DEL CAUCA","76001","CALI","URBANA","1"
"04/05/2024","76","VALLE DEL CAUCA","76248","EL CERRITO","URBANA","1"
"04/05/2024","85","CASANARE","85001","YOPAL","URBANA","1"
"03/05/2024","19","CAUCA","19821","TORIBIO","URBANA","1"
"02/05/2024","19","CAUCA","19050","ARGELIA","URBANA","1"
"02/05/2024","76","VALLE DEL CAUCA","76109","BUENAVENTURA","URBANA","1"
"02/05/2024","19","CAUCA","19212","CORINTO","URBANA","1"
"01/05/2024","05","ANTIOQUIA","05250","EL BAGRE","URBANA","1"
"01/05/2024","41","HUILA","41016","AIPE","RURAL","1"
"01/05/2024","05","ANTIOQUIA","05038","ANGOSTURA","URBANA","1"
"01/05/2024","05","ANTIOQUIA","05038","ANGOSTURA","URBANA","1"
"01/05/2024","19","CAUCA","19050","ARGELIA","URBANA","1"
"01/05/2024","95","GUAVIARE","95015","CALAMAR","URBANA","1"
"30/04/2024","27","CHOCO","27099","BOJAYA","RURAL","1"
"30/04/2024","85","CASANARE","85315","SACAMA","RURAL","1"
"30/04/2024","85","CASANARE","85315","SACAMA","URBANA","1"
"30/04/2024","85","CASANARE","85315","SACAMA","URBANA","1"
"28/04/2024","18","CAQUETA","18150","CARTAGENA DEL CHAIRA","URBANA","1"
"28/04/2024","41","HUILA","41306","GIGANTE","URBANA","1"
"28/04/2024","19","CAUCA","19821","TORIBIO","URBANA","1"
"27/04/2024","27","CHOCO","27001","QUIBDO","URBANA","1"
"27/04/2024","19","CAUCA","19050","ARGELIA","URBANA","1"
"27/04/2024","19","CAUCA","19050","ARGELIA","URBANA","1"
"27/04/2024","95","GUAVIARE","95001","SAN JOSE DEL GUAVIARE","RURAL","1"
"26/04/2024","19","CAUCA","19050","ARGELIA","URBANA","1"
"26/04/2024","19","CAUCA","19050","ARGELIA","URBANA","1"
"26/04/2024","13","BOLIVAR","13458","MONTECRISTO","URBANA","1"
"25/04/2024","44","LA GUAJIRA","44001","RIOHACHA","RURAL","1"
"25/04/2024","95","GUAVIARE","95001","SAN JOSE DEL GUAVIARE","URBANA","1"
"25/04/2024","95","GUAVIARE","95001","SAN JOSE DEL GUAVIARE","URBANA","1"
"25/04/2024","11","BOGOTA D.C.","11001","BOGOTA D.C.","URBANA","1"
"25/04/2024","95","GUAVIARE","95001","SAN JOSE DEL GUAVIARE","URBANA","1"
"24/04/2024","27","CHOCO","27361","ISTMINA","RURAL","1"
"24/04/2024","85","CASANARE","85315","SACAMA","URBANA","1"
"23/04/2024","73","TOLIMA","73043","ANZOATEGUI","URBANA","1"
"23/04/2024","19","CAUCA","19050","ARGELIA","URBANA","1"
"23/04/2024","19","CAUCA","19050","ARGELIA","URBANA","1"
"23/04/2024","50","META","50313","GRANADA","URBANA","1"
"23/04/2024","19","CAUCA","19300","GUACHENE","URBANA","1"
"23/04/2024","13","BOLIVAR","13688","SANTA ROSA DEL SUR","URBANA","1"
"22/04/2024","05","ANTIOQUIA","05887","YARUMAL","RURAL","1"
"22/04/2024","76","VALLE DEL CAUCA","76364","JAMUNDI","URBANA","1"
"21/04/2024","54","NORTE DE SANTANDER","54245","EL CARMEN","RURAL","1"
"21/04/2024","13","BOLIVAR","13473","MORALES","URBANA","1"
"20/04/2024","41","HUILA","41020","ALGECIRAS","RURAL","1"
"20/04/2024","85","CASANARE","85315","SACAMA","URBANA","1"
"19/04/2024","76","VALLE DEL CAUCA","76248","EL CERRITO","URBANA","1"
"19/04/2024","76","VALLE DEL CAUCA","76248","EL CERRITO","URBANA","1"
"19/04/2024","41","HUILA","41319","GUADALUPE","URBANA","1"
"19/04/2024","13","BOLIVAR","13473","MORALES","URBANA","1"
"17/04/2024","19","CAUCA","19050","ARGELIA","URBANA","1"
"17/04/2024","41","HUILA","41001","NEIVA","URBANA","1"
"17/04/2024","85","CASANARE","85315","SACAMA","URBANA","1"
"16/04/2024","19","CAUCA","19418","LOPEZ DE MICAY","URBANA","1"
"16/04/2024","41","HUILA","41001","NEIVA","URBANA","1"
"15/04/2024","11","BOGOTA D.C.","11001","BOGOTA D.C.","URBANA","1"
"15/04/2024","85","CASANARE","85315","SACAMA","URBANA","1"
"15/04/2024","47","MAGDALENA","47001","SANTA MARTA","URBANA","1"
"14/04/2024","85","CASANARE","85225","NUNCHIA","RURAL","1"
"14/04/2024","08","ATLANTICO","08001","BARRANQUILLA","URBANA","1"
"14/04/2024","19","CAUCA","19130","CAJIBIO","URBANA","1"
"14/04/2024","18","CAQUETA","18592","PUERTO RICO","URBANA","1"
"14/04/2024","18","CAQUETA","18592","PUERTO RICO","URBANA","1"
"13/04/2024","27","CHOCO","27745","SIPI","RURAL","1"
"13/04/2024","19","CAUCA","19130","CAJIBIO","URBANA","1"
"13/04/2024","85","CASANARE","85225","NUNCHIA","RURAL","1"
"13/04/2024","85","CASANARE","85225","NUNCHIA","URBANA","1"
"13/04/2024","19","CAUCA","19698","SANTANDER DE QUILICHAO","RURAL","1"
"12/04/2024","05","ANTIOQUIA","05647","SAN ANDRES DE CUERQUIA","RURAL","1"
"12/04/2024","27","CHOCO","27450","MEDIO SAN JUAN","RURAL","1"
"12/04/2024","81","ARAUCA","81065","ARAUQUITA","URBANA","1"
"12/04/2024","19","CAUCA","19212","CORINTO","URBANA","1"
"12/04/2024","19","CAUCA","19364","JAMBALO","URBANA","1"
"11/04/2024","19","CAUCA","19455","MIRANDA","URBANA","1"
"11/04/2024","70","SUCRE","70215","COROZAL","URBANA","1"
"10/04/2024","76","VALLE DEL CAUCA","76364","JAMUNDI","RURAL","1"
"10/04/2024","76","VALLE DEL CAUCA","76364","JAMUNDI","RURAL","1"
"10/04/2024","19","CAUCA","19212","CORINTO","URBANA","1"
"09/04/2024","05","ANTIOQUIA","05237","DONMATIAS","URBANA","1"
"09/04/2024","85","CASANARE","85125","HATO COROZAL","RURAL","1"
"09/04/2024","76","VALLE DEL CAUCA","76364","JAMUNDI","RURAL","1"
"09/04/2024","19","CAUCA","19548","PIENDAMO - TUNIA","URBANA","1"
"08/04/2024","19","CAUCA","19100","BOLIVAR","URBANA","1"
"08/04/2024","86","PUTUMAYO","86569","PUERTO CAICEDO","URBANA","1"
"08/04/2024","86","PUTUMAYO","86569","PUERTO CAICEDO","URBANA","1"
"07/04/2024","13","BOLIVAR","13688","SANTA ROSA DEL SUR","URBANA","1"
"06/04/2024","19","CAUCA","19821","TORIBIO","URBANA","1"
"06/04/2024","27","CHOCO","27745","SIPI","RURAL","1"
"05/04/2024","19","CAUCA","19050","ARGELIA","URBANA","1"
"05/04/2024","11","BOGOTA D.C.","11001","BOGOTA D.C.","URBANA","1"
"05/04/2024","76","VALLE DEL CAUCA","76001","CALI","URBANA","1"
"05/04/2024","52","NARIÑO","52835","SAN ANDRES DE TUMACO","URBANA","1"
"05/04/2024","76","VALLE DEL CAUCA","76364","JAMUNDI","RURAL","1"
"05/04/2024","76","VALLE DEL CAUCA","76364","JAMUNDI","URBANA","1"
"04/04/2024","76","VALLE DEL CAUCA","76001","CALI","URBANA","1"
"04/04/2024","76","VALLE DEL CAUCA","76001","CALI","URBANA","1"
"04/04/2024","76","VALLE DEL CAUCA","76001","CALI","URBANA","1"
"04/04/2024","76","VALLE DEL CAUCA","76001","CALI","URBANA","1"
"04/04/2024","76","VALLE DEL CAUCA","76001","CALI","URBANA","1"
"04/04/2024","76","VALLE DEL CAUCA","76001","CALI","URBANA","1"
"04/04/2024","76","VALLE DEL CAUCA","76001","CALI","URBANA","1"
"04/04/2024","76","VALLE DEL CAUCA","76001","CALI","URBANA","1"
"04/04/2024","76","VALLE DEL CAUCA","76001","CALI","URBANA","1"
"04/04/2024","76","VALLE DEL CAUCA","76001","CALI","URBANA","1"
"04/04/2024","76","VALLE DEL CAUCA","76001","CALI","URBANA","1"
"04/04/2024","76","VALLE DEL CAUCA","76001","CALI","URBANA","1"
"04/04/2024","95","GUAVIARE","95200","MIRAFLORES","RURAL","1"
"04/04/2024","19","CAUCA","19050","ARGELIA","URBANA","1"
"04/04/2024","19","CAUCA","19050","ARGELIA","URBANA","1"
"04/04/2024","76","VALLE DEL CAUCA","76001","CALI","URBANA","1"
"04/04/2024","76","VALLE DEL CAUCA","76001","CALI","URBANA","1"
"04/04/2024","95","GUAVIARE","95025","EL RETORNO","RURAL","1"
"03/04/2024","27","CHOCO","27450","MEDIO SAN JUAN","RURAL","1"
"03/04/2024","05","ANTIOQUIA","05686","SANTA ROSA DE OSOS","RURAL","1"
"03/04/2024","54","NORTE DE SANTANDER","54245","EL CARMEN","RURAL","1"
"03/04/2024","19","CAUCA","19050","ARGELIA","URBANA","1"
"03/04/2024","18","CAQUETA","18001","FLORENCIA","URBANA","1"
"02/04/2024","18","CAQUETA","18001","FLORENCIA","URBANA","1"
"31/03/2024","76","VALLE DEL CAUCA","76364","JAMUNDI","RURAL","1"
"30/03/2024","05","ANTIOQUIA","05604","REMEDIOS","URBANA","1"
"30/03/2024","63","QUINDIO","63001","ARMENIA","URBANA","1"
"30/03/2024","41","HUILA","41001","NEIVA","URBANA","1"
"28/03/2024","19","CAUCA","19050","ARGELIA","URBANA","1"
"28/03/2024","19","CAUCA","19050","ARGELIA","RURAL","1"
"27/03/2024","19","CAUCA","19050","ARGELIA","URBANA","1"
"27/03/2024","19","CAUCA","19050","ARGELIA","URBANA","1"
"26/03/2024","54","NORTE DE SANTANDER","54344","HACARI","RURAL","1"
"26/03/2024","05","ANTIOQUIA","05647","SAN ANDRES DE CUERQUIA","URBANA","1"
"25/03/2024","13","BOLIVAR","13688","SANTA ROSA DEL SUR","URBANA","1"
"24/03/2024","27","CHOCO","27001","QUIBDO","URBANA","1"
"24/03/2024","27","CHOCO","27660","SAN JOSE DEL PALMAR","URBANA","1"
"23/03/2024","41","HUILA","41770","SUAZA","URBANA","1"
"23/03/2024","50","META","50001","VILLAVICENCIO","URBANA","1"
"22/03/2024","05","ANTIOQUIA","05790","TARAZA","RURAL","1"
"22/03/2024","52","NARIÑO","52260","EL TAMBO","RURAL","1"
"22/03/2024","41","HUILA","41020","ALGECIRAS","URBANA","1"
"22/03/2024","19","CAUCA","19050","ARGELIA","RURAL","1"
"22/03/2024","81","ARAUCA","81794","TAME","URBANA","1"
"21/03/2024","41","HUILA","41298","GARZON","RURAL","1"
"21/03/2024","41","HUILA","41001","NEIVA","URBANA","1"
"21/03/2024","19","CAUCA","19821","TORIBIO","URBANA","1"
"21/03/2024","50","META","50001","VILLAVICENCIO","URBANA","1"
"20/03/2024","19","CAUCA","19130","CAJIBIO","URBANA","1"
"20/03/2024","19","CAUCA","19137","CALDONO","URBANA","1"
"20/03/2024","70","SUCRE","70670","SAMPUES","URBANA","1"
"20/03/2024","95","GUAVIARE","95001","SAN JOSE DEL GUAVIARE","RURAL","1"
"19/03/2024","05","ANTIOQUIA","05045","APARTADO","RURAL","1"
"19/03/2024","68","SANTANDER","68081","BARRANCABERMEJA","URBANA","1"
"19/03/2024","95","GUAVIARE","95025","EL RETORNO","RURAL","1"
"19/03/2024","19","CAUCA","19418","LOPEZ DE MICAY","RURAL","1"
"18/03/2024","11","BOGOTA D.C.","11001","BOGOTA D.C.","URBANA","1"
"18/03/2024","19","CAUCA","19137","CALDONO","URBANA","1"
"17/03/2024","54","NORTE DE SANTANDER","54206","CONVENCION","RURAL","1"
"17/03/2024","19","CAUCA","19821","TORIBIO","RURAL","1"
"16/03/2024","66","RISARALDA","66572","PUEBLO RICO","RURAL","1"
"15/03/2024","05","ANTIOQUIA","05001","MEDELLIN","URBANA","1"
"14/03/2024","20","CESAR","20175","CHIMICHAGUA","URBANA","1"
"14/03/2024","41","HUILA","41001","NEIVA","URBANA","1"
"13/03/2024","41","HUILA","41020","ALGECIRAS","URBANA","1"
"13/03/2024","41","HUILA","41020","ALGECIRAS","URBANA","1"
"13/03/2024","41","HUILA","41001","NEIVA","URBANA","1"
"12/03/2024","76","VALLE DEL CAUCA","76364","JAMUNDI","URBANA","1"
"12/03/2024","20","CESAR","20310","GONZALEZ","RURAL","1"
"12/03/2024","54","NORTE DE SANTANDER","54498","OCAÑA","RURAL","1"
"11/03/2024","27","CHOCO","27361","ISTMINA","RURAL","1"
"11/03/2024","47","MAGDALENA","47555","PLATO","URBANA","1"
"10/03/2024","52","NARIÑO","52490","OLAYA HERRERA","URBANA","1"
"09/03/2024","54","NORTE DE SANTANDER","54206","CONVENCION","RURAL","1"
"09/03/2024","19","CAUCA","19050","ARGELIA","RURAL","1"
"09/03/2024","19","CAUCA","19050","ARGELIA","RURAL","1"
"09/03/2024","54","NORTE DE SANTANDER","54206","CONVENCION","RURAL","1"
"09/03/2024","81","ARAUCA","81591","PUERTO RONDON","URBANA","1"
"09/03/2024","81","ARAUCA","81591","PUERTO RONDON","URBANA","1"
"08/03/2024","19","CAUCA","19130","CAJIBIO","RURAL","1"
"08/03/2024","47","MAGDALENA","47555","PLATO","URBANA","1"
"08/03/2024","47","MAGDALENA","47001","SANTA MARTA","URBANA","1"
"08/03/2024","19","CAUCA","19743","SILVIA","RURAL","1"
"07/03/2024","19","CAUCA","19075","BALBOA","URBANA","1"
"07/03/2024","95","GUAVIARE","95025","EL RETORNO","RURAL","1"
"07/03/2024","76","VALLE DEL CAUCA","76111","GUADALAJARA DE BUGA","URBANA","1"
"07/03/2024","19","CAUCA","19780","SUAREZ","RURAL","1"
"06/03/2024","52","NARIÑO","52079","BARBACOAS","URBANA","1"
"05/03/2024","27","CHOCO","27372","JURADO","RURAL","1"
"05/03/2024","76","VALLE DEL CAUCA","76109","BUENAVENTURA","RURAL","1"
"04/03/2024","18","CAQUETA","18753","SAN VICENTE DEL CAGUAN","RURAL","1"
"04/03/2024","76","VALLE DEL CAUCA","76111","GUADALAJARA DE BUGA","URBANA","1"
"04/03/2024","41","HUILA","41001","NEIVA","URBANA","1"
"03/03/2024","52","NARIÑO","52233","CUMBITARA","RURAL","1"
"03/03/2024","63","QUINDIO","63001","ARMENIA","URBANA","1"
"03/03/2024","19","CAUCA","19130","CAJIBIO","URBANA","1"
"03/03/2024","54","NORTE DE SANTANDER","54001","CUCUTA","URBANA","1"
"29/02/2024","52","NARIÑO","52385","LA LLANADA","RURAL","1"
"29/02/2024","54","NORTE DE SANTANDER","54498","OCAÑA","RURAL","1"
"29/02/2024","05","ANTIOQUIA","05250","EL BAGRE","URBANA","1"
"28/02/2024","50","META","50590","PUERTO RICO","RURAL","1"
"27/02/2024","05","ANTIOQUIA","05604","REMEDIOS","RURAL","1"
"27/02/2024","41","HUILA","41298","GARZON","RURAL","1"
"27/02/2024","41","HUILA","41001","NEIVA","URBANA","1"
"27/02/2024","86","PUTUMAYO","86573","PUERTO LEGUIZAMO","URBANA","1"
"26/02/2024","86","PUTUMAYO","86571","PUERTO GUZMAN","URBANA","1"
"25/02/2024","19","CAUCA","19212","CORINTO","URBANA","1"
"25/02/2024","05","ANTIOQUIA","05031","AMALFI","RURAL","1"
"24/02/2024","54","NORTE DE SANTANDER","54405","LOS PATIOS","URBANA","1"
"24/02/2024","13","BOLIVAR","13160","CANTAGALLO","RURAL","1"
"23/02/2024","19","CAUCA","19050","ARGELIA","RURAL","1"
"23/02/2024","11","BOGOTA D.C.","11001","BOGOTA D.C.","URBANA","1"
"23/02/2024","19","CAUCA","19256","EL TAMBO","URBANA","1"
"23/02/2024","19","CAUCA","19418","LOPEZ DE MICAY","RURAL","1"
"23/02/2024","13","BOLIVAR","13688","SANTA ROSA DEL SUR","URBANA","1"
"23/02/2024","20","CESAR","20001","VALLEDUPAR","RURAL","1"
"22/02/2024","54","NORTE DE SANTANDER","54800","TEORAMA","RURAL","1"
"21/02/2024","81","ARAUCA","81591","PUERTO RONDON","URBANA","1"
"20/02/2024","05","ANTIOQUIA","05736","SEGOVIA","URBANA","1"
"20/02/2024","81","ARAUCA","81591","PUERTO RONDON","URBANA","1"
"19/02/2024","18","CAQUETA","18592","PUERTO RICO","RURAL","1"
"19/02/2024","27","CHOCO","27745","SIPI","RURAL","1"
"18/02/2024","54","NORTE DE SANTANDER","54206","CONVENCION","RURAL","1"
"17/02/2024","19","CAUCA","19050","ARGELIA","RURAL","1"
"17/02/2024","19","CAUCA","19110","BUENOS AIRES","RURAL","1"
"16/02/2024","05","ANTIOQUIA","05120","CACERES","RURAL","1"
"16/02/2024","19","CAUCA","19212","CORINTO","URBANA","1"
"16/02/2024","05","ANTIOQUIA","05040","ANORI","RURAL","1"
"15/02/2024","41","HUILA","41132","CAMPOALEGRE","URBANA","1"
"15/02/2024","76","VALLE DEL CAUCA","76563","PRADERA","URBANA","1"
"15/02/2024","68","SANTANDER","68575","PUERTO WILCHES","RURAL","1"
"14/02/2024","81","ARAUCA","81065","ARAUQUITA","URBANA","1"
"13/02/2024","68","SANTANDER","68081","BARRANCABERMEJA","URBANA","1"
"13/02/2024","19","CAUCA","19050","ARGELIA","RURAL","1"
"13/02/2024","50","META","50150","CASTILLA LA NUEVA","RURAL","1"
"12/02/2024","19","CAUCA","19130","CAJIBIO","URBANA","1"
"11/02/2024","19","CAUCA","19256","EL TAMBO","RURAL","1"
"11/02/2024","19","CAUCA","19256","EL TAMBO","RURAL","1"
"11/02/2024","19","CAUCA","19418","LOPEZ DE MICAY","RURAL","1"
"11/02/2024","13","BOLIVAR","13670","SAN PABLO","RURAL","1"
"10/02/2024","08","ATLANTICO","08685","SANTO TOMAS","URBANA","1"
"10/02/2024","76","VALLE DEL CAUCA","76834","TULUA","URBANA","1"
"09/02/2024","47","MAGDALENA","47551","PIVIJAY","URBANA","1"
"08/02/2024","27","CHOCO","27745","SIPI","RURAL","1"
"08/02/2024","27","CHOCO","27745","SIPI","RURAL","1"
"06/02/2024","19","CAUCA","19050","ARGELIA","RURAL","1"
"06/02/2024","19","CAUCA","19137","CALDONO","RURAL","1"
"06/02/2024","18","CAQUETA","18001","FLORENCIA","URBANA","1"
"06/02/2024","19","CAUCA","19473","MORALES","RURAL","1"
"05/02/2024","19","CAUCA","19050","ARGELIA","URBANA","1"
"05/02/2024","95","GUAVIARE","95001","SAN JOSE DEL GUAVIARE","RURAL","1"
"05/02/2024","52","NARIÑO","52233","CUMBITARA","RURAL","1"
"04/02/2024","81","ARAUCA","81065","ARAUQUITA","URBANA","1"
"04/02/2024","05","ANTIOQUIA","05736","SEGOVIA","RURAL","1"
"02/02/2024","05","ANTIOQUIA","05736","SEGOVIA","URBANA","1"
"01/02/2024","73","TOLIMA","73349","HONDA","URBANA","1"
"01/02/2024","19","CAUCA","19743","SILVIA","URBANA","1"
"01/02/2024","19","CAUCA","19743","SILVIA","URBANA","1"
"01/02/2024","19","CAUCA","19780","SUAREZ","RURAL","1"
"01/02/2024","52","NARIÑO","52385","LA LLANADA","RURAL","1"
"01/02/2024","05","ANTIOQUIA","05120","CACERES","RURAL","1"
"30/01/2024","68","SANTANDER","68081","BARRANCABERMEJA","URBANA","1"
"30/01/2024","13","BOLIVAR","13473","MORALES","RURAL","1"
"29/01/2024","05","ANTIOQUIA","05044","ANZA","RURAL","1"
"27/01/2024","20","CESAR","20250","EL PASO","RURAL","1"
"27/01/2024","05","ANTIOQUIA","05736","SEGOVIA","URBANA","1"
"27/01/2024","19","CAUCA","19050","ARGELIA","RURAL","1"
"27/01/2024","13","BOLIVAR","13688","SANTA ROSA DEL SUR","RURAL","1"
"26/01/2024","18","CAQUETA","18756","SOLANO","URBANA","1"
"25/01/2024","19","CAUCA","19050","ARGELIA","RURAL","1"
"25/01/2024","19","CAUCA","19256","EL TAMBO","URBANA","1"
"24/01/2024","05","ANTIOQUIA","05736","SEGOVIA","RURAL","1"
"23/01/2024","05","ANTIOQUIA","05887","YARUMAL","URBANA","1"
"23/01/2024","17","CALDAS","17873","VILLAMARIA","URBANA","1"
"23/01/2024","27","CHOCO","27745","SIPI","RURAL","1"
"22/01/2024","76","VALLE DEL CAUCA","76364","JAMUNDI","URBANA","1"
"22/01/2024","76","VALLE DEL CAUCA","76364","JAMUNDI","URBANA","1"
"22/01/2024","05","ANTIOQUIA","05001","MEDELLIN","URBANA","1"
"22/01/2024","05","ANTIOQUIA","05045","APARTADO","RURAL","1"
"22/01/2024","52","NARIÑO","52490","OLAYA HERRERA","RURAL","1"
"22/01/2024","19","CAUCA","19130","CAJIBIO","URBANA","1"
"21/01/2024","52","NARIÑO","52490","OLAYA HERRERA","URBANA","1"
"20/01/2024","76","VALLE DEL CAUCA","76100","BOLIVAR","URBANA","1"
"20/01/2024","19","CAUCA","19130","CAJIBIO","URBANA","1"
"20/01/2024","13","BOLIVAR","13688","SANTA ROSA DEL SUR","URBANA","1"
"19/01/2024","13","BOLIVAR","13042","ARENAL","URBANA","1"
"19/01/2024","19","CAUCA","19780","SUAREZ","URBANA","1"
"18/01/2024","76","VALLE DEL CAUCA","76233","DAGUA","URBANA","1"
"18/01/2024","19","CAUCA","19418","LOPEZ DE MICAY","URBANA","1"
"17/01/2024","19","CAUCA","19473","MORALES","URBANA","1"
"16/01/2024","13","BOLIVAR","13042","ARENAL","URBANA","1"
"16/01/2024","13","BOLIVAR","13744","SIMITI","URBANA","1"
"15/01/2024","76","VALLE DEL CAUCA","76233","DAGUA","RURAL","1"
"15/01/2024","47","MAGDALENA","47001","SANTA MARTA","URBANA","1"
"14/01/2024","19","CAUCA","19050","ARGELIA","RURAL","1"
"13/01/2024","52","NARIÑO","52835","SAN ANDRES DE TUMACO","RURAL","1"
"12/01/2024","13","BOLIVAR","13473","MORALES","RURAL","1"
"12/01/2024","05","ANTIOQUIA","05736","SEGOVIA","RURAL","1"
"12/01/2024","41","HUILA","41349","HOBO","URBANA","1"
"11/01/2024","11","BOGOTA D.C.","11001","BOGOTA D.C.","URBANA","1"
"11/01/2024","54","NORTE DE SANTANDER","54001","CUCUTA","URBANA","1"
"11/01/2024","81","ARAUCA","81736","SARAVENA","URBANA","1"
"10/01/2024","52","NARIÑO","52540","POLICARPA","URBANA","1"
"10/01/2024","11","BOGOTA D.C.","11001","BOGOTA D.C.","URBANA","1"
"10/01/2024","23","CORDOBA","23855","VALENCIA","RURAL","1"
"09/01/2024","27","CHOCO","27491","NOVITA","URBANA","1"
"09/01/2024","76","VALLE DEL CAUCA","76318","GUACARI","URBANA","1"
"09/01/2024","76","VALLE DEL CAUCA","76318","GUACARI","URBANA","1"
"09/01/2024","54","NORTE DE SANTANDER","54344","HACARI","RURAL","1"
"09/01/2024","19","CAUCA","19821","TORIBIO","RURAL","1"
"08/01/2024","86","PUTUMAYO","86568","PUERTO ASIS","URBANA","1"
"06/01/2024","52","NARIÑO","52678","SAMANIEGO","RURAL","1"
"06/01/2024","19","CAUCA","19110","BUENOS AIRES","URBANA","1"
"05/01/2024","52","NARIÑO","52678","SAMANIEGO","RURAL","1"
"04/01/2024","81","ARAUCA","81591","PUERTO RONDON","URBANA","1"
"04/01/2024","19","CAUCA","19001","POPAYAN","URBANA","1"
"03/01/2024","86","PUTUMAYO","86571","PUERTO GUZMAN","URBANA","1"
"01/01/2024","54","NORTE DE SANTANDER","54660","SALAZAR","RURAL","1"
"31/12/2023","63","QUINDIO","63594","QUIMBAYA","URBANA","1"
"28/12/2023","27","CHOCO","27099","BOJAYA","URBANA","1"
"27/12/2023","27","CHOCO","27025","ALTO BAUDO","URBANA","1"
"26/12/2023","81","ARAUCA","81065","ARAUQUITA","URBANA","1"
"25/12/2023","13","BOLIVAR","13688","SANTA ROSA DEL SUR","URBANA","1"
"24/12/2023","05","ANTIOQUIA","05604","REMEDIOS","URBANA","1"
"23/12/2023","05","ANTIOQUIA","05002","ABEJORRAL","URBANA","1"
"22/12/2023","81","ARAUCA","81065","ARAUQUITA","URBANA","1"
"21/12/2023","05","ANTIOQUIA","05854","VALDIVIA","URBANA","1"
"21/12/2023","19","CAUCA","19418","LOPEZ DE MICAY","URBANA","1"
"19/12/2023","54","NORTE DE SANTANDER","54810","TIBU","URBANA","1"
"19/12/2023","19","CAUCA","19075","BALBOA","URBANA","1"
"18/12/2023","81","ARAUCA","81001","ARAUCA","URBANA","1"
"18/12/2023","50","META","50006","ACACIAS","RURAL","1"
"18/12/2023","50","META","50001","VILLAVICENCIO","RURAL","1"
"18/12/2023","05","ANTIOQUIA","05895","ZARAGOZA","URBANA","1"
"17/12/2023","52","NARIÑO","52835","SAN ANDRES DE TUMACO","URBANA","1"
"17/12/2023","54","NORTE DE SANTANDER","54810","TIBU","RURAL","1"
"16/12/2023","54","NORTE DE SANTANDER","54810","TIBU","RURAL","1"
"16/12/2023","44","LA GUAJIRA","44847","URIBIA","URBANA","1"
"16/12/2023","44","LA GUAJIRA","44847","URIBIA","URBANA","1"
"15/12/2023","41","HUILA","41020","ALGECIRAS","URBANA","1"
"15/12/2023","05","ANTIOQUIA","05031","AMALFI","URBANA","1"
"15/12/2023","76","VALLE DEL CAUCA","76100","BOLIVAR","URBANA","1"
"15/12/2023","08","ATLANTICO","08433","MALAMBO","URBANA","1"
"15/12/2023","54","NORTE DE SANTANDER","54810","TIBU","URBANA","1"
"14/12/2023","25","CUNDINAMARCA","25430","MADRID","URBANA","1"
"13/12/2023","44","LA GUAJIRA","44560","MANAURE","URBANA","1"
"12/12/2023","76","VALLE DEL CAUCA","76275","FLORIDA","URBANA","1"
"11/12/2023","76","VALLE DEL CAUCA","76109","BUENAVENTURA","URBANA","1"
"11/12/2023","19","CAUCA","19110","BUENOS AIRES","URBANA","1"
"11/12/2023","25","CUNDINAMARCA","25178","CHIPAQUE","URBANA","1"
"10/12/2023","54","NORTE DE SANTANDER","54720","SARDINATA","RURAL","1"
"09/12/2023","54","NORTE DE SANTANDER","54810","TIBU","URBANA","1"
"07/12/2023","19","CAUCA","19743","SILVIA","URBANA","1"
"05/12/2023","41","HUILA","41026","ALTAMIRA","RURAL","1"
"05/12/2023","18","CAQUETA","18001","FLORENCIA","URBANA","1"
"04/12/2023","05","ANTIOQUIA","05001","MEDELLIN","URBANA","1"
"03/12/2023","19","CAUCA","19517","PAEZ","URBANA","1"
"02/12/2023","05","ANTIOQUIA","05040","ANORI","URBANA","1"
"02/12/2023","19","CAUCA","19455","MIRANDA","URBANA","1"
"01/12/2023","19","CAUCA","19455","MIRANDA","URBANA","1"
"01/12/2023","05","ANTIOQUIA","05887","YARUMAL","URBANA","1"
"01/12/2023","05","ANTIOQUIA","05887","YARUMAL","URBANA","1"
"01/12/2023","05","ANTIOQUIA","05107","BRICEÑO","RURAL","1"
"30/11/2023","05","ANTIOQUIA","05107","BRICEÑO","URBANA","1"
"30/11/2023","27","CHOCO","27491","NOVITA","URBANA","1"
"29/11/2023","05","ANTIOQUIA","05120","CACERES","URBANA","1"
"29/11/2023","54","NORTE DE SANTANDER","54810","TIBU","RURAL","1"
"29/11/2023","20","CESAR","20001","VALLEDUPAR","URBANA","1"
"27/11/2023","19","CAUCA","19743","SILVIA","URBANA","1"
"27/11/2023","81","ARAUCA","81065","ARAUQUITA","URBANA","1"
"27/11/2023","11","BOGOTA D.C.","11001","BOGOTA D.C.","URBANA","1"
"27/11/2023","54","NORTE DE SANTANDER","54261","EL ZULIA","URBANA","1"
"27/11/2023","54","NORTE DE SANTANDER","54261","EL ZULIA","URBANA","1"
"26/11/2023","81","ARAUCA","81065","ARAUQUITA","URBANA","1"
"26/11/2023","19","CAUCA","19137","CALDONO","URBANA","1"
"26/11/2023","19","CAUCA","19137","CALDONO","URBANA","1"
"26/11/2023","18","CAQUETA","18001","FLORENCIA","URBANA","1"
"25/11/2023","08","ATLANTICO","08001","BARRANQUILLA","URBANA","1"
"25/11/2023","19","CAUCA","19110","BUENOS AIRES","URBANA","1"
"25/11/2023","13","BOLIVAR","13688","SANTA ROSA DEL SUR","URBANA","1"
"24/11/2023","41","HUILA","41020","ALGECIRAS","URBANA","1"
"24/11/2023","41","HUILA","41483","NATAGA","URBANA","1"
"23/11/2023","19","CAUCA","19050","ARGELIA","RURAL","1"
"22/11/2023","13","BOLIVAR","13006","ACHI","URBANA","1"
"22/11/2023","13","BOLIVAR","13473","MORALES","URBANA","1"
"20/11/2023","54","NORTE DE SANTANDER","54810","TIBU","RURAL","1"
"19/11/2023","05","ANTIOQUIA","05040","ANORI","URBANA","1"
"19/11/2023","27","CHOCO","27001","QUIBDO","URBANA","1"
"19/11/2023","05","ANTIOQUIA","05107","BRICEÑO","URBANA","1"
"18/11/2023","54","NORTE DE SANTANDER","54810","TIBU","RURAL","1"
"18/11/2023","50","META","50370","URIBE","URBANA","1"
"17/11/2023","44","LA GUAJIRA","44001","RIOHACHA","URBANA","1"
"15/11/2023","27","CHOCO","27025","ALTO BAUDO","URBANA","1"
"15/11/2023","11","BOGOTA D.C.","11001","BOGOTA D.C.","URBANA","1"
"15/11/2023","76","VALLE DEL CAUCA","76275","FLORIDA","URBANA","1"
"14/11/2023","52","NARIÑO","52612","RICAURTE","URBANA","1"
"14/11/2023","47","MAGDALENA","47980","ZONA BANANERA","URBANA","1"
"12/11/2023","52","NARIÑO","52838","TUQUERRES","URBANA","1"
"11/11/2023","19","CAUCA","19760","SOTARA PAISPAMBA","URBANA","1"
"10/11/2023","86","PUTUMAYO","86568","PUERTO ASIS","URBANA","1"
"07/11/2023","05","ANTIOQUIA","05604","REMEDIOS","URBANA","1"
"07/11/2023","19","CAUCA","19698","SANTANDER DE QUILICHAO","URBANA","1"
"07/11/2023","85","CASANARE","85001","YOPAL","RURAL","1"
"06/11/2023","19","CAUCA","19698","SANTANDER DE QUILICHAO","URBANA","1"
"06/11/2023","19","CAUCA","19698","SANTANDER DE QUILICHAO","URBANA","1"
"06/11/2023","19","CAUCA","19698","SANTANDER DE QUILICHAO","URBANA","1"
"05/11/2023","27","CHOCO","27025","ALTO BAUDO","URBANA","1"
"05/11/2023","05","ANTIOQUIA","05631","SABANETA","URBANA","1"
"04/11/2023","52","NARIÑO","52678","SAMANIEGO","URBANA","1"
"03/11/2023","19","CAUCA","19050","ARGELIA","URBANA","1"
"02/11/2023","05","ANTIOQUIA","05040","ANORI","RURAL","1"
"01/11/2023","05","ANTIOQUIA","05001","MEDELLIN","URBANA","1"
"01/11/2023","05","ANTIOQUIA","05040","ANORI","RURAL","1"
"31/10/2023","27","CHOCO","27160","CERTEGUI","URBANA","1"
"31/10/2023","19","CAUCA","19821","TORIBIO","URBANA","1"
"30/10/2023","23","CORDOBA","23182","CHINU","URBANA","1"
"30/10/2023","19","CAUCA","19517","PAEZ","URBANA","1"
"30/10/2023","86","PUTUMAYO","86573","PUERTO LEGUIZAMO","URBANA","1"
"29/10/2023","81","ARAUCA","81794","TAME","URBANA","1"
"28/10/2023","68","SANTANDER","68081","BARRANCABERMEJA","URBANA","1"
"28/10/2023","05","ANTIOQUIA","05887","YARUMAL","RURAL","1"
"27/10/2023","50","META","50251","EL CASTILLO","URBANA","1"
"26/10/2023","19","CAUCA","19397","LA VEGA","URBANA","1"
"26/10/2023","52","NARIÑO","52405","LEIVA","URBANA","1"
"26/10/2023","41","HUILA","41001","NEIVA","URBANA","1"
"26/10/2023","41","HUILA","41770","SUAZA","URBANA","1"
"25/10/2023","27","CHOCO","27660","SAN JOSE DEL PALMAR","URBANA","1"
"25/10/2023","27","CHOCO","27660","SAN JOSE DEL PALMAR","URBANA","1"
"24/10/2023","68","SANTANDER","68081","BARRANCABERMEJA","URBANA","1"
"23/10/2023","19","CAUCA","19050","ARGELIA","URBANA","1"
"23/10/2023","81","ARAUCA","81794","TAME","URBANA","1"
"23/10/2023","50","META","50001","VILLAVICENCIO","URBANA","1"
"22/10/2023","81","ARAUCA","81300","FORTUL","URBANA","1"
"21/10/2023","86","PUTUMAYO","86320","ORITO","URBANA","1"
"21/10/2023","19","CAUCA","19824","TOTORO","URBANA","1"
"20/10/2023","76","VALLE DEL CAUCA","76306","GINEBRA","URBANA","1"
"20/10/2023","76","VALLE DEL CAUCA","76318","GUACARI","URBANA","1"
"20/10/2023","41","HUILA","41396","LA PLATA","RURAL","1"
"20/10/2023","41","HUILA","41396","LA PLATA","RURAL","1"
"19/10/2023","05","ANTIOQUIA","05040","ANORI","URBANA","1"
"19/10/2023","81","ARAUCA","81001","ARAUCA","URBANA","1"
"19/10/2023","13","BOLIVAR","13688","SANTA ROSA DEL SUR","URBANA","1"
"18/10/2023","27","CHOCO","27050","ATRATO","URBANA","1"
"18/10/2023","81","ARAUCA","81794","TAME","URBANA","1"
"17/10/2023","19","CAUCA","19824","TOTORO","URBANA","1"
"16/10/2023","19","CAUCA","19256","EL TAMBO","URBANA","1"
"16/10/2023","19","CAUCA","19701","SANTA ROSA","URBANA","1"
"16/10/2023","08","ATLANTICO","08758","SOLEDAD","URBANA","1"
"14/10/2023","19","CAUCA","19212","CORINTO","URBANA","1"
"14/10/2023","85","CASANARE","85136","LA SALINA","URBANA","1"
"13/10/2023","54","NORTE DE SANTANDER","54498","OCAÑA","RURAL","1"
"13/10/2023","19","CAUCA","19418","LOPEZ DE MICAY","URBANA","1"
"13/10/2023","52","NARIÑO","52835","SAN ANDRES DE TUMACO","URBANA","1"
"13/10/2023","23","CORDOBA","23807","TIERRALTA","RURAL","1"
"12/10/2023","54","NORTE DE SANTANDER","54344","HACARI","RURAL","1"
"12/10/2023","11","BOGOTA D.C.","11001","BOGOTA D.C.","URBANA","1"
"12/10/2023","76","VALLE DEL CAUCA","76111","GUADALAJARA DE BUGA","URBANA","1"
"11/10/2023","05","ANTIOQUIA","05040","ANORI","URBANA","1"
"10/10/2023","05","ANTIOQUIA","05040","ANORI","URBANA","1"
"10/10/2023","05","ANTIOQUIA","05250","EL BAGRE","URBANA","1"
"09/10/2023","81","ARAUCA","81065","ARAUQUITA","URBANA","1"
"08/10/2023","18","CAQUETA","18001","FLORENCIA","URBANA","1"
"07/10/2023","95","GUAVIARE","95015","CALAMAR","URBANA","1"
"07/10/2023","95","GUAVIARE","95015","CALAMAR","URBANA","1"
"07/10/2023","52","NARIÑO","52573","PUERRES","URBANA","1"
"06/10/2023","13","BOLIVAR","13688","SANTA ROSA DEL SUR","URBANA","1"
"06/10/2023","19","CAUCA","19807","TIMBIO","URBANA","1"
"05/10/2023","19","CAUCA","19698","SANTANDER DE QUILICHAO","URBANA","1"
"05/10/2023","85","CASANARE","85250","PAZ DE ARIPORO","URBANA","1"
"05/10/2023","19","CAUCA","19622","ROSAS","URBANA","1"
"04/10/2023","76","VALLE DEL CAUCA","76520","PALMIRA","URBANA","1"
"03/10/2023","76","VALLE DEL CAUCA","76109","BUENAVENTURA","URBANA","1"
"03/10/2023","76","VALLE DEL CAUCA","76520","PALMIRA","URBANA","1"
"02/10/2023","54","NORTE DE SANTANDER","54810","TIBU","URBANA","1"
"01/10/2023","05","ANTIOQUIA","05113","BURITICA","RURAL","1"
"30/09/2023","52","NARIÑO","52612","RICAURTE","URBANA","1"
"29/09/2023","54","NORTE DE SANTANDER","54206","CONVENCION","RURAL","1"
"29/09/2023","54","NORTE DE SANTANDER","54344","HACARI","URBANA","1"
"27/09/2023","27","CHOCO","27001","QUIBDO","URBANA","1"
"27/09/2023","19","CAUCA","19760","SOTARA PAISPAMBA","URBANA","1"
"25/09/2023","19","CAUCA","19001","POPAYAN","URBANA","1"
"25/09/2023","08","ATLANTICO","08758","SOLEDAD","URBANA","1"
"25/09/2023","81","ARAUCA","81794","TAME","URBANA","1"
"24/09/2023","19","CAUCA","19807","TIMBIO","URBANA","1"
"24/09/2023","19","CAUCA","19807","TIMBIO","URBANA","1"
"23/09/2023","19","CAUCA","19760","SOTARA PAISPAMBA","URBANA","1"
"22/09/2023","76","VALLE DEL CAUCA","76364","JAMUNDI","RURAL","1"
"22/09/2023","52","NARIÑO","52540","POLICARPA","URBANA","1"
"22/09/2023","23","CORDOBA","23807","TIERRALTA","URBANA","1"
"22/09/2023","52","NARIÑO","52079","BARBACOAS","RURAL","1"
"21/09/2023","05","ANTIOQUIA","05079","BARBOSA","URBANA","1"
"20/09/2023","05","ANTIOQUIA","05040","ANORI","RURAL","1"
"20/09/2023","08","ATLANTICO","08001","BARRANQUILLA","URBANA","1"
"20/09/2023","19","CAUCA","19110","BUENOS AIRES","URBANA","1"
"20/09/2023","19","CAUCA","19110","BUENOS AIRES","URBANA","1"
"20/09/2023","19","CAUCA","19517","PAEZ","URBANA","1"
"20/09/2023","76","VALLE DEL CAUCA","76520","PALMIRA","URBANA","1"
"20/09/2023","19","CAUCA","19698","SANTANDER DE QUILICHAO","URBANA","1"
"20/09/2023","19","CAUCA","19698","SANTANDER DE QUILICHAO","URBANA","1"
"20/09/2023","19","CAUCA","19698","SANTANDER DE QUILICHAO","URBANA","1"
"20/09/2023","19","CAUCA","19780","SUAREZ","URBANA","1"
"20/09/2023","19","CAUCA","19110","BUENOS AIRES","RURAL","1"
"19/09/2023","11","BOGOTA D.C.","11001","BOGOTA D.C.","URBANA","1"
"19/09/2023","11","BOGOTA D.C.","11001","BOGOTA D.C.","URBANA","1"
"19/09/2023","52","NARIÑO","52612","RICAURTE","URBANA","1"
"19/09/2023","54","NORTE DE SANTANDER","54720","SARDINATA","RURAL","1"
"19/09/2023","05","ANTIOQUIA","05250","EL BAGRE","RURAL","1"
"18/09/2023","19","CAUCA","19397","LA VEGA","URBANA","1"
"18/09/2023","47","MAGDALENA","47460","NUEVA GRANADA","URBANA","1"
"17/09/2023","19","CAUCA","19300","GUACHENE","URBANA","1"
"17/09/2023","50","META","50330","MESETAS","RURAL","1"
"17/09/2023","27","CHOCO","27006","ACANDI","URBANA","1"
"17/09/2023","50","META","50313","GRANADA","RURAL","1"
"17/09/2023","05","ANTIOQUIA","05315","GUADALUPE","URBANA","1"
"16/09/2023","05","ANTIOQUIA","05631","SABANETA","URBANA","1"
"16/09/2023","13","BOLIVAR","13654","SAN JACINTO","URBANA","1"
"15/09/2023","41","HUILA","41483","NATAGA","URBANA","1"
"15/09/2023","19","CAUCA","19698","SANTANDER DE QUILICHAO","URBANA","1"
"14/09/2023","05","ANTIOQUIA","05107","BRICEÑO","RURAL","1"
"14/09/2023","52","NARIÑO","52405","LEIVA","URBANA","1"
"13/09/2023","18","CAQUETA","18753","SAN VICENTE DEL CAGUAN","URBANA","1"
"13/09/2023","76","VALLE DEL CAUCA","76834","TULUA","URBANA","1"
"12/09/2023","76","VALLE DEL CAUCA","76001","CALI","URBANA","1"
"12/09/2023","76","VALLE DEL CAUCA","76233","DAGUA","URBANA","1"
"12/09/2023","50","META","50400","LEJANIAS","URBANA","1"
"12/09/2023","19","CAUCA","19533","PIAMONTE","URBANA","1"
"12/09/2023","27","CHOCO","27001","QUIBDO","URBANA","1"
"12/09/2023","76","VALLE DEL CAUCA","76834","TULUA","URBANA","1"
"11/09/2023","52","NARIÑO","52079","BARBACOAS","RURAL","1"
"11/09/2023","11","BOGOTA D.C.","11001","BOGOTA D.C.","URBANA","1"
"11/09/2023","54","NORTE DE SANTANDER","54670","SAN CALIXTO","URBANA","1"
"11/09/2023","76","VALLE DEL CAUCA","76736","SEVILLA","URBANA","1"
"11/09/2023","54","NORTE DE SANTANDER","54800","TEORAMA","RURAL","1"
"11/09/2023","05","ANTIOQUIA","05819","TOLEDO","URBANA","1"
"11/09/2023","05","ANTIOQUIA","05819","TOLEDO","URBANA","1"
"10/09/2023","19","CAUCA","19212","CORINTO","URBANA","1"
"10/09/2023","19","CAUCA","19364","JAMBALO","URBANA","1"
"10/09/2023","19","CAUCA","19364","JAMBALO","URBANA","1"
"10/09/2023","19","CAUCA","19364","JAMBALO","URBANA","1"
"09/09/2023","11","BOGOTA D.C.","11001","BOGOTA D.C.","URBANA","1"
"09/09/2023","19","CAUCA","19364","JAMBALO","URBANA","1"
"08/09/2023","05","ANTIOQUIA","05038","ANGOSTURA","URBANA","1"
"08/09/2023","13","BOLIVAR","13042","ARENAL","URBANA","1"
"08/09/2023","19","CAUCA","19532","PATIA","URBANA","1"
"08/09/2023","05","ANTIOQUIA","05040","ANORI","RURAL","1"
"07/09/2023","19","CAUCA","19075","BALBOA","URBANA","1"
"06/09/2023","68","SANTANDER","68001","BUCARAMANGA","URBANA","1"
"06/09/2023","52","NARIÑO","52256","EL ROSARIO","URBANA","1"
"06/09/2023","19","CAUCA","19824","TOTORO","URBANA","1"
"06/09/2023","76","VALLE DEL CAUCA","76869","VIJES","URBANA","1"
"05/09/2023","19","CAUCA","19212","CORINTO","URBANA","1"
"05/09/2023","13","BOLIVAR","13244","EL CARMEN DE BOLIVAR","URBANA","1"
"05/09/2023","41","HUILA","41001","NEIVA","URBANA","1"
"04/09/2023","52","NARIÑO","52835","SAN ANDRES DE TUMACO","URBANA","1"
"03/09/2023","81","ARAUCA","81001","ARAUCA","URBANA","1"
"03/09/2023","52","NARIÑO","52411","LINARES","URBANA","1"
"02/09/2023","76","VALLE DEL CAUCA","76113","BUGALAGRANDE","URBANA","1"
"02/09/2023","76","VALLE DEL CAUCA","76113","BUGALAGRANDE","URBANA","1"
"02/09/2023","27","CHOCO","27001","QUIBDO","URBANA","1"
"02/09/2023","05","ANTIOQUIA","05040","ANORI","URBANA","1"
"31/08/2023","54","NORTE DE SANTANDER","54720","SARDINATA","RURAL","1"
"31/08/2023","50","META","50568","PUERTO GAITAN","RURAL","1"
"31/08/2023","50","META","50577","PUERTO LLERAS","RURAL","1"
"30/08/2023","13","BOLIVAR","13042","ARENAL","URBANA","1"
"30/08/2023","13","BOLIVAR","13688","SANTA ROSA DEL SUR","URBANA","1"
"29/08/2023","54","NORTE DE SANTANDER","54313","GRAMALOTE","RURAL","1"
"29/08/2023","76","VALLE DEL CAUCA","76001","CALI","URBANA","1"
"29/08/2023","19","CAUCA","19212","CORINTO","URBANA","1"
"29/08/2023","19","CAUCA","19212","CORINTO","URBANA","1"
"29/08/2023","19","CAUCA","19698","SANTANDER DE QUILICHAO","URBANA","1"
"28/08/2023","19","CAUCA","19075","BALBOA","URBANA","1"
"27/08/2023","19","CAUCA","19130","CAJIBIO","URBANA","1"
"27/08/2023","19","CAUCA","19821","TORIBIO","URBANA","1"
"27/08/2023","76","VALLE DEL CAUCA","76834","TULUA","URBANA","1"
"26/08/2023","76","VALLE DEL CAUCA","76001","CALI","URBANA","1"
"26/08/2023","19","CAUCA","19698","SANTANDER DE QUILICHAO","URBANA","1"
"26/08/2023","08","ATLANTICO","08758","SOLEDAD","URBANA","1"
"26/08/2023","08","ATLANTICO","08758","SOLEDAD","URBANA","1"
"26/08/2023","27","CHOCO","27099","BOJAYA","URBANA","1"
"25/08/2023","19","CAUCA","19698","SANTANDER DE QUILICHAO","URBANA","1"
"24/08/2023","13","BOLIVAR","13442","MARIA LA BAJA","URBANA","1"
"24/08/2023","19","CAUCA","19698","SANTANDER DE QUILICHAO","URBANA","1"
"24/08/2023","05","ANTIOQUIA","05120","CACERES","RURAL","1"
"23/08/2023","27","CHOCO","27491","NOVITA","URBANA","1"
"23/08/2023","27","CHOCO","27787","TADO","URBANA","1"
"22/08/2023","19","CAUCA","19050","ARGELIA","URBANA","1"
"22/08/2023","19","CAUCA","19455","MIRANDA","URBANA","1"
"22/08/2023","05","ANTIOQUIA","05736","SEGOVIA","URBANA","1"
"21/08/2023","05","ANTIOQUIA","05887","YARUMAL","URBANA","1"
"21/08/2023","73","TOLIMA","73349","HONDA","URBANA","1"
"21/08/2023","52","NARIÑO","52835","SAN ANDRES DE TUMACO","URBANA","1"
"21/08/2023","52","NARIÑO","52835","SAN ANDRES DE TUMACO","URBANA","1"
"20/08/2023","19","CAUCA","19455","MIRANDA","URBANA","1"
"20/08/2023","05","ANTIOQUIA","05736","SEGOVIA","URBANA","1"
"20/08/2023","05","ANTIOQUIA","05819","TOLEDO","RURAL","1"
"19/08/2023","54","NORTE DE SANTANDER","54109","BUCARASICA","RURAL","1"
"19/08/2023","27","CHOCO","27099","BOJAYA","URBANA","1"
"19/08/2023","41","HUILA","41132","CAMPOALEGRE","RURAL","1"
"19/08/2023","50","META","50313","GRANADA","URBANA","1"
"19/08/2023","19","CAUCA","19780","SUAREZ","URBANA","1"
"18/08/2023","52","NARIÑO","52233","CUMBITARA","RURAL","1"
"17/08/2023","19","CAUCA","19533","PIAMONTE","URBANA","1"
"17/08/2023","54","NORTE DE SANTANDER","54720","SARDINATA","RURAL","1"
"17/08/2023","50","META","50370","URIBE","RURAL","1"
"17/08/2023","52","NARIÑO","52233","CUMBITARA","URBANA","1"
"16/08/2023","54","NORTE DE SANTANDER","54261","EL ZULIA","URBANA","1"
"16/08/2023","54","NORTE DE SANTANDER","54810","TIBU","RURAL","1"
"16/08/2023","08","ATLANTICO","08001","BARRANQUILLA","URBANA","1"
"16/08/2023","08","ATLANTICO","08001","BARRANQUILLA","URBANA","1"
"16/08/2023","47","MAGDALENA","47245","EL BANCO","URBANA","1"
"16/08/2023","54","NORTE DE SANTANDER","54250","EL TARRA","URBANA","1"
"16/08/2023","54","NORTE DE SANTANDER","54261","EL ZULIA","URBANA","1"
"16/08/2023","52","NARIÑO","52835","SAN ANDRES DE TUMACO","URBANA","1"
"15/08/2023","13","BOLIVAR","13688","SANTA ROSA DEL SUR","URBANA","1"
"15/08/2023","81","ARAUCA","81794","TAME","URBANA","1"
"15/08/2023","54","NORTE DE SANTANDER","54810","TIBU","RURAL","1"
"15/08/2023","19","CAUCA","19532","PATIA","URBANA","1"
"15/08/2023","50","META","50590","PUERTO RICO","RURAL","1"
"14/08/2023","52","NARIÑO","52385","LA LLANADA","URBANA","1"
"14/08/2023","52","NARIÑO","52411","LINARES","URBANA","1"
"14/08/2023","52","NARIÑO","52786","TAMINANGO","URBANA","1"
"14/08/2023","05","ANTIOQUIA","05040","ANORI","URBANA","1"
"13/08/2023","44","LA GUAJIRA","44078","BARRANCAS","URBANA","1"
"13/08/2023","19","CAUCA","19130","CAJIBIO","URBANA","1"
"13/08/2023","19","CAUCA","19130","CAJIBIO","URBANA","1"
"13/08/2023","52","NARIÑO","52411","LINARES","URBANA","1"
"12/08/2023","54","NORTE DE SANTANDER","54206","CONVENCION","RURAL","1"
"12/08/2023","19","CAUCA","19532","PATIA","URBANA","1"
"12/08/2023","19","CAUCA","19532","PATIA","RURAL","1"
"11/08/2023","54","NORTE DE SANTANDER","54001","CUCUTA","URBANA","1"
"10/08/2023","85","CASANARE","85010","AGUAZUL","URBANA","1"
"10/08/2023","17","CALDAS","17088","BELALCAZAR","URBANA","1"
"10/08/2023","19","CAUCA","19300","GUACHENE","URBANA","1"
"10/08/2023","19","CAUCA","19517","PAEZ","URBANA","1"
"10/08/2023","05","ANTIOQUIA","05847","URRAO","RURAL","1"
"09/08/2023","54","NORTE DE SANTANDER","54810","TIBU","URBANA","1"
"09/08/2023","52","NARIÑO","52256","EL ROSARIO","URBANA","1"
"09/08/2023","52","NARIÑO","52256","EL ROSARIO","URBANA","1"
"09/08/2023","73","TOLIMA","73349","HONDA","URBANA","1"
"09/08/2023","68","SANTANDER","68575","PUERTO WILCHES","URBANA","1"
"09/08/2023","17","CALDAS","17088","BELALCAZAR","URBANA","1"
"09/08/2023","52","NARIÑO","52256","EL ROSARIO","URBANA","1"
"09/08/2023","52","NARIÑO","52256","EL ROSARIO","URBANA","1"
"09/08/2023","52","NARIÑO","52256","EL ROSARIO","URBANA","1"
"09/08/2023","52","NARIÑO","52256","EL ROSARIO","URBANA","1"
"09/08/2023","52","NARIÑO","52256","EL ROSARIO","URBANA","1"
"09/08/2023","52","NARIÑO","52256","EL ROSARIO","URBANA","1"
"09/08/2023","52","NARIÑO","52256","EL ROSARIO","URBANA","1"
"09/08/2023","52","NARIÑO","52256","EL ROSARIO","URBANA","1"
"09/08/2023","52","NARIÑO","52256","EL ROSARIO","URBANA","1"
"09/08/2023","52","NARIÑO","52256","EL ROSARIO","URBANA","1"
"08/08/2023","54","NORTE DE SANTANDER","54810","TIBU","URBANA","1"
"08/08/2023","52","NARIÑO","52256","EL ROSARIO","URBANA","1"
"08/08/2023","19","CAUCA","19622","ROSAS","URBANA","1"
"08/08/2023","52","NARIÑO","52256","EL ROSARIO","URBANA","1"
"07/08/2023","54","NORTE DE SANTANDER","54810","TIBU","URBANA","1"
"06/08/2023","18","CAQUETA","18001","FLORENCIA","URBANA","1"
"06/08/2023","52","NARIÑO","52678","SAMANIEGO","RURAL","1"
"05/08/2023","76","VALLE DEL CAUCA","76001","CALI","URBANA","1"
"05/08/2023","19","CAUCA","19212","CORINTO","URBANA","1"
"05/08/2023","19","CAUCA","19698","SANTANDER DE QUILICHAO","URBANA","1"
"04/08/2023","19","CAUCA","19130","CAJIBIO","RURAL","1"
"04/08/2023","19","CAUCA","19212","CORINTO","URBANA","1"
"04/08/2023","19","CAUCA","19212","CORINTO","URBANA","1"
"04/08/2023","19","CAUCA","19355","INZA","URBANA","1"
"04/08/2023","19","CAUCA","19517","PAEZ","URBANA","1"
"04/08/2023","52","NARIÑO","52678","SAMANIEGO","URBANA","1"
"03/08/2023","13","BOLIVAR","13042","ARENAL","URBANA","1"
"03/08/2023","86","PUTUMAYO","86001","MOCOA","URBANA","1"
"03/08/2023","19","CAUCA","19517","PAEZ","URBANA","1"
"03/08/2023","52","NARIÑO","52678","SAMANIEGO","URBANA","1"
"02/08/2023","73","TOLIMA","73349","HONDA","URBANA","1"
"02/08/2023","47","MAGDALENA","47001","SANTA MARTA","URBANA","1"
"01/08/2023","27","CHOCO","27450","MEDIO SAN JUAN","URBANA","1"
"01/08/2023","19","CAUCA","19517","PAEZ","URBANA","1"
"01/08/2023","19","CAUCA","19517","PAEZ","URBANA","1"
"01/08/2023","50","META","50590","PUERTO RICO","URBANA","1"
"01/08/2023","52","NARIÑO","52835","SAN ANDRES DE TUMACO","URBANA","1"
"01/08/2023","19","CAUCA","19743","SILVIA","URBANA","1"
"01/08/2023","23","CORDOBA","23807","TIERRALTA","RURAL","1"
"31/07/2023","81","ARAUCA","81065","ARAUQUITA","URBANA","1"
"31/07/2023","19","CAUCA","19110","BUENOS AIRES","URBANA","1"
"30/07/2023","18","CAQUETA","18592","PUERTO RICO","URBANA","1"
"30/07/2023","76","VALLE DEL CAUCA","76001","CALI","URBANA","1"
"30/07/2023","05","ANTIOQUIA","05134","CAMPAMENTO","URBANA","1"
"29/07/2023","05","ANTIOQUIA","05107","BRICEÑO","RURAL","1"
"29/07/2023","41","HUILA","41001","NEIVA","URBANA","1"
"29/07/2023","76","VALLE DEL CAUCA","76001","CALI","URBANA","1"
"29/07/2023","52","NARIÑO","52385","LA LLANADA","RURAL","1"
"29/07/2023","19","CAUCA","19698","SANTANDER DE QUILICHAO","URBANA","1"
"29/07/2023","76","VALLE DEL CAUCA","76834","TULUA","URBANA","1"
"29/07/2023","76","VALLE DEL CAUCA","76834","TULUA","URBANA","1"
"28/07/2023","17","CALDAS","17088","BELALCAZAR","URBANA","1"
"28/07/2023","19","CAUCA","19517","PAEZ","URBANA","1"
"28/07/2023","76","VALLE DEL CAUCA","76520","PALMIRA","URBANA","1"
"28/07/2023","19","CAUCA","19807","TIMBIO","URBANA","1"
"27/07/2023","54","NORTE DE SANTANDER","54810","TIBU","RURAL","1"
"27/07/2023","05","ANTIOQUIA","05045","APARTADO","URBANA","1"
"27/07/2023","20","CESAR","20310","GONZALEZ","URBANA","1"
"26/07/2023","76","VALLE DEL CAUCA","76520","PALMIRA","URBANA","1"
"26/07/2023","27","CHOCO","27580","RIO IRO","URBANA","1"
"26/07/2023","52","NARIÑO","52835","SAN ANDRES DE TUMACO","RURAL","1"
"25/07/2023","54","NORTE DE SANTANDER","54498","OCAÑA","URBANA","1"
"24/07/2023","11","BOGOTA D.C.","11001","BOGOTA D.C.","URBANA","1"
"24/07/2023","19","CAUCA","19001","POPAYAN","URBANA","1"
"24/07/2023","19","CAUCA","19001","POPAYAN","URBANA","1"
"24/07/2023","52","NARIÑO","52786","TAMINANGO","URBANA","1"
"24/07/2023","52","NARIÑO","52786","TAMINANGO","URBANA","1"
"24/07/2023","54","NORTE DE SANTANDER","54810","TIBU","URBANA","1"
"24/07/2023","19","CAUCA","19807","TIMBIO","URBANA","1"
"23/07/2023","54","NORTE DE SANTANDER","54810","TIBU","RURAL","1"
"23/07/2023","52","NARIÑO","52001","PASTO","URBANA","1"
"22/07/2023","05","ANTIOQUIA","05736","SEGOVIA","RURAL","1"
"22/07/2023","05","ANTIOQUIA","05736","SEGOVIA","URBANA","1"
"22/07/2023","05","ANTIOQUIA","05736","SEGOVIA","URBANA","1"
"22/07/2023","27","CHOCO","27025","ALTO BAUDO","URBANA","1"
"21/07/2023","20","CESAR","20614","RIO DE ORO","RURAL","1"
"21/07/2023","81","ARAUCA","81794","TAME","URBANA","1"
"21/07/2023","76","VALLE DEL CAUCA","76364","JAMUNDI","URBANA","1"
"21/07/2023","05","ANTIOQUIA","05380","LA ESTRELLA","URBANA","1"
"21/07/2023","86","PUTUMAYO","86571","PUERTO GUZMAN","URBANA","1"
"20/07/2023","50","META","50711","VISTAHERMOSA","URBANA","1"
"20/07/2023","19","CAUCA","19698","SANTANDER DE QUILICHAO","URBANA","1"
"19/07/2023","54","NORTE DE SANTANDER","54498","OCAÑA","RURAL","1"
"19/07/2023","19","CAUCA","19256","EL TAMBO","URBANA","1"
"19/07/2023","19","CAUCA","19397","LA VEGA","URBANA","1"
"19/07/2023","19","CAUCA","19517","PAEZ","URBANA","1"
"19/07/2023","52","NARIÑO","52699","SANTACRUZ","RURAL","1"
"19/07/2023","19","CAUCA","19698","SANTANDER DE QUILICHAO","URBANA","1"
"18/07/2023","41","HUILA","41020","ALGECIRAS","RURAL","1"
"18/07/2023","68","SANTANDER","68081","BARRANCABERMEJA","URBANA","1"
"18/07/2023","41","HUILA","41132","CAMPOALEGRE","URBANA","1"
"18/07/2023","41","HUILA","41132","CAMPOALEGRE","RURAL","1"
"17/07/2023","27","CHOCO","27001","QUIBDO","URBANA","1"
"16/07/2023","05","ANTIOQUIA","05315","GUADALUPE","RURAL","1"
"16/07/2023","05","ANTIOQUIA","05315","GUADALUPE","RURAL","1"
"15/07/2023","19","CAUCA","19622","ROSAS","URBANA","1"
"14/07/2023","19","CAUCA","19397","LA VEGA","URBANA","1"
"14/07/2023","19","CAUCA","19517","PAEZ","URBANA","1"
"13/07/2023","19","CAUCA","19001","POPAYAN","URBANA","1"
"13/07/2023","95","GUAVIARE","95001","SAN JOSE DEL GUAVIARE","URBANA","1"
"12/07/2023","05","ANTIOQUIA","05045","APARTADO","URBANA","1"
"12/07/2023","76","VALLE DEL CAUCA","76109","BUENAVENTURA","URBANA","1"
"12/07/2023","19","CAUCA","19137","CALDONO","URBANA","1"
"11/07/2023","13","BOLIVAR","13430","MAGANGUE","RURAL","1"
"10/07/2023","19","CAUCA","19110","BUENOS AIRES","URBANA","1"
"10/07/2023","19","CAUCA","19698","SANTANDER DE QUILICHAO","URBANA","1"
"09/07/2023","54","NORTE DE SANTANDER","54347","HERRAN","URBANA","1"
"09/07/2023","41","HUILA","41001","NEIVA","URBANA","1"
"07/07/2023","54","NORTE DE SANTANDER","54250","EL TARRA","URBANA","1"
"07/07/2023","47","MAGDALENA","47570","PUEBLOVIEJO","URBANA","1"
"07/07/2023","50","META","50590","PUERTO RICO","URBANA","1"
"06/07/2023","81","ARAUCA","81065","ARAUQUITA","URBANA","1"
"06/07/2023","95","GUAVIARE","95025","EL RETORNO","RURAL","1"
"06/07/2023","44","LA GUAJIRA","44430","MAICAO","URBANA","1"
"06/07/2023","81","ARAUCA","81794","TAME","URBANA","1"
"05/07/2023","54","NORTE DE SANTANDER","54250","EL TARRA","RURAL","1"
"05/07/2023","27","CHOCO","27025","ALTO BAUDO","URBANA","1"
"05/07/2023","68","SANTANDER","68001","BUCARAMANGA","URBANA","1"
"05/07/2023","81","ARAUCA","81300","FORTUL","URBANA","1"
"05/07/2023","27","CHOCO","27001","QUIBDO","URBANA","1"
"05/07/2023","81","ARAUCA","81736","SARAVENA","URBANA","1"
"04/07/2023","54","NORTE DE SANTANDER","54109","BUCARASICA","RURAL","1"
"04/07/2023","54","NORTE DE SANTANDER","54810","TIBU","RURAL","1"
"04/07/2023","54","NORTE DE SANTANDER","54800","TEORAMA","URBANA","1"
"04/07/2023","54","NORTE DE SANTANDER","54003","ABREGO","RURAL","1"
"04/07/2023","81","ARAUCA","81065","ARAUQUITA","URBANA","1"
"04/07/2023","54","NORTE DE SANTANDER","54001","CUCUTA","RURAL","1"
"04/07/2023","54","NORTE DE SANTANDER","54520","PAMPLONITA","RURAL","1"
"04/07/2023","27","CHOCO","27001","QUIBDO","URBANA","1"
"04/07/2023","27","CHOCO","27001","QUIBDO","URBANA","1"
"04/07/2023","54","NORTE DE SANTANDER","54800","TEORAMA","URBANA","1"
"04/07/2023","54","NORTE DE SANTANDER","54810","TIBU","URBANA","1"
"03/07/2023","68","SANTANDER","68081","BARRANCABERMEJA","URBANA","1"
"03/07/2023","54","NORTE DE SANTANDER","54206","CONVENCION","URBANA","1"
"03/07/2023","68","SANTANDER","68081","BARRANCABERMEJA","URBANA","1"
"03/07/2023","47","MAGDALENA","47001","SANTA MARTA","URBANA","1"
"03/07/2023","81","ARAUCA","81736","SARAVENA","URBANA","1"
"02/07/2023","54","NORTE DE SANTANDER","54874","VILLA DEL ROSARIO","URBANA","1"
"02/07/2023","54","NORTE DE SANTANDER","54874","VILLA DEL ROSARIO","URBANA","1"
"01/07/2023","19","CAUCA","19110","BUENOS AIRES","URBANA","1"
"01/07/2023","91","AMAZONAS","91669","PUERTO SANTANDER","RURAL","1"
"30/06/2023","81","ARAUCA","81300","FORTUL","URBANA","1"
"30/06/2023","27","CHOCO","27001","QUIBDO","URBANA","1"
"30/06/2023","81","ARAUCA","81001","ARAUCA","URBANA","1"
"29/06/2023","05","ANTIOQUIA","05736","SEGOVIA","URBANA","1"
"29/06/2023","11","BOGOTA D.C.","11001","BOGOTA D.C.","URBANA","1"
"28/06/2023","54","NORTE DE SANTANDER","54498","OCAÑA","RURAL","1"
"28/06/2023","05","ANTIOQUIA","05045","APARTADO","URBANA","1"
"28/06/2023","27","CHOCO","27413","LLORO","URBANA","1"
"28/06/2023","19","CAUCA","19001","POPAYAN","URBANA","1"
"28/06/2023","19","CAUCA","19001","POPAYAN","URBANA","1"
"27/06/2023","05","ANTIOQUIA","05040","ANORI","RURAL","1"
"27/06/2023","52","NARIÑO","52435","MALLAMA","RURAL","1"
"27/06/2023","19","CAUCA","19450","MERCADERES","URBANA","1"
"26/06/2023","19","CAUCA","19075","BALBOA","RURAL","1"
"26/06/2023","19","CAUCA","19780","SUAREZ","URBANA","1"
"23/06/2023","76","VALLE DEL CAUCA","76520","PALMIRA","URBANA","1"
"22/06/2023","05","ANTIOQUIA","05040","ANORI","RURAL","1"
"22/06/2023","95","GUAVIARE","95015","CALAMAR","URBANA","1"
"22/06/2023","86","PUTUMAYO","86573","PUERTO LEGUIZAMO","URBANA","1"
"22/06/2023","19","CAUCA","19821","TORIBIO","URBANA","1"
"21/06/2023","76","VALLE DEL CAUCA","76520","PALMIRA","URBANA","1"
"21/06/2023","76","VALLE DEL CAUCA","76520","PALMIRA","URBANA","1"
"21/06/2023","52","NARIÑO","52612","RICAURTE","URBANA","1"
"21/06/2023","19","CAUCA","19622","ROSAS","URBANA","1"
"20/06/2023","05","ANTIOQUIA","05361","ITUANGO","RURAL","1"
"20/06/2023","52","NARIÑO","52540","POLICARPA","URBANA","1"
"19/06/2023","05","ANTIOQUIA","05040","ANORI","RURAL","1"
"19/06/2023","05","ANTIOQUIA","05038","ANGOSTURA","RURAL","1"
"19/06/2023","05","ANTIOQUIA","05040","ANORI","URBANA","1"
"19/06/2023","76","VALLE DEL CAUCA","76520","PALMIRA","URBANA","1"
"19/06/2023","05","ANTIOQUIA","05038","ANGOSTURA","URBANA","1"
"19/06/2023","54","NORTE DE SANTANDER","54720","SARDINATA","RURAL","1"
"18/06/2023","18","CAQUETA","18247","EL DONCELLO","URBANA","1"
"18/06/2023","05","ANTIOQUIA","05837","TURBO","URBANA","1"
"17/06/2023","08","ATLANTICO","08001","BARRANQUILLA","URBANA","1"
"17/06/2023","19","CAUCA","19137","CALDONO","URBANA","1"
"17/06/2023","15","BOYACA","15223","CUBARA","URBANA","1"
"17/06/2023","95","GUAVIARE","95001","SAN JOSE DEL GUAVIARE","RURAL","1"
"16/06/2023","52","NARIÑO","52418","LOS ANDES","URBANA","1"
"16/06/2023","76","VALLE DEL CAUCA","76130","CANDELARIA","URBANA","1"
"15/06/2023","05","ANTIOQUIA","05736","SEGOVIA","URBANA","1"
"15/06/2023","76","VALLE DEL CAUCA","76520","PALMIRA","URBANA","1"
"15/06/2023","19","CAUCA","19532","PATIA","URBANA","1"
"15/06/2023","27","CHOCO","27001","QUIBDO","URBANA","1"
"15/06/2023","54","NORTE DE SANTANDER","54673","SAN CAYETANO","URBANA","1"
"14/06/2023","05","ANTIOQUIA","05113","BURITICA","RURAL","1"
"14/06/2023","81","ARAUCA","81794","TAME","URBANA","1"
"14/06/2023","54","NORTE DE SANTANDER","54810","TIBU","RURAL","1"
"14/06/2023","76","VALLE DEL CAUCA","76520","PALMIRA","URBANA","1"
"13/06/2023","05","ANTIOQUIA","05120","CACERES","RURAL","1"
"13/06/2023","19","CAUCA","19212","CORINTO","URBANA","1"
"13/06/2023","19","CAUCA","19821","TORIBIO","URBANA","1"
"12/06/2023","19","CAUCA","19807","TIMBIO","URBANA","1"
"10/06/2023","81","ARAUCA","81736","SARAVENA","URBANA","1"
"09/06/2023","05","ANTIOQUIA","05148","EL CARMEN DE VIBORAL","RURAL","1"
"09/06/2023","27","CHOCO","27001","QUIBDO","URBANA","1"
"08/06/2023","73","TOLIMA","73001","IBAGUE","URBANA","1"
"08/06/2023","41","HUILA","41001","NEIVA","URBANA","1"
"08/06/2023","86","PUTUMAYO","86320","ORITO","URBANA","1"
"08/06/2023","73","TOLIMA","73555","PLANADAS","RURAL","1"
"08/06/2023","52","NARIÑO","52540","POLICARPA","RURAL","1"
"07/06/2023","52","NARIÑO","52540","POLICARPA","RURAL","1"
"05/06/2023","54","NORTE DE SANTANDER","54820","TOLEDO","RURAL","1"
"04/06/2023","05","ANTIOQUIA","05055","ARGELIA","URBANA","1"
"04/06/2023","05","ANTIOQUIA","05361","ITUANGO","RURAL","1"
"04/06/2023","18","CAQUETA","18001","FLORENCIA","URBANA","1"
"04/06/2023","19","CAUCA","19455","MIRANDA","URBANA","1"
"04/06/2023","54","NORTE DE SANTANDER","54398","LA PLAYA","URBANA","1"
"03/06/2023","19","CAUCA","19050","ARGELIA","URBANA","1"
"03/06/2023","19","CAUCA","19050","ARGELIA","URBANA","1"
"03/06/2023","76","VALLE DEL CAUCA","76318","GUACARI","URBANA","1"
"03/06/2023","27","CHOCO","27580","RIO IRO","URBANA","1"
"03/06/2023","08","ATLANTICO","08758","SOLEDAD","URBANA","1"
"02/06/2023","25","CUNDINAMARCA","25175","CHIA","URBANA","1"
"02/06/2023","73","TOLIMA","73585","PURIFICACION","URBANA","1"
"02/06/2023","05","ANTIOQUIA","05893","YONDO","URBANA","1"
"01/06/2023","76","VALLE DEL CAUCA","76318","GUACARI","URBANA","1"
"01/06/2023","52","NARIÑO","52435","MALLAMA","RURAL","1"
"01/06/2023","76","VALLE DEL CAUCA","76520","PALMIRA","URBANA","1"
"01/06/2023","27","CHOCO","27001","QUIBDO","URBANA","1"
"01/06/2023","20","CESAR","20001","VALLEDUPAR","URBANA","1"
"31/05/2023","85","CASANARE","85001","YOPAL","URBANA","1"
"30/05/2023","05","ANTIOQUIA","05113","BURITICA","URBANA","1"
"30/05/2023","81","ARAUCA","81065","ARAUQUITA","URBANA","1"
"30/05/2023","81","ARAUCA","81736","SARAVENA","URBANA","1"
"29/05/2023","23","CORDOBA","23555","PLANETA RICA","RURAL","1"
"29/05/2023","19","CAUCA","19473","MORALES","URBANA","1"
"28/05/2023","19","CAUCA","19050","ARGELIA","URBANA","1"
"28/05/2023","19","CAUCA","19698","SANTANDER DE QUILICHAO","URBANA","1"
"28/05/2023","19","CAUCA","19807","TIMBIO","URBANA","1"
"27/05/2023","54","NORTE DE SANTANDER","54498","OCAÑA","URBANA","1"
"27/05/2023","54","NORTE DE SANTANDER","54810","TIBU","RURAL","1"
"27/05/2023","81","ARAUCA","81001","ARAUCA","URBANA","1"
"27/05/2023","19","CAUCA","19517","PAEZ","URBANA","1"
"26/05/2023","81","ARAUCA","81736","SARAVENA","URBANA","1"
"24/05/2023","41","HUILA","41001","NEIVA","URBANA","1"
"24/05/2023","81","ARAUCA","81736","SARAVENA","URBANA","1"
"24/05/2023","54","NORTE DE SANTANDER","54810","TIBU","URBANA","1"
"23/05/2023","27","CHOCO","27450","MEDIO SAN JUAN","URBANA","1"
"23/05/2023","81","ARAUCA","81736","SARAVENA","URBANA","1"
"22/05/2023","81","ARAUCA","81736","SARAVENA","URBANA","1"
"21/05/2023","86","PUTUMAYO","86865","VALLE DEL GUAMUEZ","URBANA","1"
"20/05/2023","27","CHOCO","27245","EL CARMEN DE ATRATO","URBANA","1"
"19/05/2023","54","NORTE DE SANTANDER","54720","SARDINATA","RURAL","1"
"17/05/2023","05","ANTIOQUIA","05113","BURITICA","URBANA","1"
"16/05/2023","54","NORTE DE SANTANDER","54498","OCAÑA","URBANA","1"
"12/05/2023","18","CAQUETA","18410","LA MONTAÑITA","URBANA","1"
"11/05/2023","54","NORTE DE SANTANDER","54250","EL TARRA","URBANA","1"
"10/05/2023","95","GUAVIARE","95001","SAN JOSE DEL GUAVIARE","URBANA","1"
"10/05/2023","70","SUCRE","70001","SINCELEJO","URBANA","1"
"10/05/2023","50","META","50001","VILLAVICENCIO","URBANA","1"
"09/05/2023","18","CAQUETA","18753","SAN VICENTE DEL CAGUAN","URBANA","1"
"08/05/2023","41","HUILA","41016","AIPE","URBANA","1"
"08/05/2023","19","CAUCA","19050","ARGELIA","URBANA","1"
"08/05/2023","11","BOGOTA D.C.","11001","BOGOTA D.C.","URBANA","1"
"08/05/2023","27","CHOCO","27001","QUIBDO","URBANA","1"
"07/05/2023","19","CAUCA","19130","CAJIBIO","RURAL","1"
"07/05/2023","27","CHOCO","27787","TADO","URBANA","1"
"06/05/2023","52","NARIÑO","52678","SAMANIEGO","URBANA","1"
"05/05/2023","81","ARAUCA","81001","ARAUCA","URBANA","1"
"05/05/2023","27","CHOCO","27361","ISTMINA","URBANA","1"
"05/05/2023","20","CESAR","20011","AGUACHICA","URBANA","1"
"04/05/2023","05","ANTIOQUIA","05120","CACERES","RURAL","1"
"04/05/2023","18","CAQUETA","18150","CARTAGENA DEL CHAIRA","URBANA","1"
"03/05/2023","19","CAUCA","19698","SANTANDER DE QUILICHAO","URBANA","1"
"01/05/2023","54","NORTE DE SANTANDER","54800","TEORAMA","URBANA","1"
"01/05/2023","52","NARIÑO","52612","RICAURTE","URBANA","1"
"01/05/2023","81","ARAUCA","81736","SARAVENA","URBANA","1"
"30/04/2023","86","PUTUMAYO","86885","VILLAGARZON","URBANA","1"
"27/04/2023","68","SANTANDER","68001","BUCARAMANGA","URBANA","1"
"26/04/2023","76","VALLE DEL CAUCA","76001","CALI","URBANA","1"
"26/04/2023","76","VALLE DEL CAUCA","76520","PALMIRA","URBANA","1"
"26/04/2023","19","CAUCA","19622","ROSAS","URBANA","1"
"25/04/2023","76","VALLE DEL CAUCA","76520","PALMIRA","URBANA","1"
"25/04/2023","19","CAUCA","19698","SANTANDER DE QUILICHAO","URBANA","1"
"24/04/2023","19","CAUCA","19050","ARGELIA","URBANA","1"
"24/04/2023","73","TOLIMA","73067","ATACO","URBANA","1"
"24/04/2023","73","TOLIMA","73067","ATACO","URBANA","1"
"24/04/2023","73","TOLIMA","73443","SAN SEBASTIAN DE MARIQUITA","URBANA","1"
"24/04/2023","73","TOLIMA","73555","PLANADAS","URBANA","1"
"23/04/2023","76","VALLE DEL CAUCA","76520","PALMIRA","URBANA","1"
"23/04/2023","86","PUTUMAYO","86571","PUERTO GUZMAN","URBANA","1"
"23/04/2023","52","NARIÑO","52835","SAN ANDRES DE TUMACO","URBANA","1"
"23/04/2023","52","NARIÑO","52233","CUMBITARA","RURAL","1"
"22/04/2023","54","NORTE DE SANTANDER","54206","CONVENCION","URBANA","1"
"21/04/2023","76","VALLE DEL CAUCA","76275","FLORIDA","URBANA","1"
"21/04/2023","52","NARIÑO","52427","MAGÜI","RURAL","1"
"21/04/2023","27","CHOCO","27450","MEDIO SAN JUAN","URBANA","1"
"19/04/2023","52","NARIÑO","52835","SAN ANDRES DE TUMACO","URBANA","1"
"18/04/2023","05","ANTIOQUIA","05893","YONDO","RURAL","1"
"18/04/2023","76","VALLE DEL CAUCA","76364","JAMUNDI","URBANA","1"
"18/04/2023","52","NARIÑO","52405","LEIVA","URBANA","1"
"18/04/2023","05","ANTIOQUIA","05893","YONDO","URBANA","1"
"15/04/2023","50","META","50568","PUERTO GAITAN","URBANA","1"
"14/04/2023","54","NORTE DE SANTANDER","54720","SARDINATA","RURAL","1"
"14/04/2023","81","ARAUCA","81065","ARAUQUITA","URBANA","1"
"14/04/2023","54","NORTE DE SANTANDER","54810","TIBU","URBANA","1"
"12/04/2023","19","CAUCA","19050","ARGELIA","URBANA","1"
"11/04/2023","19","CAUCA","19075","BALBOA","URBANA","1"
"11/04/2023","19","CAUCA","19137","CALDONO","URBANA","1"
"11/04/2023","27","CHOCO","27250","EL LITORAL DEL SAN JUAN","URBANA","1"
"11/04/2023","08","ATLANTICO","08573","PUERTO COLOMBIA","URBANA","1"
"10/04/2023","68","SANTANDER","68081","BARRANCABERMEJA","URBANA","1"
"10/04/2023","11","BOGOTA D.C.","11001","BOGOTA D.C.","URBANA","1"
"10/04/2023","52","NARIÑO","52411","LINARES","URBANA","1"
"10/04/2023","19","CAUCA","19622","ROSAS","RURAL","1"
"09/04/2023","19","CAUCA","19517","PAEZ","URBANA","1"
"08/04/2023","68","SANTANDER","68081","BARRANCABERMEJA","URBANA","1"
"08/04/2023","86","PUTUMAYO","86571","PUERTO GUZMAN","URBANA","1"
"08/04/2023","19","CAUCA","19698","SANTANDER DE QUILICHAO","URBANA","1"
"07/04/2023","54","NORTE DE SANTANDER","54398","LA PLAYA","RURAL","1"
"06/04/2023","52","NARIÑO","52435","MALLAMA","URBANA","1"
"04/04/2023","19","CAUCA","19212","CORINTO","URBANA","1"
"04/04/2023","54","NORTE DE SANTANDER","54800","TEORAMA","RURAL","1"
"03/04/2023","19","CAUCA","19075","BALBOA","URBANA","1"
"03/04/2023","08","ATLANTICO","08001","BARRANQUILLA","URBANA","1"
"03/04/2023","05","ANTIOQUIA","05361","ITUANGO","URBANA","1"
"02/04/2023","19","CAUCA","19517","PAEZ","URBANA","1"
"01/04/2023","54","NORTE DE SANTANDER","54250","EL TARRA","RURAL","1"
"01/04/2023","54","NORTE DE SANTANDER","54810","TIBU","RURAL","1"
"31/03/2023","13","BOLIVAR","13458","MONTECRISTO","URBANA","1"
"31/03/2023","52","NARIÑO","52256","EL ROSARIO","URBANA","1"
"30/03/2023","54","NORTE DE SANTANDER","54003","ABREGO","RURAL","1"
"29/03/2023","76","VALLE DEL CAUCA","76520","PALMIRA","URBANA","1"
"29/03/2023","47","MAGDALENA","47001","SANTA MARTA","URBANA","1"
"29/03/2023","54","NORTE DE SANTANDER","54245","EL CARMEN","URBANA","1"
"28/03/2023","52","NARIÑO","52256","EL ROSARIO","RURAL","1"
"28/03/2023","13","BOLIVAR","13810","TIQUISIO","URBANA","1"
"27/03/2023","19","CAUCA","19050","ARGELIA","URBANA","1"
"27/03/2023","08","ATLANTICO","08001","BARRANQUILLA","URBANA","1"
"27/03/2023","54","NORTE DE SANTANDER","54250","EL TARRA","URBANA","1"
"26/03/2023","95","GUAVIARE","95001","SAN JOSE DEL GUAVIARE","URBANA","1"
"25/03/2023","52","NARIÑO","52233","CUMBITARA","RURAL","1"
"25/03/2023","11","BOGOTA D.C.","11001","BOGOTA D.C.","URBANA","1"
"25/03/2023","54","NORTE DE SANTANDER","54001","CUCUTA","URBANA","1"
"24/03/2023","13","BOLIVAR","13001","CARTAGENA DE INDIAS","URBANA","1"
"24/03/2023","52","NARIÑO","52540","POLICARPA","URBANA","1"
"23/03/2023","54","NORTE DE SANTANDER","54518","PAMPLONA","URBANA","1"
"22/03/2023","05","ANTIOQUIA","05038","ANGOSTURA","RURAL","1"
"22/03/2023","86","PUTUMAYO","86571","PUERTO GUZMAN","URBANA","1"
"21/03/2023","76","VALLE DEL CAUCA","76520","PALMIRA","URBANA","1"
"21/03/2023","54","NORTE DE SANTANDER","54720","SARDINATA","RURAL","1"
"21/03/2023","81","ARAUCA","81794","TAME","URBANA","1"
"19/03/2023","81","ARAUCA","81736","SARAVENA","URBANA","1"
"19/03/2023","81","ARAUCA","81794","TAME","URBANA","1"
"19/03/2023","05","ANTIOQUIA","05790","TARAZA","RURAL","1"
"19/03/2023","50","META","50001","VILLAVICENCIO","URBANA","1"
"19/03/2023","05","ANTIOQUIA","05790","TARAZA","RURAL","1"
"19/03/2023","05","ANTIOQUIA","05790","TARAZA","RURAL","1"
"19/03/2023","05","ANTIOQUIA","05790","TARAZA","RURAL","1"
"19/03/2023","05","ANTIOQUIA","05790","TARAZA","RURAL","1"
"19/03/2023","05","ANTIOQUIA","05790","TARAZA","RURAL","1"
"19/03/2023","05","ANTIOQUIA","05790","TARAZA","URBANA","1"
"19/03/2023","05","ANTIOQUIA","05790","TARAZA","RURAL","1"
"18/03/2023","81","ARAUCA","81065","ARAUQUITA","URBANA","1"
"17/03/2023","52","NARIÑO","52250","EL CHARCO","RURAL","1"
"17/03/2023","52","NARIÑO","52835","SAN ANDRES DE TUMACO","RURAL","1"
"17/03/2023","52","NARIÑO","52835","SAN ANDRES DE TUMACO","RURAL","1"
"16/03/2023","08","ATLANTICO","08001","BARRANQUILLA","URBANA","1"
"16/03/2023","68","SANTANDER","68001","BUCARAMANGA","URBANA","1"
"16/03/2023","76","VALLE DEL CAUCA","76275","FLORIDA","URBANA","1"
"16/03/2023","76","VALLE DEL CAUCA","76275","FLORIDA","URBANA","1"
"16/03/2023","52","NARIÑO","52835","SAN ANDRES DE TUMACO","URBANA","1"
"16/03/2023","81","ARAUCA","81736","SARAVENA","RURAL","1"
"15/03/2023","76","VALLE DEL CAUCA","76275","FLORIDA","URBANA","1"
"15/03/2023","20","CESAR","20614","RIO DE ORO","RURAL","1"
"14/03/2023","81","ARAUCA","81065","ARAUQUITA","URBANA","1"
"14/03/2023","13","BOLIVAR","13042","ARENAL","URBANA","1"
"14/03/2023","13","BOLIVAR","13468","SANTA CRUZ DE MOMPOX","URBANA","1"
"13/03/2023","95","GUAVIARE","95001","SAN JOSE DEL GUAVIARE","URBANA","1"
"13/03/2023","81","ARAUCA","81736","SARAVENA","RURAL","1"
"12/03/2023","19","CAUCA","19050","ARGELIA","URBANA","1"
"12/03/2023","99","VICHADA","99001","PUERTO CARREÑO","URBANA","1"
"12/03/2023","52","NARIÑO","52835","SAN ANDRES DE TUMACO","RURAL","1"
"12/03/2023","05","ANTIOQUIA","05790","TARAZA","RURAL","1"
"11/03/2023","54","NORTE DE SANTANDER","54001","CUCUTA","URBANA","1"
"11/03/2023","76","VALLE DEL CAUCA","76233","DAGUA","URBANA","1"
"11/03/2023","23","CORDOBA","23350","LA APARTADA","RURAL","1"
"11/03/2023","52","NARIÑO","52435","MALLAMA","RURAL","1"
"11/03/2023","05","ANTIOQUIA","05120","CACERES","URBANA","1"
"11/03/2023","05","ANTIOQUIA","05120","CACERES","RURAL","1"
"11/03/2023","05","ANTIOQUIA","05154","CAUCASIA","URBANA","1"
"10/03/2023","54","NORTE DE SANTANDER","54720","SARDINATA","RURAL","1"
"10/03/2023","13","BOLIVAR","13244","EL CARMEN DE BOLIVAR","URBANA","1"
"10/03/2023","05","ANTIOQUIA","05154","CAUCASIA","RURAL","1"
"09/03/2023","54","NORTE DE SANTANDER","54245","EL CARMEN","URBANA","1"
"09/03/2023","19","CAUCA","19050","ARGELIA","URBANA","1"
"09/03/2023","13","BOLIVAR","13430","MAGANGUE","URBANA","1"
"08/03/2023","13","BOLIVAR","13458","MONTECRISTO","URBANA","1"
"08/03/2023","05","ANTIOQUIA","05893","YONDO","URBANA","1"
"07/03/2023","05","ANTIOQUIA","05107","BRICEÑO","URBANA","1"
"06/03/2023","68","SANTANDER","68081","BARRANCABERMEJA","URBANA","1"
"05/03/2023","15","BOYACA","15001","TUNJA","URBANA","1"
"04/03/2023","05","ANTIOQUIA","05604","REMEDIOS","RURAL","1"
"04/03/2023","13","BOLIVAR","13670","SAN PABLO","URBANA","1"
"28/02/2023","05","ANTIOQUIA","05887","YARUMAL","URBANA","1"
"27/02/2023","81","ARAUCA","81736","SARAVENA","URBANA","1"
"25/02/2023","11","BOGOTA D.C.","11001","BOGOTA D.C.","URBANA","1"
"25/02/2023","54","NORTE DE SANTANDER","54810","TIBU","RURAL","1"
"24/02/2023","23","CORDOBA","23162","CERETE","URBANA","1"
"23/02/2023","54","NORTE DE SANTANDER","54001","CUCUTA","URBANA","1"
"23/02/2023","54","NORTE DE SANTANDER","54003","ABREGO","URBANA","1"
"23/02/2023","54","NORTE DE SANTANDER","54398","LA PLAYA","RURAL","1"
"22/02/2023","05","ANTIOQUIA","05107","BRICEÑO","URBANA","1"
"21/02/2023","13","BOLIVAR","13490","NOROSI","URBANA","1"
"21/02/2023","81","ARAUCA","81736","SARAVENA","RURAL","1"
"20/02/2023","52","NARIÑO","52835","SAN ANDRES DE TUMACO","URBANA","1"
"19/02/2023","47","MAGDALENA","47001","SANTA MARTA","URBANA","1"
"19/02/2023","05","ANTIOQUIA","05893","YONDO","URBANA","1"
"19/02/2023","05","ANTIOQUIA","05134","CAMPAMENTO","URBANA","1"
"19/02/2023","05","ANTIOQUIA","05887","YARUMAL","RURAL","1"
"19/02/2023","54","NORTE DE SANTANDER","54250","EL TARRA","URBANA","1"
"19/02/2023","27","CHOCO","27580","RIO IRO","URBANA","1"
"18/02/2023","19","CAUCA","19075","BALBOA","URBANA","1"
"18/02/2023","47","MAGDALENA","47551","PIVIJAY","URBANA","1"
"18/02/2023","54","NORTE DE SANTANDER","54344","HACARI","RURAL","1"
"17/02/2023","05","ANTIOQUIA","05250","EL BAGRE","RURAL","1"
"17/02/2023","19","CAUCA","19212","CORINTO","URBANA","1"
"16/02/2023","81","ARAUCA","81065","ARAUQUITA","URBANA","1"
"16/02/2023","13","BOLIVAR","13001","CARTAGENA DE INDIAS","URBANA","1"
"16/02/2023","95","GUAVIARE","95025","EL RETORNO","RURAL","1"
"16/02/2023","27","CHOCO","27372","JURADO","URBANA","1"
"16/02/2023","05","ANTIOQUIA","05604","REMEDIOS","RURAL","1"
"16/02/2023","54","NORTE DE SANTANDER","54660","SALAZAR","RURAL","1"
"15/02/2023","05","ANTIOQUIA","05893","YONDO","URBANA","1"
"15/02/2023","05","ANTIOQUIA","05040","ANORI","URBANA","1"
"14/02/2023","54","NORTE DE SANTANDER","54720","SARDINATA","RURAL","1"
"14/02/2023","73","TOLIMA","73001","IBAGUE","URBANA","1"
"14/02/2023","05","ANTIOQUIA","05579","PUERTO BERRIO","URBANA","1"
"14/02/2023","27","CHOCO","27491","NOVITA","RURAL","1"
"13/02/2023","05","ANTIOQUIA","05250","EL BAGRE","URBANA","1"
"12/02/2023","81","ARAUCA","81300","FORTUL","URBANA","1"
"12/02/2023","52","NARIÑO","52786","TAMINANGO","RURAL","1"
"11/02/2023","54","NORTE DE SANTANDER","54001","CUCUTA","URBANA","1"
"11/02/2023","54","NORTE DE SANTANDER","54344","HACARI","RURAL","1"
"11/02/2023","27","CHOCO","27361","ISTMINA","URBANA","1"
"11/02/2023","54","NORTE DE SANTANDER","54810","TIBU","RURAL","1"
"10/02/2023","19","CAUCA","19212","CORINTO","URBANA","1"
"10/02/2023","81","ARAUCA","81736","SARAVENA","URBANA","1"
"10/02/2023","81","ARAUCA","81736","SARAVENA","RURAL","1"
"09/02/2023","20","CESAR","20383","LA GLORIA","RURAL","1"
"09/02/2023","44","LA GUAJIRA","44874","VILLANUEVA","URBANA","1"
"08/02/2023","05","ANTIOQUIA","05604","REMEDIOS","URBANA","1"
"07/02/2023","27","CHOCO","27025","ALTO BAUDO","RURAL","1"
"06/02/2023","47","MAGDALENA","47555","PLATO","URBANA","1"
"05/02/2023","27","CHOCO","27099","BOJAYA","RURAL","1"
"05/02/2023","27","CHOCO","27580","RIO IRO","URBANA","1"
"04/02/2023","19","CAUCA","19212","CORINTO","URBANA","1"
"02/02/2023","11","BOGOTA D.C.","11001","BOGOTA D.C.","URBANA","1"
"02/02/2023","05","ANTIOQUIA","05887","YARUMAL","RURAL","1"
"01/02/2023","05","ANTIOQUIA","05893","YONDO","URBANA","1"
"01/02/2023","68","SANTANDER","68081","BARRANCABERMEJA","URBANA","1"
"01/02/2023","47","MAGDALENA","47660","SABANAS DE SAN ANGEL","URBANA","1"
"01/02/2023","05","ANTIOQUIA","05893","YONDO","URBANA","1"
"01/02/2023","27","CHOCO","27025","ALTO BAUDO","RURAL","1"
"01/02/2023","05","ANTIOQUIA","05858","VEGACHI","RURAL","1"
"30/01/2023","52","NARIÑO","52621","ROBERTO PAYAN","URBANA","1"
"30/01/2023","52","NARIÑO","52233","CUMBITARA","RURAL","1"
"30/01/2023","54","NORTE DE SANTANDER","54670","SAN CALIXTO","URBANA","1"
"30/01/2023","54","NORTE DE SANTANDER","54810","TIBU","RURAL","1"
"29/01/2023","54","NORTE DE SANTANDER","54810","TIBU","RURAL","1"
"28/01/2023","47","MAGDALENA","47053","ARACATACA","URBANA","1"
"28/01/2023","08","ATLANTICO","08001","BARRANQUILLA","URBANA","1"
"27/01/2023","68","SANTANDER","68081","BARRANCABERMEJA","URBANA","1"
"27/01/2023","19","CAUCA","19110","BUENOS AIRES","RURAL","1"
"26/01/2023","76","VALLE DEL CAUCA","76001","CALI","URBANA","1"
"26/01/2023","19","CAUCA","19256","EL TAMBO","URBANA","1"
"25/01/2023","05","ANTIOQUIA","05310","GOMEZ PLATA","URBANA","1"
"24/01/2023","19","CAUCA","19780","SUAREZ","URBANA","1"
"24/01/2023","05","ANTIOQUIA","05873","VIGIA DEL FUERTE","URBANA","1"
"24/01/2023","27","CHOCO","27491","NOVITA","RURAL","1"
"23/01/2023","54","NORTE DE SANTANDER","54385","LA ESPERANZA","RURAL","1"
"23/01/2023","05","ANTIOQUIA","05480","MUTATA","URBANA","1"
"23/01/2023","05","ANTIOQUIA","05480","MUTATA","URBANA","1"
"23/01/2023","47","MAGDALENA","47570","PUEBLOVIEJO","URBANA","1"
"23/01/2023","47","MAGDALENA","47605","REMOLINO","URBANA","1"
"23/01/2023","70","SUCRE","70713","SAN ONOFRE","URBANA","1"
"23/01/2023","23","CORDOBA","23815","TUCHIN","URBANA","1"
"23/01/2023","47","MAGDALENA","47288","FUNDACION","URBANA","1"
"23/01/2023","13","BOLIVAR","13458","MONTECRISTO","URBANA","1"
"23/01/2023","23","CORDOBA","23001","MONTERIA","RURAL","1"
"23/01/2023","05","ANTIOQUIA","05120","CACERES","RURAL","1"
"23/01/2023","70","SUCRE","70215","COROZAL","URBANA","1"
"23/01/2023","13","BOLIVAR","13244","EL CARMEN DE BOLIVAR","URBANA","1"
"23/01/2023","13","BOLIVAR","13468","SANTA CRUZ DE MOMPOX","RURAL","1"
"22/01/2023","27","CHOCO","27025","ALTO BAUDO","URBANA","1"
"22/01/2023","13","BOLIVAR","13001","CARTAGENA DE INDIAS","URBANA","1"
"22/01/2023","54","NORTE DE SANTANDER","54001","CUCUTA","URBANA","1"
"22/01/2023","27","CHOCO","27025","ALTO BAUDO","RURAL","1"
"22/01/2023","05","ANTIOQUIA","05040","ANORI","URBANA","1"
"21/01/2023","52","NARIÑO","52256","EL ROSARIO","RURAL","1"
"21/01/2023","52","NARIÑO","52405","LEIVA","URBANA","1"
"21/01/2023","05","ANTIOQUIA","05040","ANORI","URBANA","1"
"20/01/2023","47","MAGDALENA","47170","CHIVOLO","URBANA","1"
"20/01/2023","47","MAGDALENA","47170","CHIVOLO","URBANA","1"
"20/01/2023","54","NORTE DE SANTANDER","54810","TIBU","RURAL","1"
"19/01/2023","05","ANTIOQUIA","05647","SAN ANDRES DE CUERQUIA","RURAL","1"
"18/01/2023","54","NORTE DE SANTANDER","54670","SAN CALIXTO","URBANA","1"
"18/01/2023","76","VALLE DEL CAUCA","76364","JAMUNDI","URBANA","1"
"17/01/2023","19","CAUCA","19075","BALBOA","URBANA","1"
"15/01/2023","52","NARIÑO","52835","SAN ANDRES DE TUMACO","URBANA","1"
"15/01/2023","13","BOLIVAR","13670","SAN PABLO","URBANA","1"
"15/01/2023","08","ATLANTICO","08758","SOLEDAD","URBANA","1"
"15/01/2023","08","ATLANTICO","08758","SOLEDAD","URBANA","1"
"14/01/2023","52","NARIÑO","52835","SAN ANDRES DE TUMACO","URBANA","1"
"11/01/2023","54","NORTE DE SANTANDER","54344","HACARI","RURAL","1"
"11/01/2023","27","CHOCO","27001","QUIBDO","URBANA","1"
"10/01/2023","13","BOLIVAR","13667","SAN MARTIN DE LOBA","URBANA","1"
"09/01/2023","19","CAUCA","19212","CORINTO","URBANA","1"
"08/01/2023","76","VALLE DEL CAUCA","76001","CALI","URBANA","1"
"04/01/2023","05","ANTIOQUIA","05234","DABEIBA","URBANA","1"
"03/01/2023","27","CHOCO","27001","QUIBDO","URBANA","1"
"03/01/2023","19","CAUCA","19780","SUAREZ","URBANA","1"
"02/01/2023","11","BOGOTA D.C.","11001","BOGOTA D.C.","URBANA","1"
"02/01/2023","27","CHOCO","27361","ISTMINA","RURAL","1"
"31/12/2022","19","CAUCA","19532","PATIA","URBANA","1"
"30/12/2022","19","CAUCA","19455","MIRANDA","URBANA","1"
"29/12/2022","19","CAUCA","19110","BUENOS AIRES","URBANA","1"
"29/12/2022","19","CAUCA","19110","BUENOS AIRES","RURAL","1"
"29/12/2022","19","CAUCA","19130","CAJIBIO","URBANA","1"
"27/12/2022","15","BOYACA","15368","JERICO","URBANA","1"
"24/12/2022","68","SANTANDER","68081","BARRANCABERMEJA","URBANA","1"
"24/12/2022","11","BOGOTA D.C.","11001","BOGOTA D.C.","URBANA","1"
"22/12/2022","76","VALLE DEL CAUCA","76001","CALI","URBANA","1"
"22/12/2022","50","META","50001","VILLAVICENCIO","URBANA","1"
"21/12/2022","19","CAUCA","19698","SANTANDER DE QUILICHAO","RURAL","1"
"21/12/2022","19","CAUCA","19698","SANTANDER DE QUILICHAO","URBANA","1"
"21/12/2022","76","VALLE DEL CAUCA","76364","JAMUNDI","RURAL","1"
"21/12/2022","76","VALLE DEL CAUCA","76364","JAMUNDI","URBANA","1"
"20/12/2022","19","CAUCA","19807","TIMBIO","URBANA","1"
"19/12/2022","27","CHOCO","27001","QUIBDO","URBANA","1"
"17/12/2022","85","CASANARE","85162","MONTERREY","RURAL","1"
"15/12/2022","54","NORTE DE SANTANDER","54498","OCAÑA","RURAL","1"
"11/12/2022","19","CAUCA","19532","PATIA","URBANA","1"
"11/12/2022","50","META","50001","VILLAVICENCIO","URBANA","1"
"10/12/2022","19","CAUCA","19698","SANTANDER DE QUILICHAO","URBANA","1"
"09/12/2022","25","CUNDINAMARCA","25754","SOACHA","URBANA","1"
"06/12/2022","47","MAGDALENA","47692","SAN SEBASTIAN DE BUENAVISTA","URBANA","1"
"06/12/2022","19","CAUCA","19110","BUENOS AIRES","URBANA","1"
"06/12/2022","52","NARIÑO","52835","SAN ANDRES DE TUMACO","URBANA","1"
"05/12/2022","19","CAUCA","19075","BALBOA","RURAL","1"
"04/12/2022","20","CESAR","20001","VALLEDUPAR","URBANA","1"
"03/12/2022","13","BOLIVAR","13667","SAN MARTIN DE LOBA","RURAL","1"
"03/12/2022","52","NARIÑO","52227","CUMBAL","URBANA","1"
"02/12/2022","52","NARIÑO","52079","BARBACOAS","URBANA","1"
"02/12/2022","20","CESAR","20001","VALLEDUPAR","URBANA","1"
"30/11/2022","18","CAQUETA","18756","SOLANO","URBANA","1"
"29/11/2022","19","CAUCA","19532","PATIA","URBANA","1"
"28/11/2022","76","VALLE DEL CAUCA","76001","CALI","URBANA","1"
"28/11/2022","95","GUAVIARE","95001","SAN JOSE DEL GUAVIARE","URBANA","1"
"22/11/2022","05","ANTIOQUIA","05001","MEDELLIN","URBANA","1"
"21/11/2022","54","NORTE DE SANTANDER","54109","BUCARASICA","RURAL","1"
"21/11/2022","54","NORTE DE SANTANDER","54498","OCAÑA","URBANA","1"
"20/11/2022","81","ARAUCA","81736","SARAVENA","URBANA","1"
"20/11/2022","81","ARAUCA","81736","SARAVENA","URBANA","1"
"19/11/2022","81","ARAUCA","81065","ARAUQUITA","URBANA","1"
"19/11/2022","66","RISARALDA","66572","PUEBLO RICO","RURAL","1"
"19/11/2022","05","ANTIOQUIA","05887","YARUMAL","RURAL","1"
"19/11/2022","81","ARAUCA","81736","SARAVENA","URBANA","1"
"17/11/2022","81","ARAUCA","81794","TAME","URBANA","1"
"16/11/2022","68","SANTANDER","68081","BARRANCABERMEJA","URBANA","1"
"15/11/2022","81","ARAUCA","81736","SARAVENA","URBANA","1"
"15/11/2022","54","NORTE DE SANTANDER","54720","SARDINATA","RURAL","1"
"13/11/2022","81","ARAUCA","81736","SARAVENA","URBANA","1"
"13/11/2022","81","ARAUCA","81736","SARAVENA","URBANA","1"
"12/11/2022","52","NARIÑO","52835","SAN ANDRES DE TUMACO","URBANA","1"
"12/11/2022","52","NARIÑO","52835","SAN ANDRES DE TUMACO","RURAL","1"
"10/11/2022","13","BOLIVAR","13490","NOROSI","RURAL","1"
"09/11/2022","50","META","50568","PUERTO GAITAN","RURAL","1"
"08/11/2022","13","BOLIVAR","13440","MARGARITA","RURAL","1"
"07/11/2022","68","SANTANDER","68081","BARRANCABERMEJA","URBANA","1"
"07/11/2022","27","CHOCO","27001","QUIBDO","URBANA","1"
"05/11/2022","05","ANTIOQUIA","05001","MEDELLIN","URBANA","1"
"04/11/2022","27","CHOCO","27001","QUIBDO","URBANA","1"
"01/11/2022","13","BOLIVAR","13030","ALTOS DEL ROSARIO","RURAL","1"
"01/11/2022","54","NORTE DE SANTANDER","54810","TIBU","URBANA","1"
"01/11/2022","54","NORTE DE SANTANDER","54810","TIBU","URBANA","1"
"29/10/2022","47","MAGDALENA","47288","FUNDACION","URBANA","1"
"28/10/2022","13","BOLIVAR","13667","SAN MARTIN DE LOBA","RURAL","1"
"27/10/2022","76","VALLE DEL CAUCA","76364","JAMUNDI","URBANA","1"
"27/10/2022","27","CHOCO","27001","QUIBDO","URBANA","1"
"27/10/2022","81","ARAUCA","81736","SARAVENA","URBANA","1"
"27/10/2022","54","NORTE DE SANTANDER","54820","TOLEDO","RURAL","1"
"27/10/2022","18","CAQUETA","18753","SAN VICENTE DEL CAGUAN","RURAL","1"
"26/10/2022","70","SUCRE","70001","SINCELEJO","URBANA","1"
"26/10/2022","70","SUCRE","70001","SINCELEJO","URBANA","1"
"26/10/2022","70","SUCRE","70001","SINCELEJO","URBANA","1"
"26/10/2022","70","SUCRE","70001","SINCELEJO","URBANA","1"
"24/10/2022","54","NORTE DE SANTANDER","54003","ABREGO","RURAL","1"
"24/10/2022","27","CHOCO","27001","QUIBDO","URBANA","1"
"24/10/2022","81","ARAUCA","81736","SARAVENA","URBANA","1"
"23/10/2022","05","ANTIOQUIA","05212","COPACABANA","RURAL","1"
"22/10/2022","08","ATLANTICO","08758","SOLEDAD","URBANA","1"
"22/10/2022","52","NARIÑO","52250","EL CHARCO","URBANA","1"
"20/10/2022","27","CHOCO","27075","BAHIA SOLANO","URBANA","1"
"20/10/2022","27","CHOCO","27001","QUIBDO","URBANA","1"
"19/10/2022","27","CHOCO","27450","MEDIO SAN JUAN","URBANA","1"
"18/10/2022","27","CHOCO","27245","EL CARMEN DE ATRATO","RURAL","1"
"18/10/2022","70","SUCRE","70508","OVEJAS","URBANA","1"
"17/10/2022","27","CHOCO","27001","QUIBDO","URBANA","1"
"17/10/2022","54","NORTE DE SANTANDER","54498","OCAÑA","URBANA","1"
"14/10/2022","70","SUCRE","70508","OVEJAS","RURAL","1"
"13/10/2022","52","NARIÑO","52227","CUMBAL","URBANA","1"
"12/10/2022","05","ANTIOQUIA","05604","REMEDIOS","RURAL","1"
"10/10/2022","27","CHOCO","27001","QUIBDO","URBANA","1"
"10/10/2022","27","CHOCO","27001","QUIBDO","URBANA","1"
"08/10/2022","27","CHOCO","27001","QUIBDO","URBANA","1"
"07/10/2022","27","CHOCO","27001","QUIBDO","URBANA","1"
"07/10/2022","54","NORTE DE SANTANDER","54810","TIBU","RURAL","1"
"07/10/2022","11","BOGOTA D.C.","11001","BOGOTA D.C.","URBANA","1"
"07/10/2022","27","CHOCO","27450","MEDIO SAN JUAN","URBANA","1"
"03/10/2022","54","NORTE DE SANTANDER","54245","EL CARMEN","URBANA","1"
"01/10/2022","05","ANTIOQUIA","05893","YONDO","URBANA","1"
"27/09/2022","27","CHOCO","27450","MEDIO SAN JUAN","RURAL","1"
"27/09/2022","54","NORTE DE SANTANDER","54344","HACARI","RURAL","1"
"24/09/2022","19","CAUCA","19300","GUACHENE","RURAL","1"
"23/09/2022","76","VALLE DEL CAUCA","76892","YUMBO","URBANA","1"
"21/09/2022","05","ANTIOQUIA","05736","SEGOVIA","RURAL","1"
"17/09/2022","27","CHOCO","27001","QUIBDO","URBANA","1"
"17/09/2022","54","NORTE DE SANTANDER","54720","SARDINATA","RURAL","1"
"16/09/2022","54","NORTE DE SANTANDER","54720","SARDINATA","RURAL","1"
"15/09/2022","05","ANTIOQUIA","05154","CAUCASIA","URBANA","1"
"14/09/2022","05","ANTIOQUIA","05001","MEDELLIN","URBANA","1"
"12/09/2022","19","CAUCA","19050","ARGELIA","URBANA","1"
"12/09/2022","19","CAUCA","19698","SANTANDER DE QUILICHAO","URBANA","1"
"12/09/2022","19","CAUCA","19698","SANTANDER DE QUILICHAO","URBANA","1"
"12/09/2022","18","CAQUETA","18592","PUERTO RICO","RURAL","1"
"08/09/2022","95","GUAVIARE","95015","CALAMAR","URBANA","1"
"05/09/2022","54","NORTE DE SANTANDER","54800","TEORAMA","RURAL","1"
"04/09/2022","23","CORDOBA","23580","PUERTO LIBERTADOR","URBANA","1"
"04/09/2022","76","VALLE DEL CAUCA","76001","CALI","URBANA","1"
"04/09/2022","19","CAUCA","19517","PAEZ","URBANA","1"
"03/09/2022","05","ANTIOQUIA","05120","CACERES","RURAL","1"
"02/09/2022","05","ANTIOQUIA","05736","SEGOVIA","RURAL","1"
"02/09/2022","41","HUILA","41001","NEIVA","RURAL","1"
"31/08/2022","13","BOLIVAR","13655","SAN JACINTO DEL CAUCA","RURAL","1"
"30/08/2022","73","TOLIMA","73563","PRADO","URBANA","1"
"27/08/2022","68","SANTANDER","68001","BUCARAMANGA","URBANA","1"
"26/08/2022","27","CHOCO","27001","QUIBDO","URBANA","1"
"25/08/2022","50","META","50568","PUERTO GAITAN","RURAL","1"
"23/08/2022","27","CHOCO","27001","QUIBDO","URBANA","1"
"23/08/2022","47","MAGDALENA","47053","ARACATACA","URBANA","1"
"21/08/2022","27","CHOCO","27450","MEDIO SAN JUAN","URBANA","1"
"21/08/2022","50","META","50251","EL CASTILLO","URBANA","1"
"19/08/2022","54","NORTE DE SANTANDER","54720","SARDINATA","URBANA","1"
"19/08/2022","54","NORTE DE SANTANDER","54720","SARDINATA","URBANA","1"
"18/08/2022","54","NORTE DE SANTANDER","54250","EL TARRA","URBANA","1"
"17/08/2022","19","CAUCA","19022","ALMAGUER","URBANA","1"
"17/08/2022","19","CAUCA","19698","SANTANDER DE QUILICHAO","RURAL","1"
"12/08/2022","85","CASANARE","85125","HATO COROZAL","RURAL","1"
"12/08/2022","27","CHOCO","27450","MEDIO SAN JUAN","RURAL","1"
"11/08/2022","81","ARAUCA","81736","SARAVENA","URBANA","1"
"10/08/2022","27","CHOCO","27001","QUIBDO","URBANA","1"
"09/08/2022","86","PUTUMAYO","86569","PUERTO CAICEDO","RURAL","1"
"08/08/2022","47","MAGDALENA","47189","CIENAGA","URBANA","1"
"07/08/2022","54","NORTE DE SANTANDER","54810","TIBU","URBANA","1"
"07/08/2022","27","CHOCO","27001","QUIBDO","URBANA","1"
"05/08/2022","27","CHOCO","27001","QUIBDO","URBANA","1"
"05/08/2022","54","NORTE DE SANTANDER","54810","TIBU","URBANA","1"
"05/08/2022","47","MAGDALENA","47001","SANTA MARTA","URBANA","1"
"04/08/2022","27","CHOCO","27001","QUIBDO","URBANA","1"
"04/08/2022","54","NORTE DE SANTANDER","54003","ABREGO","RURAL","1"
"04/08/2022","05","ANTIOQUIA","05736","SEGOVIA","URBANA","1"
"04/08/2022","19","CAUCA","19075","BALBOA","URBANA","1"
"04/08/2022","27","CHOCO","27430","MEDIO BAUDO","RURAL","1"
"03/08/2022","70","SUCRE","70400","LA UNION","URBANA","1"
"02/08/2022","27","CHOCO","27615","RIOSUCIO","URBANA","1"
"02/08/2022","05","ANTIOQUIA","05120","CACERES","RURAL","1"
"01/08/2022","13","BOLIVAR","13212","CORDOBA","RURAL","1"
"01/08/2022","70","SUCRE","70001","SINCELEJO","URBANA","1"
"31/07/2022","54","NORTE DE SANTANDER","54720","SARDINATA","URBANA","1"
"31/07/2022","54","NORTE DE SANTANDER","54810","TIBU","URBANA","1"
"31/07/2022","73","TOLIMA","73349","HONDA","URBANA","1"
"29/07/2022","27","CHOCO","27001","QUIBDO","URBANA","1"
"29/07/2022","19","CAUCA","19001","POPAYAN","URBANA","1"
"29/07/2022","19","CAUCA","19001","POPAYAN","URBANA","1"
"29/07/2022","23","CORDOBA","23807","TIERRALTA","RURAL","1"
"29/07/2022","23","CORDOBA","23807","TIERRALTA","RURAL","1"
"28/07/2022","54","NORTE DE SANTANDER","54250","EL TARRA","URBANA","1"
"28/07/2022","52","NARIÑO","52835","SAN ANDRES DE TUMACO","URBANA","1"
"28/07/2022","76","VALLE DEL CAUCA","76834","TULUA","URBANA","1"
"28/07/2022","70","SUCRE","70265","GUARANDA","URBANA","1"
"28/07/2022","05","ANTIOQUIA","05854","VALDIVIA","URBANA","1"
"27/07/2022","05","ANTIOQUIA","05172","CHIGORODO","URBANA","1"
"26/07/2022","20","CESAR","20383","LA GLORIA","RURAL","1"
"26/07/2022","20","CESAR","20383","LA GLORIA","RURAL","1"
"26/07/2022","54","NORTE DE SANTANDER","54250","EL TARRA","URBANA","1"
"26/07/2022","05","ANTIOQUIA","05001","MEDELLIN","URBANA","1"
"25/07/2022","27","CHOCO","27025","ALTO BAUDO","RURAL","1"
"25/07/2022","19","CAUCA","19142","CALOTO","RURAL","1"
"24/07/2022","54","NORTE DE SANTANDER","54250","EL TARRA","URBANA","1"
"24/07/2022","54","NORTE DE SANTANDER","54810","TIBU","URBANA","1"
"24/07/2022","19","CAUCA","19142","CALOTO","RURAL","1"
"24/07/2022","70","SUCRE","70708","SAN MARCOS","URBANA","1"
"24/07/2022","05","ANTIOQUIA","05895","ZARAGOZA","RURAL","1"
"24/07/2022","47","MAGDALENA","47980","ZONA BANANERA","RURAL","1"
"23/07/2022","05","ANTIOQUIA","05113","BURITICA","RURAL","1"
"23/07/2022","13","BOLIVAR","13300","HATILLO DE LOBA","RURAL","1"
"22/07/2022","27","CHOCO","27001","QUIBDO","URBANA","1"
"22/07/2022","05","ANTIOQUIA","05736","SEGOVIA","RURAL","1"
"22/07/2022","81","ARAUCA","81001","ARAUCA","URBANA","1"
"21/07/2022","05","ANTIOQUIA","05250","EL BAGRE","URBANA","1"
"21/07/2022","27","CHOCO","27361","ISTMINA","RURAL","1"
"21/07/2022","23","CORDOBA","23417","LORICA","RURAL","1"
"21/07/2022","70","SUCRE","70678","SAN BENITO ABAD","RURAL","1"
"20/07/2022","54","NORTE DE SANTANDER","54250","EL TARRA","URBANA","1"
"20/07/2022","23","CORDOBA","23555","PLANETA RICA","URBANA","1"
"20/07/2022","27","CHOCO","27001","QUIBDO","URBANA","1"
"20/07/2022","13","BOLIVAR","13001","CARTAGENA DE INDIAS","URBANA","1"
"20/07/2022","13","BOLIVAR","13001","CARTAGENA DE INDIAS","URBANA","1"
"20/07/2022","47","MAGDALENA","47555","PLATO","URBANA","1"
"20/07/2022","19","CAUCA","19780","SUAREZ","RURAL","1"
"19/07/2022","13","BOLIVAR","13442","MARIA LA BAJA","URBANA","1"
"19/07/2022","13","BOLIVAR","13654","SAN JACINTO","URBANA","1"
"19/07/2022","70","SUCRE","70001","SINCELEJO","URBANA","1"
"19/07/2022","23","CORDOBA","23855","VALENCIA","URBANA","1"
"18/07/2022","27","CHOCO","27361","ISTMINA","URBANA","1"
"18/07/2022","70","SUCRE","70678","SAN BENITO ABAD","URBANA","1"
"17/07/2022","19","CAUCA","19532","PATIA","URBANA","1"
"17/07/2022","05","ANTIOQUIA","05138","CAÑASGORDAS","URBANA","1"
"17/07/2022","27","CHOCO","27361","ISTMINA","URBANA","1"
"17/07/2022","05","ANTIOQUIA","05842","URAMITA","RURAL","1"
"16/07/2022","54","NORTE DE SANTANDER","54810","TIBU","URBANA","1"
"16/07/2022","05","ANTIOQUIA","05113","BURITICA","RURAL","1"
"15/07/2022","27","CHOCO","27001","QUIBDO","URBANA","1"
"15/07/2022","13","BOLIVAR","13442","MARIA LA BAJA","URBANA","1"
"15/07/2022","23","CORDOBA","23001","MONTERIA","RURAL","1"
"14/07/2022","54","NORTE DE SANTANDER","54800","TEORAMA","URBANA","1"
"14/07/2022","05","ANTIOQUIA","05113","BURITICA","RURAL","1"
"13/07/2022","54","NORTE DE SANTANDER","54001","CUCUTA","URBANA","1"
"13/07/2022","13","BOLIVAR","13600","RIO VIEJO","RURAL","1"
"13/07/2022","52","NARIÑO","52835","SAN ANDRES DE TUMACO","URBANA","1"
"12/07/2022","54","NORTE DE SANTANDER","54720","SARDINATA","RURAL","1"
"12/07/2022","27","CHOCO","27001","QUIBDO","URBANA","1"
"10/07/2022","54","NORTE DE SANTANDER","54810","TIBU","URBANA","1"
"09/07/2022","05","ANTIOQUIA","05790","TARAZA","URBANA","1"
"09/07/2022","19","CAUCA","19760","SOTARA PAISPAMBA","URBANA","1"
"08/07/2022","05","ANTIOQUIA","05120","CACERES","URBANA","1"
"07/07/2022","54","NORTE DE SANTANDER","54810","TIBU","RURAL","1"
"07/07/2022","05","ANTIOQUIA","05736","SEGOVIA","RURAL","1"
"06/07/2022","50","META","50330","MESETAS","RURAL","1"
"05/07/2022","54","NORTE DE SANTANDER","54810","TIBU","URBANA","1"
"04/07/2022","54","NORTE DE SANTANDER","54810","TIBU","URBANA","1"
"04/07/2022","70","SUCRE","70508","OVEJAS","URBANA","1"
"04/07/2022","05","ANTIOQUIA","05604","REMEDIOS","RURAL","1"
"03/07/2022","13","BOLIVAR","13430","MAGANGUE","URBANA","1"
"30/06/2022","68","SANTANDER","68190","CIMITARRA","RURAL","1"
"28/06/2022","68","SANTANDER","68081","BARRANCABERMEJA","URBANA","1"
"27/06/2022","05","ANTIOQUIA","05361","ITUANGO","RURAL","1"
"26/06/2022","70","SUCRE","70823","SAN JOSE DE TOLUVIEJO","URBANA","1"
"21/06/2022","05","ANTIOQUIA","05284","FRONTINO","URBANA","1"
"19/06/2022","54","NORTE DE SANTANDER","54250","EL TARRA","RURAL","1"
"17/06/2022","81","ARAUCA","81736","SARAVENA","URBANA","1"
"16/06/2022","54","NORTE DE SANTANDER","54810","TIBU","RURAL","1"
"16/06/2022","19","CAUCA","19780","SUAREZ","URBANA","1"
"15/06/2022","05","ANTIOQUIA","05040","ANORI","RURAL","1"
"15/06/2022","85","CASANARE","85001","YOPAL","URBANA","1"
"15/06/2022","19","CAUCA","19001","POPAYAN","RURAL","1"
"13/06/2022","54","NORTE DE SANTANDER","54001","CUCUTA","URBANA","1"
"10/06/2022","05","ANTIOQUIA","05854","VALDIVIA","URBANA","1"
"08/06/2022","52","NARIÑO","52612","RICAURTE","URBANA","1"
"08/06/2022","76","VALLE DEL CAUCA","76364","JAMUNDI","URBANA","1"
"07/06/2022","52","NARIÑO","52435","MALLAMA","URBANA","1"
"07/06/2022","52","NARIÑO","52435","MALLAMA","URBANA","1"
"05/06/2022","54","NORTE DE SANTANDER","54001","CUCUTA","URBANA","1"
"05/06/2022","19","CAUCA","19001","POPAYAN","URBANA","1"
"02/06/2022","05","ANTIOQUIA","05604","REMEDIOS","RURAL","1"
"01/06/2022","47","MAGDALENA","47053","ARACATACA","URBANA","1"
"01/06/2022","54","NORTE DE SANTANDER","54810","TIBU","RURAL","1"
"31/05/2022","86","PUTUMAYO","86320","ORITO","URBANA","1"
"29/05/2022","50","META","50350","LA MACARENA","RURAL","1"
"27/05/2022","85","CASANARE","85125","HATO COROZAL","URBANA","1"
"26/05/2022","19","CAUCA","19698","SANTANDER DE QUILICHAO","RURAL","1"
"26/05/2022","47","MAGDALENA","47980","ZONA BANANERA","RURAL","1"
"24/05/2022","05","ANTIOQUIA","05040","ANORI","URBANA","1"
"24/05/2022","27","CHOCO","27787","TADO","URBANA","1"
"20/05/2022","81","ARAUCA","81794","TAME","URBANA","1"
"19/05/2022","54","NORTE DE SANTANDER","54344","HACARI","RURAL","1"
"19/05/2022","05","ANTIOQUIA","05001","MEDELLIN","URBANA","1"
"19/05/2022","81","ARAUCA","81065","ARAUQUITA","URBANA","1"
"19/05/2022","54","NORTE DE SANTANDER","54810","TIBU","URBANA","1"
"18/05/2022","52","NARIÑO","52079","BARBACOAS","URBANA","1"
"18/05/2022","54","NORTE DE SANTANDER","54810","TIBU","URBANA","1"
"17/05/2022","50","META","50711","VISTAHERMOSA","RURAL","1"
"17/05/2022","05","ANTIOQUIA","05107","BRICEÑO","RURAL","1"
"16/05/2022","23","CORDOBA","23001","MONTERIA","URBANA","1"
"14/05/2022","05","ANTIOQUIA","05361","ITUANGO","URBANA","1"
"14/05/2022","41","HUILA","41615","RIVERA","URBANA","1"
"14/05/2022","13","BOLIVAR","13458","MONTECRISTO","RURAL","1"
"13/05/2022","13","BOLIVAR","13458","MONTECRISTO","RURAL","1"
"12/05/2022","19","CAUCA","19142","CALOTO","URBANA","1"
"12/05/2022","05","ANTIOQUIA","05885","YALI","RURAL","1"
"12/05/2022","05","ANTIOQUIA","05615","RIONEGRO","URBANA","1"
"12/05/2022","05","ANTIOQUIA","05615","RIONEGRO","URBANA","1"
"11/05/2022","54","NORTE DE SANTANDER","54810","TIBU","RURAL","1"
"11/05/2022","05","ANTIOQUIA","05113","BURITICA","RURAL","1"
"11/05/2022","47","MAGDALENA","47001","SANTA MARTA","URBANA","1"
"10/05/2022","44","LA GUAJIRA","44001","RIOHACHA","URBANA","1"
"10/05/2022","47","MAGDALENA","47980","ZONA BANANERA","RURAL","1"
"10/05/2022","05","ANTIOQUIA","05361","ITUANGO","URBANA","1"
"10/05/2022","05","ANTIOQUIA","05615","RIONEGRO","URBANA","1"
"09/05/2022","05","ANTIOQUIA","05250","EL BAGRE","RURAL","1"
"09/05/2022","50","META","50370","URIBE","URBANA","1"
"09/05/2022","05","ANTIOQUIA","05138","CAÑASGORDAS","RURAL","1"
"08/05/2022","05","ANTIOQUIA","05138","CAÑASGORDAS","URBANA","1"
"08/05/2022","05","ANTIOQUIA","05240","EBEJICO","RURAL","1"
"08/05/2022","23","CORDOBA","23079","BUENAVISTA","RURAL","1"
"08/05/2022","23","CORDOBA","23300","COTORRA","RURAL","1"
"08/05/2022","47","MAGDALENA","47460","NUEVA GRANADA","RURAL","1"
"08/05/2022","05","ANTIOQUIA","05664","SAN PEDRO DE LOS MILAGROS","URBANA","1"
"08/05/2022","23","CORDOBA","23555","PLANETA RICA","URBANA","1"
"08/05/2022","27","CHOCO","27001","QUIBDO","URBANA","1"
"08/05/2022","70","SUCRE","70742","SAN LUIS DE SINCE","URBANA","1"
"08/05/2022","05","ANTIOQUIA","05664","SAN PEDRO DE LOS MILAGROS","URBANA","1"
"08/05/2022","05","ANTIOQUIA","05761","SOPETRAN","RURAL","1"
"08/05/2022","05","ANTIOQUIA","05858","VEGACHI","URBANA","1"
"07/05/2022","76","VALLE DEL CAUCA","76109","BUENAVENTURA","RURAL","1"
"07/05/2022","20","CESAR","20011","AGUACHICA","RURAL","1"
"07/05/2022","20","CESAR","20060","BOSCONIA","URBANA","1"
"07/05/2022","05","ANTIOQUIA","05234","DABEIBA","RURAL","1"
"07/05/2022","05","ANTIOQUIA","05237","DONMATIAS","URBANA","1"
"07/05/2022","05","ANTIOQUIA","05284","FRONTINO","RURAL","1"
"07/05/2022","05","ANTIOQUIA","05306","GIRALDO","RURAL","1"
"07/05/2022","05","ANTIOQUIA","05670","SAN ROQUE","RURAL","1"
"07/05/2022","70","SUCRE","70001","SINCELEJO","URBANA","1"
"07/05/2022","05","ANTIOQUIA","05790","TARAZA","RURAL","1"
"07/05/2022","05","ANTIOQUIA","05842","URAMITA","RURAL","1"
"07/05/2022","05","ANTIOQUIA","05890","YOLOMBO","URBANA","1"
"07/05/2022","23","CORDOBA","23079","BUENAVISTA","URBANA","1"
"07/05/2022","54","NORTE DE SANTANDER","54001","CUCUTA","URBANA","1"
"07/05/2022","23","CORDOBA","23670","SAN ANDRES DE SOTAVENTO","URBANA","1"
"07/05/2022","23","CORDOBA","23807","TIERRALTA","URBANA","1"
"07/05/2022","23","CORDOBA","23855","VALENCIA","RURAL","1"
"06/05/2022","05","ANTIOQUIA","05837","TURBO","URBANA","1"
"06/05/2022","05","ANTIOQUIA","05895","ZARAGOZA","RURAL","1"
"06/05/2022","18","CAQUETA","18001","FLORENCIA","RURAL","1"
"06/05/2022","70","SUCRE","70001","SINCELEJO","URBANA","1"
"06/05/2022","05","ANTIOQUIA","05761","SOPETRAN","URBANA","1"
"06/05/2022","05","ANTIOQUIA","05761","SOPETRAN","RURAL","1"
"06/05/2022","05","ANTIOQUIA","05847","URRAO","RURAL","1"
"06/05/2022","05","ANTIOQUIA","05854","VALDIVIA","URBANA","1"
"06/05/2022","20","CESAR","20001","VALLEDUPAR","RURAL","1"
"06/05/2022","20","CESAR","20001","VALLEDUPAR","RURAL","1"
"06/05/2022","05","ANTIOQUIA","05885","YALI","URBANA","1"
"06/05/2022","76","VALLE DEL CAUCA","76109","BUENAVENTURA","RURAL","1"
"06/05/2022","05","ANTIOQUIA","05113","BURITICA","RURAL","1"
"06/05/2022","05","ANTIOQUIA","05209","CONCORDIA","RURAL","1"
"06/05/2022","54","NORTE DE SANTANDER","54001","CUCUTA","URBANA","1"
"06/05/2022","05","ANTIOQUIA","05234","DABEIBA","RURAL","1"
"06/05/2022","05","ANTIOQUIA","05234","DABEIBA","RURAL","1"
"06/05/2022","23","CORDOBA","23001","MONTERIA","RURAL","1"
"06/05/2022","23","CORDOBA","23555","PLANETA RICA","RURAL","1"
"06/05/2022","23","CORDOBA","23466","MONTELIBANO","URBANA","1"
"06/05/2022","05","ANTIOQUIA","05030","AMAGA","URBANA","1"
"06/05/2022","05","ANTIOQUIA","05045","APARTADO","URBANA","1"
"06/05/2022","05","ANTIOQUIA","05086","BELMIRA","RURAL","1"
"06/05/2022","27","CHOCO","27099","BOJAYA","URBANA","1"
"06/05/2022","05","ANTIOQUIA","05113","BURITICA","RURAL","1"
"06/05/2022","05","ANTIOQUIA","05138","CAÑASGORDAS","RURAL","1"
"06/05/2022","05","ANTIOQUIA","05138","CAÑASGORDAS","RURAL","1"
"06/05/2022","05","ANTIOQUIA","05138","CAÑASGORDAS","URBANA","1"
"06/05/2022","05","ANTIOQUIA","05138","CAÑASGORDAS","RURAL","1"
"06/05/2022","05","ANTIOQUIA","05138","CAÑASGORDAS","RURAL","1"
"06/05/2022","05","ANTIOQUIA","05138","CAÑASGORDAS","RURAL","1"
"06/05/2022","05","ANTIOQUIA","05147","CAREPA","URBANA","1"
"06/05/2022","20","CESAR","20178","CHIRIGUANA","RURAL","1"
"06/05/2022","05","ANTIOQUIA","05209","CONCORDIA","RURAL","1"
"06/05/2022","05","ANTIOQUIA","05209","CONCORDIA","RURAL","1"
"06/05/2022","05","ANTIOQUIA","05209","CONCORDIA","URBANA","1"
"06/05/2022","05","ANTIOQUIA","05237","DONMATIAS","URBANA","1"
"06/05/2022","05","ANTIOQUIA","05237","DONMATIAS","RURAL","1"
"06/05/2022","13","BOLIVAR","13244","EL CARMEN DE BOLIVAR","URBANA","1"
"06/05/2022","13","BOLIVAR","13244","EL CARMEN DE BOLIVAR","RURAL","1"
"06/05/2022","20","CESAR","20238","EL COPEY","RURAL","1"
"06/05/2022","05","ANTIOQUIA","05264","ENTRERRIOS","RURAL","1"
"06/05/2022","05","ANTIOQUIA","05264","ENTRERRIOS","RURAL","1"
"06/05/2022","05","ANTIOQUIA","05282","FREDONIA","RURAL","1"
"06/05/2022","05","ANTIOQUIA","05306","GIRALDO","URBANA","1"
"06/05/2022","70","SUCRE","70265","GUARANDA","URBANA","1"
"06/05/2022","70","SUCRE","70265","GUARANDA","URBANA","1"
"06/05/2022","27","CHOCO","27361","ISTMINA","URBANA","1"
"06/05/2022","05","ANTIOQUIA","05361","ITUANGO","RURAL","1"
"06/05/2022","20","CESAR","20013","AGUSTIN CODAZZI","RURAL","1"
"06/05/2022","05","ANTIOQUIA","05361","ITUANGO","RURAL","1"
"06/05/2022","05","ANTIOQUIA","05361","ITUANGO","URBANA","1"
"06/05/2022","13","BOLIVAR","13430","MAGANGUE","URBANA","1"
"06/05/2022","70","SUCRE","70429","MAJAGUAL","RURAL","1"
"06/05/2022","05","ANTIOQUIA","05001","MEDELLIN","URBANA","1"
"06/05/2022","27","CHOCO","27001","QUIBDO","URBANA","1"
"06/05/2022","05","ANTIOQUIA","05604","REMEDIOS","URBANA","1"
"06/05/2022","13","BOLIVAR","13657","SAN JUAN NEPOMUCENO","RURAL","1"
"06/05/2022","05","ANTIOQUIA","05664","SAN PEDRO DE LOS MILAGROS","RURAL","1"
"06/05/2022","05","ANTIOQUIA","05664","SAN PEDRO DE LOS MILAGROS","RURAL","1"
"06/05/2022","05","ANTIOQUIA","05664","SAN PEDRO DE LOS MILAGROS","RURAL","1"
"06/05/2022","05","ANTIOQUIA","05664","SAN PEDRO DE LOS MILAGROS","RURAL","1"
"06/05/2022","05","ANTIOQUIA","05686","SANTA ROSA DE OSOS","RURAL","1"
"06/05/2022","05","ANTIOQUIA","05042","SANTA FE DE ANTIOQUIA","RURAL","1"
"06/05/2022","05","ANTIOQUIA","05042","SANTA FE DE ANTIOQUIA","RURAL","1"
"06/05/2022","05","ANTIOQUIA","05042","SANTA FE DE ANTIOQUIA","RURAL","1"
"06/05/2022","05","ANTIOQUIA","05042","SANTA FE DE ANTIOQUIA","RURAL","1"
"06/05/2022","05","ANTIOQUIA","05042","SANTA FE DE ANTIOQUIA","URBANA","1"
"06/05/2022","05","ANTIOQUIA","05042","SANTA FE DE ANTIOQUIA","RURAL","1"
"06/05/2022","05","ANTIOQUIA","05042","SANTA FE DE ANTIOQUIA","RURAL","1"
"06/05/2022","05","ANTIOQUIA","05042","SANTA FE DE ANTIOQUIA","URBANA","1"
"06/05/2022","05","ANTIOQUIA","05042","SANTA FE DE ANTIOQUIA","RURAL","1"
"06/05/2022","05","ANTIOQUIA","05736","SEGOVIA","URBANA","1"
"06/05/2022","05","ANTIOQUIA","05736","SEGOVIA","URBANA","1"
"06/05/2022","70","SUCRE","70001","SINCELEJO","URBANA","1"
"06/05/2022","70","SUCRE","70001","SINCELEJO","URBANA","1"
"06/05/2022","70","SUCRE","70001","SINCELEJO","URBANA","1"
"06/05/2022","70","SUCRE","70001","SINCELEJO","URBANA","1"
"05/05/2022","13","BOLIVAR","13244","EL CARMEN DE BOLIVAR","RURAL","1"
"05/05/2022","13","BOLIVAR","13244","EL CARMEN DE BOLIVAR","RURAL","1"
"05/05/2022","20","CESAR","20011","AGUACHICA","RURAL","1"
"05/05/2022","05","ANTIOQUIA","05030","AMAGA","RURAL","1"
"05/05/2022","05","ANTIOQUIA","05045","APARTADO","URBANA","1"
"05/05/2022","05","ANTIOQUIA","05051","ARBOLETES","URBANA","1"
"05/05/2022","13","BOLIVAR","13074","BARRANCO DE LOBA","RURAL","1"
"05/05/2022","08","ATLANTICO","08001","BARRANQUILLA","URBANA","1"
"05/05/2022","05","ANTIOQUIA","05120","CACERES","RURAL","1"
"05/05/2022","05","ANTIOQUIA","05120","CACERES","RURAL","1"
"05/05/2022","05","ANTIOQUIA","05120","CACERES","RURAL","1"
"05/05/2022","05","ANTIOQUIA","05138","CAÑASGORDAS","RURAL","1"
"05/05/2022","05","ANTIOQUIA","05154","CAUCASIA","RURAL","1"
"05/05/2022","05","ANTIOQUIA","05154","CAUCASIA","RURAL","1"
"05/05/2022","05","ANTIOQUIA","05154","CAUCASIA","RURAL","1"
"05/05/2022","05","ANTIOQUIA","05154","CAUCASIA","RURAL","1"
"05/05/2022","05","ANTIOQUIA","05154","CAUCASIA","RURAL","1"
"05/05/2022","20","CESAR","20178","CHIRIGUANA","RURAL","1"
"05/05/2022","70","SUCRE","70215","COROZAL","URBANA","1"
"05/05/2022","70","SUCRE","70221","COVEÑAS","URBANA","1"
"05/05/2022","05","ANTIOQUIA","05234","DABEIBA","RURAL","1"
"05/05/2022","05","ANTIOQUIA","05234","DABEIBA","URBANA","1"
"05/05/2022","05","ANTIOQUIA","05237","DONMATIAS","RURAL","1"
"05/05/2022","05","ANTIOQUIA","05250","EL BAGRE","URBANA","1"
"05/05/2022","20","CESAR","20238","EL COPEY","URBANA","1"
"05/05/2022","47","MAGDALENA","47258","EL PIÑON","URBANA","1"
"05/05/2022","70","SUCRE","70265","GUARANDA","RURAL","1"
"05/05/2022","13","BOLIVAR","13300","HATILLO DE LOBA","RURAL","1"
"05/05/2022","23","CORDOBA","23350","LA APARTADA","RURAL","1"
"05/05/2022","23","CORDOBA","23350","LA APARTADA","RURAL","1"
"05/05/2022","05","ANTIOQUIA","05425","MACEO","URBANA","1"
"05/05/2022","13","BOLIVAR","13430","MAGANGUE","URBANA","1"
"05/05/2022","70","SUCRE","70429","MAJAGUAL","RURAL","1"
"05/05/2022","70","SUCRE","70429","MAJAGUAL","RURAL","1"
"05/05/2022","70","SUCRE","70429","MAJAGUAL","RURAL","1"
"05/05/2022","70","SUCRE","70429","MAJAGUAL","RURAL","1"
"05/05/2022","13","BOLIVAR","13442","MARIA LA BAJA","RURAL","1"
"05/05/2022","13","BOLIVAR","13442","MARIA LA BAJA","RURAL","1"
"05/05/2022","05","ANTIOQUIA","05490","NECOCLI","RURAL","1"
"05/05/2022","70","SUCRE","70523","PALMITO","RURAL","1"
"05/05/2022","05","ANTIOQUIA","05543","PEQUE","URBANA","1"
"05/05/2022","23","CORDOBA","23555","PLANETA RICA","RURAL","1"
"05/05/2022","23","CORDOBA","23580","PUERTO LIBERTADOR","RURAL","1"
"05/05/2022","05","ANTIOQUIA","05604","REMEDIOS","RURAL","1"
"05/05/2022","23","CORDOBA","23682","SAN JOSE DE URE","RURAL","1"
"05/05/2022","70","SUCRE","70742","SAN LUIS DE SINCE","RURAL","1"
"05/05/2022","70","SUCRE","70742","SAN LUIS DE SINCE","RURAL","1"
"05/05/2022","70","SUCRE","70713","SAN ONOFRE","RURAL","1"
"05/05/2022","05","ANTIOQUIA","05670","SAN ROQUE","RURAL","1"
"05/05/2022","05","ANTIOQUIA","05042","SANTA FE DE ANTIOQUIA","URBANA","1"
"05/05/2022","70","SUCRE","70820","SANTIAGO DE TOLU","RURAL","1"
"05/05/2022","05","ANTIOQUIA","05736","SEGOVIA","RURAL","1"
"05/05/2022","23","CORDOBA","23162","CERETE","URBANA","1"
"05/05/2022","23","CORDOBA","23300","COTORRA","RURAL","1"
"05/05/2022","23","CORDOBA","23300","COTORRA","RURAL","1"
"05/05/2022","05","ANTIOQUIA","05234","DABEIBA","RURAL","1"
"05/05/2022","05","ANTIOQUIA","05234","DABEIBA","RURAL","1"
"05/05/2022","05","ANTIOQUIA","05234","DABEIBA","RURAL","1"
"05/05/2022","20","CESAR","20238","EL COPEY","RURAL","1"
"05/05/2022","47","MAGDALENA","47288","FUNDACION","RURAL","1"
"05/05/2022","23","CORDOBA","23350","LA APARTADA","RURAL","1"
"05/05/2022","23","CORDOBA","23464","MOMIL","RURAL","1"
"05/05/2022","23","CORDOBA","23466","MONTELIBANO","URBANA","1"
"05/05/2022","23","CORDOBA","23001","MONTERIA","URBANA","1"
"05/05/2022","27","CHOCO","27615","RIOSUCIO","URBANA","1"
"05/05/2022","05","ANTIOQUIA","05042","SANTA FE DE ANTIOQUIA","RURAL","1"
"05/05/2022","05","ANTIOQUIA","05837","TURBO","URBANA","1"
"05/05/2022","23","CORDOBA","23855","VALENCIA","URBANA","1"
"05/05/2022","70","SUCRE","70001","SINCELEJO","RURAL","1"
"05/05/2022","70","SUCRE","70001","SINCELEJO","URBANA","1"
"05/05/2022","70","SUCRE","70823","SAN JOSE DE TOLUVIEJO","RURAL","1"
"05/05/2022","70","SUCRE","70823","SAN JOSE DE TOLUVIEJO","RURAL","1"
"05/05/2022","05","ANTIOQUIA","05837","TURBO","URBANA","1"
"05/05/2022","05","ANTIOQUIA","05837","TURBO","URBANA","1"
"05/05/2022","05","ANTIOQUIA","05837","TURBO","URBANA","1"
"05/05/2022","05","ANTIOQUIA","05854","VALDIVIA","RURAL","1"
"05/05/2022","05","ANTIOQUIA","05854","VALDIVIA","URBANA","1"
"05/05/2022","05","ANTIOQUIA","05858","VEGACHI","RURAL","1"
"05/05/2022","05","ANTIOQUIA","05858","VEGACHI","URBANA","1"
"05/05/2022","05","ANTIOQUIA","05858","VEGACHI","URBANA","1"
"05/05/2022","05","ANTIOQUIA","05858","VEGACHI","RURAL","1"
"05/05/2022","05","ANTIOQUIA","05858","VEGACHI","RURAL","1"
"05/05/2022","05","ANTIOQUIA","05885","YALI","RURAL","1"
"05/05/2022","05","ANTIOQUIA","05890","YOLOMBO","RURAL","1"
"05/05/2022","05","ANTIOQUIA","05895","ZARAGOZA","RURAL","1"
"05/05/2022","05","ANTIOQUIA","05895","ZARAGOZA","RURAL","1"
"05/05/2022","05","ANTIOQUIA","05895","ZARAGOZA","RURAL","1"
"04/05/2022","70","SUCRE","70215","COROZAL","RURAL","1"
"04/05/2022","70","SUCRE","70473","MORROA","URBANA","1"
"04/05/2022","70","SUCRE","70742","SAN LUIS DE SINCE","RURAL","1"
"04/05/2022","05","ANTIOQUIA","05854","VALDIVIA","URBANA","1"
"04/05/2022","76","VALLE DEL CAUCA","76001","CALI","URBANA","1"
"04/05/2022","47","MAGDALENA","47551","PIVIJAY","RURAL","1"
"04/05/2022","81","ARAUCA","81001","ARAUCA","URBANA","1"
"04/05/2022","54","NORTE DE SANTANDER","54810","TIBU","RURAL","1"
"02/05/2022","05","ANTIOQUIA","05040","ANORI","URBANA","1"
"02/05/2022","19","CAUCA","19050","ARGELIA","URBANA","1"
"02/05/2022","81","ARAUCA","81001","ARAUCA","URBANA","1"
"29/04/2022","05","ANTIOQUIA","05837","TURBO","URBANA","1"
"28/04/2022","63","QUINDIO","63130","CALARCA","RURAL","1"
"28/04/2022","11","BOGOTA D.C.","11001","BOGOTA D.C.","URBANA","1"
"28/04/2022","19","CAUCA","19001","POPAYAN","URBANA","1"
"28/04/2022","19","CAUCA","19001","POPAYAN","URBANA","1"
"28/04/2022","52","NARIÑO","52227","CUMBAL","URBANA","1"
"28/04/2022","05","ANTIOQUIA","05001","MEDELLIN","URBANA","1"
"27/04/2022","52","NARIÑO","52427","MAGÜI","URBANA","1"
"26/04/2022","05","ANTIOQUIA","05837","TURBO","RURAL","1"
"25/04/2022","85","CASANARE","85001","YOPAL","RURAL","1"
"25/04/2022","54","NORTE DE SANTANDER","54498","OCAÑA","RURAL","1"
"22/04/2022","54","NORTE DE SANTANDER","54810","TIBU","RURAL","1"
"22/04/2022","05","ANTIOQUIA","05038","ANGOSTURA","URBANA","1"
"22/04/2022","19","CAUCA","19585","PURACE","RURAL","1"
"22/04/2022","27","CHOCO","27025","ALTO BAUDO","RURAL","1"
"20/04/2022","81","ARAUCA","81001","ARAUCA","URBANA","1"
"19/04/2022","05","ANTIOQUIA","05284","FRONTINO","RURAL","1"
"19/04/2022","19","CAUCA","19050","ARGELIA","RURAL","1"
"15/04/2022","54","NORTE DE SANTANDER","54206","CONVENCION","RURAL","1"
"12/04/2022","52","NARIÑO","52227","CUMBAL","URBANA","1"
"12/04/2022","54","NORTE DE SANTANDER","54810","TIBU","RURAL","1"
"11/04/2022","50","META","50400","LEJANIAS","RURAL","1"
"11/04/2022","05","ANTIOQUIA","05040","ANORI","RURAL","1"
"11/04/2022","76","VALLE DEL CAUCA","76364","JAMUNDI","RURAL","1"
"09/04/2022","52","NARIÑO","52435","MALLAMA","URBANA","1"
"09/04/2022","52","NARIÑO","52435","MALLAMA","RURAL","1"
"08/04/2022","54","NORTE DE SANTANDER","54172","CHINACOTA","URBANA","1"
"06/04/2022","05","ANTIOQUIA","05656","SAN JERONIMO","RURAL","1"
"06/04/2022","54","NORTE DE SANTANDER","54810","TIBU","RURAL","1"
"06/04/2022","19","CAUCA","19110","BUENOS AIRES","RURAL","1"
"06/04/2022","19","CAUCA","19001","POPAYAN","RURAL","1"
"04/04/2022","54","NORTE DE SANTANDER","54398","LA PLAYA","URBANA","1"
"03/04/2022","54","NORTE DE SANTANDER","54810","TIBU","RURAL","1"
"03/04/2022","18","CAQUETA","18753","SAN VICENTE DEL CAGUAN","URBANA","1"
"02/04/2022","05","ANTIOQUIA","05038","ANGOSTURA","RURAL","1"
"02/04/2022","05","ANTIOQUIA","05038","ANGOSTURA","URBANA","1"
"02/04/2022","05","ANTIOQUIA","05038","ANGOSTURA","RURAL","1"
"01/04/2022","54","NORTE DE SANTANDER","54810","TIBU","RURAL","1"
"30/03/2022","54","NORTE DE SANTANDER","54206","CONVENCION","URBANA","1"
"30/03/2022","54","NORTE DE SANTANDER","54810","TIBU","RURAL","1"
"30/03/2022","54","NORTE DE SANTANDER","54800","TEORAMA","RURAL","1"
"30/03/2022","27","CHOCO","27077","BAJO BAUDO","RURAL","1"
"27/03/2022","05","ANTIOQUIA","05315","GUADALUPE","RURAL","1"
"27/03/2022","05","ANTIOQUIA","05038","ANGOSTURA","RURAL","1"
"26/03/2022","54","NORTE DE SANTANDER","54670","SAN CALIXTO","URBANA","1"
"26/03/2022","54","NORTE DE SANTANDER","54810","TIBU","URBANA","1"
"26/03/2022","11","BOGOTA D.C.","11001","BOGOTA D.C.","URBANA","1"
"26/03/2022","76","VALLE DEL CAUCA","76001","CALI","URBANA","1"
"26/03/2022","19","CAUCA","19318","GUAPI","URBANA","1"
"26/03/2022","19","CAUCA","19809","TIMBIQUI","URBANA","1"
"25/03/2022","54","NORTE DE SANTANDER","54344","HACARI","URBANA","1"
"25/03/2022","54","NORTE DE SANTANDER","54810","TIBU","URBANA","1"
"24/03/2022","54","NORTE DE SANTANDER","54003","ABREGO","RURAL","1"
"24/03/2022","54","NORTE DE SANTANDER","54174","CHITAGA","RURAL","1"
"23/03/2022","54","NORTE DE SANTANDER","54498","OCAÑA","RURAL","1"
"23/03/2022","54","NORTE DE SANTANDER","54206","CONVENCION","URBANA","1"
"23/03/2022","27","CHOCO","27025","ALTO BAUDO","RURAL","1"
"23/03/2022","19","CAUCA","19130","CAJIBIO","RURAL","1"
"23/03/2022","54","NORTE DE SANTANDER","54800","TEORAMA","URBANA","1"
"19/03/2022","54","NORTE DE SANTANDER","54001","CUCUTA","URBANA","1"
"18/03/2022","68","SANTANDER","68081","BARRANCABERMEJA","RURAL","1"
"17/03/2022","54","NORTE DE SANTANDER","54344","HACARI","URBANA","1"
"16/03/2022","05","ANTIOQUIA","05282","FREDONIA","RURAL","1"
"14/03/2022","05","ANTIOQUIA","05315","GUADALUPE","RURAL","1"
"14/03/2022","54","NORTE DE SANTANDER","54810","TIBU","RURAL","1"
"14/03/2022","05","ANTIOQUIA","05315","GUADALUPE","RURAL","1"
"14/03/2022","54","NORTE DE SANTANDER","54670","SAN CALIXTO","RURAL","1"
"11/03/2022","19","CAUCA","19698","SANTANDER DE QUILICHAO","RURAL","1"
"11/03/2022","27","CHOCO","27250","EL LITORAL DEL SAN JUAN","RURAL","1"
"09/03/2022","54","NORTE DE SANTANDER","54670","SAN CALIXTO","RURAL","1"
"08/03/2022","27","CHOCO","27025","ALTO BAUDO","RURAL","1"
"08/03/2022","05","ANTIOQUIA","05038","ANGOSTURA","URBANA","1"
"05/03/2022","11","BOGOTA D.C.","11001","BOGOTA D.C.","URBANA","1"
"04/03/2022","54","NORTE DE SANTANDER","54670","SAN CALIXTO","RURAL","1"
"04/03/2022","11","BOGOTA D.C.","11001","BOGOTA D.C.","URBANA","1"
"04/03/2022","54","NORTE DE SANTANDER","54670","SAN CALIXTO","RURAL","1"
"03/03/2022","41","HUILA","41001","NEIVA","URBANA","1"
"02/03/2022","54","NORTE DE SANTANDER","54261","EL ZULIA","URBANA","1"
"01/03/2022","20","CESAR","20011","AGUACHICA","URBANA","1"
"28/02/2022","54","NORTE DE SANTANDER","54250","EL TARRA","RURAL","1"
"27/02/2022","27","CHOCO","27025","ALTO BAUDO","RURAL","1"
"26/02/2022","54","NORTE DE SANTANDER","54003","ABREGO","RURAL","1"
"26/02/2022","13","BOLIVAR","13001","CARTAGENA DE INDIAS","URBANA","1"
"26/02/2022","05","ANTIOQUIA","05854","VALDIVIA","RURAL","1"
"26/02/2022","05","ANTIOQUIA","05854","VALDIVIA","URBANA","1"
"25/02/2022","52","NARIÑO","52612","RICAURTE","RURAL","1"
"25/02/2022","54","NORTE DE SANTANDER","54109","BUCARASICA","RURAL","1"
"25/02/2022","41","HUILA","41001","NEIVA","URBANA","1"
"25/02/2022","20","CESAR","20178","CHIRIGUANA","RURAL","1"
"25/02/2022","20","CESAR","20517","PAILITAS","RURAL","1"
"25/02/2022","20","CESAR","20517","PAILITAS","RURAL","1"
"25/02/2022","20","CESAR","20517","PAILITAS","RURAL","1"
"25/02/2022","76","VALLE DEL CAUCA","76233","DAGUA","RURAL","1"
"25/02/2022","52","NARIÑO","52612","RICAURTE","RURAL","1"
"25/02/2022","05","ANTIOQUIA","05854","VALDIVIA","URBANA","1"
"25/02/2022","05","ANTIOQUIA","05854","VALDIVIA","RURAL","1"
"25/02/2022","05","ANTIOQUIA","05854","VALDIVIA","RURAL","1"
"25/02/2022","05","ANTIOQUIA","05854","VALDIVIA","RURAL","1"
"24/02/2022","52","NARIÑO","52435","MALLAMA","RURAL","1"
"24/02/2022","54","NORTE DE SANTANDER","54720","SARDINATA","RURAL","1"
"24/02/2022","54","NORTE DE SANTANDER","54245","EL CARMEN","RURAL","1"
"24/02/2022","20","CESAR","20517","PAILITAS","RURAL","1"
"24/02/2022","54","NORTE DE SANTANDER","54810","TIBU","RURAL","1"
"24/02/2022","19","CAUCA","19256","EL TAMBO","RURAL","1"
"24/02/2022","27","CHOCO","27025","ALTO BAUDO","RURAL","1"
"23/02/2022","54","NORTE DE SANTANDER","54109","BUCARASICA","RURAL","1"
"23/02/2022","54","NORTE DE SANTANDER","54172","CHINACOTA","RURAL","1"
"23/02/2022","54","NORTE DE SANTANDER","54520","PAMPLONITA","RURAL","1"
"23/02/2022","54","NORTE DE SANTANDER","54720","SARDINATA","RURAL","1"
"23/02/2022","54","NORTE DE SANTANDER","54810","TIBU","RURAL","1"
"23/02/2022","85","CASANARE","85250","PAZ DE ARIPORO","RURAL","1"
"23/02/2022","54","NORTE DE SANTANDER","54810","TIBU","RURAL","1"
"23/02/2022","20","CESAR","20228","CURUMANI","RURAL","1"
"23/02/2022","20","CESAR","20517","PAILITAS","RURAL","1"
"23/02/2022","54","NORTE DE SANTANDER","54001","CUCUTA","URBANA","1"
"23/02/2022","52","NARIÑO","52022","ALDANA","RURAL","1"
"23/02/2022","52","NARIÑO","52210","CONTADERO","RURAL","1"
"23/02/2022","54","NORTE DE SANTANDER","54001","CUCUTA","URBANA","1"
"23/02/2022","54","NORTE DE SANTANDER","54405","LOS PATIOS","URBANA","1"
"23/02/2022","68","SANTANDER","68549","PINCHOTE","RURAL","1"
"23/02/2022","52","NARIÑO","52693","SAN PABLO","RURAL","1"
"23/02/2022","54","NORTE DE SANTANDER","54480","MUTISCUA","RURAL","1"
"22/02/2022","54","NORTE DE SANTANDER","54810","TIBU","URBANA","1"
"22/02/2022","20","CESAR","20228","CURUMANI","RURAL","1"
"22/02/2022","81","ARAUCA","81736","SARAVENA","RURAL","1"
"22/02/2022","27","CHOCO","27001","QUIBDO","URBANA","1"
"22/02/2022","54","NORTE DE SANTANDER","54800","TEORAMA","RURAL","1"
"21/02/2022","13","BOLIVAR","13683","SANTA ROSA","URBANA","1"
"21/02/2022","54","NORTE DE SANTANDER","54670","SAN CALIXTO","RURAL","1"
"20/02/2022","54","NORTE DE SANTANDER","54001","CUCUTA","URBANA","1"
"20/02/2022","54","NORTE DE SANTANDER","54003","ABREGO","URBANA","1"
"20/02/2022","54","NORTE DE SANTANDER","54001","CUCUTA","URBANA","1"
"20/02/2022","76","VALLE DEL CAUCA","76834","TULUA","URBANA","1"
"18/02/2022","54","NORTE DE SANTANDER","54250","EL TARRA","RURAL","1"
"18/02/2022","81","ARAUCA","81736","SARAVENA","URBANA","1"
"17/02/2022","54","NORTE DE SANTANDER","54800","TEORAMA","RURAL","1"
"17/02/2022","54","NORTE DE SANTANDER","54720","SARDINATA","RURAL","1"
"17/02/2022","52","NARIÑO","52435","MALLAMA","RURAL","1"
"17/02/2022","52","NARIÑO","52210","CONTADERO","RURAL","1"
"17/02/2022","13","BOLIVAR","13683","SANTA ROSA","URBANA","1"
"16/02/2022","19","CAUCA","19256","EL TAMBO","URBANA","1"
"16/02/2022","19","CAUCA","19256","EL TAMBO","URBANA","1"
"15/02/2022","54","NORTE DE SANTANDER","54810","TIBU","RURAL","1"
"14/02/2022","19","CAUCA","19142","CALOTO","URBANA","1"
"14/02/2022","47","MAGDALENA","47189","CIENAGA","URBANA","1"
"14/02/2022","70","SUCRE","70001","SINCELEJO","URBANA","1"
"13/02/2022","68","SANTANDER","68081","BARRANCABERMEJA","RURAL","1"
"13/02/2022","47","MAGDALENA","47189","CIENAGA","URBANA","1"
"12/02/2022","54","NORTE DE SANTANDER","54001","CUCUTA","URBANA","1"
"10/02/2022","54","NORTE DE SANTANDER","54001","CUCUTA","URBANA","1"
"10/02/2022","23","CORDOBA","23580","PUERTO LIBERTADOR","RURAL","1"
"09/02/2022","41","HUILA","41357","IQUIRA","RURAL","1"
"09/02/2022","19","CAUCA","19142","CALOTO","RURAL","1"
"09/02/2022","47","MAGDALENA","47189","CIENAGA","URBANA","1"
"09/02/2022","19","CAUCA","19256","EL TAMBO","RURAL","1"
"09/02/2022","50","META","50313","GRANADA","URBANA","1"
"09/02/2022","41","HUILA","41357","IQUIRA","RURAL","1"
"09/02/2022","27","CHOCO","27077","BAJO BAUDO","RURAL","1"
"08/02/2022","95","GUAVIARE","95015","CALAMAR","RURAL","1"
"08/02/2022","41","HUILA","41357","IQUIRA","RURAL","1"
"08/02/2022","41","HUILA","41357","IQUIRA","RURAL","1"
"07/02/2022","54","NORTE DE SANTANDER","54001","CUCUTA","URBANA","1"
"06/02/2022","19","CAUCA","19513","PADILLA","URBANA","1"
"05/02/2022","27","CHOCO","27001","QUIBDO","URBANA","1"
"05/02/2022","27","CHOCO","27001","QUIBDO","URBANA","1"
"05/02/2022","19","CAUCA","19100","BOLIVAR","RURAL","1"
"05/02/2022","54","NORTE DE SANTANDER","54800","TEORAMA","URBANA","1"
"04/02/2022","54","NORTE DE SANTANDER","54261","EL ZULIA","URBANA","1"
"04/02/2022","05","ANTIOQUIA","05579","PUERTO BERRIO","RURAL","1"
"04/02/2022","19","CAUCA","19355","INZA","URBANA","1"
"04/02/2022","19","CAUCA","19355","INZA","URBANA","1"
"03/02/2022","52","NARIÑO","52435","MALLAMA","RURAL","1"
"03/02/2022","81","ARAUCA","81300","FORTUL","RURAL","1"
"03/02/2022","76","VALLE DEL CAUCA","76834","TULUA","RURAL","1"
"01/02/2022","19","CAUCA","19212","CORINTO","URBANA","1"
"31/01/2022","44","LA GUAJIRA","44650","SAN JUAN DEL CESAR","RURAL","1"
"30/01/2022","54","NORTE DE SANTANDER","54250","EL TARRA","RURAL","1"
"30/01/2022","85","CASANARE","85315","SACAMA","URBANA","1"
"30/01/2022","54","NORTE DE SANTANDER","54820","TOLEDO","URBANA","1"
"30/01/2022","81","ARAUCA","81591","PUERTO RONDON","URBANA","1"
"29/01/2022","05","ANTIOQUIA","05040","ANORI","RURAL","1"
"28/01/2022","76","VALLE DEL CAUCA","76001","CALI","URBANA","1"
"28/01/2022","19","CAUCA","19698","SANTANDER DE QUILICHAO","URBANA","1"
"27/01/2022","20","CESAR","20178","CHIRIGUANA","URBANA","1"
"27/01/2022","54","NORTE DE SANTANDER","54498","OCAÑA","RURAL","1"
"27/01/2022","54","NORTE DE SANTANDER","54206","CONVENCION","URBANA","1"
"27/01/2022","54","NORTE DE SANTANDER","54344","HACARI","URBANA","1"
"27/01/2022","20","CESAR","20011","AGUACHICA","RURAL","1"
"27/01/2022","27","CHOCO","27001","QUIBDO","URBANA","1"
"27/01/2022","95","GUAVIARE","95001","SAN JOSE DEL GUAVIARE","RURAL","1"
"27/01/2022","27","CHOCO","27075","BAHIA SOLANO","URBANA","1"
"27/01/2022","05","ANTIOQUIA","05604","REMEDIOS","URBANA","1"
"27/01/2022","54","NORTE DE SANTANDER","54498","OCAÑA","RURAL","1"
"27/01/2022","54","NORTE DE SANTANDER","54498","OCAÑA","RURAL","1"
"27/01/2022","54","NORTE DE SANTANDER","54670","SAN CALIXTO","RURAL","1"
"27/01/2022","54","NORTE DE SANTANDER","54810","TIBU","RURAL","1"
"27/01/2022","54","NORTE DE SANTANDER","54206","CONVENCION","RURAL","1"
"26/01/2022","20","CESAR","20517","PAILITAS","URBANA","1"
"25/01/2022","76","VALLE DEL CAUCA","76036","ANDALUCIA","URBANA","1"
"25/01/2022","52","NARIÑO","52250","EL CHARCO","URBANA","1"
"24/01/2022","54","NORTE DE SANTANDER","54245","EL CARMEN","RURAL","1"
"24/01/2022","54","NORTE DE SANTANDER","54344","HACARI","URBANA","1"
"23/01/2022","76","VALLE DEL CAUCA","76834","TULUA","RURAL","1"
"23/01/2022","81","ARAUCA","81001","ARAUCA","RURAL","1"
"23/01/2022","52","NARIÑO","52356","IPIALES","RURAL","1"
"23/01/2022","76","VALLE DEL CAUCA","76834","TULUA","RURAL","1"
"22/01/2022","54","NORTE DE SANTANDER","54344","HACARI","URBANA","1"
"21/01/2022","54","NORTE DE SANTANDER","54810","TIBU","URBANA","1"
"20/01/2022","76","VALLE DEL CAUCA","76001","CALI","URBANA","1"
"20/01/2022","05","ANTIOQUIA","05604","REMEDIOS","RURAL","1"
"20/01/2022","05","ANTIOQUIA","05604","REMEDIOS","RURAL","1"
"20/01/2022","44","LA GUAJIRA","44098","DISTRACCION","URBANA","1"
"20/01/2022","54","NORTE DE SANTANDER","54810","TIBU","URBANA","1"
"19/01/2022","81","ARAUCA","81736","SARAVENA","URBANA","1"
"19/01/2022","19","CAUCA","19698","SANTANDER DE QUILICHAO","RURAL","1"
"19/01/2022","81","ARAUCA","81736","SARAVENA","RURAL","1"
"19/01/2022","70","SUCRE","70742","SAN LUIS DE SINCE","URBANA","1"
"19/01/2022","81","ARAUCA","81736","SARAVENA","URBANA","1"
"19/01/2022","81","ARAUCA","81736","SARAVENA","URBANA","1"
"19/01/2022","54","NORTE DE SANTANDER","54344","HACARI","URBANA","1"
"16/01/2022","27","CHOCO","27001","QUIBDO","URBANA","1"
"14/01/2022","27","CHOCO","27001","QUIBDO","URBANA","1"
"14/01/2022","81","ARAUCA","81736","SARAVENA","RURAL","1"
"14/01/2022","81","ARAUCA","81794","TAME","URBANA","1"
"14/01/2022","81","ARAUCA","81794","TAME","RURAL","1"
"14/01/2022","52","NARIÑO","52612","RICAURTE","RURAL","1"
"14/01/2022","81","ARAUCA","81794","TAME","URBANA","1"
"14/01/2022","81","ARAUCA","81794","TAME","URBANA","1"
"13/01/2022","54","NORTE DE SANTANDER","54810","TIBU","URBANA","1"
"12/01/2022","19","CAUCA","19212","CORINTO","RURAL","1"
"12/01/2022","54","NORTE DE SANTANDER","54810","TIBU","URBANA","1"
"12/01/2022","54","NORTE DE SANTANDER","54810","TIBU","RURAL","1"
"10/01/2022","54","NORTE DE SANTANDER","54206","CONVENCION","URBANA","1"
"10/01/2022","27","CHOCO","27001","QUIBDO","URBANA","1"
"10/01/2022","27","CHOCO","27001","QUIBDO","URBANA","1"
"10/01/2022","27","CHOCO","27001","QUIBDO","URBANA","1"
"09/01/2022","81","ARAUCA","81736","SARAVENA","URBANA","1"
"09/01/2022","81","ARAUCA","81736","SARAVENA","URBANA","1"
"07/01/2022","76","VALLE DEL CAUCA","76001","CALI","URBANA","1"
"07/01/2022","76","VALLE DEL CAUCA","76001","CALI","URBANA","1"
"07/01/2022","54","NORTE DE SANTANDER","54810","TIBU","URBANA","1"
"06/01/2022","50","META","50350","LA MACARENA","URBANA","1"
"05/01/2022","05","ANTIOQUIA","05120","CACERES","RURAL","1"
"04/01/2022","27","CHOCO","27001","QUIBDO","URBANA","1"
"02/01/2022","54","NORTE DE SANTANDER","54250","EL TARRA","RURAL","1"
"01/01/2022","19","CAUCA","19212","CORINTO","URBANA","1"
"01/01/2022","19","CAUCA","19212","CORINTO","URBANA","1"
"01/01/2022","54","NORTE DE SANTANDER","54250","EL TARRA","URBANA","1"
"31/12/2021","19","CAUCA","19212","CORINTO","URBANA","1"
"30/12/2021","08","ATLANTICO","08001","BARRANQUILLA","URBANA","1"
"30/12/2021","54","NORTE DE SANTANDER","54398","LA PLAYA","URBANA","1"
"29/12/2021","81","ARAUCA","81794","TAME","URBANA","1"
"28/12/2021","81","ARAUCA","81300","FORTUL","URBANA","1"
"28/12/2021","13","BOLIVAR","13458","MONTECRISTO","URBANA","1"
"26/12/2021","19","CAUCA","19212","CORINTO","URBANA","1"
"26/12/2021","52","NARIÑO","52227","CUMBAL","URBANA","1"
"25/12/2021","54","NORTE DE SANTANDER","54245","EL CARMEN","URBANA","1"
"25/12/2021","54","NORTE DE SANTANDER","54245","EL CARMEN","URBANA","1"
"24/12/2021","05","ANTIOQUIA","05001","MEDELLIN","URBANA","1"
"24/12/2021","19","CAUCA","19450","MERCADERES","RURAL","1"
"22/12/2021","76","VALLE DEL CAUCA","76001","CALI","RURAL","1"
"22/12/2021","13","BOLIVAR","13001","CARTAGENA DE INDIAS","URBANA","1"
"22/12/2021","18","CAQUETA","18753","SAN VICENTE DEL CAGUAN","RURAL","1"
"22/12/2021","81","ARAUCA","81736","SARAVENA","URBANA","1"
"22/12/2021","27","CHOCO","27810","UNION PANAMERICANA","URBANA","1"
"17/12/2021","50","META","50350","LA MACARENA","URBANA","1"
"17/12/2021","50","META","50350","LA MACARENA","URBANA","1"
"17/12/2021","50","META","50350","LA MACARENA","RURAL","1"
"15/12/2021","76","VALLE DEL CAUCA","76275","FLORIDA","URBANA","1"
"15/12/2021","50","META","50711","VISTAHERMOSA","URBANA","1"
"14/12/2021","54","NORTE DE SANTANDER","54001","CUCUTA","URBANA","1"
"13/12/2021","19","CAUCA","19075","BALBOA","RURAL","1"
"12/12/2021","54","NORTE DE SANTANDER","54001","CUCUTA","URBANA","1"
"12/12/2021","76","VALLE DEL CAUCA","76834","TULUA","URBANA","1"
"12/12/2021","76","VALLE DEL CAUCA","76834","TULUA","URBANA","1"
"11/12/2021","52","NARIÑO","52250","EL CHARCO","URBANA","1"
"11/12/2021","52","NARIÑO","52250","EL CHARCO","URBANA","1"
"11/12/2021","95","GUAVIARE","95025","EL RETORNO","RURAL","1"
"10/12/2021","52","NARIÑO","52835","SAN ANDRES DE TUMACO","URBANA","1"
"09/12/2021","19","CAUCA","19050","ARGELIA","RURAL","1"
"07/12/2021","05","ANTIOQUIA","05030","AMAGA","URBANA","1"
"06/12/2021","27","CHOCO","27425","MEDIO ATRATO","RURAL","1"
"05/12/2021","11","BOGOTA D.C.","11001","BOGOTA D.C.","URBANA","1"
"05/12/2021","27","CHOCO","27025","ALTO BAUDO","RURAL","1"
"04/12/2021","05","ANTIOQUIA","05038","ANGOSTURA","URBANA","1"
"03/12/2021","11","BOGOTA D.C.","11001","BOGOTA D.C.","URBANA","1"
"30/11/2021","05","ANTIOQUIA","05040","ANORI","URBANA","1"
"29/11/2021","05","ANTIOQUIA","05040","ANORI","URBANA","1"
"27/11/2021","50","META","50711","VISTAHERMOSA","URBANA","1"
"26/11/2021","19","CAUCA","19212","CORINTO","RURAL","1"
"26/11/2021","50","META","50711","VISTAHERMOSA","URBANA","1"
"25/11/2021","54","NORTE DE SANTANDER","54245","EL CARMEN","URBANA","1"
"25/11/2021","05","ANTIOQUIA","05001","MEDELLIN","URBANA","1"
"25/11/2021","52","NARIÑO","52835","SAN ANDRES DE TUMACO","URBANA","1"
"24/11/2021","11","BOGOTA D.C.","11001","BOGOTA D.C.","URBANA","1"
"24/11/2021","52","NARIÑO","52612","RICAURTE","URBANA","1"
"21/11/2021","81","ARAUCA","81065","ARAUQUITA","URBANA","1"
"21/11/2021","23","CORDOBA","23466","MONTELIBANO","URBANA","1"
"20/11/2021","52","NARIÑO","52427","MAGÜI","URBANA","1"
"20/11/2021","13","BOLIVAR","13473","MORALES","URBANA","1"
"19/11/2021","27","CHOCO","27001","QUIBDO","URBANA","1"
"18/11/2021","05","ANTIOQUIA","05854","VALDIVIA","RURAL","1"
"17/11/2021","81","ARAUCA","81065","ARAUQUITA","URBANA","1"
"17/11/2021","52","NARIÑO","52227","CUMBAL","URBANA","1"
"17/11/2021","52","NARIÑO","52227","CUMBAL","URBANA","1"
"17/11/2021","13","BOLIVAR","13473","MORALES","URBANA","1"
"16/11/2021","52","NARIÑO","52227","CUMBAL","RURAL","1"
"13/11/2021","18","CAQUETA","18753","SAN VICENTE DEL CAGUAN","RURAL","1"
"12/11/2021","19","CAUCA","19142","CALOTO","RURAL","1"
"11/11/2021","81","ARAUCA","81001","ARAUCA","URBANA","1"
"11/11/2021","76","VALLE DEL CAUCA","76275","FLORIDA","URBANA","1"
"11/11/2021","54","NORTE DE SANTANDER","54810","TIBU","RURAL","1"
"10/11/2021","54","NORTE DE SANTANDER","54398","LA PLAYA","RURAL","1"
"08/11/2021","19","CAUCA","19001","POPAYAN","URBANA","1"
"08/11/2021","05","ANTIOQUIA","05665","SAN PEDRO DE URABA","URBANA","1"
"06/11/2021","27","CHOCO","27001","QUIBDO","URBANA","1"
"06/11/2021","27","CHOCO","27001","QUIBDO","URBANA","1"
"05/11/2021","05","ANTIOQUIA","05736","SEGOVIA","URBANA","1"
"05/11/2021","54","NORTE DE SANTANDER","54810","TIBU","RURAL","1"
"04/11/2021","52","NARIÑO","52835","SAN ANDRES DE TUMACO","URBANA","1"
"04/11/2021","54","NORTE DE SANTANDER","54003","ABREGO","RURAL","1"
"04/11/2021","52","NARIÑO","52612","RICAURTE","URBANA","1"
"04/11/2021","54","NORTE DE SANTANDER","54003","ABREGO","RURAL","1"
"03/11/2021","23","CORDOBA","23466","MONTELIBANO","RURAL","1"
"03/11/2021","05","ANTIOQUIA","05670","SAN ROQUE","RURAL","1"
"03/11/2021","54","NORTE DE SANTANDER","54810","TIBU","URBANA","1"
"03/11/2021","27","CHOCO","27001","QUIBDO","URBANA","1"
"03/11/2021","85","CASANARE","85250","PAZ DE ARIPORO","RURAL","1"
"02/11/2021","19","CAUCA","19142","CALOTO","RURAL","1"
"30/10/2021","54","NORTE DE SANTANDER","54001","CUCUTA","URBANA","1"
"30/10/2021","54","NORTE DE SANTANDER","54001","CUCUTA","URBANA","1"
"29/10/2021","11","BOGOTA D.C.","11001","BOGOTA D.C.","URBANA","1"
"26/10/2021","11","BOGOTA D.C.","11001","BOGOTA D.C.","URBANA","1"
"26/10/2021","76","VALLE DEL CAUCA","76109","BUENAVENTURA","URBANA","1"
"26/10/2021","19","CAUCA","19698","SANTANDER DE QUILICHAO","URBANA","1"
"26/10/2021","05","ANTIOQUIA","05736","SEGOVIA","RURAL","1"
"26/10/2021","54","NORTE DE SANTANDER","54810","TIBU","RURAL","1"
"25/10/2021","54","NORTE DE SANTANDER","54810","TIBU","RURAL","1"
"25/10/2021","13","BOLIVAR","13836","TURBACO","URBANA","1"
"24/10/2021","54","NORTE DE SANTANDER","54810","TIBU","URBANA","1"
"21/10/2021","70","SUCRE","70001","SINCELEJO","URBANA","1"
"20/10/2021","05","ANTIOQUIA","05854","VALDIVIA","RURAL","1"
"20/10/2021","19","CAUCA","19050","ARGELIA","RURAL","1"
"20/10/2021","19","CAUCA","19050","ARGELIA","RURAL","1"
"20/10/2021","54","NORTE DE SANTANDER","54874","VILLA DEL ROSARIO","URBANA","1"
"20/10/2021","27","CHOCO","27001","QUIBDO","URBANA","1"
"19/10/2021","54","NORTE DE SANTANDER","54001","CUCUTA","URBANA","1"
"19/10/2021","94","GUAINIA","94001","INIRIDA","URBANA","1"
"18/10/2021","19","CAUCA","19698","SANTANDER DE QUILICHAO","RURAL","1"
"17/10/2021","54","NORTE DE SANTANDER","54498","OCAÑA","URBANA","1"
"16/10/2021","76","VALLE DEL CAUCA","76109","BUENAVENTURA","URBANA","1"
"16/10/2021","85","CASANARE","85315","SACAMA","URBANA","1"
"15/10/2021","19","CAUCA","19364","JAMBALO","RURAL","1"
"15/10/2021","68","SANTANDER","68081","BARRANCABERMEJA","RURAL","1"
"15/10/2021","68","SANTANDER","68081","BARRANCABERMEJA","RURAL","1"
"13/10/2021","81","ARAUCA","81065","ARAUQUITA","RURAL","1"
"13/10/2021","76","VALLE DEL CAUCA","76109","BUENAVENTURA","URBANA","1"
"13/10/2021","52","NARIÑO","52612","RICAURTE","URBANA","1"
"13/10/2021","54","NORTE DE SANTANDER","54810","TIBU","URBANA","1"
"12/10/2021","54","NORTE DE SANTANDER","54810","TIBU","RURAL","1"
"11/10/2021","11","BOGOTA D.C.","11001","BOGOTA D.C.","URBANA","1"
"11/10/2021","50","META","50350","LA MACARENA","URBANA","1"
"11/10/2021","50","META","50350","LA MACARENA","URBANA","1"
"08/10/2021","05","ANTIOQUIA","05665","SAN PEDRO DE URABA","RURAL","1"
"08/10/2021","25","CUNDINAMARCA","25754","SOACHA","URBANA","1"
"08/10/2021","54","NORTE DE SANTANDER","54810","TIBU","URBANA","1"
"07/10/2021","54","NORTE DE SANTANDER","54261","EL ZULIA","RURAL","1"
"06/10/2021","19","CAUCA","19698","SANTANDER DE QUILICHAO","URBANA","1"
"05/10/2021","19","CAUCA","19532","PATIA","RURAL","1"
"05/10/2021","81","ARAUCA","81736","SARAVENA","RURAL","1"
"04/10/2021","19","CAUCA","19290","FLORENCIA","RURAL","1"
"04/10/2021","13","BOLIVAR","13670","SAN PABLO","URBANA","1"
"04/10/2021","76","VALLE DEL CAUCA","76834","TULUA","URBANA","1"
"04/10/2021","54","NORTE DE SANTANDER","54800","TEORAMA","URBANA","1"
"02/10/2021","76","VALLE DEL CAUCA","76109","BUENAVENTURA","URBANA","1"
"02/10/2021","81","ARAUCA","81794","TAME","URBANA","1"
"02/10/2021","81","ARAUCA","81794","TAME","URBANA","1"
"02/10/2021","05","ANTIOQUIA","05649","SAN CARLOS","RURAL","1"
"30/09/2021","13","BOLIVAR","13001","CARTAGENA DE INDIAS","URBANA","1"
"30/09/2021","54","NORTE DE SANTANDER","54553","PUERTO SANTANDER","RURAL","1"
"27/09/2021","13","BOLIVAR","13458","MONTECRISTO","URBANA","1"
"27/09/2021","54","NORTE DE SANTANDER","54810","TIBU","RURAL","1"
"26/09/2021","19","CAUCA","19698","SANTANDER DE QUILICHAO","URBANA","1"
"24/09/2021","76","VALLE DEL CAUCA","76233","DAGUA","RURAL","1"
"22/09/2021","54","NORTE DE SANTANDER","54206","CONVENCION","URBANA","1"
"19/09/2021","81","ARAUCA","81065","ARAUQUITA","URBANA","1"
"19/09/2021","19","CAUCA","19050","ARGELIA","RURAL","1"
"19/09/2021","52","NARIÑO","52356","IPIALES","URBANA","1"
"19/09/2021","63","QUINDIO","63401","LA TEBAIDA","URBANA","1"
"18/09/2021","23","CORDOBA","23580","PUERTO LIBERTADOR","RURAL","1"
"17/09/2021","54","NORTE DE SANTANDER","54810","TIBU","URBANA","1"
"17/09/2021","54","NORTE DE SANTANDER","54810","TIBU","URBANA","1"
"17/09/2021","05","ANTIOQUIA","05837","TURBO","URBANA","1"
"16/09/2021","76","VALLE DEL CAUCA","76834","TULUA","URBANA","1"
"16/09/2021","05","ANTIOQUIA","05854","VALDIVIA","RURAL","1"
"15/09/2021","52","NARIÑO","52079","BARBACOAS","RURAL","1"
"15/09/2021","52","NARIÑO","52079","BARBACOAS","URBANA","1"
"14/09/2021","52","NARIÑO","52612","RICAURTE","URBANA","1"
"13/09/2021","76","VALLE DEL CAUCA","76834","TULUA","RURAL","1"
"13/09/2021","76","VALLE DEL CAUCA","76834","TULUA","RURAL","1"
"13/09/2021","05","ANTIOQUIA","05649","SAN CARLOS","RURAL","1"
"12/09/2021","18","CAQUETA","18256","EL PAUJIL","RURAL","1"
"12/09/2021","68","SANTANDER","68081","BARRANCABERMEJA","RURAL","1"
"11/09/2021","50","META","50568","PUERTO GAITAN","URBANA","1"
"11/09/2021","27","CHOCO","27615","RIOSUCIO","URBANA","1"
"11/09/2021","08","ATLANTICO","08758","SOLEDAD","URBANA","1"
"10/09/2021","81","ARAUCA","81736","SARAVENA","URBANA","1"
"10/09/2021","85","CASANARE","85001","YOPAL","URBANA","1"
"09/09/2021","54","NORTE DE SANTANDER","54344","HACARI","URBANA","1"
"09/09/2021","54","NORTE DE SANTANDER","54001","CUCUTA","URBANA","1"
"08/09/2021","08","ATLANTICO","08001","BARRANQUILLA","URBANA","1"
"07/09/2021","76","VALLE DEL CAUCA","76275","FLORIDA","URBANA","1"
"06/09/2021","81","ARAUCA","81736","SARAVENA","URBANA","1"
"06/09/2021","52","NARIÑO","52317","GUACHUCAL","URBANA","1"
"06/09/2021","81","ARAUCA","81736","SARAVENA","URBANA","1"
"05/09/2021","05","ANTIOQUIA","05361","ITUANGO","RURAL","1"
"04/09/2021","54","NORTE DE SANTANDER","54245","EL CARMEN","URBANA","1"
"03/09/2021","81","ARAUCA","81736","SARAVENA","URBANA","1"
"03/09/2021","81","ARAUCA","81001","ARAUCA","RURAL","1"
"03/09/2021","76","VALLE DEL CAUCA","76834","TULUA","RURAL","1"
"03/09/2021","76","VALLE DEL CAUCA","76834","TULUA","RURAL","1"
"02/09/2021","19","CAUCA","19532","PATIA","RURAL","1"
"02/09/2021","54","NORTE DE SANTANDER","54250","EL TARRA","URBANA","1"
"01/09/2021","81","ARAUCA","81794","TAME","URBANA","1"
"01/09/2021","05","ANTIOQUIA","05591","PUERTO TRIUNFO","URBANA","1"
"30/08/2021","54","NORTE DE SANTANDER","54001","CUCUTA","URBANA","1"
"29/08/2021","73","TOLIMA","73555","PLANADAS","URBANA","1"
"29/08/2021","05","ANTIOQUIA","05040","ANORI","URBANA","1"
"28/08/2021","05","ANTIOQUIA","05790","TARAZA","URBANA","1"
"28/08/2021","11","BOGOTA D.C.","11001","BOGOTA D.C.","URBANA","1"
"28/08/2021","52","NARIÑO","52356","IPIALES","URBANA","1"
"27/08/2021","81","ARAUCA","81001","ARAUCA","URBANA","1"
"27/08/2021","52","NARIÑO","52079","BARBACOAS","URBANA","1"
"25/08/2021","11","BOGOTA D.C.","11001","BOGOTA D.C.","URBANA","1"
"24/08/2021","85","CASANARE","85400","TAMARA","URBANA","1"
"24/08/2021","11","BOGOTA D.C.","11001","BOGOTA D.C.","URBANA","1"
"24/08/2021","05","ANTIOQUIA","05837","TURBO","URBANA","1"
"24/08/2021","54","NORTE DE SANTANDER","54001","CUCUTA","RURAL","1"
"23/08/2021","05","ANTIOQUIA","05790","TARAZA","RURAL","1"
"22/08/2021","52","NARIÑO","52435","MALLAMA","RURAL","1"
"20/08/2021","47","MAGDALENA","47288","FUNDACION","URBANA","1"
"20/08/2021","85","CASANARE","85410","TAURAMENA","RURAL","1"
"19/08/2021","73","TOLIMA","73675","SAN ANTONIO","URBANA","1"
"19/08/2021","73","TOLIMA","73675","SAN ANTONIO","URBANA","1"
"19/08/2021","73","TOLIMA","73675","SAN ANTONIO","URBANA","1"
"17/08/2021","05","ANTIOQUIA","05790","TARAZA","RURAL","1"
"17/08/2021","05","ANTIOQUIA","05790","TARAZA","RURAL","1"
"17/08/2021","05","ANTIOQUIA","05790","TARAZA","RURAL","1"
"17/08/2021","81","ARAUCA","81001","ARAUCA","URBANA","1"
"17/08/2021","54","NORTE DE SANTANDER","54720","SARDINATA","RURAL","1"
"16/08/2021","54","NORTE DE SANTANDER","54245","EL CARMEN","RURAL","1"
"15/08/2021","20","CESAR","20614","RIO DE ORO","RURAL","1"
"15/08/2021","05","ANTIOQUIA","05790","TARAZA","RURAL","1"
"15/08/2021","54","NORTE DE SANTANDER","54498","OCAÑA","URBANA","1"
"13/08/2021","81","ARAUCA","81065","ARAUQUITA","URBANA","1"
"13/08/2021","05","ANTIOQUIA","05001","MEDELLIN","URBANA","1"
"12/08/2021","13","BOLIVAR","13744","SIMITI","RURAL","1"
"11/08/2021","19","CAUCA","19075","BALBOA","URBANA","1"
"11/08/2021","27","CHOCO","27001","QUIBDO","URBANA","1"
"11/08/2021","52","NARIÑO","52835","SAN ANDRES DE TUMACO","URBANA","1"
"11/08/2021","54","NORTE DE SANTANDER","54810","TIBU","URBANA","1"
"09/08/2021","76","VALLE DEL CAUCA","76318","GUACARI","URBANA","1"
"07/08/2021","68","SANTANDER","68001","BUCARAMANGA","URBANA","1"
"05/08/2021","27","CHOCO","27001","QUIBDO","URBANA","1"
"03/08/2021","05","ANTIOQUIA","05138","CAÑASGORDAS","RURAL","1"
"03/08/2021","25","CUNDINAMARCA","25269","FACATATIVA","URBANA","1"
"01/08/2021","85","CASANARE","85250","PAZ DE ARIPORO","URBANA","1"
"01/08/2021","27","CHOCO","27001","QUIBDO","URBANA","1"
"01/08/2021","54","NORTE DE SANTANDER","54003","ABREGO","URBANA","1"
"30/07/2021","52","NARIÑO","52835","SAN ANDRES DE TUMACO","URBANA","1"
"28/07/2021","41","HUILA","41001","NEIVA","URBANA","1"
"26/07/2021","54","NORTE DE SANTANDER","54720","SARDINATA","URBANA","1"
"25/07/2021","19","CAUCA","19110","BUENOS AIRES","URBANA","1"
"25/07/2021","47","MAGDALENA","47001","SANTA MARTA","URBANA","1"
"25/07/2021","27","CHOCO","27800","UNGUIA","URBANA","1"
"24/07/2021","81","ARAUCA","81794","TAME","URBANA","1"
"22/07/2021","05","ANTIOQUIA","05234","DABEIBA","RURAL","1"
"22/07/2021","19","CAUCA","19532","PATIA","URBANA","1"
"22/07/2021","27","CHOCO","27001","QUIBDO","URBANA","1"
"21/07/2021","19","CAUCA","19130","CAJIBIO","URBANA","1"
"20/07/2021","19","CAUCA","19212","CORINTO","RURAL","1"
"20/07/2021","68","SANTANDER","68001","BUCARAMANGA","URBANA","1"
"20/07/2021","19","CAUCA","19110","BUENOS AIRES","RURAL","1"
"20/07/2021","05","ANTIOQUIA","05001","MEDELLIN","URBANA","1"
"20/07/2021","19","CAUCA","19455","MIRANDA","URBANA","1"
"20/07/2021","19","CAUCA","19001","POPAYAN","URBANA","1"
"20/07/2021","52","NARIÑO","52696","SANTA BARBARA","URBANA","1"
"19/07/2021","52","NARIÑO","52001","PASTO","URBANA","1"
"19/07/2021","44","LA GUAJIRA","44847","URIBIA","URBANA","1"
"17/07/2021","76","VALLE DEL CAUCA","76233","DAGUA","URBANA","1"
"17/07/2021","27","CHOCO","27450","MEDIO SAN JUAN","URBANA","1"
"17/07/2021","41","HUILA","41001","NEIVA","URBANA","1"
"16/07/2021","25","CUNDINAMARCA","25295","GACHANCIPA","URBANA","1"
"13/07/2021","54","NORTE DE SANTANDER","54001","CUCUTA","URBANA","1"
"12/07/2021","13","BOLIVAR","13160","CANTAGALLO","URBANA","1"
"12/07/2021","54","NORTE DE SANTANDER","54109","BUCARASICA","RURAL","1"
"11/07/2021","81","ARAUCA","81300","FORTUL","URBANA","1"
"10/07/2021","63","QUINDIO","63001","ARMENIA","URBANA","1"
"10/07/2021","85","CASANARE","85315","SACAMA","URBANA","1"
"09/07/2021","52","NARIÑO","52835","SAN ANDRES DE TUMACO","URBANA","1"
"08/07/2021","47","MAGDALENA","47189","CIENAGA","URBANA","1"
"07/07/2021","05","ANTIOQUIA","05736","SEGOVIA","RURAL","1"
"07/07/2021","73","TOLIMA","73001","IBAGUE","URBANA","1"
"06/07/2021","54","NORTE DE SANTANDER","54670","SAN CALIXTO","RURAL","1"
"06/07/2021","52","NARIÑO","52835","SAN ANDRES DE TUMACO","URBANA","1"
"05/07/2021","76","VALLE DEL CAUCA","76233","DAGUA","URBANA","1"
"05/07/2021","19","CAUCA","19807","TIMBIO","URBANA","1"
"05/07/2021","54","NORTE DE SANTANDER","54172","CHINACOTA","URBANA","1"
"04/07/2021","19","CAUCA","19001","POPAYAN","URBANA","1"
"03/07/2021","54","NORTE DE SANTANDER","54810","TIBU","URBANA","1"
"03/07/2021","54","NORTE DE SANTANDER","54810","TIBU","URBANA","1"
"03/07/2021","52","NARIÑO","52079","BARBACOAS","URBANA","1"
"03/07/2021","54","NORTE DE SANTANDER","54810","TIBU","RURAL","1"
"03/07/2021","54","NORTE DE SANTANDER","54344","HACARI","URBANA","1"
"02/07/2021","81","ARAUCA","81736","SARAVENA","URBANA","1"
"02/07/2021","76","VALLE DEL CAUCA","76834","TULUA","URBANA","1"
"01/07/2021","05","ANTIOQUIA","05001","MEDELLIN","URBANA","1"
"01/07/2021","81","ARAUCA","81736","SARAVENA","URBANA","1"
"30/06/2021","81","ARAUCA","81001","ARAUCA","URBANA","1"
"30/06/2021","81","ARAUCA","81300","FORTUL","URBANA","1"
"28/06/2021","05","ANTIOQUIA","05887","YARUMAL","RURAL","1"
"28/06/2021","11","BOGOTA D.C.","11001","BOGOTA D.C.","URBANA","1"
"28/06/2021","25","CUNDINAMARCA","25269","FACATATIVA","URBANA","1"
"28/06/2021","73","TOLIMA","73001","IBAGUE","URBANA","1"
"28/06/2021","05","ANTIOQUIA","05001","MEDELLIN","URBANA","1"
"28/06/2021","05","ANTIOQUIA","05001","MEDELLIN","URBANA","1"
"28/06/2021","05","ANTIOQUIA","05001","MEDELLIN","URBANA","1"
"28/06/2021","05","ANTIOQUIA","05001","MEDELLIN","URBANA","1"
"27/06/2021","11","BOGOTA D.C.","11001","BOGOTA D.C.","URBANA","1"
"25/06/2021","54","NORTE DE SANTANDER","54001","CUCUTA","URBANA","1"
"25/06/2021","11","BOGOTA D.C.","11001","BOGOTA D.C.","URBANA","1"
"25/06/2021","54","NORTE DE SANTANDER","54001","CUCUTA","URBANA","1"
"25/06/2021","54","NORTE DE SANTANDER","54001","CUCUTA","URBANA","1"
"25/06/2021","27","CHOCO","27001","QUIBDO","URBANA","1"
"24/06/2021","05","ANTIOQUIA","05887","YARUMAL","RURAL","1"
"21/06/2021","54","NORTE DE SANTANDER","54001","CUCUTA","URBANA","1"
"21/06/2021","54","NORTE DE SANTANDER","54001","CUCUTA","URBANA","1"
"21/06/2021","54","NORTE DE SANTANDER","54001","CUCUTA","URBANA","1"
"21/06/2021","95","GUAVIARE","95025","EL RETORNO","RURAL","1"
"21/06/2021","05","ANTIOQUIA","05858","VEGACHI","URBANA","1"
"19/06/2021","81","ARAUCA","81065","ARAUQUITA","URBANA","1"
"19/06/2021","50","META","50330","MESETAS","URBANA","1"
"19/06/2021","54","NORTE DE SANTANDER","54810","TIBU","URBANA","1"
"17/06/2021","13","BOLIVAR","13042","ARENAL","URBANA","1"
"17/06/2021","05","ANTIOQUIA","05790","TARAZA","RURAL","1"
"17/06/2021","05","ANTIOQUIA","05854","VALDIVIA","RURAL","1"
"17/06/2021","05","ANTIOQUIA","05854","VALDIVIA","RURAL","1"
"17/06/2021","05","ANTIOQUIA","05854","VALDIVIA","RURAL","1"
"17/06/2021","05","ANTIOQUIA","05854","VALDIVIA","RURAL","1"
"17/06/2021","05","ANTIOQUIA","05854","VALDIVIA","RURAL","1"
"17/06/2021","05","ANTIOQUIA","05854","VALDIVIA","RURAL","1"
"15/06/2021","54","NORTE DE SANTANDER","54001","CUCUTA","URBANA","1"
"15/06/2021","54","NORTE DE SANTANDER","54001","CUCUTA","URBANA","1"
"15/06/2021","54","NORTE DE SANTANDER","54001","CUCUTA","URBANA","1"
"15/06/2021","54","NORTE DE SANTANDER","54001","CUCUTA","URBANA","1"
"15/06/2021","54","NORTE DE SANTANDER","54001","CUCUTA","URBANA","1"
"15/06/2021","52","NARIÑO","52835","SAN ANDRES DE TUMACO","URBANA","1"
"15/06/2021","54","NORTE DE SANTANDER","54001","CUCUTA","URBANA","1"
"15/06/2021","54","NORTE DE SANTANDER","54001","CUCUTA","URBANA","1"
"15/06/2021","54","NORTE DE SANTANDER","54498","OCAÑA","URBANA","1"
"13/06/2021","52","NARIÑO","52835","SAN ANDRES DE TUMACO","URBANA","1"
"12/06/2021","95","GUAVIARE","95001","SAN JOSE DEL GUAVIARE","RURAL","1"
"11/06/2021","54","NORTE DE SANTANDER","54810","TIBU","URBANA","1"
"11/06/2021","54","NORTE DE SANTANDER","54810","TIBU","URBANA","1"
"09/06/2021","76","VALLE DEL CAUCA","76130","CANDELARIA","URBANA","1"
"09/06/2021","19","CAUCA","19001","POPAYAN","URBANA","1"
"09/06/2021","54","NORTE DE SANTANDER","54670","SAN CALIXTO","RURAL","1"
"08/06/2021","05","ANTIOQUIA","05887","YARUMAL","RURAL","1"
"08/06/2021","76","VALLE DEL CAUCA","76130","CANDELARIA","URBANA","1"
"08/06/2021","76","VALLE DEL CAUCA","76130","CANDELARIA","RURAL","1"
"08/06/2021","76","VALLE DEL CAUCA","76834","TULUA","URBANA","1"
"07/06/2021","76","VALLE DEL CAUCA","76616","RIOFRIO","URBANA","1"
"07/06/2021","76","VALLE DEL CAUCA","76616","RIOFRIO","RURAL","1"
"06/06/2021","27","CHOCO","27001","QUIBDO","URBANA","1"
"05/06/2021","76","VALLE DEL CAUCA","76111","GUADALAJARA DE BUGA","URBANA","1"
"03/06/2021","76","VALLE DEL CAUCA","76001","CALI","URBANA","1"
"03/06/2021","76","VALLE DEL CAUCA","76111","GUADALAJARA DE BUGA","URBANA","1"
"03/06/2021","41","HUILA","41001","NEIVA","URBANA","1"
"02/06/2021","05","ANTIOQUIA","05042","SANTA FE DE ANTIOQUIA","RURAL","1"
"02/06/2021","76","VALLE DEL CAUCA","76111","GUADALAJARA DE BUGA","URBANA","1"
"02/06/2021","76","VALLE DEL CAUCA","76233","DAGUA","RURAL","1"
"01/06/2021","11","BOGOTA D.C.","11001","BOGOTA D.C.","URBANA","1"
"01/06/2021","05","ANTIOQUIA","05001","MEDELLIN","URBANA","1"
"01/06/2021","27","CHOCO","27001","QUIBDO","URBANA","1"
"01/06/2021","19","CAUCA","19698","SANTANDER DE QUILICHAO","RURAL","1"
"31/05/2021","20","CESAR","20517","PAILITAS","URBANA","1"
"30/05/2021","11","BOGOTA D.C.","11001","BOGOTA D.C.","URBANA","1"
"30/05/2021","54","NORTE DE SANTANDER","54810","TIBU","RURAL","1"
"30/05/2021","19","CAUCA","19318","GUAPI","URBANA","1"
"30/05/2021","54","NORTE DE SANTANDER","54810","TIBU","RURAL","1"
"29/05/2021","76","VALLE DEL CAUCA","76869","VIJES","URBANA","1"
"28/05/2021","76","VALLE DEL CAUCA","76001","CALI","URBANA","1"
"28/05/2021","76","VALLE DEL CAUCA","76001","CALI","URBANA","1"
"28/05/2021","76","VALLE DEL CAUCA","76001","CALI","URBANA","1"
"28/05/2021","76","VALLE DEL CAUCA","76001","CALI","URBANA","1"
"28/05/2021","76","VALLE DEL CAUCA","76001","CALI","URBANA","1"
"28/05/2021","25","CUNDINAMARCA","25269","FACATATIVA","URBANA","1"
"28/05/2021","19","CAUCA","19001","POPAYAN","URBANA","1"
"28/05/2021","19","CAUCA","19001","POPAYAN","URBANA","1"
"28/05/2021","76","VALLE DEL CAUCA","76622","ROLDANILLO","URBANA","1"
"28/05/2021","54","NORTE DE SANTANDER","54810","TIBU","RURAL","1"
"27/05/2021","50","META","50350","LA MACARENA","URBANA","1"
"26/05/2021","76","VALLE DEL CAUCA","76275","FLORIDA","URBANA","1"
"25/05/2021","11","BOGOTA D.C.","11001","BOGOTA D.C.","URBANA","1"
"25/05/2021","19","CAUCA","19807","TIMBIO","URBANA","1"
"25/05/2021","76","VALLE DEL CAUCA","76834","TULUA","URBANA","1"
"25/05/2021","76","VALLE DEL CAUCA","76834","TULUA","URBANA","1"
"25/05/2021","76","VALLE DEL CAUCA","76834","TULUA","URBANA","1"
"25/05/2021","76","VALLE DEL CAUCA","76834","TULUA","URBANA","1"
"25/05/2021","76","VALLE DEL CAUCA","76834","TULUA","URBANA","1"
"25/05/2021","76","VALLE DEL CAUCA","76834","TULUA","URBANA","1"
"25/05/2021","81","ARAUCA","81300","FORTUL","URBANA","1"
"24/05/2021","76","VALLE DEL CAUCA","76001","CALI","URBANA","1"
"24/05/2021","25","CUNDINAMARCA","25754","SOACHA","URBANA","1"
"24/05/2021","27","CHOCO","27450","MEDIO SAN JUAN","RURAL","1"
"24/05/2021","54","NORTE DE SANTANDER","54810","TIBU","URBANA","1"
"24/05/2021","54","NORTE DE SANTANDER","54810","TIBU","URBANA","1"
"23/05/2021","54","NORTE DE SANTANDER","54800","TEORAMA","RURAL","1"
"23/05/2021","54","NORTE DE SANTANDER","54800","TEORAMA","RURAL","1"
"22/05/2021","50","META","50001","VILLAVICENCIO","URBANA","1"
"21/05/2021","76","VALLE DEL CAUCA","76275","FLORIDA","URBANA","1"
"20/05/2021","68","SANTANDER","68001","BUCARAMANGA","URBANA","1"
"20/05/2021","81","ARAUCA","81001","ARAUCA","URBANA","1"
"19/05/2021","05","ANTIOQUIA","05887","YARUMAL","RURAL","1"
"19/05/2021","68","SANTANDER","68001","BUCARAMANGA","URBANA","1"
"19/05/2021","05","ANTIOQUIA","05001","MEDELLIN","URBANA","1"
"19/05/2021","05","ANTIOQUIA","05490","NECOCLI","URBANA","1"
"19/05/2021","76","VALLE DEL CAUCA","76109","BUENAVENTURA","RURAL","1"
"19/05/2021","52","NARIÑO","52399","LA UNION","URBANA","1"
"18/05/2021","95","GUAVIARE","95025","EL RETORNO","RURAL","1"
"18/05/2021","85","CASANARE","85410","TAURAMENA","RURAL","1"
"17/05/2021","76","VALLE DEL CAUCA","76109","BUENAVENTURA","URBANA","1"
"17/05/2021","27","CHOCO","27001","QUIBDO","URBANA","1"
"17/05/2021","25","CUNDINAMARCA","25754","SOACHA","URBANA","1"
"16/05/2021","76","VALLE DEL CAUCA","76111","GUADALAJARA DE BUGA","URBANA","1"
"16/05/2021","19","CAUCA","19450","MERCADERES","RURAL","1"
"16/05/2021","27","CHOCO","27450","MEDIO SAN JUAN","RURAL","1"
"15/05/2021","54","NORTE DE SANTANDER","54810","TIBU","URBANA","1"
"15/05/2021","54","NORTE DE SANTANDER","54810","TIBU","URBANA","1"
"15/05/2021","19","CAUCA","19364","JAMBALO","URBANA","1"
"15/05/2021","76","VALLE DEL CAUCA","76364","JAMUNDI","URBANA","1"
"15/05/2021","54","NORTE DE SANTANDER","54810","TIBU","URBANA","1"
"14/05/2021","19","CAUCA","19001","POPAYAN","URBANA","1"
"14/05/2021","19","CAUCA","19001","POPAYAN","URBANA","1"
"14/05/2021","19","CAUCA","19001","POPAYAN","URBANA","1"
"14/05/2021","19","CAUCA","19001","POPAYAN","URBANA","1"
"14/05/2021","19","CAUCA","19001","POPAYAN","URBANA","1"
"13/05/2021","25","CUNDINAMARCA","25260","EL ROSAL","URBANA","1"
"13/05/2021","25","CUNDINAMARCA","25260","EL ROSAL","URBANA","1"
"13/05/2021","66","RISARALDA","66001","PEREIRA","URBANA","1"
"13/05/2021","52","NARIÑO","52835","SAN ANDRES DE TUMACO","URBANA","1"
"13/05/2021","54","NORTE DE SANTANDER","54344","HACARI","URBANA","1"
"12/05/2021","76","VALLE DEL CAUCA","76233","DAGUA","URBANA","1"
"11/05/2021","05","ANTIOQUIA","05790","TARAZA","URBANA","1"
"11/05/2021","11","BOGOTA D.C.","11001","BOGOTA D.C.","URBANA","1"
"11/05/2021","76","VALLE DEL CAUCA","76109","BUENAVENTURA","URBANA","1"
"11/05/2021","05","ANTIOQUIA","05172","CHIGORODO","URBANA","1"
"10/05/2021","11","BOGOTA D.C.","11001","BOGOTA D.C.","URBANA","1"
"10/05/2021","19","CAUCA","19760","SOTARA PAISPAMBA","RURAL","1"
"10/05/2021","76","VALLE DEL CAUCA","76001","CALI","URBANA","1"
"09/05/2021","76","VALLE DEL CAUCA","76834","TULUA","RURAL","1"
"08/05/2021","11","BOGOTA D.C.","11001","BOGOTA D.C.","URBANA","1"
"08/05/2021","76","VALLE DEL CAUCA","76001","CALI","URBANA","1"
"08/05/2021","54","NORTE DE SANTANDER","54810","TIBU","URBANA","1"
"07/05/2021","20","CESAR","20517","PAILITAS","RURAL","1"
"06/05/2021","54","NORTE DE SANTANDER","54810","TIBU","URBANA","1"
"06/05/2021","52","NARIÑO","52621","ROBERTO PAYAN","RURAL","1"
"04/05/2021","11","BOGOTA D.C.","11001","BOGOTA D.C.","URBANA","1"
"04/05/2021","76","VALLE DEL CAUCA","76001","CALI","URBANA","1"
"04/05/2021","76","VALLE DEL CAUCA","76001","CALI","URBANA","1"
"04/05/2021","76","VALLE DEL CAUCA","76001","CALI","URBANA","1"
"04/05/2021","13","BOLIVAR","13001","CARTAGENA DE INDIAS","URBANA","1"
"04/05/2021","52","NARIÑO","52356","IPIALES","URBANA","1"
"04/05/2021","52","NARIÑO","52786","TAMINANGO","URBANA","1"
"04/05/2021","54","NORTE DE SANTANDER","54003","ABREGO","RURAL","1"
"03/05/2021","76","VALLE DEL CAUCA","76001","CALI","URBANA","1"
"03/05/2021","76","VALLE DEL CAUCA","76001","CALI","URBANA","1"
"03/05/2021","76","VALLE DEL CAUCA","76001","CALI","URBANA","1"
"02/05/2021","54","NORTE DE SANTANDER","54245","EL CARMEN","RURAL","1"
"02/05/2021","50","META","50006","ACACIAS","URBANA","1"
"02/05/2021","17","CALDAS","17088","BELALCAZAR","RURAL","1"
"02/05/2021","44","LA GUAJIRA","44430","MAICAO","URBANA","1"
"02/05/2021","27","CHOCO","27001","QUIBDO","URBANA","1"
"02/05/2021","68","SANTANDER","68615","RIONEGRO","RURAL","1"
"01/05/2021","17","CALDAS","17486","NEIRA","RURAL","1"
"01/05/2021","25","CUNDINAMARCA","25736","SESQUILE","URBANA","1"
"01/05/2021","13","BOLIVAR","13810","TIQUISIO","RURAL","1"
"01/05/2021","05","ANTIOQUIA","05088","BELLO","URBANA","1"
"01/05/2021","76","VALLE DEL CAUCA","76147","CARTAGO","URBANA","1"
"01/05/2021","05","ANTIOQUIA","05001","MEDELLIN","URBANA","1"
"01/05/2021","05","ANTIOQUIA","05001","MEDELLIN","URBANA","1"
"01/05/2021","05","ANTIOQUIA","05001","MEDELLIN","URBANA","1"
"01/05/2021","05","ANTIOQUIA","05001","MEDELLIN","URBANA","1"
"01/05/2021","05","ANTIOQUIA","05001","MEDELLIN","URBANA","1"
"01/05/2021","05","ANTIOQUIA","05001","MEDELLIN","URBANA","1"
"01/05/2021","05","ANTIOQUIA","05001","MEDELLIN","URBANA","1"
"01/05/2021","27","CHOCO","27450","MEDIO SAN JUAN","RURAL","1"
"30/04/2021","08","ATLANTICO","08001","BARRANQUILLA","URBANA","1"
"30/04/2021","08","ATLANTICO","08001","BARRANQUILLA","URBANA","1"
"30/04/2021","05","ANTIOQUIA","05088","BELLO","URBANA","1"
"30/04/2021","76","VALLE DEL CAUCA","76001","CALI","URBANA","1"
"30/04/2021","66","RISARALDA","66400","LA VIRGINIA","URBANA","1"
"30/04/2021","05","ANTIOQUIA","05004","ABRIAQUI","RURAL","1"
"29/04/2021","76","VALLE DEL CAUCA","76001","CALI","URBANA","1"
"29/04/2021","76","VALLE DEL CAUCA","76001","CALI","URBANA","1"
"29/04/2021","27","CHOCO","27001","QUIBDO","URBANA","1"
"29/04/2021","76","VALLE DEL CAUCA","76001","CALI","URBANA","1"
"29/04/2021","76","VALLE DEL CAUCA","76001","CALI","URBANA","1"
"29/04/2021","76","VALLE DEL CAUCA","76001","CALI","URBANA","1"
"28/04/2021","63","QUINDIO","63001","ARMENIA","URBANA","1"
"28/04/2021","68","SANTANDER","68001","BUCARAMANGA","URBANA","1"
"28/04/2021","76","VALLE DEL CAUCA","76001","CALI","URBANA","1"
"28/04/2021","76","VALLE DEL CAUCA","76001","CALI","URBANA","1"
"28/04/2021","17","CALDAS","17001","MANIZALES","URBANA","1"
"28/04/2021","17","CALDAS","17001","MANIZALES","URBANA","1"
"28/04/2021","05","ANTIOQUIA","05001","MEDELLIN","URBANA","1"
"28/04/2021","05","ANTIOQUIA","05001","MEDELLIN","URBANA","1"
"28/04/2021","05","ANTIOQUIA","05001","MEDELLIN","URBANA","1"
"28/04/2021","05","ANTIOQUIA","05001","MEDELLIN","URBANA","1"
"28/04/2021","05","ANTIOQUIA","05001","MEDELLIN","URBANA","1"
"28/04/2021","05","ANTIOQUIA","05001","MEDELLIN","URBANA","1"
"28/04/2021","05","ANTIOQUIA","05001","MEDELLIN","URBANA","1"
"28/04/2021","05","ANTIOQUIA","05001","MEDELLIN","URBANA","1"
"28/04/2021","17","CALDAS","17486","NEIRA","RURAL","1"
"28/04/2021","76","VALLE DEL CAUCA","76892","YUMBO","URBANA","1"
"28/04/2021","17","CALDAS","17001","MANIZALES","URBANA","1"
"27/04/2021","11","BOGOTA D.C.","11001","BOGOTA D.C.","URBANA","1"
"27/04/2021","76","VALLE DEL CAUCA","76834","TULUA","URBANA","1"
"25/04/2021","73","TOLIMA","73168","CHAPARRAL","URBANA","1"
"24/04/2021","50","META","50318","GUAMAL","RURAL","1"
"22/04/2021","27","CHOCO","27001","QUIBDO","URBANA","1"
"22/04/2021","52","NARIÑO","52835","SAN ANDRES DE TUMACO","URBANA","1"
"22/04/2021","52","NARIÑO","52835","SAN ANDRES DE TUMACO","URBANA","1"
"21/04/2021","52","NARIÑO","52378","LA CRUZ","RURAL","1"
"20/04/2021","11","BOGOTA D.C.","11001","BOGOTA D.C.","URBANA","1"
"18/04/2021","27","CHOCO","27600","RIO QUITO","URBANA","1"
"18/04/2021","52","NARIÑO","52835","SAN ANDRES DE TUMACO","URBANA","1"
"18/04/2021","52","NARIÑO","52835","SAN ANDRES DE TUMACO","URBANA","1"
"18/04/2021","27","CHOCO","27001","QUIBDO","URBANA","1"
"17/04/2021","27","CHOCO","27160","CERTEGUI","URBANA","1"
"17/04/2021","27","CHOCO","27001","QUIBDO","URBANA","1"
"17/04/2021","27","CHOCO","27810","UNION PANAMERICANA","URBANA","1"
"16/04/2021","05","ANTIOQUIA","05361","ITUANGO","RURAL","1"
"16/04/2021","86","PUTUMAYO","86568","PUERTO ASIS","RURAL","1"
"16/04/2021","86","PUTUMAYO","86571","PUERTO GUZMAN","RURAL","1"
"16/04/2021","27","CHOCO","27001","QUIBDO","URBANA","1"
"16/04/2021","27","CHOCO","27001","QUIBDO","URBANA","1"
"16/04/2021","27","CHOCO","27660","SAN JOSE DEL PALMAR","URBANA","1"
"16/04/2021","19","CAUCA","19821","TORIBIO","RURAL","1"
"15/04/2021","52","NARIÑO","52835","SAN ANDRES DE TUMACO","URBANA","1"
"14/04/2021","19","CAUCA","19137","CALDONO","URBANA","1"
"14/04/2021","18","CAQUETA","18001","FLORENCIA","URBANA","1"
"13/04/2021","27","CHOCO","27001","QUIBDO","URBANA","1"
"11/04/2021","54","NORTE DE SANTANDER","54810","TIBU","URBANA","1"
"11/04/2021","54","NORTE DE SANTANDER","54810","TIBU","URBANA","1"
"11/04/2021","54","NORTE DE SANTANDER","54810","TIBU","URBANA","1"
"08/04/2021","19","CAUCA","19256","EL TAMBO","RURAL","1"
"08/04/2021","52","NARIÑO","52835","SAN ANDRES DE TUMACO","URBANA","1"
"08/04/2021","54","NORTE DE SANTANDER","54810","TIBU","RURAL","1"
"07/04/2021","47","MAGDALENA","47001","SANTA MARTA","URBANA","1"
"06/04/2021","05","ANTIOQUIA","05040","ANORI","URBANA","1"
"06/04/2021","05","ANTIOQUIA","05113","BURITICA","RURAL","1"
"06/04/2021","44","LA GUAJIRA","44430","MAICAO","URBANA","1"
"06/04/2021","52","NARIÑO","52835","SAN ANDRES DE TUMACO","URBANA","1"
"04/04/2021","52","NARIÑO","52835","SAN ANDRES DE TUMACO","URBANA","1"
"04/04/2021","95","GUAVIARE","95001","SAN JOSE DEL GUAVIARE","RURAL","1"
"03/04/2021","19","CAUCA","19455","MIRANDA","RURAL","1"
"03/04/2021","52","NARIÑO","52835","SAN ANDRES DE TUMACO","URBANA","1"
"30/03/2021","76","VALLE DEL CAUCA","76001","CALI","URBANA","1"
"29/03/2021","05","ANTIOQUIA","05790","TARAZA","RURAL","1"
"29/03/2021","05","ANTIOQUIA","05790","TARAZA","RURAL","1"
"29/03/2021","05","ANTIOQUIA","05854","VALDIVIA","RURAL","1"
"29/03/2021","05","ANTIOQUIA","05854","VALDIVIA","URBANA","1"
"29/03/2021","76","VALLE DEL CAUCA","76109","BUENAVENTURA","URBANA","1"
"28/03/2021","05","ANTIOQUIA","05040","ANORI","RURAL","1"
"28/03/2021","05","ANTIOQUIA","05854","VALDIVIA","RURAL","1"
"28/03/2021","05","ANTIOQUIA","05854","VALDIVIA","RURAL","1"
"26/03/2021","19","CAUCA","19050","ARGELIA","RURAL","1"
"26/03/2021","19","CAUCA","19050","ARGELIA","RURAL","1"
"26/03/2021","19","CAUCA","19050","ARGELIA","RURAL","1"
"26/03/2021","19","CAUCA","19050","ARGELIA","RURAL","1"
"26/03/2021","05","ANTIOQUIA","05234","DABEIBA","URBANA","1"
"26/03/2021","19","CAUCA","19212","CORINTO","URBANA","1"
"25/03/2021","19","CAUCA","19142","CALOTO","RURAL","1"
"23/03/2021","05","ANTIOQUIA","05040","ANORI","RURAL","1"
"22/03/2021","05","ANTIOQUIA","05837","TURBO","URBANA","1"
"21/03/2021","23","CORDOBA","23807","TIERRALTA","RURAL","1"
"20/03/2021","19","CAUCA","19698","SANTANDER DE QUILICHAO","RURAL","1"
"18/03/2021","76","VALLE DEL CAUCA","76111","GUADALAJARA DE BUGA","URBANA","1"
"17/03/2021","18","CAQUETA","18150","CARTAGENA DEL CHAIRA","URBANA","1"
"16/03/2021","52","NARIÑO","52835","SAN ANDRES DE TUMACO","URBANA","1"
"15/03/2021","05","ANTIOQUIA","05361","ITUANGO","RURAL","1"
"15/03/2021","11","BOGOTA D.C.","11001","BOGOTA D.C.","URBANA","1"
"15/03/2021","23","CORDOBA","23807","TIERRALTA","RURAL","1"
"14/03/2021","81","ARAUCA","81300","FORTUL","URBANA","1"
"14/03/2021","76","VALLE DEL CAUCA","76111","GUADALAJARA DE BUGA","URBANA","1"
"12/03/2021","05","ANTIOQUIA","05282","FREDONIA","RURAL","1"
"12/03/2021","81","ARAUCA","81794","TAME","URBANA","1"
"11/03/2021","54","NORTE DE SANTANDER","54800","TEORAMA","RURAL","1"
"10/03/2021","27","CHOCO","27001","QUIBDO","URBANA","1"
"10/03/2021","05","ANTIOQUIA","05120","CACERES","URBANA","1"
"09/03/2021","81","ARAUCA","81001","ARAUCA","URBANA","1"
"07/03/2021","76","VALLE DEL CAUCA","76109","BUENAVENTURA","URBANA","1"
"07/03/2021","20","CESAR","20517","PAILITAS","URBANA","1"
"06/03/2021","44","LA GUAJIRA","44430","MAICAO","URBANA","1"
"03/03/2021","47","MAGDALENA","47001","SANTA MARTA","URBANA","1"
"02/03/2021","19","CAUCA","19050","ARGELIA","RURAL","1"
"01/03/2021","05","ANTIOQUIA","05250","EL BAGRE","RURAL","1"
"01/03/2021","05","ANTIOQUIA","05250","EL BAGRE","RURAL","1"
"01/03/2021","81","ARAUCA","81300","FORTUL","URBANA","1"
"01/03/2021","54","NORTE DE SANTANDER","54810","TIBU","RURAL","1"
"01/03/2021","19","CAUCA","19698","SANTANDER DE QUILICHAO","RURAL","1"
"01/03/2021","81","ARAUCA","81300","FORTUL","URBANA","1"
"01/03/2021","54","NORTE DE SANTANDER","54001","CUCUTA","RURAL","1"
"28/02/2021","50","META","50313","GRANADA","URBANA","1"
"28/02/2021","05","ANTIOQUIA","05475","MURINDO","URBANA","1"
"28/02/2021","05","ANTIOQUIA","05475","MURINDO","URBANA","1"
"27/02/2021","52","NARIÑO","52835","SAN ANDRES DE TUMACO","URBANA","1"
"24/02/2021","44","LA GUAJIRA","44001","RIOHACHA","URBANA","1"
"24/02/2021","52","NARIÑO","52835","SAN ANDRES DE TUMACO","URBANA","1"
"24/02/2021","05","ANTIOQUIA","05154","CAUCASIA","RURAL","1"
"23/02/2021","27","CHOCO","27099","BOJAYA","URBANA","1"
"23/02/2021","54","NORTE DE SANTANDER","54261","EL ZULIA","RURAL","1"
"22/02/2021","05","ANTIOQUIA","05361","ITUANGO","RURAL","1"
"22/02/2021","19","CAUCA","19050","ARGELIA","RURAL","1"
"22/02/2021","81","ARAUCA","81300","FORTUL","RURAL","1"
"20/02/2021","05","ANTIOQUIA","05113","BURITICA","RURAL","1"
"19/02/2021","54","NORTE DE SANTANDER","54800","TEORAMA","RURAL","1"
"18/02/2021","27","CHOCO","27001","QUIBDO","URBANA","1"
"18/02/2021","54","NORTE DE SANTANDER","54810","TIBU","URBANA","1"
"17/02/2021","86","PUTUMAYO","86757","SAN MIGUEL","RURAL","1"
"17/02/2021","08","ATLANTICO","08758","SOLEDAD","URBANA","1"
"13/02/2021","73","TOLIMA","73555","PLANADAS","URBANA","1"
"13/02/2021","52","NARIÑO","52835","SAN ANDRES DE TUMACO","URBANA","1"
"12/02/2021","11","BOGOTA D.C.","11001","BOGOTA D.C.","URBANA","1"
"09/02/2021","47","MAGDALENA","47001","SANTA MARTA","URBANA","1"
"09/02/2021","81","ARAUCA","81001","ARAUCA","URBANA","1"
"07/02/2021","05","ANTIOQUIA","05120","CACERES","URBANA","1"
"07/02/2021","27","CHOCO","27615","RIOSUCIO","URBANA","1"
"05/02/2021","81","ARAUCA","81001","ARAUCA","URBANA","1"
"03/02/2021","85","CASANARE","85263","PORE","URBANA","1"
"03/02/2021","85","CASANARE","85263","PORE","URBANA","1"
"03/02/2021","85","CASANARE","85263","PORE","URBANA","1"
"03/02/2021","85","CASANARE","85263","PORE","URBANA","1"
"03/02/2021","85","CASANARE","85263","PORE","URBANA","1"
"03/02/2021","85","CASANARE","85263","PORE","URBANA","1"
"02/02/2021","05","ANTIOQUIA","05475","MURINDO","URBANA","1"
"02/02/2021","05","ANTIOQUIA","05480","MUTATA","URBANA","1"
"31/01/2021","85","CASANARE","85263","PORE","RURAL","1"
"29/01/2021","86","PUTUMAYO","86885","VILLAGARZON","URBANA","1"
"28/01/2021","86","PUTUMAYO","86885","VILLAGARZON","RURAL","1"
"25/01/2021","54","NORTE DE SANTANDER","54261","EL ZULIA","RURAL","1"
"23/01/2021","50","META","50590","PUERTO RICO","URBANA","1"
"22/01/2021","27","CHOCO","27787","TADO","RURAL","1"
"22/01/2021","27","CHOCO","27787","TADO","RURAL","1"
"21/01/2021","54","NORTE DE SANTANDER","54874","VILLA DEL ROSARIO","URBANA","1"
"20/01/2021","54","NORTE DE SANTANDER","54810","TIBU","URBANA","1"
"20/01/2021","81","ARAUCA","81300","FORTUL","URBANA","1"
"19/01/2021","54","NORTE DE SANTANDER","54810","TIBU","URBANA","1"
"16/01/2021","52","NARIÑO","52079","BARBACOAS","URBANA","1"
"14/01/2021","54","NORTE DE SANTANDER","54001","CUCUTA","URBANA","1"
"13/01/2021","76","VALLE DEL CAUCA","76520","PALMIRA","URBANA","1"
"13/01/2021","27","CHOCO","27001","QUIBDO","URBANA","1"
"12/01/2021","08","ATLANTICO","08001","BARRANQUILLA","URBANA","1"
"12/01/2021","52","NARIÑO","52233","CUMBITARA","RURAL","1"
"11/01/2021","81","ARAUCA","81736","SARAVENA","URBANA","1"
"11/01/2021","54","NORTE DE SANTANDER","54810","TIBU","URBANA","1"
"09/01/2021","81","ARAUCA","81736","SARAVENA","URBANA","1"
"09/01/2021","81","ARAUCA","81794","TAME","RURAL","1"
"08/01/2021","19","CAUCA","19548","PIENDAMO - TUNIA","RURAL","1"
"08/01/2021","81","ARAUCA","81065","ARAUQUITA","RURAL","1"
"08/01/2021","05","ANTIOQUIA","05604","REMEDIOS","RURAL","1"
"08/01/2021","27","CHOCO","27787","TADO","RURAL","1"
"07/01/2021","81","ARAUCA","81300","FORTUL","URBANA","1"
"07/01/2021","81","ARAUCA","81300","FORTUL","URBANA","1"
"07/01/2021","27","CHOCO","27787","TADO","RURAL","1"
"06/01/2021","05","ANTIOQUIA","05266","ENVIGADO","URBANA","1"
"06/01/2021","50","META","50313","GRANADA","URBANA","1"
"05/01/2021","05","ANTIOQUIA","05790","TARAZA","RURAL","1"
"03/01/2021","54","NORTE DE SANTANDER","54810","TIBU","URBANA","1"
"02/01/2021","52","NARIÑO","52540","POLICARPA","RURAL","1"
"02/01/2021","81","ARAUCA","81300","FORTUL","URBANA","1"
"01/01/2021","27","CHOCO","27025","ALTO BAUDO","RURAL","1"
"31/12/2020","54","NORTE DE SANTANDER","54670","SAN CALIXTO","URBANA","1"
"29/12/2020","05","ANTIOQUIA","05790","TARAZA","RURAL","1"
"29/12/2020","05","ANTIOQUIA","05790","TARAZA","URBANA","1"
"29/12/2020","05","ANTIOQUIA","05854","VALDIVIA","URBANA","1"
"26/12/2020","81","ARAUCA","81065","ARAUQUITA","URBANA","1"
"23/12/2020","13","BOLIVAR","13268","EL PEÑON","URBANA","1"
"23/12/2020","52","NARIÑO","52835","SAN ANDRES DE TUMACO","URBANA","1"
"23/12/2020","52","NARIÑO","52835","SAN ANDRES DE TUMACO","URBANA","1"
"22/12/2020","81","ARAUCA","81001","ARAUCA","URBANA","1"
"17/12/2020","73","TOLIMA","73555","PLANADAS","URBANA","1"
"15/12/2020","81","ARAUCA","81300","FORTUL","URBANA","1"
"14/12/2020","54","NORTE DE SANTANDER","54001","CUCUTA","URBANA","1"
"12/12/2020","81","ARAUCA","81794","TAME","URBANA","1"
"11/12/2020","05","ANTIOQUIA","05120","CACERES","URBANA","1"
"11/12/2020","81","ARAUCA","81736","SARAVENA","URBANA","1"
"09/12/2020","76","VALLE DEL CAUCA","76892","YUMBO","URBANA","1"
"09/12/2020","05","ANTIOQUIA","05113","BURITICA","URBANA","1"
"07/12/2020","86","PUTUMAYO","86568","PUERTO ASIS","URBANA","1"
"05/12/2020","54","NORTE DE SANTANDER","54344","HACARI","URBANA","1"
"05/12/2020","13","BOLIVAR","13670","SAN PABLO","URBANA","1"
"04/12/2020","81","ARAUCA","81300","FORTUL","URBANA","1"
"04/12/2020","81","ARAUCA","81300","FORTUL","URBANA","1"
"03/12/2020","27","CHOCO","27001","QUIBDO","URBANA","1"
"01/12/2020","81","ARAUCA","81736","SARAVENA","URBANA","1"
"30/11/2020","19","CAUCA","19137","CALDONO","URBANA","1"
"26/11/2020","81","ARAUCA","81065","ARAUQUITA","URBANA","1"
"25/11/2020","13","BOLIVAR","13430","MAGANGUE","URBANA","1"
"23/11/2020","54","NORTE DE SANTANDER","54250","EL TARRA","URBANA","1"
"23/11/2020","52","NARIÑO","52079","BARBACOAS","URBANA","1"
"15/11/2020","81","ARAUCA","81300","FORTUL","URBANA","1"
"15/11/2020","54","NORTE DE SANTANDER","54810","TIBU","URBANA","1"
"14/11/2020","76","VALLE DEL CAUCA","76364","JAMUNDI","RURAL","1"
"14/11/2020","52","NARIÑO","52835","SAN ANDRES DE TUMACO","RURAL","1"
"10/11/2020","52","NARIÑO","52835","SAN ANDRES DE TUMACO","RURAL","1"
"10/11/2020","52","NARIÑO","52835","SAN ANDRES DE TUMACO","URBANA","1"
"08/11/2020","52","NARIÑO","52612","RICAURTE","RURAL","1"
"08/11/2020","50","META","50350","LA MACARENA","URBANA","1"
"07/11/2020","05","ANTIOQUIA","05736","SEGOVIA","RURAL","1"
"07/11/2020","52","NARIÑO","52835","SAN ANDRES DE TUMACO","URBANA","1"
"05/11/2020","76","VALLE DEL CAUCA","76364","JAMUNDI","RURAL","1"
"04/11/2020","52","NARIÑO","52256","EL ROSARIO","URBANA","1"
"03/11/2020","05","ANTIOQUIA","05001","MEDELLIN","URBANA","1"
"01/11/2020","19","CAUCA","19418","LOPEZ DE MICAY","URBANA","1"
"30/10/2020","52","NARIÑO","52612","RICAURTE","URBANA","1"
"30/10/2020","52","NARIÑO","52835","SAN ANDRES DE TUMACO","URBANA","1"
"30/10/2020","52","NARIÑO","52835","SAN ANDRES DE TUMACO","URBANA","1"
"29/10/2020","19","CAUCA","19821","TORIBIO","URBANA","1"
"29/10/2020","19","CAUCA","19050","ARGELIA","URBANA","1"
"26/10/2020","54","NORTE DE SANTANDER","54245","EL CARMEN","RURAL","1"
"26/10/2020","52","NARIÑO","52835","SAN ANDRES DE TUMACO","URBANA","1"
"18/10/2020","81","ARAUCA","81001","ARAUCA","URBANA","1"
"17/10/2020","52","NARIÑO","52835","SAN ANDRES DE TUMACO","URBANA","1"
"16/10/2020","27","CHOCO","27001","QUIBDO","URBANA","1"
"16/10/2020","20","CESAR","20228","CURUMANI","URBANA","1"
"16/10/2020","20","CESAR","20228","CURUMANI","URBANA","1"
"15/10/2020","11","BOGOTA D.C.","11001","BOGOTA D.C.","URBANA","1"
"12/10/2020","63","QUINDIO","63401","LA TEBAIDA","URBANA","1"
"10/10/2020","81","ARAUCA","81065","ARAUQUITA","URBANA","1"
"10/10/2020","44","LA GUAJIRA","44430","MAICAO","URBANA","1"
"10/10/2020","50","META","50350","LA MACARENA","URBANA","1"
"08/10/2020","81","ARAUCA","81300","FORTUL","URBANA","1"
"08/10/2020","54","NORTE DE SANTANDER","54874","VILLA DEL ROSARIO","URBANA","1"
"08/10/2020","11","BOGOTA D.C.","11001","BOGOTA D.C.","URBANA","1"
"07/10/2020","50","META","50350","LA MACARENA","URBANA","1"
"06/10/2020","05","ANTIOQUIA","05250","EL BAGRE","URBANA","1"
"05/10/2020","85","CASANARE","85263","PORE","RURAL","1"
"04/10/2020","05","ANTIOQUIA","05790","TARAZA","URBANA","1"
"04/10/2020","05","ANTIOQUIA","05790","TARAZA","RURAL","1"
"02/10/2020","13","BOLIVAR","13670","SAN PABLO","URBANA","1"
"01/10/2020","17","CALDAS","17380","LA DORADA","URBANA","1"
"01/10/2020","52","NARIÑO","52835","SAN ANDRES DE TUMACO","URBANA","1"
"01/10/2020","05","ANTIOQUIA","05045","APARTADO","URBANA","1"
"01/10/2020","27","CHOCO","27615","RIOSUCIO","URBANA","1"
"01/10/2020","54","NORTE DE SANTANDER","54344","HACARI","URBANA","1"
"01/10/2020","13","BOLIVAR","13670","SAN PABLO","URBANA","1"
"01/10/2020","52","NARIÑO","52835","SAN ANDRES DE TUMACO","URBANA","1"
"30/09/2020","70","SUCRE","70230","CHALAN","URBANA","1"
"30/09/2020","23","CORDOBA","23855","VALENCIA","RURAL","1"
"27/09/2020","18","CAQUETA","18860","VALPARAISO","URBANA","1"
"27/09/2020","18","CAQUETA","18860","VALPARAISO","URBANA","1"
"27/09/2020","18","CAQUETA","18860","VALPARAISO","URBANA","1"
"26/09/2020","81","ARAUCA","81300","FORTUL","URBANA","1"
"26/09/2020","27","CHOCO","27001","QUIBDO","URBANA","1"
"26/09/2020","19","CAUCA","19513","PADILLA","URBANA","1"
"24/09/2020","27","CHOCO","27001","QUIBDO","URBANA","1"
"23/09/2020","81","ARAUCA","81794","TAME","URBANA","1"
"23/09/2020","19","CAUCA","19698","SANTANDER DE QUILICHAO","URBANA","1"
"22/09/2020","18","CAQUETA","18785","SOLITA","URBANA","1"
"22/09/2020","05","ANTIOQUIA","05361","ITUANGO","URBANA","1"
"22/09/2020","76","VALLE DEL CAUCA","76318","GUACARI","URBANA","1"
"21/09/2020","54","NORTE DE SANTANDER","54245","EL CARMEN","RURAL","1"
"20/09/2020","95","GUAVIARE","95025","EL RETORNO","RURAL","1"
"20/09/2020","13","BOLIVAR","13160","CANTAGALLO","URBANA","1"
"20/09/2020","27","CHOCO","27006","ACANDI","URBANA","1"
"19/09/2020","20","CESAR","20228","CURUMANI","URBANA","1"
"19/09/2020","20","CESAR","20517","PAILITAS","URBANA","1"
"18/09/2020","81","ARAUCA","81300","FORTUL","RURAL","1"
"18/09/2020","19","CAUCA","19142","CALOTO","URBANA","1"
"18/09/2020","25","CUNDINAMARCA","25754","SOACHA","URBANA","1"
"17/09/2020","81","ARAUCA","81065","ARAUQUITA","URBANA","1"
"17/09/2020","13","BOLIVAR","13490","NOROSI","URBANA","1"
"17/09/2020","76","VALLE DEL CAUCA","76834","TULUA","RURAL","1"
"17/09/2020","76","VALLE DEL CAUCA","76834","TULUA","RURAL","1"
"17/09/2020","05","ANTIOQUIA","05887","YARUMAL","URBANA","1"
"16/09/2020","05","ANTIOQUIA","05038","ANGOSTURA","RURAL","1"
"14/09/2020","11","BOGOTA D.C.","11001","BOGOTA D.C.","URBANA","1"
"14/09/2020","05","ANTIOQUIA","05001","MEDELLIN","URBANA","1"
"14/09/2020","05","ANTIOQUIA","05040","ANORI","RURAL","1"
"13/09/2020","81","ARAUCA","81300","FORTUL","URBANA","1"
"13/09/2020","27","CHOCO","27006","ACANDI","URBANA","1"
"12/09/2020","81","ARAUCA","81300","FORTUL","URBANA","1"
"11/09/2020","13","BOLIVAR","13160","CANTAGALLO","URBANA","1"
"10/09/2020","11","BOGOTA D.C.","11001","BOGOTA D.C.","URBANA","1"
"10/09/2020","11","BOGOTA D.C.","11001","BOGOTA D.C.","URBANA","1"
"10/09/2020","11","BOGOTA D.C.","11001","BOGOTA D.C.","URBANA","1"
"10/09/2020","63","QUINDIO","63001","ARMENIA","URBANA","1"
"10/09/2020","19","CAUCA","19364","JAMBALO","URBANA","1"
"09/09/2020","81","ARAUCA","81300","FORTUL","URBANA","1"
"09/09/2020","11","BOGOTA D.C.","11001","BOGOTA D.C.","URBANA","1"
"09/09/2020","11","BOGOTA D.C.","11001","BOGOTA D.C.","URBANA","1"
"08/09/2020","11","BOGOTA D.C.","11001","BOGOTA D.C.","URBANA","1"
"08/09/2020","50","META","50370","URIBE","RURAL","1"
"07/09/2020","86","PUTUMAYO","86865","VALLE DEL GUAMUEZ","URBANA","1"
"06/09/2020","13","BOLIVAR","13160","CANTAGALLO","URBANA","1"
"05/09/2020","18","CAQUETA","18753","SAN VICENTE DEL CAGUAN","RURAL","1"
"04/09/2020","20","CESAR","20787","TAMALAMEQUE","RURAL","1"
"03/09/2020","05","ANTIOQUIA","05361","ITUANGO","URBANA","1"
"03/09/2020","76","VALLE DEL CAUCA","76364","JAMUNDI","RURAL","1"
"02/09/2020","19","CAUCA","19533","PIAMONTE","URBANA","1"
"02/09/2020","86","PUTUMAYO","86568","PUERTO ASIS","URBANA","1"
"01/09/2020","13","BOLIVAR","13670","SAN PABLO","URBANA","1"
"28/08/2020","86","PUTUMAYO","86749","SIBUNDOY","URBANA","1"
"26/08/2020","95","GUAVIARE","95025","EL RETORNO","RURAL","1"
"22/08/2020","19","CAUCA","19050","ARGELIA","URBANA","1"
"22/08/2020","13","BOLIVAR","13160","CANTAGALLO","URBANA","1"
"20/08/2020","54","NORTE DE SANTANDER","54670","SAN CALIXTO","URBANA","1"
"18/08/2020","27","CHOCO","27001","QUIBDO","URBANA","1"
"17/08/2020","05","ANTIOQUIA","05475","MURINDO","URBANA","1"
"15/08/2020","81","ARAUCA","81736","SARAVENA","URBANA","1"
"15/08/2020","13","BOLIVAR","13160","CANTAGALLO","URBANA","1"
"15/08/2020","54","NORTE DE SANTANDER","54810","TIBU","URBANA","1"
"14/08/2020","19","CAUCA","19050","ARGELIA","URBANA","1"
"14/08/2020","25","CUNDINAMARCA","25053","ARBELAEZ","URBANA","1"
"13/08/2020","76","VALLE DEL CAUCA","76001","CALI","URBANA","1"
"12/08/2020","19","CAUCA","19050","ARGELIA","URBANA","1"
"12/08/2020","86","PUTUMAYO","86749","SIBUNDOY","URBANA","1"
"11/08/2020","19","CAUCA","19050","ARGELIA","URBANA","1"
"10/08/2020","54","NORTE DE SANTANDER","54720","SARDINATA","URBANA","1"
"09/08/2020","13","BOLIVAR","13160","CANTAGALLO","URBANA","1"
"09/08/2020","13","BOLIVAR","13160","CANTAGALLO","URBANA","1"
"07/08/2020","05","ANTIOQUIA","05234","DABEIBA","URBANA","1"
"06/08/2020","18","CAQUETA","18410","LA MONTAÑITA","URBANA","1"
"03/08/2020","54","NORTE DE SANTANDER","54810","TIBU","RURAL","1"
"03/08/2020","52","NARIÑO","52678","SAMANIEGO","URBANA","1"
"31/07/2020","81","ARAUCA","81300","FORTUL","URBANA","1"
"31/07/2020","81","ARAUCA","81736","SARAVENA","URBANA","1"
"31/07/2020","25","CUNDINAMARCA","25754","SOACHA","URBANA","1"
"30/07/2020","95","GUAVIARE","95025","EL RETORNO","RURAL","1"
"29/07/2020","27","CHOCO","27001","QUIBDO","URBANA","1"
"28/07/2020","05","ANTIOQUIA","05790","TARAZA","RURAL","1"
"28/07/2020","13","BOLIVAR","13670","SAN PABLO","URBANA","1"
"28/07/2020","19","CAUCA","19532","PATIA","RURAL","1"
"24/07/2020","13","BOLIVAR","13670","SAN PABLO","URBANA","1"
"22/07/2020","76","VALLE DEL CAUCA","76364","JAMUNDI","URBANA","1"
"22/07/2020","76","VALLE DEL CAUCA","76364","JAMUNDI","RURAL","1"
"22/07/2020","50","META","50350","LA MACARENA","URBANA","1"
"21/07/2020","05","ANTIOQUIA","05361","ITUANGO","URBANA","1"
"18/07/2020","13","BOLIVAR","13160","CANTAGALLO","URBANA","1"
"18/07/2020","76","VALLE DEL CAUCA","76001","CALI","URBANA","1"
"16/07/2020","19","CAUCA","19075","BALBOA","URBANA","1"
"15/07/2020","81","ARAUCA","81001","ARAUCA","RURAL","1"
"15/07/2020","52","NARIÑO","52835","SAN ANDRES DE TUMACO","URBANA","1"
"15/07/2020","13","BOLIVAR","13670","SAN PABLO","URBANA","1"
"13/07/2020","27","CHOCO","27001","QUIBDO","URBANA","1"
"11/07/2020","52","NARIÑO","52612","RICAURTE","URBANA","1"
"10/07/2020","19","CAUCA","19050","ARGELIA","URBANA","1"
"08/07/2020","81","ARAUCA","81001","ARAUCA","URBANA","1"
"06/07/2020","54","NORTE DE SANTANDER","54680","SANTIAGO","RURAL","1"
"03/07/2020","19","CAUCA","19075","BALBOA","URBANA","1"
"03/07/2020","81","ARAUCA","81300","FORTUL","URBANA","1"
"03/07/2020","81","ARAUCA","81300","FORTUL","URBANA","1"
"03/07/2020","81","ARAUCA","81300","FORTUL","URBANA","1"
"02/07/2020","19","CAUCA","19110","BUENOS AIRES","RURAL","1"
"01/07/2020","17","CALDAS","17614","RIOSUCIO","URBANA","1"
"29/06/2020","81","ARAUCA","81300","FORTUL","URBANA","1"
"25/06/2020","19","CAUCA","19256","EL TAMBO","URBANA","1"
"19/06/2020","76","VALLE DEL CAUCA","76563","PRADERA","RURAL","1"
"16/06/2020","13","BOLIVAR","13688","SANTA ROSA DEL SUR","RURAL","1"
"15/06/2020","08","ATLANTICO","08001","BARRANQUILLA","URBANA","1"
"15/06/2020","13","BOLIVAR","13160","CANTAGALLO","URBANA","1"
"10/06/2020","19","CAUCA","19050","ARGELIA","URBANA","1"
"08/06/2020","13","BOLIVAR","13160","CANTAGALLO","URBANA","1"
"05/06/2020","54","NORTE DE SANTANDER","54003","ABREGO","URBANA","1"
"03/06/2020","13","BOLIVAR","13670","SAN PABLO","URBANA","1"
"01/06/2020","19","CAUCA","19050","ARGELIA","URBANA","1"
"31/05/2020","11","BOGOTA D.C.","11001","BOGOTA D.C.","URBANA","1"
"31/05/2020","52","NARIÑO","52079","BARBACOAS","RURAL","1"
"30/05/2020","05","ANTIOQUIA","05475","MURINDO","URBANA","1"
"29/05/2020","54","NORTE DE SANTANDER","54820","TOLEDO","RURAL","1"
"28/05/2020","76","VALLE DEL CAUCA","76001","CALI","URBANA","1"
"27/05/2020","27","CHOCO","27001","QUIBDO","RURAL","1"
"27/05/2020","27","CHOCO","27001","QUIBDO","RURAL","1"
"26/05/2020","81","ARAUCA","81794","TAME","URBANA","1"
"26/05/2020","81","ARAUCA","81794","TAME","URBANA","1"
"25/05/2020","13","BOLIVAR","13160","CANTAGALLO","URBANA","1"
"25/05/2020","13","BOLIVAR","13160","CANTAGALLO","URBANA","1"
"24/05/2020","81","ARAUCA","81794","TAME","URBANA","1"
"24/05/2020","95","GUAVIARE","95001","SAN JOSE DEL GUAVIARE","RURAL","1"
"23/05/2020","81","ARAUCA","81065","ARAUQUITA","URBANA","1"
"23/05/2020","19","CAUCA","19050","ARGELIA","URBANA","1"
"23/05/2020","54","NORTE DE SANTANDER","54250","EL TARRA","RURAL","1"
"20/05/2020","81","ARAUCA","81736","SARAVENA","URBANA","1"
"19/05/2020","19","CAUCA","19137","CALDONO","URBANA","1"
"19/05/2020","52","NARIÑO","52435","MALLAMA","RURAL","1"
"18/05/2020","05","ANTIOQUIA","05475","MURINDO","URBANA","1"
"17/05/2020","11","BOGOTA D.C.","11001","BOGOTA D.C.","URBANA","1"
"17/05/2020","05","ANTIOQUIA","05475","MURINDO","URBANA","1"
"16/05/2020","05","ANTIOQUIA","05790","TARAZA","RURAL","1"
"16/05/2020","27","CHOCO","27050","ATRATO","URBANA","1"
"16/05/2020","05","ANTIOQUIA","05895","ZARAGOZA","RURAL","1"
"15/05/2020","19","CAUCA","19137","CALDONO","URBANA","1"
"15/05/2020","19","CAUCA","19050","ARGELIA","URBANA","1"
"15/05/2020","23","CORDOBA","23466","MONTELIBANO","RURAL","1"
"15/05/2020","23","CORDOBA","23580","PUERTO LIBERTADOR","RURAL","1"
"14/05/2020","54","NORTE DE SANTANDER","54344","HACARI","RURAL","1"
"14/05/2020","19","CAUCA","19137","CALDONO","URBANA","1"
"13/05/2020","81","ARAUCA","81794","TAME","URBANA","1"
"12/05/2020","19","CAUCA","19050","ARGELIA","URBANA","1"
"12/05/2020","19","CAUCA","19473","MORALES","URBANA","1"
"11/05/2020","05","ANTIOQUIA","05120","CACERES","RURAL","1"
"10/05/2020","81","ARAUCA","81065","ARAUQUITA","URBANA","1"
"10/05/2020","54","NORTE DE SANTANDER","54001","CUCUTA","URBANA","1"
"08/05/2020","81","ARAUCA","81300","FORTUL","URBANA","1"
"07/05/2020","08","ATLANTICO","08001","BARRANQUILLA","URBANA","1"
"07/05/2020","05","ANTIOQUIA","05361","ITUANGO","URBANA","1"
"06/05/2020","76","VALLE DEL CAUCA","76109","BUENAVENTURA","URBANA","1"
"04/05/2020","81","ARAUCA","81736","SARAVENA","URBANA","1"
"02/05/2020","81","ARAUCA","81300","FORTUL","URBANA","1"
"02/05/2020","81","ARAUCA","81736","SARAVENA","URBANA","1"
"27/04/2020","13","BOLIVAR","13600","RIO VIEJO","RURAL","1"
"23/04/2020","54","NORTE DE SANTANDER","54720","SARDINATA","RURAL","1"
"23/04/2020","19","CAUCA","19418","LOPEZ DE MICAY","URBANA","1"
"22/04/2020","05","ANTIOQUIA","05040","ANORI","URBANA","1"
"21/04/2020","19","CAUCA","19142","CALOTO","RURAL","1"
"21/04/2020","19","CAUCA","19050","ARGELIA","URBANA","1"
"21/04/2020","76","VALLE DEL CAUCA","76364","JAMUNDI","RURAL","1"
"20/04/2020","54","NORTE DE SANTANDER","54810","TIBU","RURAL","1"
"20/04/2020","19","CAUCA","19050","ARGELIA","URBANA","1"
"20/04/2020","19","CAUCA","19050","ARGELIA","URBANA","1"
"19/04/2020","05","ANTIOQUIA","05030","AMAGA","URBANA","1"
"19/04/2020","19","CAUCA","19532","PATIA","URBANA","1"
"16/04/2020","05","ANTIOQUIA","05361","ITUANGO","RURAL","1"
"15/04/2020","50","META","50350","LA MACARENA","RURAL","1"
"13/04/2020","05","ANTIOQUIA","05361","ITUANGO","URBANA","1"
"13/04/2020","76","VALLE DEL CAUCA","76364","JAMUNDI","RURAL","1"
"10/04/2020","76","VALLE DEL CAUCA","76520","PALMIRA","RURAL","1"
"09/04/2020","19","CAUCA","19364","JAMBALO","URBANA","1"
"09/04/2020","05","ANTIOQUIA","05475","MURINDO","URBANA","1"
"07/04/2020","05","ANTIOQUIA","05361","ITUANGO","RURAL","1"
"06/04/2020","19","CAUCA","19364","JAMBALO","RURAL","1"
"04/04/2020","19","CAUCA","19050","ARGELIA","URBANA","1"
"04/04/2020","05","ANTIOQUIA","05361","ITUANGO","RURAL","1"
"03/04/2020","18","CAQUETA","18753","SAN VICENTE DEL CAGUAN","URBANA","1"
"02/04/2020","19","CAUCA","19050","ARGELIA","URBANA","1"
"02/04/2020","86","PUTUMAYO","86569","PUERTO CAICEDO","RURAL","1"
"01/04/2020","81","ARAUCA","81001","ARAUCA","URBANA","1"
"30/03/2020","19","CAUCA","19110","BUENOS AIRES","RURAL","1"
"26/03/2020","76","VALLE DEL CAUCA","76364","JAMUNDI","RURAL","1"
"25/03/2020","05","ANTIOQUIA","05313","GRANADA","RURAL","1"
"24/03/2020","19","CAUCA","19050","ARGELIA","URBANA","1"
"23/03/2020","19","CAUCA","19142","CALOTO","RURAL","1"
"22/03/2020","19","CAUCA","19050","ARGELIA","URBANA","1"
"21/03/2020","11","BOGOTA D.C.","11001","BOGOTA D.C.","URBANA","1"
"21/03/2020","76","VALLE DEL CAUCA","76001","CALI","URBANA","1"
"20/03/2020","19","CAUCA","19075","BALBOA","URBANA","1"
"19/03/2020","05","ANTIOQUIA","05134","CAMPAMENTO","URBANA","1"
"17/03/2020","17","CALDAS","17614","RIOSUCIO","RURAL","1"
"16/03/2020","76","VALLE DEL CAUCA","76364","JAMUNDI","URBANA","1"
"16/03/2020","27","CHOCO","27615","RIOSUCIO","URBANA","1"
"15/03/2020","76","VALLE DEL CAUCA","76275","FLORIDA","RURAL","1"
"11/03/2020","19","CAUCA","19142","CALOTO","RURAL","1"
"11/03/2020","05","ANTIOQUIA","05361","ITUANGO","RURAL","1"
"11/03/2020","18","CAQUETA","18753","SAN VICENTE DEL CAGUAN","URBANA","1"
"11/03/2020","95","GUAVIARE","95001","SAN JOSE DEL GUAVIARE","RURAL","1"
"10/03/2020","76","VALLE DEL CAUCA","76563","PRADERA","URBANA","1"
"09/03/2020","50","META","50350","LA MACARENA","URBANA","1"
"08/03/2020","19","CAUCA","19050","ARGELIA","RURAL","1"
"06/03/2020","76","VALLE DEL CAUCA","76001","CALI","URBANA","1"
"06/03/2020","17","CALDAS","17614","RIOSUCIO","RURAL","1"
"03/03/2020","52","NARIÑO","52621","ROBERTO PAYAN","RURAL","1"
"02/03/2020","81","ARAUCA","81065","ARAUQUITA","URBANA","1"
"28/02/2020","19","CAUCA","19110","BUENOS AIRES","RURAL","1"
"28/02/2020","25","CUNDINAMARCA","25307","GIRARDOT","URBANA","1"
"27/02/2020","27","CHOCO","27001","QUIBDO","RURAL","1"
"27/02/2020","81","ARAUCA","81736","SARAVENA","URBANA","1"
"26/02/2020","50","META","50568","PUERTO GAITAN","URBANA","1"
"25/02/2020","81","ARAUCA","81736","SARAVENA","RURAL","1"
"24/02/2020","05","ANTIOQUIA","05475","MURINDO","URBANA","1"
"23/02/2020","81","ARAUCA","81001","ARAUCA","URBANA","1"
"22/02/2020","13","BOLIVAR","13042","ARENAL","RURAL","1"
"22/02/2020","54","NORTE DE SANTANDER","54003","ABREGO","URBANA","1"
"22/02/2020","13","BOLIVAR","13042","ARENAL","URBANA","1"
"20/02/2020","18","CAQUETA","18247","EL DONCELLO","URBANA","1"
"19/02/2020","54","NORTE DE SANTANDER","54498","OCAÑA","URBANA","1"
"19/02/2020","81","ARAUCA","81065","ARAUQUITA","URBANA","1"
"19/02/2020","54","NORTE DE SANTANDER","54261","EL ZULIA","RURAL","1"
"18/02/2020","27","CHOCO","27245","EL CARMEN DE ATRATO","RURAL","1"
"18/02/2020","81","ARAUCA","81794","TAME","URBANA","1"
"18/02/2020","81","ARAUCA","81794","TAME","URBANA","1"
"17/02/2020","19","CAUCA","19622","ROSAS","RURAL","1"
"17/02/2020","20","CESAR","20228","CURUMANI","URBANA","1"
"17/02/2020","54","NORTE DE SANTANDER","54001","CUCUTA","URBANA","1"
"17/02/2020","54","NORTE DE SANTANDER","54498","OCAÑA","RURAL","1"
"17/02/2020","54","NORTE DE SANTANDER","54874","VILLA DEL ROSARIO","URBANA","1"
"16/02/2020","27","CHOCO","27787","TADO","RURAL","1"
"16/02/2020","19","CAUCA","19075","BALBOA","URBANA","1"
"16/02/2020","47","MAGDALENA","47318","GUAMAL","URBANA","1"
"16/02/2020","20","CESAR","20001","VALLEDUPAR","RURAL","1"
"16/02/2020","54","NORTE DE SANTANDER","54810","TIBU","RURAL","1"
"16/02/2020","05","ANTIOQUIA","05040","ANORI","RURAL","1"
"16/02/2020","52","NARIÑO","52435","MALLAMA","URBANA","1"
"15/02/2020","27","CHOCO","27245","EL CARMEN DE ATRATO","RURAL","1"
"15/02/2020","19","CAUCA","19075","BALBOA","URBANA","1"
"15/02/2020","20","CESAR","20228","CURUMANI","URBANA","1"
"15/02/2020","20","CESAR","20517","PAILITAS","URBANA","1"
"15/02/2020","20","CESAR","20517","PAILITAS","URBANA","1"
"15/02/2020","54","NORTE DE SANTANDER","54518","PAMPLONA","RURAL","1"
"15/02/2020","81","ARAUCA","81220","CRAVO NORTE","URBANA","1"
"15/02/2020","81","ARAUCA","81300","FORTUL","URBANA","1"
"15/02/2020","81","ARAUCA","81300","FORTUL","URBANA","1"
"15/02/2020","81","ARAUCA","81300","FORTUL","URBANA","1"
"14/02/2020","54","NORTE DE SANTANDER","54498","OCAÑA","RURAL","1"
"14/02/2020","25","CUNDINAMARCA","25307","GIRARDOT","URBANA","1"
"14/02/2020","50","META","50568","PUERTO GAITAN","URBANA","1"
"14/02/2020","05","ANTIOQUIA","05579","PUERTO BERRIO","RURAL","1"
"14/02/2020","20","CESAR","20550","PELAYA","URBANA","1"
"14/02/2020","20","CESAR","20550","PELAYA","RURAL","1"
"14/02/2020","81","ARAUCA","81300","FORTUL","URBANA","1"
"14/02/2020","81","ARAUCA","81736","SARAVENA","URBANA","1"
"14/02/2020","81","ARAUCA","81065","ARAUQUITA","URBANA","1"
"14/02/2020","54","NORTE DE SANTANDER","54261","EL ZULIA","RURAL","1"
"13/02/2020","20","CESAR","20550","PELAYA","RURAL","1"
"13/02/2020","54","NORTE DE SANTANDER","54344","HACARI","RURAL","1"
"13/02/2020","81","ARAUCA","81300","FORTUL","URBANA","1"
"13/02/2020","81","ARAUCA","81591","PUERTO RONDON","URBANA","1"
"12/02/2020","54","NORTE DE SANTANDER","54206","CONVENCION","URBANA","1"
"12/02/2020","54","NORTE DE SANTANDER","54206","CONVENCION","RURAL","1"
"12/02/2020","54","NORTE DE SANTANDER","54206","CONVENCION","RURAL","1"
"12/02/2020","54","NORTE DE SANTANDER","54001","CUCUTA","URBANA","1"
"12/02/2020","54","NORTE DE SANTANDER","54001","CUCUTA","URBANA","1"
"12/02/2020","54","NORTE DE SANTANDER","54003","ABREGO","RURAL","1"
"12/02/2020","81","ARAUCA","81736","SARAVENA","URBANA","1"
"11/02/2020","73","TOLIMA","73168","CHAPARRAL","RURAL","1"
"10/02/2020","95","GUAVIARE","95025","EL RETORNO","RURAL","1"
"10/02/2020","54","NORTE DE SANTANDER","54206","CONVENCION","RURAL","1"
"10/02/2020","73","TOLIMA","73001","IBAGUE","URBANA","1"
"10/02/2020","81","ARAUCA","81300","FORTUL","URBANA","1"
"09/02/2020","05","ANTIOQUIA","05475","MURINDO","URBANA","1"
"08/02/2020","95","GUAVIARE","95025","EL RETORNO","RURAL","1"
"07/02/2020","95","GUAVIARE","95025","EL RETORNO","RURAL","1"
"07/02/2020","95","GUAVIARE","95025","EL RETORNO","RURAL","1"
"07/02/2020","23","CORDOBA","23580","PUERTO LIBERTADOR","RURAL","1"
"07/02/2020","05","ANTIOQUIA","05001","MEDELLIN","RURAL","1"
"07/02/2020","05","ANTIOQUIA","05250","EL BAGRE","URBANA","1"
"06/02/2020","95","GUAVIARE","95025","EL RETORNO","RURAL","1"
"06/02/2020","27","CHOCO","27787","TADO","RURAL","1"
"06/02/2020","19","CAUCA","19698","SANTANDER DE QUILICHAO","URBANA","1"
"06/02/2020","18","CAQUETA","18753","SAN VICENTE DEL CAGUAN","URBANA","1"
"05/02/2020","54","NORTE DE SANTANDER","54003","ABREGO","RURAL","1"
"05/02/2020","54","NORTE DE SANTANDER","54498","OCAÑA","RURAL","1"
"04/02/2020","81","ARAUCA","81001","ARAUCA","URBANA","1"
"04/02/2020","95","GUAVIARE","95025","EL RETORNO","RURAL","1"
"03/02/2020","99","VICHADA","99773","CUMARIBO","URBANA","1"
"03/02/2020","81","ARAUCA","81065","ARAUQUITA","URBANA","1"
"02/02/2020","81","ARAUCA","81300","FORTUL","URBANA","1"
"01/02/2020","13","BOLIVAR","13160","CANTAGALLO","RURAL","1"
"01/02/2020","05","ANTIOQUIA","05790","TARAZA","RURAL","1"
"01/02/2020","05","ANTIOQUIA","05790","TARAZA","RURAL","1"
"01/02/2020","11","BOGOTA D.C.","11001","BOGOTA D.C.","URBANA","1"
"31/01/2020","81","ARAUCA","81736","SARAVENA","URBANA","1"
"30/01/2020","81","ARAUCA","81736","SARAVENA","URBANA","1"
"30/01/2020","52","NARIÑO","52621","ROBERTO PAYAN","URBANA","1"
"29/01/2020","76","VALLE DEL CAUCA","76364","JAMUNDI","URBANA","1"
"29/01/2020","81","ARAUCA","81794","TAME","URBANA","1"
"29/01/2020","81","ARAUCA","81794","TAME","URBANA","1"
"29/01/2020","81","ARAUCA","81001","ARAUCA","RURAL","1"
"28/01/2020","81","ARAUCA","81065","ARAUQUITA","RURAL","1"
"28/01/2020","95","GUAVIARE","95025","EL RETORNO","RURAL","1"
"27/01/2020","76","VALLE DEL CAUCA","76275","FLORIDA","RURAL","1"
"26/01/2020","19","CAUCA","19137","CALDONO","URBANA","1"
"25/01/2020","81","ARAUCA","81001","ARAUCA","RURAL","1"
"25/01/2020","81","ARAUCA","81001","ARAUCA","RURAL","1"
"24/01/2020","50","META","50006","ACACIAS","URBANA","1"
"24/01/2020","27","CHOCO","27250","EL LITORAL DEL SAN JUAN","RURAL","1"
"23/01/2020","23","CORDOBA","23682","SAN JOSE DE URE","URBANA","1"
"23/01/2020","05","ANTIOQUIA","05154","CAUCASIA","URBANA","1"
"21/01/2020","05","ANTIOQUIA","05790","TARAZA","RURAL","1"
"21/01/2020","81","ARAUCA","81794","TAME","RURAL","1"
"20/01/2020","05","ANTIOQUIA","05045","APARTADO","URBANA","1"
"19/01/2020","81","ARAUCA","81300","FORTUL","URBANA","1"
"19/01/2020","52","NARIÑO","52079","BARBACOAS","RURAL","1"
"18/01/2020","73","TOLIMA","73168","CHAPARRAL","URBANA","1"
"18/01/2020","81","ARAUCA","81065","ARAUQUITA","RURAL","1"
"18/01/2020","81","ARAUCA","81300","FORTUL","URBANA","1"
"17/01/2020","52","NARIÑO","52250","EL CHARCO","URBANA","1"
"17/01/2020","81","ARAUCA","81736","SARAVENA","RURAL","1"
"17/01/2020","05","ANTIOQUIA","05045","APARTADO","URBANA","1"
"17/01/2020","05","ANTIOQUIA","05736","SEGOVIA","RURAL","1"
"16/01/2020","54","NORTE DE SANTANDER","54344","HACARI","URBANA","1"
"16/01/2020","27","CHOCO","27450","MEDIO SAN JUAN","URBANA","1"
"15/01/2020","05","ANTIOQUIA","05790","TARAZA","RURAL","1"
"14/01/2020","54","NORTE DE SANTANDER","54810","TIBU","RURAL","1"
"14/01/2020","52","NARIÑO","52490","OLAYA HERRERA","URBANA","1"
"13/01/2020","19","CAUCA","19780","SUAREZ","RURAL","1"
"12/01/2020","81","ARAUCA","81736","SARAVENA","URBANA","1"
"10/01/2020","85","CASANARE","85001","YOPAL","URBANA","1"
"10/01/2020","81","ARAUCA","81001","ARAUCA","URBANA","1"
"10/01/2020","81","ARAUCA","81065","ARAUQUITA","RURAL","1"
"10/01/2020","81","ARAUCA","81794","TAME","URBANA","1"
"09/01/2020","25","CUNDINAMARCA","25430","MADRID","URBANA","1"
"07/01/2020","44","LA GUAJIRA","44874","VILLANUEVA","URBANA","1"
"07/01/2020","44","LA GUAJIRA","44874","VILLANUEVA","URBANA","1"
"07/01/2020","13","BOLIVAR","13688","SANTA ROSA DEL SUR","RURAL","1"
"05/01/2020","70","SUCRE","70742","SAN LUIS DE SINCE","URBANA","1"
"04/01/2020","19","CAUCA","19698","SANTANDER DE QUILICHAO","RURAL","1"
"01/01/2020","27","CHOCO","27372","JURADO","RURAL","1"
"01/01/2020","63","QUINDIO","63548","PIJAO","URBANA","1"
"31/12/2019","95","GUAVIARE","95001","SAN JOSE DEL GUAVIARE","URBANA","1"
"30/12/2019","19","CAUCA","19001","POPAYAN","URBANA","1"
"27/12/2019","05","ANTIOQUIA","05040","ANORI","RURAL","1"
"26/12/2019","05","ANTIOQUIA","05854","VALDIVIA","RURAL","1"
"25/12/2019","13","BOLIVAR","13160","CANTAGALLO","URBANA","1"
"25/12/2019","50","META","50450","PUERTO CONCORDIA","URBANA","1"
"20/12/2019","19","CAUCA","19142","CALOTO","URBANA","1"
"20/12/2019","95","GUAVIARE","95200","MIRAFLORES","URBANA","1"
"18/12/2019","95","GUAVIARE","95025","EL RETORNO","URBANA","1"
"14/12/2019","63","QUINDIO","63001","ARMENIA","URBANA","1"
"13/12/2019","52","NARIÑO","52835","SAN ANDRES DE TUMACO","URBANA","1"
"13/12/2019","76","VALLE DEL CAUCA","76275","FLORIDA","URBANA","1"
"12/12/2019","95","GUAVIARE","95015","CALAMAR","URBANA","1"
"12/12/2019","15","BOYACA","15223","CUBARA","RURAL","1"
"11/12/2019","95","GUAVIARE","95015","CALAMAR","URBANA","1"
"09/12/2019","05","ANTIOQUIA","05854","VALDIVIA","URBANA","1"
"09/12/2019","05","ANTIOQUIA","05854","VALDIVIA","RURAL","1"
"09/12/2019","05","ANTIOQUIA","05120","CACERES","RURAL","1"
"09/12/2019","05","ANTIOQUIA","05854","VALDIVIA","RURAL","1"
"09/12/2019","05","ANTIOQUIA","05854","VALDIVIA","RURAL","1"
"07/12/2019","23","CORDOBA","23350","LA APARTADA","URBANA","1"
"07/12/2019","23","CORDOBA","23466","MONTELIBANO","URBANA","1"
"07/12/2019","19","CAUCA","19001","POPAYAN","URBANA","1"
"07/12/2019","19","CAUCA","19455","MIRANDA","URBANA","1"
"06/12/2019","20","CESAR","20011","AGUACHICA","URBANA","1"
"04/12/2019","05","ANTIOQUIA","05120","CACERES","URBANA","1"
"04/12/2019","23","CORDOBA","23682","SAN JOSE DE URE","RURAL","1"
"04/12/2019","19","CAUCA","19698","SANTANDER DE QUILICHAO","URBANA","1"
"04/12/2019","05","ANTIOQUIA","05790","TARAZA","RURAL","1"
"04/12/2019","05","ANTIOQUIA","05120","CACERES","URBANA","1"
"30/11/2019","76","VALLE DEL CAUCA","76364","JAMUNDI","RURAL","1"
"30/11/2019","19","CAUCA","19001","POPAYAN","URBANA","1"
"30/11/2019","05","ANTIOQUIA","05790","TARAZA","RURAL","1"
"30/11/2019","76","VALLE DEL CAUCA","76364","JAMUNDI","RURAL","1"
"29/11/2019","52","NARIÑO","52390","LA TOLA","URBANA","1"
"29/11/2019","54","NORTE DE SANTANDER","54670","SAN CALIXTO","URBANA","1"
"29/11/2019","76","VALLE DEL CAUCA","76364","JAMUNDI","URBANA","1"
"28/11/2019","25","CUNDINAMARCA","25754","SOACHA","URBANA","1"
"28/11/2019","86","PUTUMAYO","86885","VILLAGARZON","URBANA","1"
"27/11/2019","05","ANTIOQUIA","05790","TARAZA","RURAL","1"
"26/11/2019","08","ATLANTICO","08001","BARRANQUILLA","URBANA","1"
"26/11/2019","73","TOLIMA","73001","IBAGUE","URBANA","1"
"26/11/2019","95","GUAVIARE","95200","MIRAFLORES","URBANA","1"
"24/11/2019","19","CAUCA","19533","PIAMONTE","URBANA","1"
"24/11/2019","23","CORDOBA","23682","SAN JOSE DE URE","RURAL","1"
"23/11/2019","81","ARAUCA","81736","SARAVENA","RURAL","1"
"22/11/2019","95","GUAVIARE","95025","EL RETORNO","URBANA","1"
"22/11/2019","19","CAUCA","19698","SANTANDER DE QUILICHAO","URBANA","1"
"22/11/2019","19","CAUCA","19698","SANTANDER DE QUILICHAO","URBANA","1"
"22/11/2019","25","CUNDINAMARCA","25843","VILLA DE SAN DIEGO DE UBATE","URBANA","1"
"22/11/2019","19","CAUCA","19698","SANTANDER DE QUILICHAO","URBANA","1"
"21/11/2019","05","ANTIOQUIA","05790","TARAZA","RURAL","1"
"21/11/2019","19","CAUCA","19845","VILLA RICA","URBANA","1"
"20/11/2019","81","ARAUCA","81001","ARAUCA","URBANA","1"
"19/11/2019","19","CAUCA","19001","POPAYAN","URBANA","1"
"18/11/2019","11","BOGOTA D.C.","11001","BOGOTA D.C.","URBANA","1"
"18/11/2019","54","NORTE DE SANTANDER","54344","HACARI","URBANA","1"
"18/11/2019","19","CAUCA","19001","POPAYAN","URBANA","1"
"17/11/2019","19","CAUCA","19532","PATIA","URBANA","1"
"17/11/2019","19","CAUCA","19001","POPAYAN","URBANA","1"
"17/11/2019","81","ARAUCA","81001","ARAUCA","URBANA","1"
"16/11/2019","86","PUTUMAYO","86885","VILLAGARZON","URBANA","1"
"16/11/2019","19","CAUCA","19137","CALDONO","RURAL","1"
"14/11/2019","81","ARAUCA","81300","FORTUL","URBANA","1"
"14/11/2019","11","BOGOTA D.C.","11001","BOGOTA D.C.","URBANA","1"
"14/11/2019","81","ARAUCA","81300","FORTUL","URBANA","1"
"14/11/2019","76","VALLE DEL CAUCA","76520","PALMIRA","URBANA","1"
"14/11/2019","13","BOLIVAR","13836","TURBACO","URBANA","1"
"14/11/2019","19","CAUCA","19022","ALMAGUER","RURAL","1"
"13/11/2019","52","NARIÑO","52233","CUMBITARA","URBANA","1"
"13/11/2019","95","GUAVIARE","95200","MIRAFLORES","URBANA","1"
"12/11/2019","13","BOLIVAR","13688","SANTA ROSA DEL SUR","URBANA","1"
"09/11/2019","05","ANTIOQUIA","05001","MEDELLIN","URBANA","1"
"09/11/2019","81","ARAUCA","81300","FORTUL","URBANA","1"
"08/11/2019","81","ARAUCA","81300","FORTUL","URBANA","1"
"08/11/2019","19","CAUCA","19142","CALOTO","URBANA","1"
"08/11/2019","95","GUAVIARE","95200","MIRAFLORES","URBANA","1"
"07/11/2019","05","ANTIOQUIA","05001","MEDELLIN","URBANA","1"
"06/11/2019","76","VALLE DEL CAUCA","76001","CALI","URBANA","1"
"06/11/2019","76","VALLE DEL CAUCA","76001","CALI","URBANA","1"
"06/11/2019","27","CHOCO","27372","JURADO","URBANA","1"
"05/11/2019","95","GUAVIARE","95001","SAN JOSE DEL GUAVIARE","URBANA","1"
"04/11/2019","54","NORTE DE SANTANDER","54810","TIBU","URBANA","1"
"03/11/2019","19","CAUCA","19743","SILVIA","URBANA","1"
"02/11/2019","23","CORDOBA","23466","MONTELIBANO","URBANA","1"
"01/11/2019","08","ATLANTICO","08001","BARRANQUILLA","URBANA","1"
"01/11/2019","95","GUAVIARE","95001","SAN JOSE DEL GUAVIARE","URBANA","1"
"31/10/2019","11","BOGOTA D.C.","11001","BOGOTA D.C.","URBANA","1"
"31/10/2019","52","NARIÑO","52621","ROBERTO PAYAN","URBANA","1"
"30/10/2019","05","ANTIOQUIA","05790","TARAZA","URBANA","1"
"30/10/2019","05","ANTIOQUIA","05790","TARAZA","URBANA","1"
"29/10/2019","19","CAUCA","19821","TORIBIO","URBANA","1"
"29/10/2019","76","VALLE DEL CAUCA","76834","TULUA","URBANA","1"
"28/10/2019","95","GUAVIARE","95200","MIRAFLORES","URBANA","1"
"28/10/2019","23","CORDOBA","23466","MONTELIBANO","URBANA","1"
"28/10/2019","05","ANTIOQUIA","05495","NECHI","URBANA","1"
"27/10/2019","94","GUAINIA","94001","INIRIDA","URBANA","1"
"27/10/2019","05","ANTIOQUIA","05854","VALDIVIA","RURAL","1"
"27/10/2019","05","ANTIOQUIA","05040","ANORI","RURAL","1"
"26/10/2019","76","VALLE DEL CAUCA","76113","BUGALAGRANDE","URBANA","1"
"26/10/2019","19","CAUCA","19473","MORALES","URBANA","1"
"26/10/2019","86","PUTUMAYO","86568","PUERTO ASIS","URBANA","1"
"25/10/2019","76","VALLE DEL CAUCA","76109","BUENAVENTURA","RURAL","1"
"25/10/2019","18","CAQUETA","18150","CARTAGENA DEL CHAIRA","URBANA","1"
"25/10/2019","66","RISARALDA","66456","MISTRATO","URBANA","1"
"24/10/2019","20","CESAR","20011","AGUACHICA","URBANA","1"
"24/10/2019","86","PUTUMAYO","86568","PUERTO ASIS","URBANA","1"
"23/10/2019","81","ARAUCA","81065","ARAUQUITA","URBANA","1"
"22/10/2019","44","LA GUAJIRA","44279","FONSECA","URBANA","1"
"21/10/2019","05","ANTIOQUIA","05040","ANORI","RURAL","1"
"21/10/2019","95","GUAVIARE","95015","CALAMAR","URBANA","1"
"21/10/2019","18","CAQUETA","18753","SAN VICENTE DEL CAGUAN","URBANA","1"
"21/10/2019","18","CAQUETA","18753","SAN VICENTE DEL CAGUAN","URBANA","1"
"21/10/2019","18","CAQUETA","18753","SAN VICENTE DEL CAGUAN","URBANA","1"
"20/10/2019","81","ARAUCA","81300","FORTUL","URBANA","1"
"20/10/2019","05","ANTIOQUIA","05361","ITUANGO","RURAL","1"
"17/10/2019","27","CHOCO","27001","QUIBDO","URBANA","1"
"16/10/2019","19","CAUCA","19142","CALOTO","URBANA","1"
"16/10/2019","19","CAUCA","19142","CALOTO","URBANA","1"
"16/10/2019","54","NORTE DE SANTANDER","54250","EL TARRA","URBANA","1"
"16/10/2019","05","ANTIOQUIA","05440","MARINILLA","URBANA","1"
"16/10/2019","50","META","50001","VILLAVICENCIO","URBANA","1"
"15/10/2019","54","NORTE DE SANTANDER","54250","EL TARRA","URBANA","1"
"15/10/2019","66","RISARALDA","66001","PEREIRA","URBANA","1"
"11/10/2019","95","GUAVIARE","95025","EL RETORNO","URBANA","1"
"10/10/2019","54","NORTE DE SANTANDER","54250","EL TARRA","URBANA","1"
"09/10/2019","47","MAGDALENA","47170","CHIVOLO","URBANA","1"
"09/10/2019","52","NARIÑO","52001","PASTO","URBANA","1"
"09/10/2019","19","CAUCA","19548","PIENDAMO - TUNIA","URBANA","1"
"08/10/2019","11","BOGOTA D.C.","11001","BOGOTA D.C.","URBANA","1"
"08/10/2019","95","GUAVIARE","95200","MIRAFLORES","URBANA","1"
"08/10/2019","50","META","50001","VILLAVICENCIO","URBANA","1"
"08/10/2019","50","META","50001","VILLAVICENCIO","URBANA","1"
"07/10/2019","81","ARAUCA","81065","ARAUQUITA","URBANA","1"
"07/10/2019","95","GUAVIARE","95200","MIRAFLORES","URBANA","1"
"06/10/2019","41","HUILA","41132","CAMPOALEGRE","RURAL","1"
"05/10/2019","86","PUTUMAYO","86320","ORITO","URBANA","1"
"04/10/2019","54","NORTE DE SANTANDER","54670","SAN CALIXTO","URBANA","1"
"04/10/2019","54","NORTE DE SANTANDER","54250","EL TARRA","RURAL","1"
"03/10/2019","95","GUAVIARE","95200","MIRAFLORES","URBANA","1"
"03/10/2019","54","NORTE DE SANTANDER","54498","OCAÑA","URBANA","1"
"02/10/2019","99","VICHADA","99773","CUMARIBO","URBANA","1"
"01/10/2019","05","ANTIOQUIA","05604","REMEDIOS","RURAL","1"
"30/09/2019","50","META","50450","PUERTO CONCORDIA","URBANA","1"
"30/09/2019","05","ANTIOQUIA","05895","ZARAGOZA","RURAL","1"
"30/09/2019","05","ANTIOQUIA","05895","ZARAGOZA","RURAL","1"
"28/09/2019","05","ANTIOQUIA","05361","ITUANGO","RURAL","1"
"27/09/2019","05","ANTIOQUIA","05790","TARAZA","RURAL","1"
"25/09/2019","68","SANTANDER","68081","BARRANCABERMEJA","URBANA","1"
"25/09/2019","11","BOGOTA D.C.","11001","BOGOTA D.C.","URBANA","1"
"25/09/2019","86","PUTUMAYO","86568","PUERTO ASIS","URBANA","1"
"25/09/2019","54","NORTE DE SANTANDER","54800","TEORAMA","URBANA","1"
"23/09/2019","41","HUILA","41001","NEIVA","URBANA","1"
"22/09/2019","05","ANTIOQUIA","05895","ZARAGOZA","RURAL","1"
"21/09/2019","95","GUAVIARE","95015","CALAMAR","URBANA","1"
"21/09/2019","54","NORTE DE SANTANDER","54720","SARDINATA","RURAL","1"
"20/09/2019","47","MAGDALENA","47001","SANTA MARTA","URBANA","1"
"20/09/2019","05","ANTIOQUIA","05361","ITUANGO","RURAL","1"
"19/09/2019","41","HUILA","41001","NEIVA","URBANA","1"
"19/09/2019","52","NARIÑO","52835","SAN ANDRES DE TUMACO","RURAL","1"
"19/09/2019","54","NORTE DE SANTANDER","54800","TEORAMA","URBANA","1"
"19/09/2019","54","NORTE DE SANTANDER","54800","TEORAMA","URBANA","1"
"19/09/2019","52","NARIÑO","52835","SAN ANDRES DE TUMACO","RURAL","1"
"18/09/2019","86","PUTUMAYO","86001","MOCOA","URBANA","1"
"18/09/2019","52","NARIÑO","52835","SAN ANDRES DE TUMACO","RURAL","1"
"18/09/2019","52","NARIÑO","52835","SAN ANDRES DE TUMACO","RURAL","1"
"18/09/2019","25","CUNDINAMARCA","25772","SUESCA","URBANA","1"
"17/09/2019","11","BOGOTA D.C.","11001","BOGOTA D.C.","URBANA","1"
"17/09/2019","52","NARIÑO","52835","SAN ANDRES DE TUMACO","URBANA","1"
"16/09/2019","81","ARAUCA","81065","ARAUQUITA","URBANA","1"
"16/09/2019","81","ARAUCA","81065","ARAUQUITA","URBANA","1"
"16/09/2019","05","ANTIOQUIA","05361","ITUANGO","RURAL","1"
"15/09/2019","81","ARAUCA","81001","ARAUCA","URBANA","1"
"15/09/2019","81","ARAUCA","81065","ARAUQUITA","URBANA","1"
"15/09/2019","81","ARAUCA","81736","SARAVENA","URBANA","1"
"15/09/2019","81","ARAUCA","81001","ARAUCA","URBANA","1"
"14/09/2019","81","ARAUCA","81065","ARAUQUITA","URBANA","1"
"14/09/2019","81","ARAUCA","81300","FORTUL","URBANA","1"
"14/09/2019","81","ARAUCA","81300","FORTUL","URBANA","1"
"14/09/2019","81","ARAUCA","81300","FORTUL","URBANA","1"
"14/09/2019","86","PUTUMAYO","86865","VALLE DEL GUAMUEZ","URBANA","1"
"14/09/2019","86","PUTUMAYO","86865","VALLE DEL GUAMUEZ","URBANA","1"
"13/09/2019","11","BOGOTA D.C.","11001","BOGOTA D.C.","URBANA","1"
"13/09/2019","81","ARAUCA","81300","FORTUL","URBANA","1"
"13/09/2019","86","PUTUMAYO","86885","VILLAGARZON","URBANA","1"
"13/09/2019","05","ANTIOQUIA","05790","TARAZA","RURAL","1"
"12/09/2019","81","ARAUCA","81065","ARAUQUITA","URBANA","1"
"12/09/2019","15","BOYACA","15223","CUBARA","URBANA","1"
"11/09/2019","25","CUNDINAMARCA","25649","SAN BERNARDO","URBANA","1"
"11/09/2019","25","CUNDINAMARCA","25754","SOACHA","URBANA","1"
"11/09/2019","25","CUNDINAMARCA","25754","SOACHA","URBANA","1"
"09/09/2019","95","GUAVIARE","95001","SAN JOSE DEL GUAVIARE","URBANA","1"
"08/09/2019","05","ANTIOQUIA","05361","ITUANGO","RURAL","1"
"07/09/2019","54","NORTE DE SANTANDER","54810","TIBU","RURAL","1"
"07/09/2019","25","CUNDINAMARCA","25862","VERGARA","URBANA","1"
"06/09/2019","19","CAUCA","19001","POPAYAN","URBANA","1"
"04/09/2019","25","CUNDINAMARCA","25754","SOACHA","URBANA","1"
"03/09/2019","11","BOGOTA D.C.","11001","BOGOTA D.C.","URBANA","1"
"03/09/2019","54","NORTE DE SANTANDER","54670","SAN CALIXTO","URBANA","1"
"01/09/2019","47","MAGDALENA","47268","EL RETEN","URBANA","1"
"01/09/2019","47","MAGDALENA","47268","EL RETEN","URBANA","1"
"31/08/2019","86","PUTUMAYO","86568","PUERTO ASIS","URBANA","1"
"30/08/2019","27","CHOCO","27001","QUIBDO","URBANA","1"
"30/08/2019","81","ARAUCA","81065","ARAUQUITA","RURAL","1"
"29/08/2019","18","CAQUETA","18753","SAN VICENTE DEL CAGUAN","URBANA","1"
"28/08/2019","81","ARAUCA","81065","ARAUQUITA","URBANA","1"
"28/08/2019","54","NORTE DE SANTANDER","54810","TIBU","RURAL","1"
"27/08/2019","05","ANTIOQUIA","05858","VEGACHI","RURAL","1"
"26/08/2019","19","CAUCA","19533","PIAMONTE","URBANA","1"
"26/08/2019","86","PUTUMAYO","86568","PUERTO ASIS","URBANA","1"
"23/08/2019","86","PUTUMAYO","86568","PUERTO ASIS","URBANA","1"
"23/08/2019","18","CAQUETA","18592","PUERTO RICO","URBANA","1"
"23/08/2019","05","ANTIOQUIA","05790","TARAZA","RURAL","1"
"22/08/2019","70","SUCRE","70204","COLOSO","URBANA","1"
"22/08/2019","13","BOLIVAR","13744","SIMITI","URBANA","1"
"21/08/2019","44","LA GUAJIRA","44035","ALBANIA","URBANA","1"
"21/08/2019","73","TOLIMA","73555","PLANADAS","URBANA","1"
"21/08/2019","19","CAUCA","19698","SANTANDER DE QUILICHAO","URBANA","1"
"21/08/2019","81","ARAUCA","81300","FORTUL","URBANA","1"
"20/08/2019","23","CORDOBA","23466","MONTELIBANO","URBANA","1"
"19/08/2019","18","CAQUETA","18001","FLORENCIA","URBANA","1"
"18/08/2019","05","ANTIOQUIA","05790","TARAZA","RURAL","1"
"18/08/2019","05","ANTIOQUIA","05790","TARAZA","RURAL","1"
"17/08/2019","05","ANTIOQUIA","05040","ANORI","URBANA","1"
"17/08/2019","86","PUTUMAYO","86568","PUERTO ASIS","URBANA","1"
"17/08/2019","50","META","50450","PUERTO CONCORDIA","URBANA","1"
"17/08/2019","81","ARAUCA","81794","TAME","URBANA","1"
"17/08/2019","05","ANTIOQUIA","05040","ANORI","URBANA","1"
"16/08/2019","41","HUILA","41078","BARAYA","RURAL","1"
"16/08/2019","54","NORTE DE SANTANDER","54498","OCAÑA","RURAL","1"
"16/08/2019","05","ANTIOQUIA","05790","TARAZA","RURAL","1"
"14/08/2019","52","NARIÑO","52079","BARBACOAS","URBANA","1"
"13/08/2019","81","ARAUCA","81065","ARAUQUITA","URBANA","1"
"13/08/2019","81","ARAUCA","81300","FORTUL","URBANA","1"
"13/08/2019","52","NARIÑO","52540","POLICARPA","RURAL","1"
"13/08/2019","05","ANTIOQUIA","05790","TARAZA","RURAL","1"
"12/08/2019","41","HUILA","41078","BARAYA","RURAL","1"
"12/08/2019","41","HUILA","41078","BARAYA","RURAL","1"
"10/08/2019","81","ARAUCA","81001","ARAUCA","URBANA","1"
"10/08/2019","41","HUILA","41078","BARAYA","RURAL","1"
"09/08/2019","19","CAUCA","19050","ARGELIA","RURAL","1"
"09/08/2019","81","ARAUCA","81065","ARAUQUITA","RURAL","1"
"08/08/2019","05","ANTIOQUIA","05885","YALI","RURAL","1"
"07/08/2019","27","CHOCO","27099","BOJAYA","URBANA","1"
"07/08/2019","76","VALLE DEL CAUCA","76001","CALI","URBANA","1"
"07/08/2019","76","VALLE DEL CAUCA","76001","CALI","URBANA","1"
"07/08/2019","81","ARAUCA","81300","FORTUL","URBANA","1"
"07/08/2019","81","ARAUCA","81300","FORTUL","URBANA","1"
"07/08/2019","54","NORTE DE SANTANDER","54810","TIBU","URBANA","1"
"05/08/2019","54","NORTE DE SANTANDER","54720","SARDINATA","URBANA","1"
"05/08/2019","05","ANTIOQUIA","05790","TARAZA","RURAL","1"
"04/08/2019","19","CAUCA","19473","MORALES","RURAL","1"
"04/08/2019","70","SUCRE","70508","OVEJAS","URBANA","1"
"04/08/2019","86","PUTUMAYO","86885","VILLAGARZON","URBANA","1"
"02/08/2019","76","VALLE DEL CAUCA","76001","CALI","URBANA","1"
"01/08/2019","95","GUAVIARE","95015","CALAMAR","URBANA","1"
"01/08/2019","05","ANTIOQUIA","05790","TARAZA","RURAL","1"
"31/07/2019","20","CESAR","20011","AGUACHICA","URBANA","1"
"31/07/2019","86","PUTUMAYO","86320","ORITO","URBANA","1"
"30/07/2019","05","ANTIOQUIA","05361","ITUANGO","RURAL","1"
"29/07/2019","41","HUILA","41078","BARAYA","RURAL","1"
"29/07/2019","41","HUILA","41078","BARAYA","RURAL","1"
"29/07/2019","54","NORTE DE SANTANDER","54405","LOS PATIOS","URBANA","1"
"29/07/2019","95","GUAVIARE","95200","MIRAFLORES","URBANA","1"
"28/07/2019","05","ANTIOQUIA","05895","ZARAGOZA","URBANA","1"
"28/07/2019","05","ANTIOQUIA","05895","ZARAGOZA","URBANA","1"
"28/07/2019","81","ARAUCA","81065","ARAUQUITA","RURAL","1"
"27/07/2019","20","CESAR","20383","LA GLORIA","URBANA","1"
"27/07/2019","86","PUTUMAYO","86320","ORITO","URBANA","1"
"27/07/2019","05","ANTIOQUIA","05847","URRAO","URBANA","1"
"26/07/2019","81","ARAUCA","81736","SARAVENA","RURAL","1"
"26/07/2019","41","HUILA","41078","BARAYA","RURAL","1"
"26/07/2019","41","HUILA","41078","BARAYA","RURAL","1"
"26/07/2019","81","ARAUCA","81794","TAME","RURAL","1"
"26/07/2019","86","PUTUMAYO","86885","VILLAGARZON","URBANA","1"
"26/07/2019","81","ARAUCA","81794","TAME","URBANA","1"
"25/07/2019","20","CESAR","20614","RIO DE ORO","URBANA","1"
"25/07/2019","54","NORTE DE SANTANDER","54810","TIBU","RURAL","1"
"25/07/2019","19","CAUCA","19821","TORIBIO","RURAL","1"
"24/07/2019","81","ARAUCA","81065","ARAUQUITA","URBANA","1"
"24/07/2019","81","ARAUCA","81065","ARAUQUITA","URBANA","1"
"24/07/2019","41","HUILA","41078","BARAYA","RURAL","1"
"24/07/2019","52","NARIÑO","52079","BARBACOAS","URBANA","1"
"24/07/2019","05","ANTIOQUIA","05790","TARAZA","URBANA","1"
"24/07/2019","05","ANTIOQUIA","05361","ITUANGO","RURAL","1"
"24/07/2019","05","ANTIOQUIA","05079","BARBOSA","RURAL","1"
"24/07/2019","81","ARAUCA","81794","TAME","RURAL","1"
"22/07/2019","95","GUAVIARE","95200","MIRAFLORES","URBANA","1"
"22/07/2019","05","ANTIOQUIA","05854","VALDIVIA","RURAL","1"
"22/07/2019","05","ANTIOQUIA","05854","VALDIVIA","RURAL","1"
"22/07/2019","05","ANTIOQUIA","05854","VALDIVIA","RURAL","1"
"22/07/2019","05","ANTIOQUIA","05854","VALDIVIA","RURAL","1"
"21/07/2019","05","ANTIOQUIA","05854","VALDIVIA","RURAL","1"
"21/07/2019","05","ANTIOQUIA","05854","VALDIVIA","RURAL","1"
"20/07/2019","54","NORTE DE SANTANDER","54001","CUCUTA","URBANA","1"
"19/07/2019","41","HUILA","41078","BARAYA","URBANA","1"
"19/07/2019","05","ANTIOQUIA","05790","TARAZA","RURAL","1"
"18/07/2019","41","HUILA","41078","BARAYA","RURAL","1"
"18/07/2019","95","GUAVIARE","95025","EL RETORNO","URBANA","1"
"18/07/2019","17","CALDAS","17614","RIOSUCIO","RURAL","1"
"18/07/2019","47","MAGDALENA","47001","SANTA MARTA","URBANA","1"
"18/07/2019","41","HUILA","41799","TELLO","RURAL","1"
"18/07/2019","05","ANTIOQUIA","05895","ZARAGOZA","URBANA","1"
"18/07/2019","81","ARAUCA","81300","FORTUL","RURAL","1"
"17/07/2019","81","ARAUCA","81736","SARAVENA","URBANA","1"
"17/07/2019","52","NARIÑO","52678","SAMANIEGO","URBANA","1"
"17/07/2019","81","ARAUCA","81736","SARAVENA","URBANA","1"
"15/07/2019","81","ARAUCA","81065","ARAUQUITA","URBANA","1"
"15/07/2019","81","ARAUCA","81300","FORTUL","URBANA","1"
"15/07/2019","95","GUAVIARE","95200","MIRAFLORES","URBANA","1"
"15/07/2019","95","GUAVIARE","95001","SAN JOSE DEL GUAVIARE","URBANA","1"
"15/07/2019","52","NARIÑO","52699","SANTACRUZ","URBANA","1"
"14/07/2019","05","ANTIOQUIA","05040","ANORI","RURAL","1"
"14/07/2019","52","NARIÑO","52612","RICAURTE","URBANA","1"
"13/07/2019","95","GUAVIARE","95200","MIRAFLORES","URBANA","1"
"12/07/2019","05","ANTIOQUIA","05154","CAUCASIA","URBANA","1"
"12/07/2019","05","ANTIOQUIA","05154","CAUCASIA","URBANA","1"
"12/07/2019","95","GUAVIARE","95001","SAN JOSE DEL GUAVIARE","URBANA","1"
"12/07/2019","54","NORTE DE SANTANDER","54800","TEORAMA","URBANA","1"
"12/07/2019","05","ANTIOQUIA","05154","CAUCASIA","URBANA","1"
"11/07/2019","52","NARIÑO","52233","CUMBITARA","RURAL","1"
"11/07/2019","52","NARIÑO","52233","CUMBITARA","RURAL","1"
"10/07/2019","54","NORTE DE SANTANDER","54245","EL CARMEN","URBANA","1"
"10/07/2019","18","CAQUETA","18150","CARTAGENA DEL CHAIRA","RURAL","1"
"09/07/2019","05","ANTIOQUIA","05361","ITUANGO","URBANA","1"
"09/07/2019","81","ARAUCA","81794","TAME","RURAL","1"
"08/07/2019","66","RISARALDA","66440","MARSELLA","URBANA","1"
"08/07/2019","19","CAUCA","19473","MORALES","RURAL","1"
"08/07/2019","54","NORTE DE SANTANDER","54498","OCAÑA","URBANA","1"
"08/07/2019","08","ATLANTICO","08573","PUERTO COLOMBIA","URBANA","1"
"07/07/2019","52","NARIÑO","52250","EL CHARCO","URBANA","1"
"06/07/2019","95","GUAVIARE","95001","SAN JOSE DEL GUAVIARE","URBANA","1"
"05/07/2019","95","GUAVIARE","95015","CALAMAR","URBANA","1"
"04/07/2019","54","NORTE DE SANTANDER","54003","ABREGO","RURAL","1"
"04/07/2019","52","NARIÑO","52001","PASTO","URBANA","1"
"04/07/2019","19","CAUCA","19698","SANTANDER DE QUILICHAO","URBANA","1"
"04/07/2019","81","ARAUCA","81300","FORTUL","URBANA","1"
"04/07/2019","81","ARAUCA","81300","FORTUL","URBANA","1"
"03/07/2019","81","ARAUCA","81300","FORTUL","URBANA","1"
"02/07/2019","81","ARAUCA","81065","ARAUQUITA","URBANA","1"
"01/07/2019","81","ARAUCA","81001","ARAUCA","URBANA","1"
"01/07/2019","81","ARAUCA","81065","ARAUQUITA","URBANA","1"
"01/07/2019","81","ARAUCA","81001","ARAUCA","URBANA","1"
"30/06/2019","05","ANTIOQUIA","05790","TARAZA","RURAL","1"
"29/06/2019","41","HUILA","41078","BARAYA","RURAL","1"
"29/06/2019","95","GUAVIARE","95200","MIRAFLORES","URBANA","1"
"29/06/2019","95","GUAVIARE","95001","SAN JOSE DEL GUAVIARE","URBANA","1"
"29/06/2019","05","ANTIOQUIA","05790","TARAZA","RURAL","1"
"28/06/2019","86","PUTUMAYO","86573","PUERTO LEGUIZAMO","URBANA","1"
"28/06/2019","81","ARAUCA","81794","TAME","URBANA","1"
"27/06/2019","44","LA GUAJIRA","44430","MAICAO","URBANA","1"
"27/06/2019","81","ARAUCA","81065","ARAUQUITA","RURAL","1"
"27/06/2019","05","ANTIOQUIA","05790","TARAZA","RURAL","1"
"27/06/2019","05","ANTIOQUIA","05736","SEGOVIA","URBANA","1"
"26/06/2019","81","ARAUCA","81300","FORTUL","RURAL","1"
"25/06/2019","86","PUTUMAYO","86568","PUERTO ASIS","URBANA","1"
"25/06/2019","81","ARAUCA","81001","ARAUCA","URBANA","1"
"25/06/2019","81","ARAUCA","81736","SARAVENA","RURAL","1"
"24/06/2019","19","CAUCA","19698","SANTANDER DE QUILICHAO","URBANA","1"
"24/06/2019","19","CAUCA","19698","SANTANDER DE QUILICHAO","URBANA","1"
"24/06/2019","05","ANTIOQUIA","05790","TARAZA","RURAL","1"
"24/06/2019","19","CAUCA","19821","TORIBIO","RURAL","1"
"23/06/2019","05","ANTIOQUIA","05088","BELLO","URBANA","1"
"22/06/2019","63","QUINDIO","63548","PIJAO","URBANA","1"
"22/06/2019","86","PUTUMAYO","86568","PUERTO ASIS","URBANA","1"
"20/06/2019","54","NORTE DE SANTANDER","54810","TIBU","URBANA","1"
"19/06/2019","13","BOLIVAR","13244","EL CARMEN DE BOLIVAR","URBANA","1"
"19/06/2019","54","NORTE DE SANTANDER","54810","TIBU","URBANA","1"
"18/06/2019","13","BOLIVAR","13473","MORALES","URBANA","1"
"18/06/2019","27","CHOCO","27615","RIOSUCIO","URBANA","1"
"17/06/2019","95","GUAVIARE","95001","SAN JOSE DEL GUAVIARE","URBANA","1"
"17/06/2019","13","BOLIVAR","13688","SANTA ROSA DEL SUR","URBANA","1"
"16/06/2019","05","ANTIOQUIA","05790","TARAZA","RURAL","1"
"14/06/2019","52","NARIÑO","52227","CUMBAL","URBANA","1"
"14/06/2019","54","NORTE DE SANTANDER","54250","EL TARRA","URBANA","1"
"13/06/2019","86","PUTUMAYO","86568","PUERTO ASIS","URBANA","1"
"11/06/2019","05","ANTIOQUIA","05790","TARAZA","URBANA","1"
"11/06/2019","81","ARAUCA","81300","FORTUL","RURAL","1"
"09/06/2019","81","ARAUCA","81794","TAME","RURAL","1"
"09/06/2019","81","ARAUCA","81794","TAME","RURAL","1"
"07/06/2019","76","VALLE DEL CAUCA","76111","GUADALAJARA DE BUGA","URBANA","1"
"07/06/2019","18","CAQUETA","18410","LA MONTAÑITA","URBANA","1"
"07/06/2019","05","ANTIOQUIA","05790","TARAZA","RURAL","1"
"07/06/2019","81","ARAUCA","81736","SARAVENA","RURAL","1"
"07/06/2019","81","ARAUCA","81736","SARAVENA","RURAL","1"
"06/06/2019","73","TOLIMA","73168","CHAPARRAL","URBANA","1"
"05/06/2019","86","PUTUMAYO","86568","PUERTO ASIS","URBANA","1"
"04/06/2019","86","PUTUMAYO","86568","PUERTO ASIS","URBANA","1"
"03/06/2019","11","BOGOTA D.C.","11001","BOGOTA D.C.","URBANA","1"
"03/06/2019","95","GUAVIARE","95001","SAN JOSE DEL GUAVIARE","URBANA","1"
"03/06/2019","27","CHOCO","27787","TADO","RURAL","1"
"02/06/2019","27","CHOCO","27372","JURADO","URBANA","1"
"31/05/2019","95","GUAVIARE","95015","CALAMAR","URBANA","1"
"31/05/2019","81","ARAUCA","81736","SARAVENA","RURAL","1"
"31/05/2019","54","NORTE DE SANTANDER","54810","TIBU","RURAL","1"
"31/05/2019","54","NORTE DE SANTANDER","54810","TIBU","URBANA","1"
"30/05/2019","13","BOLIVAR","13001","CARTAGENA DE INDIAS","URBANA","1"
"28/05/2019","73","TOLIMA","73030","AMBALEMA","URBANA","1"
"28/05/2019","81","ARAUCA","81794","TAME","URBANA","1"
"27/05/2019","81","ARAUCA","81065","ARAUQUITA","URBANA","1"
"27/05/2019","81","ARAUCA","81300","FORTUL","URBANA","1"
"27/05/2019","81","ARAUCA","81300","FORTUL","URBANA","1"
"27/05/2019","95","GUAVIARE","95200","MIRAFLORES","URBANA","1"
"27/05/2019","81","ARAUCA","81736","SARAVENA","URBANA","1"
"27/05/2019","81","ARAUCA","81736","SARAVENA","URBANA","1"
"27/05/2019","81","ARAUCA","81736","SARAVENA","URBANA","1"
"27/05/2019","81","ARAUCA","81736","SARAVENA","URBANA","1"
"27/05/2019","81","ARAUCA","81794","TAME","URBANA","1"
"26/05/2019","50","META","50370","URIBE","URBANA","1"
"26/05/2019","81","ARAUCA","81001","ARAUCA","RURAL","1"
"26/05/2019","81","ARAUCA","81065","ARAUQUITA","RURAL","1"
"25/05/2019","05","ANTIOQUIA","05790","TARAZA","RURAL","1"
"24/05/2019","76","VALLE DEL CAUCA","76364","JAMUNDI","URBANA","1"
"24/05/2019","95","GUAVIARE","95001","SAN JOSE DEL GUAVIARE","URBANA","1"
"24/05/2019","95","GUAVIARE","95001","SAN JOSE DEL GUAVIARE","URBANA","1"
"23/05/2019","85","CASANARE","85162","MONTERREY","URBANA","1"
"23/05/2019","81","ARAUCA","81794","TAME","URBANA","1"
"22/05/2019","95","GUAVIARE","95200","MIRAFLORES","URBANA","1"
"21/05/2019","81","ARAUCA","81065","ARAUQUITA","RURAL","1"
"20/05/2019","23","CORDOBA","23350","LA APARTADA","URBANA","1"
"20/05/2019","95","GUAVIARE","95200","MIRAFLORES","URBANA","1"
"20/05/2019","27","CHOCO","27615","RIOSUCIO","URBANA","1"
"20/05/2019","27","CHOCO","27787","TADO","URBANA","1"
"20/05/2019","05","ANTIOQUIA","05893","YONDO","URBANA","1"
"19/05/2019","54","NORTE DE SANTANDER","54001","CUCUTA","URBANA","1"
"19/05/2019","54","NORTE DE SANTANDER","54800","TEORAMA","URBANA","1"
"19/05/2019","81","ARAUCA","81065","ARAUQUITA","RURAL","1"
"18/05/2019","54","NORTE DE SANTANDER","54670","SAN CALIXTO","RURAL","1"
"17/05/2019","11","BOGOTA D.C.","11001","BOGOTA D.C.","URBANA","1"
"17/05/2019","81","ARAUCA","81065","ARAUQUITA","RURAL","1"
"16/05/2019","99","VICHADA","99773","CUMARIBO","URBANA","1"
"16/05/2019","18","CAQUETA","18753","SAN VICENTE DEL CAGUAN","URBANA","1"
"16/05/2019","27","CHOCO","27787","TADO","URBANA","1"
"16/05/2019","81","ARAUCA","81794","TAME","URBANA","1"
"16/05/2019","05","ANTIOQUIA","05790","TARAZA","RURAL","1"
"15/05/2019","81","ARAUCA","81300","FORTUL","RURAL","1"
"15/05/2019","81","ARAUCA","81300","FORTUL","RURAL","1"
"15/05/2019","81","ARAUCA","81300","FORTUL","RURAL","1"
"14/05/2019","68","SANTANDER","68001","BUCARAMANGA","URBANA","1"
"14/05/2019","54","NORTE DE SANTANDER","54810","TIBU","URBANA","1"
"13/05/2019","95","GUAVIARE","95200","MIRAFLORES","URBANA","1"
"12/05/2019","81","ARAUCA","81300","FORTUL","URBANA","1"
"11/05/2019","52","NARIÑO","52612","RICAURTE","RURAL","1"
"10/05/2019","81","ARAUCA","81065","ARAUQUITA","URBANA","1"
"10/05/2019","99","VICHADA","99773","CUMARIBO","URBANA","1"
"10/05/2019","05","ANTIOQUIA","05001","MEDELLIN","URBANA","1"
"10/05/2019","81","ARAUCA","81065","ARAUQUITA","RURAL","1"
"08/05/2019","52","NARIÑO","52356","IPIALES","RURAL","1"
"07/05/2019","81","ARAUCA","81065","ARAUQUITA","URBANA","1"
"07/05/2019","41","HUILA","41078","BARAYA","RURAL","1"
"07/05/2019","18","CAQUETA","18592","PUERTO RICO","URBANA","1"
"07/05/2019","27","CHOCO","27787","TADO","URBANA","1"
"06/05/2019","81","ARAUCA","81065","ARAUQUITA","URBANA","1"
"06/05/2019","05","ANTIOQUIA","05837","TURBO","RURAL","1"
"04/05/2019","19","CAUCA","19821","TORIBIO","URBANA","1"
"04/05/2019","23","CORDOBA","23682","SAN JOSE DE URE","RURAL","1"
"04/05/2019","19","CAUCA","19698","SANTANDER DE QUILICHAO","URBANA","1"
"04/05/2019","81","ARAUCA","81736","SARAVENA","RURAL","1"
"04/05/2019","81","ARAUCA","81736","SARAVENA","URBANA","1"
"04/05/2019","54","NORTE DE SANTANDER","54810","TIBU","URBANA","1"
"04/05/2019","81","ARAUCA","81794","TAME","URBANA","1"
"03/05/2019","81","ARAUCA","81065","ARAUQUITA","URBANA","1"
"03/05/2019","18","CAQUETA","18753","SAN VICENTE DEL CAGUAN","URBANA","1"
"03/05/2019","54","NORTE DE SANTANDER","54874","VILLA DEL ROSARIO","URBANA","1"
"02/05/2019","86","PUTUMAYO","86001","MOCOA","URBANA","1"
"02/05/2019","08","ATLANTICO","08573","PUERTO COLOMBIA","URBANA","1"
"02/05/2019","52","NARIÑO","52835","SAN ANDRES DE TUMACO","URBANA","1"
"02/05/2019","19","CAUCA","19701","SANTA ROSA","RURAL","1"
"02/05/2019","50","META","50370","URIBE","URBANA","1"
"01/05/2019","54","NORTE DE SANTANDER","54250","EL TARRA","RURAL","1"
"01/05/2019","54","NORTE DE SANTANDER","54250","EL TARRA","URBANA","1"
"01/05/2019","25","CUNDINAMARCA","25754","SOACHA","URBANA","1"
"30/04/2019","81","ARAUCA","81065","ARAUQUITA","URBANA","1"
"30/04/2019","23","CORDOBA","23001","MONTERIA","URBANA","1"
"29/04/2019","63","QUINDIO","63594","QUIMBAYA","URBANA","1"
"28/04/2019","50","META","50350","LA MACARENA","RURAL","1"
"27/04/2019","81","ARAUCA","81736","SARAVENA","RURAL","1"
"26/04/2019","19","CAUCA","19110","BUENOS AIRES","URBANA","1"
"26/04/2019","19","CAUCA","19142","CALOTO","RURAL","1"
"26/04/2019","19","CAUCA","19780","SUAREZ","URBANA","1"
"26/04/2019","05","ANTIOQUIA","05790","TARAZA","RURAL","1"
"25/04/2019","20","CESAR","20001","VALLEDUPAR","URBANA","1"
"25/04/2019","05","ANTIOQUIA","05361","ITUANGO","RURAL","1"
"23/04/2019","68","SANTANDER","68001","BUCARAMANGA","URBANA","1"
"23/04/2019","27","CHOCO","27787","TADO","URBANA","1"
"22/04/2019","19","CAUCA","19573","PUERTO TEJADA","URBANA","1"
"21/04/2019","76","VALLE DEL CAUCA","76275","FLORIDA","URBANA","1"
"21/04/2019","50","META","50590","PUERTO RICO","RURAL","1"
"20/04/2019","50","META","50590","PUERTO RICO","URBANA","1"
"20/04/2019","05","ANTIOQUIA","05790","TARAZA","RURAL","1"
"20/04/2019","50","META","50590","PUERTO RICO","URBANA","1"
"19/04/2019","63","QUINDIO","63470","MONTENEGRO","URBANA","1"
"18/04/2019","05","ANTIOQUIA","05001","MEDELLIN","URBANA","1"
"15/04/2019","86","PUTUMAYO","86568","PUERTO ASIS","URBANA","1"
"15/04/2019","86","PUTUMAYO","86568","PUERTO ASIS","RURAL","1"
"14/04/2019","52","NARIÑO","52203","COLON","RURAL","1"
"14/04/2019","54","NORTE DE SANTANDER","54810","TIBU","RURAL","1"
"14/04/2019","05","ANTIOQUIA","05107","BRICEÑO","RURAL","1"
"13/04/2019","54","NORTE DE SANTANDER","54810","TIBU","RURAL","1"
"12/04/2019","81","ARAUCA","81065","ARAUQUITA","URBANA","1"
"12/04/2019","81","ARAUCA","81736","SARAVENA","RURAL","1"
"11/04/2019","52","NARIÑO","52835","SAN ANDRES DE TUMACO","URBANA","1"
"11/04/2019","54","NORTE DE SANTANDER","54670","SAN CALIXTO","RURAL","1"
"10/04/2019","05","ANTIOQUIA","05790","TARAZA","RURAL","1"
"10/04/2019","81","ARAUCA","81794","TAME","URBANA","1"
"08/04/2019","05","ANTIOQUIA","05284","FRONTINO","RURAL","1"
"08/04/2019","54","NORTE DE SANTANDER","54810","TIBU","URBANA","1"
"07/04/2019","81","ARAUCA","81300","FORTUL","URBANA","1"
"07/04/2019","27","CHOCO","27245","EL CARMEN DE ATRATO","RURAL","1"
"06/04/2019","81","ARAUCA","81065","ARAUQUITA","URBANA","1"
"06/04/2019","41","HUILA","41524","PALERMO","URBANA","1"
"06/04/2019","27","CHOCO","27615","RIOSUCIO","URBANA","1"
"06/04/2019","81","ARAUCA","81794","TAME","URBANA","1"
"05/04/2019","86","PUTUMAYO","86571","PUERTO GUZMAN","URBANA","1"
"05/04/2019","86","PUTUMAYO","86571","PUERTO GUZMAN","URBANA","1"
"05/04/2019","86","PUTUMAYO","86885","VILLAGARZON","RURAL","1"
"05/04/2019","50","META","50350","LA MACARENA","RURAL","1"
"04/04/2019","05","ANTIOQUIA","05475","MURINDO","URBANA","1"
"04/04/2019","81","ARAUCA","81300","FORTUL","URBANA","1"
"04/04/2019","81","ARAUCA","81300","FORTUL","URBANA","1"
"03/04/2019","76","VALLE DEL CAUCA","76001","CALI","URBANA","1"
"03/04/2019","81","ARAUCA","81736","SARAVENA","URBANA","1"
"03/04/2019","18","CAQUETA","18753","SAN VICENTE DEL CAGUAN","RURAL","1"
"03/04/2019","76","VALLE DEL CAUCA","76001","CALI","URBANA","1"
"03/04/2019","76","VALLE DEL CAUCA","76001","CALI","URBANA","1"
"02/04/2019","05","ANTIOQUIA","05120","CACERES","RURAL","1"
"02/04/2019","86","PUTUMAYO","86573","PUERTO LEGUIZAMO","URBANA","1"
"02/04/2019","05","ANTIOQUIA","05790","TARAZA","RURAL","1"
"02/04/2019","19","CAUCA","19130","CAJIBIO","RURAL","1"
"02/04/2019","50","META","50711","VISTAHERMOSA","URBANA","1"
"01/04/2019","05","ANTIOQUIA","05001","MEDELLIN","URBANA","1"
"31/03/2019","54","NORTE DE SANTANDER","54206","CONVENCION","URBANA","1"
"31/03/2019","52","NARIÑO","52835","SAN ANDRES DE TUMACO","RURAL","1"
"30/03/2019","17","CALDAS","17001","MANIZALES","RURAL","1"
"29/03/2019","05","ANTIOQUIA","05001","MEDELLIN","URBANA","1"
"28/03/2019","19","CAUCA","19364","JAMBALO","URBANA","1"
"28/03/2019","05","ANTIOQUIA","05001","MEDELLIN","URBANA","1"
"28/03/2019","05","ANTIOQUIA","05001","MEDELLIN","URBANA","1"
"28/03/2019","86","PUTUMAYO","86573","PUERTO LEGUIZAMO","URBANA","1"
"28/03/2019","52","NARIÑO","52835","SAN ANDRES DE TUMACO","URBANA","1"
"27/03/2019","54","NORTE DE SANTANDER","54810","TIBU","URBANA","1"
"27/03/2019","54","NORTE DE SANTANDER","54810","TIBU","URBANA","1"
"26/03/2019","19","CAUCA","19110","BUENOS AIRES","RURAL","1"
"26/03/2019","81","ARAUCA","81065","ARAUQUITA","URBANA","1"
"26/03/2019","19","CAUCA","19142","CALOTO","URBANA","1"
"26/03/2019","54","NORTE DE SANTANDER","54001","CUCUTA","URBANA","1"
"26/03/2019","19","CAUCA","19455","MIRANDA","URBANA","1"
"26/03/2019","19","CAUCA","19473","MORALES","URBANA","1"
"26/03/2019","19","CAUCA","19698","SANTANDER DE QUILICHAO","RURAL","1"
"26/03/2019","19","CAUCA","19698","SANTANDER DE QUILICHAO","RURAL","1"
"26/03/2019","54","NORTE DE SANTANDER","54720","SARDINATA","RURAL","1"
"26/03/2019","54","NORTE DE SANTANDER","54810","TIBU","URBANA","1"
"26/03/2019","54","NORTE DE SANTANDER","54810","TIBU","URBANA","1"
"25/03/2019","54","NORTE DE SANTANDER","54001","CUCUTA","URBANA","1"
"25/03/2019","52","NARIÑO","52356","IPIALES","URBANA","1"
"23/03/2019","81","ARAUCA","81300","FORTUL","URBANA","1"
"23/03/2019","19","CAUCA","19517","PAEZ","RURAL","1"
"23/03/2019","86","PUTUMAYO","86755","SAN FRANCISCO","URBANA","1"
"23/03/2019","05","ANTIOQUIA","05790","TARAZA","RURAL","1"
"23/03/2019","54","NORTE DE SANTANDER","54810","TIBU","URBANA","1"
"22/03/2019","19","CAUCA","19130","CAJIBIO","RURAL","1"
"21/03/2019","76","VALLE DEL CAUCA","76275","FLORIDA","URBANA","1"
"21/03/2019","25","CUNDINAMARCA","25386","LA MESA","URBANA","1"
"21/03/2019","86","PUTUMAYO","86568","PUERTO ASIS","URBANA","1"
"19/03/2019","81","ARAUCA","81300","FORTUL","URBANA","1"
"19/03/2019","05","ANTIOQUIA","05284","FRONTINO","URBANA","1"
"19/03/2019","50","META","50350","LA MACARENA","URBANA","1"
"19/03/2019","19","CAUCA","19001","POPAYAN","URBANA","1"
"19/03/2019","86","PUTUMAYO","86571","PUERTO GUZMAN","URBANA","1"
"19/03/2019","27","CHOCO","27615","RIOSUCIO","URBANA","1"
"19/03/2019","81","ARAUCA","81794","TAME","URBANA","1"
"18/03/2019","05","ANTIOQUIA","05854","VALDIVIA","RURAL","1"
"18/03/2019","05","ANTIOQUIA","05854","VALDIVIA","URBANA","1"
"18/03/2019","05","ANTIOQUIA","05854","VALDIVIA","RURAL","1"
"17/03/2019","47","MAGDALENA","47053","ARACATACA","URBANA","1"
"17/03/2019","05","ANTIOQUIA","05040","ANORI","URBANA","1"
"17/03/2019","81","ARAUCA","81065","ARAUQUITA","RURAL","1"
"16/03/2019","54","NORTE DE SANTANDER","54810","TIBU","URBANA","1"
"14/03/2019","19","CAUCA","19130","CAJIBIO","RURAL","1"
"13/03/2019","81","ARAUCA","81065","ARAUQUITA","RURAL","1"
"12/03/2019","11","BOGOTA D.C.","11001","BOGOTA D.C.","URBANA","1"
"12/03/2019","76","VALLE DEL CAUCA","76364","JAMUNDI","RURAL","1"
"11/03/2019","54","NORTE DE SANTANDER","54810","TIBU","URBANA","1"
"10/03/2019","52","NARIÑO","52835","SAN ANDRES DE TUMACO","URBANA","1"
"10/03/2019","54","NORTE DE SANTANDER","54810","TIBU","RURAL","1"
"10/03/2019","05","ANTIOQUIA","05001","MEDELLIN","URBANA","1"
"08/03/2019","81","ARAUCA","81300","FORTUL","URBANA","1"
"08/03/2019","81","ARAUCA","81736","SARAVENA","URBANA","1"
"07/03/2019","19","CAUCA","19256","EL TAMBO","RURAL","1"
"07/03/2019","81","ARAUCA","81300","FORTUL","RURAL","1"
"07/03/2019","81","ARAUCA","81300","FORTUL","URBANA","1"
"06/03/2019","52","NARIÑO","52435","MALLAMA","RURAL","1"
"04/03/2019","81","ARAUCA","81736","SARAVENA","URBANA","1"
"03/03/2019","54","NORTE DE SANTANDER","54800","TEORAMA","RURAL","1"
"03/03/2019","54","NORTE DE SANTANDER","54800","TEORAMA","URBANA","1"
"02/03/2019","68","SANTANDER","68081","BARRANCABERMEJA","URBANA","1"
"02/03/2019","19","CAUCA","19137","CALDONO","RURAL","1"
"02/03/2019","27","CHOCO","27615","RIOSUCIO","URBANA","1"
"01/03/2019","81","ARAUCA","81736","SARAVENA","URBANA","1"
"01/03/2019","81","ARAUCA","81736","SARAVENA","URBANA","1"
"01/03/2019","81","ARAUCA","81300","FORTUL","URBANA","1"
"28/02/2019","27","CHOCO","27150","CARMEN DEL DARIEN","URBANA","1"
"28/02/2019","44","LA GUAJIRA","44001","RIOHACHA","URBANA","1"
"28/02/2019","81","ARAUCA","81736","SARAVENA","RURAL","1"
"27/02/2019","54","NORTE DE SANTANDER","54344","HACARI","URBANA","1"
"27/02/2019","95","GUAVIARE","95200","MIRAFLORES","URBANA","1"
"26/02/2019","20","CESAR","20517","PAILITAS","URBANA","1"
"26/02/2019","50","META","50590","PUERTO RICO","URBANA","1"
"26/02/2019","52","NARIÑO","52835","SAN ANDRES DE TUMACO","RURAL","1"
"26/02/2019","52","NARIÑO","52835","SAN ANDRES DE TUMACO","RURAL","1"
"25/02/2019","05","ANTIOQUIA","05120","CACERES","RURAL","1"
"25/02/2019","13","BOLIVAR","13001","CARTAGENA DE INDIAS","URBANA","1"
"24/02/2019","13","BOLIVAR","13001","CARTAGENA DE INDIAS","URBANA","1"
"24/02/2019","25","CUNDINAMARCA","25754","SOACHA","URBANA","1"
"23/02/2019","52","NARIÑO","52233","CUMBITARA","URBANA","1"
"23/02/2019","19","CAUCA","19256","EL TAMBO","URBANA","1"
"22/02/2019","81","ARAUCA","81001","ARAUCA","URBANA","1"
"22/02/2019","86","PUTUMAYO","86568","PUERTO ASIS","URBANA","1"
"22/02/2019","86","PUTUMAYO","86568","PUERTO ASIS","URBANA","1"
"22/02/2019","05","ANTIOQUIA","05790","TARAZA","RURAL","1"
"22/02/2019","86","PUTUMAYO","86885","VILLAGARZON","URBANA","1"
"21/02/2019","63","QUINDIO","63001","ARMENIA","URBANA","1"
"21/02/2019","86","PUTUMAYO","86568","PUERTO ASIS","URBANA","1"
"21/02/2019","95","GUAVIARE","95001","SAN JOSE DEL GUAVIARE","URBANA","1"
"21/02/2019","81","ARAUCA","81065","ARAUQUITA","RURAL","1"
"20/02/2019","05","ANTIOQUIA","05790","TARAZA","RURAL","1"
"19/02/2019","05","ANTIOQUIA","05790","TARAZA","RURAL","1"
"18/02/2019","27","CHOCO","27615","RIOSUCIO","URBANA","1"
"18/02/2019","05","ANTIOQUIA","05790","TARAZA","RURAL","1"
"16/02/2019","81","ARAUCA","81794","TAME","URBANA","1"
"16/02/2019","41","HUILA","41020","ALGECIRAS","URBANA","1"
"16/02/2019","52","NARIÑO","52699","SANTACRUZ","RURAL","1"
"14/02/2019","50","META","50711","VISTAHERMOSA","RURAL","1"
"14/02/2019","11","BOGOTA D.C.","11001","BOGOTA D.C.","URBANA","1"
"14/02/2019","52","NARIÑO","52207","CONSACA","RURAL","1"
"14/02/2019","81","ARAUCA","81300","FORTUL","RURAL","1"
"14/02/2019","13","BOLIVAR","13600","RIO VIEJO","URBANA","1"
"13/02/2019","54","NORTE DE SANTANDER","54800","TEORAMA","RURAL","1"
"12/02/2019","95","GUAVIARE","95015","CALAMAR","URBANA","1"
"12/02/2019","54","NORTE DE SANTANDER","54001","CUCUTA","URBANA","1"
"12/02/2019","17","CALDAS","17541","PENSILVANIA","URBANA","1"
"12/02/2019","54","NORTE DE SANTANDER","54800","TEORAMA","URBANA","1"
"11/02/2019","86","PUTUMAYO","86320","ORITO","URBANA","1"
"11/02/2019","19","CAUCA","19698","SANTANDER DE QUILICHAO","URBANA","1"
"10/02/2019","27","CHOCO","27787","TADO","RURAL","1"
"10/02/2019","85","CASANARE","85410","TAURAMENA","RURAL","1"
"10/02/2019","52","NARIÑO","52233","CUMBITARA","URBANA","1"
"09/02/2019","81","ARAUCA","81065","ARAUQUITA","RURAL","1"
"09/02/2019","81","ARAUCA","81065","ARAUQUITA","RURAL","1"
"08/02/2019","27","CHOCO","27372","JURADO","RURAL","1"
"08/02/2019","54","NORTE DE SANTANDER","54206","CONVENCION","RURAL","1"
"08/02/2019","05","ANTIOQUIA","05250","EL BAGRE","URBANA","1"
"08/02/2019","95","GUAVIARE","95025","EL RETORNO","URBANA","1"
"08/02/2019","19","CAUCA","19807","TIMBIO","URBANA","1"
"08/02/2019","86","PUTUMAYO","86885","VILLAGARZON","URBANA","1"
"07/02/2019","76","VALLE DEL CAUCA","76001","CALI","URBANA","1"
"07/02/2019","08","ATLANTICO","08573","PUERTO COLOMBIA","URBANA","1"
"07/02/2019","08","ATLANTICO","08573","PUERTO COLOMBIA","URBANA","1"
"06/02/2019","23","CORDOBA","23466","MONTELIBANO","URBANA","1"
"06/02/2019","86","PUTUMAYO","86885","VILLAGARZON","URBANA","1"
"05/02/2019","52","NARIÑO","52079","BARBACOAS","RURAL","1"
"05/02/2019","11","BOGOTA D.C.","11001","BOGOTA D.C.","URBANA","1"
"05/02/2019","54","NORTE DE SANTANDER","54518","PAMPLONA","URBANA","1"
"04/02/2019","52","NARIÑO","52079","BARBACOAS","RURAL","1"
"04/02/2019","68","SANTANDER","68081","BARRANCABERMEJA","URBANA","1"
"04/02/2019","95","GUAVIARE","95025","EL RETORNO","URBANA","1"
"04/02/2019","73","TOLIMA","73001","IBAGUE","URBANA","1"
"04/02/2019","86","PUTUMAYO","86001","MOCOA","URBANA","1"
"03/02/2019","50","META","50001","VILLAVICENCIO","URBANA","1"
"03/02/2019","86","PUTUMAYO","86001","MOCOA","URBANA","1"
"02/02/2019","19","CAUCA","19110","BUENOS AIRES","RURAL","1"
"02/02/2019","17","CALDAS","17541","PENSILVANIA","URBANA","1"
"01/02/2019","05","ANTIOQUIA","05361","ITUANGO","RURAL","1"
"01/02/2019","81","ARAUCA","81736","SARAVENA","RURAL","1"
"01/02/2019","86","PUTUMAYO","86001","MOCOA","URBANA","1"
"01/02/2019","19","CAUCA","19533","PIAMONTE","URBANA","1"
"31/01/2019","52","NARIÑO","52435","MALLAMA","RURAL","1"
"31/01/2019","52","NARIÑO","52435","MALLAMA","RURAL","1"
"31/01/2019","13","BOLIVAR","13670","SAN PABLO","URBANA","1"
"29/01/2019","05","ANTIOQUIA","05040","ANORI","RURAL","1"
"29/01/2019","05","ANTIOQUIA","05040","ANORI","RURAL","1"
"28/01/2019","81","ARAUCA","81300","FORTUL","URBANA","1"
"28/01/2019","81","ARAUCA","81736","SARAVENA","URBANA","1"
"26/01/2019","50","META","50001","VILLAVICENCIO","URBANA","1"
"24/01/2019","19","CAUCA","19075","BALBOA","URBANA","1"
"24/01/2019","54","NORTE DE SANTANDER","54820","TOLEDO","RURAL","1"
"23/01/2019","05","ANTIOQUIA","05040","ANORI","URBANA","1"
"23/01/2019","05","ANTIOQUIA","05040","ANORI","URBANA","1"
"23/01/2019","05","ANTIOQUIA","05040","ANORI","URBANA","1"
"22/01/2019","86","PUTUMAYO","86320","ORITO","URBANA","1"
"22/01/2019","86","PUTUMAYO","86569","PUERTO CAICEDO","URBANA","1"
"22/01/2019","81","ARAUCA","81736","SARAVENA","URBANA","1"
"21/01/2019","76","VALLE DEL CAUCA","76001","CALI","URBANA","1"
"21/01/2019","68","SANTANDER","68276","FLORIDABLANCA","URBANA","1"
"21/01/2019","17","CALDAS","17541","PENSILVANIA","RURAL","1"
"21/01/2019","17","CALDAS","17662","SAMANA","RURAL","1"
"21/01/2019","13","BOLIVAR","13670","SAN PABLO","URBANA","1"
"21/01/2019","50","META","50001","VILLAVICENCIO","URBANA","1"
"21/01/2019","85","CASANARE","85001","YOPAL","URBANA","1"
"19/01/2019","52","NARIÑO","52435","MALLAMA","RURAL","1"
"19/01/2019","52","NARIÑO","52435","MALLAMA","URBANA","1"
"18/01/2019","11","BOGOTA D.C.","11001","BOGOTA D.C.","URBANA","1"
"18/01/2019","86","PUTUMAYO","86885","VILLAGARZON","URBANA","1"
"17/01/2019","11","BOGOTA D.C.","11001","BOGOTA D.C.","URBANA","1"
"17/01/2019","11","BOGOTA D.C.","11001","BOGOTA D.C.","URBANA","1"
"17/01/2019","68","SANTANDER","68001","BUCARAMANGA","URBANA","1"
"17/01/2019","52","NARIÑO","52233","CUMBITARA","URBANA","1"
"17/01/2019","95","GUAVIARE","95025","EL RETORNO","URBANA","1"
"16/01/2019","50","META","50350","LA MACARENA","RURAL","1"
"16/01/2019","54","NORTE DE SANTANDER","54670","SAN CALIXTO","URBANA","1"
"15/01/2019","05","ANTIOQUIA","05107","BRICEÑO","RURAL","1"
"14/01/2019","19","CAUCA","19473","MORALES","RURAL","1"
"14/01/2019","13","BOLIVAR","13042","ARENAL","URBANA","1"
"14/01/2019","54","NORTE DE SANTANDER","54001","CUCUTA","URBANA","1"
"12/01/2019","81","ARAUCA","81065","ARAUQUITA","RURAL","1"
"12/01/2019","81","ARAUCA","81065","ARAUQUITA","RURAL","1"
"11/01/2019","08","ATLANTICO","08573","PUERTO COLOMBIA","URBANA","1"
"10/01/2019","54","NORTE DE SANTANDER","54344","HACARI","RURAL","1"
"09/01/2019","52","NARIÑO","52540","POLICARPA","RURAL","1"
"08/01/2019","81","ARAUCA","81065","ARAUQUITA","RURAL","1"
"08/01/2019","19","CAUCA","19532","PATIA","URBANA","1"
"08/01/2019","81","ARAUCA","81065","ARAUQUITA","RURAL","1"
"08/01/2019","81","ARAUCA","81065","ARAUQUITA","RURAL","1"
"08/01/2019","52","NARIÑO","52079","BARBACOAS","URBANA","1"
"07/01/2019","81","ARAUCA","81065","ARAUQUITA","RURAL","1"
"07/01/2019","73","TOLIMA","73555","PLANADAS","URBANA","1"
"06/01/2019","54","NORTE DE SANTANDER","54810","TIBU","RURAL","1"
"05/01/2019","73","TOLIMA","73555","PLANADAS","RURAL","1"
"05/01/2019","41","HUILA","41357","IQUIRA","RURAL","1"
"04/01/2019","05","ANTIOQUIA","05001","MEDELLIN","URBANA","1"
"03/01/2019","81","ARAUCA","81001","ARAUCA","URBANA","1"
"02/01/2019","50","META","50350","LA MACARENA","RURAL","1"
"01/01/2019","81","ARAUCA","81065","ARAUQUITA","URBANA","1"
"01/01/2019","81","ARAUCA","81065","ARAUQUITA","URBANA","1"
"01/01/2019","15","BOYACA","15693","SANTA ROSA DE VITERBO","RURAL","1"
"30/12/2018","85","CASANARE","85250","PAZ DE ARIPORO","URBANA","1"
"29/12/2018","95","GUAVIARE","95015","CALAMAR","URBANA","1"
"28/12/2018","54","NORTE DE SANTANDER","54405","LOS PATIOS","URBANA","1"
"27/12/2018","68","SANTANDER","68276","FLORIDABLANCA","URBANA","1"
"26/12/2018","19","CAUCA","19548","PIENDAMO - TUNIA","URBANA","1"
"26/12/2018","05","ANTIOQUIA","05854","VALDIVIA","URBANA","1"
"23/12/2018","05","ANTIOQUIA","05250","EL BAGRE","URBANA","1"
"23/12/2018","05","ANTIOQUIA","05250","EL BAGRE","URBANA","1"
"23/12/2018","05","ANTIOQUIA","05854","VALDIVIA","URBANA","1"
"23/12/2018","05","ANTIOQUIA","05854","VALDIVIA","URBANA","1"
"22/12/2018","50","META","50350","LA MACARENA","URBANA","1"
"22/12/2018","81","ARAUCA","81065","ARAUQUITA","URBANA","1"
"20/12/2018","95","GUAVIARE","95015","CALAMAR","URBANA","1"
"19/12/2018","54","NORTE DE SANTANDER","54109","BUCARASICA","URBANA","1"
"18/12/2018","73","TOLIMA","73555","PLANADAS","URBANA","1"
"16/12/2018","52","NARIÑO","52835","SAN ANDRES DE TUMACO","URBANA","1"
"16/12/2018","86","PUTUMAYO","86568","PUERTO ASIS","URBANA","1"
"15/12/2018","52","NARIÑO","52835","SAN ANDRES DE TUMACO","URBANA","1"
"14/12/2018","52","NARIÑO","52835","SAN ANDRES DE TUMACO","RURAL","1"
"13/12/2018","11","BOGOTA D.C.","11001","BOGOTA D.C.","URBANA","1"
"12/12/2018","11","BOGOTA D.C.","11001","BOGOTA D.C.","URBANA","1"
"12/12/2018","81","ARAUCA","81794","TAME","URBANA","1"
"12/12/2018","81","ARAUCA","81794","TAME","URBANA","1"
"11/12/2018","85","CASANARE","85010","AGUAZUL","URBANA","1"
"11/12/2018","81","ARAUCA","81001","ARAUCA","URBANA","1"
"09/12/2018","13","BOLIVAR","13001","CARTAGENA DE INDIAS","URBANA","1"
"08/12/2018","05","ANTIOQUIA","05854","VALDIVIA","RURAL","1"
"08/12/2018","05","ANTIOQUIA","05854","VALDIVIA","URBANA","1"
"07/12/2018","27","CHOCO","27077","BAJO BAUDO","URBANA","1"
"07/12/2018","81","ARAUCA","81300","FORTUL","URBANA","1"
"07/12/2018","76","VALLE DEL CAUCA","76364","JAMUNDI","URBANA","1"
"06/12/2018","54","NORTE DE SANTANDER","54810","TIBU","URBANA","1"
"05/12/2018","52","NARIÑO","52381","LA FLORIDA","RURAL","1"
"04/12/2018","95","GUAVIARE","95025","EL RETORNO","URBANA","1"
"04/12/2018","19","CAUCA","19573","PUERTO TEJADA","URBANA","1"
"03/12/2018","54","NORTE DE SANTANDER","54344","HACARI","URBANA","1"
"02/12/2018","81","ARAUCA","81001","ARAUCA","URBANA","1"
"02/12/2018","11","BOGOTA D.C.","11001","BOGOTA D.C.","URBANA","1"
"02/12/2018","85","CASANARE","85250","PAZ DE ARIPORO","URBANA","1"
"02/12/2018","27","CHOCO","27615","RIOSUCIO","URBANA","1"
"01/12/2018","95","GUAVIARE","95015","CALAMAR","URBANA","1"
"01/12/2018","50","META","50370","URIBE","RURAL","1"
"28/11/2018","13","BOLIVAR","13810","TIQUISIO","URBANA","1"
"28/11/2018","81","ARAUCA","81736","SARAVENA","URBANA","1"
"27/11/2018","11","BOGOTA D.C.","11001","BOGOTA D.C.","URBANA","1"
"26/11/2018","27","CHOCO","27001","QUIBDO","URBANA","1"
"26/11/2018","05","ANTIOQUIA","05854","VALDIVIA","URBANA","1"
"25/11/2018","27","CHOCO","27077","BAJO BAUDO","URBANA","1"
"25/11/2018","27","CHOCO","27077","BAJO BAUDO","URBANA","1"
"24/11/2018","86","PUTUMAYO","86865","VALLE DEL GUAMUEZ","URBANA","1"
"23/11/2018","05","ANTIOQUIA","05001","MEDELLIN","URBANA","1"
"22/11/2018","11","BOGOTA D.C.","11001","BOGOTA D.C.","URBANA","1"
"22/11/2018","52","NARIÑO","52835","SAN ANDRES DE TUMACO","URBANA","1"
"21/11/2018","05","ANTIOQUIA","05861","VENECIA","URBANA","1"
"21/11/2018","52","NARIÑO","52699","SANTACRUZ","RURAL","1"
"21/11/2018","20","CESAR","20045","BECERRIL","URBANA","1"
"21/11/2018","15","BOYACA","15223","CUBARA","URBANA","1"
"21/11/2018","15","BOYACA","15223","CUBARA","URBANA","1"
"21/11/2018","52","NARIÑO","52699","SANTACRUZ","URBANA","1"
"21/11/2018","81","ARAUCA","81736","SARAVENA","URBANA","1"
"21/11/2018","81","ARAUCA","81736","SARAVENA","URBANA","1"
"21/11/2018","54","NORTE DE SANTANDER","54810","TIBU","URBANA","1"
"20/11/2018","76","VALLE DEL CAUCA","76364","JAMUNDI","URBANA","1"
"20/11/2018","86","PUTUMAYO","86573","PUERTO LEGUIZAMO","URBANA","1"
"19/11/2018","52","NARIÑO","52079","BARBACOAS","RURAL","1"
"19/11/2018","08","ATLANTICO","08638","SABANALARGA","URBANA","1"
"19/11/2018","81","ARAUCA","81736","SARAVENA","URBANA","1"
"18/11/2018","81","ARAUCA","81065","ARAUQUITA","URBANA","1"
"18/11/2018","81","ARAUCA","81065","ARAUQUITA","URBANA","1"
"18/11/2018","81","ARAUCA","81065","ARAUQUITA","URBANA","1"
"18/11/2018","86","PUTUMAYO","86568","PUERTO ASIS","URBANA","1"
"17/11/2018","50","META","50350","LA MACARENA","RURAL","1"
"17/11/2018","05","ANTIOQUIA","05790","TARAZA","URBANA","1"
"16/11/2018","52","NARIÑO","52835","SAN ANDRES DE TUMACO","URBANA","1"
"16/11/2018","19","CAUCA","19698","SANTANDER DE QUILICHAO","RURAL","1"
"16/11/2018","81","ARAUCA","81736","SARAVENA","URBANA","1"
"14/11/2018","20","CESAR","20011","AGUACHICA","URBANA","1"
"13/11/2018","20","CESAR","20011","AGUACHICA","RURAL","1"
"12/11/2018","81","ARAUCA","81065","ARAUQUITA","URBANA","1"
"12/11/2018","81","ARAUCA","81736","SARAVENA","URBANA","1"
"11/11/2018","50","META","50350","LA MACARENA","RURAL","1"
"11/11/2018","73","TOLIMA","73555","PLANADAS","URBANA","1"
"11/11/2018","86","PUTUMAYO","86568","PUERTO ASIS","URBANA","1"
"11/11/2018","47","MAGDALENA","47001","SANTA MARTA","URBANA","1"
"10/11/2018","20","CESAR","20228","CURUMANI","RURAL","1"
"10/11/2018","20","CESAR","20787","TAMALAMEQUE","RURAL","1"
"10/11/2018","20","CESAR","20383","LA GLORIA","RURAL","1"
"10/11/2018","81","ARAUCA","81001","ARAUCA","URBANA","1"
"10/11/2018","81","ARAUCA","81065","ARAUQUITA","URBANA","1"
"10/11/2018","81","ARAUCA","81065","ARAUQUITA","URBANA","1"
"10/11/2018","20","CESAR","20383","LA GLORIA","URBANA","1"
"09/11/2018","54","NORTE DE SANTANDER","54498","OCAÑA","URBANA","1"
"09/11/2018","86","PUTUMAYO","86569","PUERTO CAICEDO","URBANA","1"
"09/11/2018","52","NARIÑO","52835","SAN ANDRES DE TUMACO","URBANA","1"
"09/11/2018","05","ANTIOQUIA","05854","VALDIVIA","URBANA","1"
"08/11/2018","19","CAUCA","19517","PAEZ","URBANA","1"
"06/11/2018","52","NARIÑO","52835","SAN ANDRES DE TUMACO","RURAL","1"
"05/11/2018","95","GUAVIARE","95025","EL RETORNO","URBANA","1"
"04/11/2018","63","QUINDIO","63001","ARMENIA","URBANA","1"
"01/11/2018","73","TOLIMA","73616","RIOBLANCO","URBANA","1"
"01/11/2018","05","ANTIOQUIA","05790","TARAZA","URBANA","1"
"30/10/2018","95","GUAVIARE","95001","SAN JOSE DEL GUAVIARE","URBANA","1"
"29/10/2018","52","NARIÑO","52835","SAN ANDRES DE TUMACO","RURAL","1"
"28/10/2018","15","BOYACA","15518","PAJARITO","RURAL","1"
"28/10/2018","76","VALLE DEL CAUCA","76109","BUENAVENTURA","URBANA","1"
"27/10/2018","08","ATLANTICO","08001","BARRANQUILLA","URBANA","1"
"27/10/2018","54","NORTE DE SANTANDER","54206","CONVENCION","URBANA","1"
"27/10/2018","52","NARIÑO","52835","SAN ANDRES DE TUMACO","RURAL","1"
"25/10/2018","20","CESAR","20001","VALLEDUPAR","URBANA","1"
"25/10/2018","81","ARAUCA","81300","FORTUL","URBANA","1"
"24/10/2018","15","BOYACA","15223","CUBARA","URBANA","1"
"23/10/2018","20","CESAR","20614","RIO DE ORO","URBANA","1"
"22/10/2018","15","BOYACA","15001","TUNJA","URBANA","1"
"22/10/2018","11","BOGOTA D.C.","11001","BOGOTA D.C.","URBANA","1"
"22/10/2018","95","GUAVIARE","95001","SAN JOSE DEL GUAVIARE","URBANA","1"
"21/10/2018","76","VALLE DEL CAUCA","76001","CALI","URBANA","1"
"19/10/2018","52","NARIÑO","52835","SAN ANDRES DE TUMACO","RURAL","1"
"19/10/2018","11","BOGOTA D.C.","11001","BOGOTA D.C.","URBANA","1"
"19/10/2018","73","TOLIMA","73168","CHAPARRAL","URBANA","1"
"19/10/2018","86","PUTUMAYO","86885","VILLAGARZON","URBANA","1"
"19/10/2018","86","PUTUMAYO","86885","VILLAGARZON","URBANA","1"
"19/10/2018","86","PUTUMAYO","86885","VILLAGARZON","URBANA","1"
"18/10/2018","85","CASANARE","85010","AGUAZUL","URBANA","1"
"17/10/2018","11","BOGOTA D.C.","11001","BOGOTA D.C.","URBANA","1"
"17/10/2018","52","NARIÑO","52835","SAN ANDRES DE TUMACO","URBANA","1"
"17/10/2018","95","GUAVIARE","95001","SAN JOSE DEL GUAVIARE","URBANA","1"
"16/10/2018","68","SANTANDER","68001","BUCARAMANGA","URBANA","1"
"16/10/2018","05","ANTIOQUIA","05120","CACERES","URBANA","1"
"16/10/2018","05","ANTIOQUIA","05790","TARAZA","URBANA","1"
"15/10/2018","73","TOLIMA","73616","RIOBLANCO","URBANA","1"
"13/10/2018","70","SUCRE","70001","SINCELEJO","URBANA","1"
"12/10/2018","81","ARAUCA","81065","ARAUQUITA","URBANA","1"
"11/10/2018","05","ANTIOQUIA","05790","TARAZA","URBANA","1"
"10/10/2018","19","CAUCA","19075","BALBOA","URBANA","1"
"09/10/2018","11","BOGOTA D.C.","11001","BOGOTA D.C.","URBANA","1"
"09/10/2018","76","VALLE DEL CAUCA","76109","BUENAVENTURA","URBANA","1"
"09/10/2018","76","VALLE DEL CAUCA","76109","BUENAVENTURA","URBANA","1"
"07/10/2018","73","TOLIMA","73616","RIOBLANCO","URBANA","1"
"06/10/2018","86","PUTUMAYO","86571","PUERTO GUZMAN","URBANA","1"
"06/10/2018","86","PUTUMAYO","86571","PUERTO GUZMAN","URBANA","1"
"03/10/2018","19","CAUCA","19212","CORINTO","URBANA","1"
"03/10/2018","50","META","50350","LA MACARENA","RURAL","1"
"02/10/2018","05","ANTIOQUIA","05154","CAUCASIA","URBANA","1"
"02/10/2018","85","CASANARE","85400","TAMARA","URBANA","1"
"02/10/2018","76","VALLE DEL CAUCA","76834","TULUA","URBANA","1"
"01/10/2018","81","ARAUCA","81065","ARAUQUITA","URBANA","1"
"30/09/2018","81","ARAUCA","81300","FORTUL","URBANA","1"
"30/09/2018","52","NARIÑO","52835","SAN ANDRES DE TUMACO","URBANA","1"
"29/09/2018","27","CHOCO","27205","CONDOTO","URBANA","1"
"28/09/2018","19","CAUCA","19212","CORINTO","URBANA","1"
"26/09/2018","11","BOGOTA D.C.","11001","BOGOTA D.C.","URBANA","1"
"26/09/2018","11","BOGOTA D.C.","11001","BOGOTA D.C.","URBANA","1"
"25/09/2018","52","NARIÑO","52835","SAN ANDRES DE TUMACO","URBANA","1"
"24/09/2018","73","TOLIMA","73555","PLANADAS","URBANA","1"
"21/09/2018","13","BOLIVAR","13160","CANTAGALLO","URBANA","1"
"20/09/2018","05","ANTIOQUIA","05250","EL BAGRE","URBANA","1"
"18/09/2018","52","NARIÑO","52835","SAN ANDRES DE TUMACO","URBANA","1"
"18/09/2018","52","NARIÑO","52835","SAN ANDRES DE TUMACO","URBANA","1"
"18/09/2018","19","CAUCA","19450","MERCADERES","URBANA","1"
"18/09/2018","19","CAUCA","19473","MORALES","URBANA","1"
"18/09/2018","52","NARIÑO","52835","SAN ANDRES DE TUMACO","URBANA","1"
"18/09/2018","52","NARIÑO","52835","SAN ANDRES DE TUMACO","URBANA","1"
"17/09/2018","41","HUILA","41001","NEIVA","RURAL","1"
"17/09/2018","52","NARIÑO","52835","SAN ANDRES DE TUMACO","URBANA","1"
"17/09/2018","52","NARIÑO","52835","SAN ANDRES DE TUMACO","URBANA","1"
"17/09/2018","52","NARIÑO","52835","SAN ANDRES DE TUMACO","URBANA","1"
"16/09/2018","95","GUAVIARE","95025","EL RETORNO","URBANA","1"
"15/09/2018","81","ARAUCA","81001","ARAUCA","URBANA","1"
"15/09/2018","86","PUTUMAYO","86571","PUERTO GUZMAN","URBANA","1"
"14/09/2018","05","ANTIOQUIA","05154","CAUCASIA","URBANA","1"
"14/09/2018","86","PUTUMAYO","86571","PUERTO GUZMAN","URBANA","1"
"13/09/2018","54","NORTE DE SANTANDER","54206","CONVENCION","RURAL","1"
"12/09/2018","05","ANTIOQUIA","05120","CACERES","URBANA","1"
"10/09/2018","52","NARIÑO","52835","SAN ANDRES DE TUMACO","URBANA","1"
"10/09/2018","76","VALLE DEL CAUCA","76834","TULUA","URBANA","1"
"08/09/2018","81","ARAUCA","81065","ARAUQUITA","URBANA","1"
"08/09/2018","81","ARAUCA","81065","ARAUQUITA","URBANA","1"
"08/09/2018","15","BOYACA","15223","CUBARA","URBANA","1"
"08/09/2018","52","NARIÑO","52835","SAN ANDRES DE TUMACO","RURAL","1"
"07/09/2018","54","NORTE DE SANTANDER","54001","CUCUTA","URBANA","1"
"07/09/2018","81","ARAUCA","81300","FORTUL","URBANA","1"
"07/09/2018","20","CESAR","20383","LA GLORIA","URBANA","1"
"06/09/2018","81","ARAUCA","81300","FORTUL","URBANA","1"
"06/09/2018","18","CAQUETA","18753","SAN VICENTE DEL CAGUAN","RURAL","1"
"03/09/2018","54","NORTE DE SANTANDER","54206","CONVENCION","RURAL","1"
"02/09/2018","81","ARAUCA","81001","ARAUCA","URBANA","1"
"02/09/2018","52","NARIÑO","52678","SAMANIEGO","URBANA","1"
"01/09/2018","17","CALDAS","17541","PENSILVANIA","URBANA","1"
"01/09/2018","68","SANTANDER","68547","PIEDECUESTA","URBANA","1"
"31/08/2018","81","ARAUCA","81736","SARAVENA","URBANA","1"
"30/08/2018","54","NORTE DE SANTANDER","54250","EL TARRA","URBANA","1"
"29/08/2018","54","NORTE DE SANTANDER","54001","CUCUTA","URBANA","1"
"27/08/2018","05","ANTIOQUIA","05154","CAUCASIA","URBANA","1"
"27/08/2018","05","ANTIOQUIA","05154","CAUCASIA","URBANA","1"
"27/08/2018","52","NARIÑO","52835","SAN ANDRES DE TUMACO","RURAL","1"
"27/08/2018","05","ANTIOQUIA","05790","TARAZA","URBANA","1"
"27/08/2018","05","ANTIOQUIA","05895","ZARAGOZA","URBANA","1"
"26/08/2018","05","ANTIOQUIA","05040","ANORI","URBANA","1"
"26/08/2018","76","VALLE DEL CAUCA","76364","JAMUNDI","RURAL","1"
"25/08/2018","19","CAUCA","19300","GUACHENE","RURAL","1"
"24/08/2018","81","ARAUCA","81794","TAME","URBANA","1"
"23/08/2018","05","ANTIOQUIA","05120","CACERES","RURAL","1"
"23/08/2018","05","ANTIOQUIA","05120","CACERES","RURAL","1"
"23/08/2018","73","TOLIMA","73168","CHAPARRAL","URBANA","1"
"23/08/2018","15","BOYACA","15238","DUITAMA","URBANA","1"
"23/08/2018","27","CHOCO","27787","TADO","URBANA","1"
"22/08/2018","81","ARAUCA","81300","FORTUL","URBANA","1"
"22/08/2018","52","NARIÑO","52835","SAN ANDRES DE TUMACO","RURAL","1"
"21/08/2018","73","TOLIMA","73555","PLANADAS","URBANA","1"
"21/08/2018","86","PUTUMAYO","86569","PUERTO CAICEDO","URBANA","1"
"20/08/2018","13","BOLIVAR","13670","SAN PABLO","URBANA","1"
"19/08/2018","81","ARAUCA","81736","SARAVENA","RURAL","1"
"19/08/2018","81","ARAUCA","81736","SARAVENA","RURAL","1"
"18/08/2018","05","ANTIOQUIA","05120","CACERES","URBANA","1"
"18/08/2018","19","CAUCA","19212","CORINTO","URBANA","1"
"17/08/2018","52","NARIÑO","52835","SAN ANDRES DE TUMACO","RURAL","1"
"17/08/2018","76","VALLE DEL CAUCA","76364","JAMUNDI","URBANA","1"
"17/08/2018","95","GUAVIARE","95001","SAN JOSE DEL GUAVIARE","URBANA","1"
"16/08/2018","05","ANTIOQUIA","05790","TARAZA","URBANA","1"
"15/08/2018","52","NARIÑO","52835","SAN ANDRES DE TUMACO","URBANA","1"
"14/08/2018","05","ANTIOQUIA","05154","CAUCASIA","URBANA","1"
"14/08/2018","05","ANTIOQUIA","05887","YARUMAL","URBANA","1"
"13/08/2018","86","PUTUMAYO","86001","MOCOA","URBANA","1"
"13/08/2018","81","ARAUCA","81794","TAME","URBANA","1"
"13/08/2018","11","BOGOTA D.C.","11001","BOGOTA D.C.","URBANA","1"
"11/08/2018","81","ARAUCA","81736","SARAVENA","URBANA","1"
"10/08/2018","19","CAUCA","19142","CALOTO","RURAL","1"
"10/08/2018","95","GUAVIARE","95001","SAN JOSE DEL GUAVIARE","URBANA","1"
"10/08/2018","81","ARAUCA","81736","SARAVENA","URBANA","1"
"10/08/2018","81","ARAUCA","81736","SARAVENA","URBANA","1"
"10/08/2018","81","ARAUCA","81736","SARAVENA","RURAL","1"
"10/08/2018","81","ARAUCA","81736","SARAVENA","URBANA","1"
"09/08/2018","76","VALLE DEL CAUCA","76001","CALI","URBANA","1"
"09/08/2018","68","SANTANDER","68081","BARRANCABERMEJA","URBANA","1"
"09/08/2018","95","GUAVIARE","95025","EL RETORNO","URBANA","1"
"08/08/2018","05","ANTIOQUIA","05579","PUERTO BERRIO","URBANA","1"
"08/08/2018","05","ANTIOQUIA","05604","REMEDIOS","URBANA","1"
"07/08/2018","19","CAUCA","19780","SUAREZ","URBANA","1"
"07/08/2018","19","CAUCA","19212","CORINTO","URBANA","1"
"07/08/2018","76","VALLE DEL CAUCA","76001","CALI","URBANA","1"
"07/08/2018","81","ARAUCA","81065","ARAUQUITA","URBANA","1"
"07/08/2018","76","VALLE DEL CAUCA","76001","CALI","URBANA","1"
"07/08/2018","81","ARAUCA","81300","FORTUL","URBANA","1"
"07/08/2018","19","CAUCA","19300","GUACHENE","RURAL","1"
"07/08/2018","73","TOLIMA","73555","PLANADAS","URBANA","1"
"07/08/2018","52","NARIÑO","52835","SAN ANDRES DE TUMACO","RURAL","1"
"07/08/2018","13","BOLIVAR","13670","SAN PABLO","URBANA","1"
"06/08/2018","19","CAUCA","19698","SANTANDER DE QUILICHAO","URBANA","1"
"06/08/2018","19","CAUCA","19513","PADILLA","URBANA","1"
"06/08/2018","54","NORTE DE SANTANDER","54001","CUCUTA","URBANA","1"
"03/08/2018","05","ANTIOQUIA","05885","YALI","RURAL","1"
"03/08/2018","19","CAUCA","19212","CORINTO","URBANA","1"
"03/08/2018","95","GUAVIARE","95025","EL RETORNO","URBANA","1"
"03/08/2018","20","CESAR","20517","PAILITAS","URBANA","1"
"03/08/2018","52","NARIÑO","52835","SAN ANDRES DE TUMACO","RURAL","1"
"02/08/2018","73","TOLIMA","73226","CUNDAY","URBANA","1"
"01/08/2018","52","NARIÑO","52427","MAGÜI","RURAL","1"
"01/08/2018","52","NARIÑO","52835","SAN ANDRES DE TUMACO","RURAL","1"
"31/07/2018","27","CHOCO","27615","RIOSUCIO","URBANA","1"
"30/07/2018","05","ANTIOQUIA","05887","YARUMAL","URBANA","1"
"30/07/2018","54","NORTE DE SANTANDER","54245","EL CARMEN","URBANA","1"
"30/07/2018","05","ANTIOQUIA","05895","ZARAGOZA","URBANA","1"
"29/07/2018","41","HUILA","41770","SUAZA","RURAL","1"
"28/07/2018","50","META","50400","LEJANIAS","RURAL","1"
"27/07/2018","50","META","50400","LEJANIAS","URBANA","1"
"27/07/2018","20","CESAR","20011","AGUACHICA","URBANA","1"
"27/07/2018","27","CHOCO","27245","EL CARMEN DE ATRATO","URBANA","1"
"27/07/2018","52","NARIÑO","52835","SAN ANDRES DE TUMACO","URBANA","1"
"27/07/2018","52","NARIÑO","52835","SAN ANDRES DE TUMACO","URBANA","1"
"26/07/2018","05","ANTIOQUIA","05250","EL BAGRE","URBANA","1"
"25/07/2018","54","NORTE DE SANTANDER","54001","CUCUTA","URBANA","1"
"25/07/2018","50","META","50711","VISTAHERMOSA","URBANA","1"
"25/07/2018","41","HUILA","41078","BARAYA","RURAL","1"
"25/07/2018","73","TOLIMA","73555","PLANADAS","URBANA","1"
"25/07/2018","73","TOLIMA","73555","PLANADAS","URBANA","1"
"25/07/2018","86","PUTUMAYO","86568","PUERTO ASIS","URBANA","1"
"25/07/2018","27","CHOCO","27615","RIOSUCIO","URBANA","1"
"24/07/2018","23","CORDOBA","23682","SAN JOSE DE URE","RURAL","1"
"23/07/2018","81","ARAUCA","81736","SARAVENA","URBANA","1"
"23/07/2018","86","PUTUMAYO","86573","PUERTO LEGUIZAMO","URBANA","1"
"23/07/2018","17","CALDAS","17662","SAMANA","URBANA","1"
"23/07/2018","52","NARIÑO","52835","SAN ANDRES DE TUMACO","RURAL","1"
"23/07/2018","81","ARAUCA","81736","SARAVENA","URBANA","1"
"23/07/2018","05","ANTIOQUIA","05837","TURBO","URBANA","1"
"22/07/2018","81","ARAUCA","81065","ARAUQUITA","URBANA","1"
"22/07/2018","81","ARAUCA","81300","FORTUL","URBANA","1"
"22/07/2018","81","ARAUCA","81736","SARAVENA","URBANA","1"
"21/07/2018","81","ARAUCA","81300","FORTUL","URBANA","1"
"20/07/2018","85","CASANARE","85010","AGUAZUL","URBANA","1"
"20/07/2018","95","GUAVIARE","95001","SAN JOSE DEL GUAVIARE","URBANA","1"
"19/07/2018","41","HUILA","41001","NEIVA","URBANA","1"
"19/07/2018","85","CASANARE","85250","PAZ DE ARIPORO","URBANA","1"
"18/07/2018","50","META","50370","URIBE","RURAL","1"
"18/07/2018","81","ARAUCA","81300","FORTUL","URBANA","1"
"18/07/2018","73","TOLIMA","73555","PLANADAS","URBANA","1"
"18/07/2018","52","NARIÑO","52835","SAN ANDRES DE TUMACO","RURAL","1"
"18/07/2018","19","CAUCA","19698","SANTANDER DE QUILICHAO","URBANA","1"
"18/07/2018","19","CAUCA","19698","SANTANDER DE QUILICHAO","URBANA","1"
"17/07/2018","81","ARAUCA","81300","FORTUL","URBANA","1"
"17/07/2018","52","NARIÑO","52835","SAN ANDRES DE TUMACO","RURAL","1"
"17/07/2018","70","SUCRE","70001","SINCELEJO","URBANA","1"
"16/07/2018","05","ANTIOQUIA","05790","TARAZA","RURAL","1"
"16/07/2018","05","ANTIOQUIA","05790","TARAZA","URBANA","1"
"15/07/2018","54","NORTE DE SANTANDER","54001","CUCUTA","URBANA","1"
"15/07/2018","52","NARIÑO","52835","SAN ANDRES DE TUMACO","RURAL","1"
"15/07/2018","81","ARAUCA","81736","SARAVENA","URBANA","1"
"14/07/2018","76","VALLE DEL CAUCA","76109","BUENAVENTURA","RURAL","1"
"14/07/2018","05","ANTIOQUIA","05120","CACERES","RURAL","1"
"14/07/2018","76","VALLE DEL CAUCA","76109","BUENAVENTURA","RURAL","1"
"14/07/2018","81","ARAUCA","81300","FORTUL","URBANA","1"
"14/07/2018","50","META","50450","PUERTO CONCORDIA","RURAL","1"
"13/07/2018","76","VALLE DEL CAUCA","76275","FLORIDA","URBANA","1"
"11/07/2018","52","NARIÑO","52835","SAN ANDRES DE TUMACO","RURAL","1"
"10/07/2018","20","CESAR","20770","SAN MARTIN","URBANA","1"
"10/07/2018","68","SANTANDER","68081","BARRANCABERMEJA","URBANA","1"
"10/07/2018","52","NARIÑO","52835","SAN ANDRES DE TUMACO","RURAL","1"
"10/07/2018","05","ANTIOQUIA","05893","YONDO","URBANA","1"
"09/07/2018","85","CASANARE","85139","MANI","URBANA","1"
"09/07/2018","85","CASANARE","85139","MANI","URBANA","1"
"09/07/2018","19","CAUCA","19212","CORINTO","RURAL","1"
"09/07/2018","27","CHOCO","27745","SIPI","URBANA","1"
"09/07/2018","85","CASANARE","85001","YOPAL","URBANA","1"
"07/07/2018","52","NARIÑO","52835","SAN ANDRES DE TUMACO","RURAL","1"
"06/07/2018","47","MAGDALENA","47189","CIENAGA","URBANA","1"
"06/07/2018","52","NARIÑO","52835","SAN ANDRES DE TUMACO","RURAL","1"
"05/07/2018","86","PUTUMAYO","86568","PUERTO ASIS","URBANA","1"
"05/07/2018","13","BOLIVAR","13001","CARTAGENA DE INDIAS","URBANA","1"
"05/07/2018","52","NARIÑO","52835","SAN ANDRES DE TUMACO","RURAL","1"
"05/07/2018","52","NARIÑO","52835","SAN ANDRES DE TUMACO","URBANA","1"
"05/07/2018","81","ARAUCA","81736","SARAVENA","URBANA","1"
"04/07/2018","76","VALLE DEL CAUCA","76109","BUENAVENTURA","RURAL","1"
"04/07/2018","76","VALLE DEL CAUCA","76109","BUENAVENTURA","URBANA","1"
"04/07/2018","81","ARAUCA","81300","FORTUL","URBANA","1"
"04/07/2018","27","CHOCO","27491","NOVITA","URBANA","1"
"04/07/2018","81","ARAUCA","81794","TAME","URBANA","1"
"03/07/2018","52","NARIÑO","52835","SAN ANDRES DE TUMACO","RURAL","1"
"03/07/2018","52","NARIÑO","52835","SAN ANDRES DE TUMACO","RURAL","1"
"02/07/2018","05","ANTIOQUIA","05475","MURINDO","URBANA","1"
"02/07/2018","52","NARIÑO","52835","SAN ANDRES DE TUMACO","RURAL","1"
"02/07/2018","52","NARIÑO","52835","SAN ANDRES DE TUMACO","RURAL","1"
"01/07/2018","15","BOYACA","15518","PAJARITO","RURAL","1"
"01/07/2018","81","ARAUCA","81300","FORTUL","URBANA","1"
"01/07/2018","52","NARIÑO","52835","SAN ANDRES DE TUMACO","RURAL","1"
"30/06/2018","50","META","50711","VISTAHERMOSA","URBANA","1"
"29/06/2018","81","ARAUCA","81001","ARAUCA","URBANA","1"
"29/06/2018","52","NARIÑO","52835","SAN ANDRES DE TUMACO","RURAL","1"
"29/06/2018","13","BOLIVAR","13670","SAN PABLO","URBANA","1"
"28/06/2018","05","ANTIOQUIA","05045","APARTADO","URBANA","1"
"28/06/2018","81","ARAUCA","81065","ARAUQUITA","URBANA","1"
"28/06/2018","05","ANTIOQUIA","05120","CACERES","RURAL","1"
"28/06/2018","05","ANTIOQUIA","05120","CACERES","RURAL","1"
"28/06/2018","05","ANTIOQUIA","05120","CACERES","RURAL","1"
"27/06/2018","05","ANTIOQUIA","05819","TOLEDO","URBANA","1"
"27/06/2018","52","NARIÑO","52835","SAN ANDRES DE TUMACO","URBANA","1"
"27/06/2018","52","NARIÑO","52835","SAN ANDRES DE TUMACO","RURAL","1"
"26/06/2018","05","ANTIOQUIA","05647","SAN ANDRES DE CUERQUIA","RURAL","1"
"26/06/2018","54","NORTE DE SANTANDER","54800","TEORAMA","URBANA","1"
"26/06/2018","05","ANTIOQUIA","05858","VEGACHI","URBANA","1"
"25/06/2018","76","VALLE DEL CAUCA","76736","SEVILLA","URBANA","1"
"24/06/2018","52","NARIÑO","52835","SAN ANDRES DE TUMACO","RURAL","1"
"22/06/2018","19","CAUCA","19137","CALDONO","URBANA","1"
"22/06/2018","41","HUILA","41078","BARAYA","RURAL","1"
"22/06/2018","13","BOLIVAR","13670","SAN PABLO","URBANA","1"
"22/06/2018","05","ANTIOQUIA","05819","TOLEDO","RURAL","1"
"21/06/2018","52","NARIÑO","52256","EL ROSARIO","RURAL","1"
"20/06/2018","08","ATLANTICO","08758","SOLEDAD","URBANA","1"
"19/06/2018","76","VALLE DEL CAUCA","76364","JAMUNDI","RURAL","1"
"19/06/2018","54","NORTE DE SANTANDER","54344","HACARI","URBANA","1"
"18/06/2018","52","NARIÑO","52835","SAN ANDRES DE TUMACO","RURAL","1"
"17/06/2018","27","CHOCO","27073","BAGADO","URBANA","1"
"17/06/2018","52","NARIÑO","52835","SAN ANDRES DE TUMACO","RURAL","1"
"15/06/2018","19","CAUCA","19142","CALOTO","URBANA","1"
"15/06/2018","19","CAUCA","19142","CALOTO","URBANA","1"
"15/06/2018","52","NARIÑO","52835","SAN ANDRES DE TUMACO","RURAL","1"
"14/06/2018","52","NARIÑO","52835","SAN ANDRES DE TUMACO","RURAL","1"
"12/06/2018","76","VALLE DEL CAUCA","76364","JAMUNDI","URBANA","1"
"12/06/2018","52","NARIÑO","52835","SAN ANDRES DE TUMACO","RURAL","1"
"12/06/2018","52","NARIÑO","52835","SAN ANDRES DE TUMACO","RURAL","1"
"11/06/2018","52","NARIÑO","52835","SAN ANDRES DE TUMACO","RURAL","1"
"08/06/2018","05","ANTIOQUIA","05475","MURINDO","URBANA","1"
"08/06/2018","81","ARAUCA","81794","TAME","URBANA","1"
"07/06/2018","47","MAGDALENA","47001","SANTA MARTA","RURAL","1"
"07/06/2018","05","ANTIOQUIA","05113","BURITICA","URBANA","1"
"07/06/2018","52","NARIÑO","52835","SAN ANDRES DE TUMACO","RURAL","1"
"06/06/2018","52","NARIÑO","52835","SAN ANDRES DE TUMACO","RURAL","1"
"03/06/2018","95","GUAVIARE","95001","SAN JOSE DEL GUAVIARE","RURAL","1"
"03/06/2018","27","CHOCO","27787","TADO","URBANA","1"
"02/06/2018","52","NARIÑO","52835","SAN ANDRES DE TUMACO","RURAL","1"
"01/06/2018","50","META","50590","PUERTO RICO","RURAL","1"
"01/06/2018","52","NARIÑO","52835","SAN ANDRES DE TUMACO","RURAL","1"
"01/06/2018","54","NORTE DE SANTANDER","54810","TIBU","URBANA","1"
"31/05/2018","50","META","50350","LA MACARENA","RURAL","1"
"30/05/2018","52","NARIÑO","52835","SAN ANDRES DE TUMACO","RURAL","1"
"30/05/2018","81","ARAUCA","81794","TAME","RURAL","1"
"29/05/2018","86","PUTUMAYO","86569","PUERTO CAICEDO","URBANA","1"
"29/05/2018","86","PUTUMAYO","86569","PUERTO CAICEDO","RURAL","1"
"29/05/2018","50","META","50590","PUERTO RICO","RURAL","1"
"28/05/2018","73","TOLIMA","73067","ATACO","URBANA","1"
"27/05/2018","11","BOGOTA D.C.","11001","BOGOTA D.C.","URBANA","1"
"27/05/2018","86","PUTUMAYO","86865","VALLE DEL GUAMUEZ","URBANA","1"
"25/05/2018","41","HUILA","41020","ALGECIRAS","URBANA","1"
"25/05/2018","73","TOLIMA","73555","PLANADAS","URBANA","1"
"25/05/2018","73","TOLIMA","73555","PLANADAS","URBANA","1"
"25/05/2018","73","TOLIMA","73555","PLANADAS","URBANA","1"
"25/05/2018","73","TOLIMA","73555","PLANADAS","URBANA","1"
"25/05/2018","52","NARIÑO","52835","SAN ANDRES DE TUMACO","RURAL","1"
"25/05/2018","19","CAUCA","19698","SANTANDER DE QUILICHAO","URBANA","1"
"24/05/2018","73","TOLIMA","73555","PLANADAS","URBANA","1"
"23/05/2018","52","NARIÑO","52835","SAN ANDRES DE TUMACO","RURAL","1"
"23/05/2018","81","ARAUCA","81736","SARAVENA","URBANA","1"
"23/05/2018","81","ARAUCA","81736","SARAVENA","URBANA","1"
"22/05/2018","50","META","50001","VILLAVICENCIO","URBANA","1"
"22/05/2018","50","META","50001","VILLAVICENCIO","URBANA","1"
"21/05/2018","19","CAUCA","19698","SANTANDER DE QUILICHAO","URBANA","1"
"21/05/2018","85","CASANARE","85410","TAURAMENA","RURAL","1"
"20/05/2018","73","TOLIMA","73555","PLANADAS","URBANA","1"
"20/05/2018","73","TOLIMA","73555","PLANADAS","URBANA","1"
"20/05/2018","18","CAQUETA","18753","SAN VICENTE DEL CAGUAN","RURAL","1"
"18/05/2018","05","ANTIOQUIA","05154","CAUCASIA","RURAL","1"
"18/05/2018","41","HUILA","41020","ALGECIRAS","URBANA","1"
"18/05/2018","95","GUAVIARE","95001","SAN JOSE DEL GUAVIARE","RURAL","1"
"18/05/2018","41","HUILA","41799","TELLO","URBANA","1"
"18/05/2018","41","HUILA","41799","TELLO","URBANA","1"
"18/05/2018","41","HUILA","41799","TELLO","URBANA","1"
"18/05/2018","41","HUILA","41799","TELLO","URBANA","1"
"18/05/2018","05","ANTIOQUIA","05154","CAUCASIA","URBANA","1"
"18/05/2018","73","TOLIMA","73555","PLANADAS","URBANA","1"
"18/05/2018","52","NARIÑO","52835","SAN ANDRES DE TUMACO","RURAL","1"
"17/05/2018","52","NARIÑO","52835","SAN ANDRES DE TUMACO","RURAL","1"
"17/05/2018","52","NARIÑO","52835","SAN ANDRES DE TUMACO","RURAL","1"
"16/05/2018","86","PUTUMAYO","86568","PUERTO ASIS","RURAL","1"
"16/05/2018","13","BOLIVAR","13810","TIQUISIO","URBANA","1"
"14/05/2018","52","NARIÑO","52835","SAN ANDRES DE TUMACO","RURAL","1"
"14/05/2018","52","NARIÑO","52835","SAN ANDRES DE TUMACO","RURAL","1"
"13/05/2018","81","ARAUCA","81736","SARAVENA","URBANA","1"
"12/05/2018","52","NARIÑO","52835","SAN ANDRES DE TUMACO","RURAL","1"
"11/05/2018","05","ANTIOQUIA","05361","ITUANGO","RURAL","1"
"11/05/2018","52","NARIÑO","52835","SAN ANDRES DE TUMACO","URBANA","1"
"11/05/2018","52","NARIÑO","52835","SAN ANDRES DE TUMACO","URBANA","1"
"10/05/2018","52","NARIÑO","52835","SAN ANDRES DE TUMACO","RURAL","1"
"09/05/2018","52","NARIÑO","52835","SAN ANDRES DE TUMACO","RURAL","1"
"09/05/2018","52","NARIÑO","52835","SAN ANDRES DE TUMACO","RURAL","1"
"09/05/2018","86","PUTUMAYO","86885","VILLAGARZON","URBANA","1"
"08/05/2018","19","CAUCA","19110","BUENOS AIRES","RURAL","1"
"08/05/2018","27","CHOCO","27001","QUIBDO","URBANA","1"
"08/05/2018","52","NARIÑO","52835","SAN ANDRES DE TUMACO","RURAL","1"
"08/05/2018","52","NARIÑO","52835","SAN ANDRES DE TUMACO","RURAL","1"
"07/05/2018","05","ANTIOQUIA","05107","BRICEÑO","URBANA","1"
"07/05/2018","52","NARIÑO","52835","SAN ANDRES DE TUMACO","RURAL","1"
"07/05/2018","52","NARIÑO","52835","SAN ANDRES DE TUMACO","RURAL","1"
"07/05/2018","52","NARIÑO","52835","SAN ANDRES DE TUMACO","RURAL","1"
"06/05/2018","81","ARAUCA","81065","ARAUQUITA","RURAL","1"
"06/05/2018","52","NARIÑO","52835","SAN ANDRES DE TUMACO","RURAL","1"
"05/05/2018","52","NARIÑO","52835","SAN ANDRES DE TUMACO","RURAL","1"
"04/05/2018","20","CESAR","20175","CHIMICHAGUA","URBANA","1"
"04/05/2018","52","NARIÑO","52835","SAN ANDRES DE TUMACO","RURAL","1"
"02/05/2018","52","NARIÑO","52835","SAN ANDRES DE TUMACO","RURAL","1"
"30/04/2018","05","ANTIOQUIA","05120","CACERES","URBANA","1"
"29/04/2018","05","ANTIOQUIA","05647","SAN ANDRES DE CUERQUIA","RURAL","1"
"29/04/2018","52","NARIÑO","52835","SAN ANDRES DE TUMACO","RURAL","1"
"29/04/2018","52","NARIÑO","52835","SAN ANDRES DE TUMACO","URBANA","1"
"28/04/2018","52","NARIÑO","52835","SAN ANDRES DE TUMACO","RURAL","1"
"27/04/2018","05","ANTIOQUIA","05234","DABEIBA","URBANA","1"
"27/04/2018","52","NARIÑO","52835","SAN ANDRES DE TUMACO","URBANA","1"
"27/04/2018","52","NARIÑO","52835","SAN ANDRES DE TUMACO","URBANA","1"
"26/04/2018","63","QUINDIO","63190","CIRCASIA","URBANA","1"
"26/04/2018","41","HUILA","41001","NEIVA","URBANA","1"
"26/04/2018","81","ARAUCA","81001","ARAUCA","URBANA","1"
"26/04/2018","52","NARIÑO","52835","SAN ANDRES DE TUMACO","RURAL","1"
"24/04/2018","47","MAGDALENA","47001","SANTA MARTA","URBANA","1"
"24/04/2018","73","TOLIMA","73067","ATACO","URBANA","1"
"24/04/2018","73","TOLIMA","73624","ROVIRA","URBANA","1"
"24/04/2018","52","NARIÑO","52835","SAN ANDRES DE TUMACO","RURAL","1"
"24/04/2018","52","NARIÑO","52835","SAN ANDRES DE TUMACO","RURAL","1"
"24/04/2018","52","NARIÑO","52835","SAN ANDRES DE TUMACO","RURAL","1"
"22/04/2018","76","VALLE DEL CAUCA","76001","CALI","URBANA","1"
"22/04/2018","05","ANTIOQUIA","05361","ITUANGO","URBANA","1"
"22/04/2018","05","ANTIOQUIA","05361","ITUANGO","URBANA","1"
"21/04/2018","52","NARIÑO","52835","SAN ANDRES DE TUMACO","RURAL","1"
"21/04/2018","52","NARIÑO","52835","SAN ANDRES DE TUMACO","RURAL","1"
"21/04/2018","52","NARIÑO","52835","SAN ANDRES DE TUMACO","RURAL","1"
"21/04/2018","52","NARIÑO","52835","SAN ANDRES DE TUMACO","RURAL","1"
"20/04/2018","52","NARIÑO","52835","SAN ANDRES DE TUMACO","RURAL","1"
"19/04/2018","52","NARIÑO","52835","SAN ANDRES DE TUMACO","RURAL","1"
"18/04/2018","50","META","50590","PUERTO RICO","RURAL","1"
"18/04/2018","05","ANTIOQUIA","05658","SAN JOSE DE LA MONTAÑA","URBANA","1"
"18/04/2018","05","ANTIOQUIA","05120","CACERES","RURAL","1"
"18/04/2018","05","ANTIOQUIA","05120","CACERES","RURAL","1"
"18/04/2018","20","CESAR","20175","CHIMICHAGUA","URBANA","1"
"18/04/2018","52","NARIÑO","52612","RICAURTE","RURAL","1"
"18/04/2018","54","NORTE DE SANTANDER","54810","TIBU","URBANA","1"
"18/04/2018","54","NORTE DE SANTANDER","54810","TIBU","RURAL","1"
"17/04/2018","13","BOLIVAR","13430","MAGANGUE","URBANA","1"
"17/04/2018","52","NARIÑO","52621","ROBERTO PAYAN","RURAL","1"
"17/04/2018","52","NARIÑO","52835","SAN ANDRES DE TUMACO","RURAL","1"
"16/04/2018","54","NORTE DE SANTANDER","54810","TIBU","RURAL","1"
"16/04/2018","54","NORTE DE SANTANDER","54810","TIBU","URBANA","1"
"16/04/2018","52","NARIÑO","52390","LA TOLA","URBANA","1"
"16/04/2018","54","NORTE DE SANTANDER","54206","CONVENCION","RURAL","1"
"16/04/2018","54","NORTE DE SANTANDER","54800","TEORAMA","URBANA","1"
"15/04/2018","47","MAGDALENA","47189","CIENAGA","URBANA","1"
"15/04/2018","05","ANTIOQUIA","05615","RIONEGRO","URBANA","1"
"15/04/2018","95","GUAVIARE","95001","SAN JOSE DEL GUAVIARE","URBANA","1"
"15/04/2018","95","GUAVIARE","95001","SAN JOSE DEL GUAVIARE","URBANA","1"
"12/04/2018","52","NARIÑO","52612","RICAURTE","RURAL","1"
"12/04/2018","23","CORDOBA","23090","CANALETE","URBANA","1"
"12/04/2018","52","NARIÑO","52835","SAN ANDRES DE TUMACO","RURAL","1"
"12/04/2018","95","GUAVIARE","95001","SAN JOSE DEL GUAVIARE","URBANA","1"
"12/04/2018","54","NORTE DE SANTANDER","54800","TEORAMA","RURAL","1"
"09/04/2018","27","CHOCO","27372","JURADO","RURAL","1"
"08/04/2018","05","ANTIOQUIA","05154","CAUCASIA","URBANA","1"
"08/04/2018","52","NARIÑO","52079","BARBACOAS","RURAL","1"
"08/04/2018","52","NARIÑO","52079","BARBACOAS","RURAL","1"
"08/04/2018","05","ANTIOQUIA","05120","CACERES","URBANA","1"
"08/04/2018","54","NORTE DE SANTANDER","54206","CONVENCION","RURAL","1"
"08/04/2018","17","CALDAS","17541","PENSILVANIA","URBANA","1"
"08/04/2018","52","NARIÑO","52835","SAN ANDRES DE TUMACO","RURAL","1"
"08/04/2018","52","NARIÑO","52835","SAN ANDRES DE TUMACO","URBANA","1"
"08/04/2018","52","NARIÑO","52835","SAN ANDRES DE TUMACO","URBANA","1"
"08/04/2018","52","NARIÑO","52835","SAN ANDRES DE TUMACO","RURAL","1"
"08/04/2018","05","ANTIOQUIA","05790","TARAZA","RURAL","1"
"07/04/2018","19","CAUCA","19212","CORINTO","URBANA","1"
"07/04/2018","52","NARIÑO","52835","SAN ANDRES DE TUMACO","RURAL","1"
"06/04/2018","52","NARIÑO","52835","SAN ANDRES DE TUMACO","RURAL","1"
"05/04/2018","52","NARIÑO","52835","SAN ANDRES DE TUMACO","RURAL","1"
"05/04/2018","52","NARIÑO","52835","SAN ANDRES DE TUMACO","RURAL","1"
"05/04/2018","47","MAGDALENA","47001","SANTA MARTA","URBANA","1"
"05/04/2018","52","NARIÑO","52835","SAN ANDRES DE TUMACO","RURAL","1"
"05/04/2018","52","NARIÑO","52835","SAN ANDRES DE TUMACO","RURAL","1"
"05/04/2018","95","GUAVIARE","95001","SAN JOSE DEL GUAVIARE","URBANA","1"
"04/04/2018","54","NORTE DE SANTANDER","54800","TEORAMA","RURAL","1"
"03/04/2018","11","BOGOTA D.C.","11001","BOGOTA D.C.","URBANA","1"
"03/04/2018","23","CORDOBA","23001","MONTERIA","URBANA","1"
"02/04/2018","13","BOLIVAR","13001","CARTAGENA DE INDIAS","URBANA","1"
"31/03/2018","52","NARIÑO","52287","FUNES","RURAL","1"
"31/03/2018","27","CHOCO","27361","ISTMINA","URBANA","1"
"30/03/2018","81","ARAUCA","81065","ARAUQUITA","RURAL","1"
"30/03/2018","81","ARAUCA","81065","ARAUQUITA","URBANA","1"
"30/03/2018","73","TOLIMA","73555","PLANADAS","URBANA","1"
"30/03/2018","52","NARIÑO","52835","SAN ANDRES DE TUMACO","RURAL","1"
"29/03/2018","81","ARAUCA","81065","ARAUQUITA","URBANA","1"
"29/03/2018","81","ARAUCA","81065","ARAUQUITA","URBANA","1"
"29/03/2018","81","ARAUCA","81065","ARAUQUITA","URBANA","1"
"28/03/2018","81","ARAUCA","81065","ARAUQUITA","URBANA","1"
"28/03/2018","73","TOLIMA","73555","PLANADAS","URBANA","1"
"28/03/2018","52","NARIÑO","52835","SAN ANDRES DE TUMACO","URBANA","1"
"26/03/2018","13","BOLIVAR","13600","RIO VIEJO","URBANA","1"
"26/03/2018","52","NARIÑO","52835","SAN ANDRES DE TUMACO","RURAL","1"
"26/03/2018","52","NARIÑO","52835","SAN ANDRES DE TUMACO","RURAL","1"
"25/03/2018","05","ANTIOQUIA","05001","MEDELLIN","URBANA","1"
"24/03/2018","52","NARIÑO","52835","SAN ANDRES DE TUMACO","RURAL","1"
"24/03/2018","52","NARIÑO","52835","SAN ANDRES DE TUMACO","RURAL","1"
"24/03/2018","81","ARAUCA","81794","TAME","URBANA","1"
"23/03/2018","52","NARIÑO","52835","SAN ANDRES DE TUMACO","RURAL","1"
"22/03/2018","81","ARAUCA","81794","TAME","RURAL","1"
"22/03/2018","05","ANTIOQUIA","05040","ANORI","URBANA","1"
"22/03/2018","76","VALLE DEL CAUCA","76275","FLORIDA","RURAL","1"
"22/03/2018","81","ARAUCA","81794","TAME","URBANA","1"
"21/03/2018","81","ARAUCA","81300","FORTUL","URBANA","1"
"21/03/2018","81","ARAUCA","81300","FORTUL","URBANA","1"
"21/03/2018","19","CAUCA","19455","MIRANDA","URBANA","1"
"20/03/2018","41","HUILA","41396","LA PLATA","URBANA","1"
"20/03/2018","25","CUNDINAMARCA","25754","SOACHA","URBANA","1"
"18/03/2018","50","META","50590","PUERTO RICO","URBANA","1"
"18/03/2018","11","BOGOTA D.C.","11001","BOGOTA D.C.","URBANA","1"
"18/03/2018","52","NARIÑO","52835","SAN ANDRES DE TUMACO","RURAL","1"
"15/03/2018","70","SUCRE","70717","SAN PEDRO","URBANA","1"
"14/03/2018","95","GUAVIARE","95001","SAN JOSE DEL GUAVIARE","RURAL","1"
"14/03/2018","05","ANTIOQUIA","05790","TARAZA","URBANA","1"
"14/03/2018","95","GUAVIARE","95025","EL RETORNO","URBANA","1"
"14/03/2018","81","ARAUCA","81591","PUERTO RONDON","URBANA","1"
"13/03/2018","11","BOGOTA D.C.","11001","BOGOTA D.C.","URBANA","1"
"12/03/2018","52","NARIÑO","52835","SAN ANDRES DE TUMACO","URBANA","1"
"12/03/2018","52","NARIÑO","52835","SAN ANDRES DE TUMACO","RURAL","1"
"12/03/2018","18","CAQUETA","18753","SAN VICENTE DEL CAGUAN","RURAL","1"
"12/03/2018","18","CAQUETA","18753","SAN VICENTE DEL CAGUAN","RURAL","1"
"12/03/2018","13","BOLIVAR","13688","SANTA ROSA DEL SUR","URBANA","1"
"12/03/2018","52","NARIÑO","52699","SANTACRUZ","RURAL","1"
"11/03/2018","52","NARIÑO","52835","SAN ANDRES DE TUMACO","RURAL","1"
"11/03/2018","52","NARIÑO","52835","SAN ANDRES DE TUMACO","RURAL","1"
"10/03/2018","52","NARIÑO","52699","SANTACRUZ","RURAL","1"
"09/03/2018","11","BOGOTA D.C.","11001","BOGOTA D.C.","URBANA","1"
"09/03/2018","27","CHOCO","27615","RIOSUCIO","URBANA","1"
"09/03/2018","52","NARIÑO","52835","SAN ANDRES DE TUMACO","RURAL","1"
"09/03/2018","52","NARIÑO","52835","SAN ANDRES DE TUMACO","RURAL","1"
"08/03/2018","63","QUINDIO","63001","ARMENIA","URBANA","1"
"08/03/2018","81","ARAUCA","81065","ARAUQUITA","URBANA","1"
"08/03/2018","25","CUNDINAMARCA","25178","CHIPAQUE","URBANA","1"
"08/03/2018","81","ARAUCA","81300","FORTUL","URBANA","1"
"08/03/2018","52","NARIÑO","52835","SAN ANDRES DE TUMACO","URBANA","1"
"08/03/2018","52","NARIÑO","52835","SAN ANDRES DE TUMACO","RURAL","1"
"08/03/2018","52","NARIÑO","52835","SAN ANDRES DE TUMACO","RURAL","1"
"08/03/2018","52","NARIÑO","52835","SAN ANDRES DE TUMACO","RURAL","1"
"07/03/2018","50","META","50590","PUERTO RICO","RURAL","1"
"07/03/2018","15","BOYACA","15223","CUBARA","URBANA","1"
"07/03/2018","54","NORTE DE SANTANDER","54250","EL TARRA","RURAL","1"
"07/03/2018","52","NARIÑO","52317","GUACHUCAL","RURAL","1"
"07/03/2018","52","NARIÑO","52621","ROBERTO PAYAN","RURAL","1"
"07/03/2018","52","NARIÑO","52621","ROBERTO PAYAN","RURAL","1"
"06/03/2018","11","BOGOTA D.C.","11001","BOGOTA D.C.","URBANA","1"
"06/03/2018","81","ARAUCA","81300","FORTUL","URBANA","1"
"06/03/2018","81","ARAUCA","81300","FORTUL","URBANA","1"
"05/03/2018","11","BOGOTA D.C.","11001","BOGOTA D.C.","URBANA","1"
"04/03/2018","81","ARAUCA","81300","FORTUL","URBANA","1"
"04/03/2018","05","ANTIOQUIA","05790","TARAZA","URBANA","1"
"03/03/2018","95","GUAVIARE","95025","EL RETORNO","RURAL","1"
"03/03/2018","18","CAQUETA","18256","EL PAUJIL","RURAL","1"
"03/03/2018","05","ANTIOQUIA","05736","SEGOVIA","URBANA","1"
"03/03/2018","54","NORTE DE SANTANDER","54800","TEORAMA","URBANA","1"
"03/03/2018","19","CAUCA","19137","CALDONO","RURAL","1"
"02/03/2018","05","ANTIOQUIA","05045","APARTADO","URBANA","1"
"01/03/2018","11","BOGOTA D.C.","11001","BOGOTA D.C.","URBANA","1"
"28/02/2018","95","GUAVIARE","95001","SAN JOSE DEL GUAVIARE","URBANA","1"
"28/02/2018","05","ANTIOQUIA","05887","YARUMAL","URBANA","1"
"28/02/2018","52","NARIÑO","52835","SAN ANDRES DE TUMACO","RURAL","1"
"28/02/2018","81","ARAUCA","81065","ARAUQUITA","RURAL","1"
"28/02/2018","81","ARAUCA","81065","ARAUQUITA","URBANA","1"
"28/02/2018","52","NARIÑO","52079","BARBACOAS","RURAL","1"
"28/02/2018","52","NARIÑO","52835","SAN ANDRES DE TUMACO","RURAL","1"
"27/02/2018","52","NARIÑO","52835","SAN ANDRES DE TUMACO","RURAL","1"
"26/02/2018","52","NARIÑO","52835","SAN ANDRES DE TUMACO","RURAL","1"
"25/02/2018","81","ARAUCA","81736","SARAVENA","URBANA","1"
"24/02/2018","52","NARIÑO","52835","SAN ANDRES DE TUMACO","RURAL","1"
"24/02/2018","54","NORTE DE SANTANDER","54800","TEORAMA","RURAL","1"
"23/02/2018","50","META","50313","GRANADA","URBANA","1"
"23/02/2018","15","BOYACA","15572","PUERTO BOYACA","URBANA","1"
"23/02/2018","52","NARIÑO","52621","ROBERTO PAYAN","RURAL","1"
"23/02/2018","95","GUAVIARE","95001","SAN JOSE DEL GUAVIARE","URBANA","1"
"22/02/2018","05","ANTIOQUIA","05790","TARAZA","URBANA","1"
"22/02/2018","52","NARIÑO","52835","SAN ANDRES DE TUMACO","RURAL","1"
"21/02/2018","95","GUAVIARE","95025","EL RETORNO","RURAL","1"
"21/02/2018","25","CUNDINAMARCA","25307","GIRARDOT","URBANA","1"
"21/02/2018","18","CAQUETA","18753","SAN VICENTE DEL CAGUAN","RURAL","1"
"20/02/2018","44","LA GUAJIRA","44560","MANAURE","URBANA","1"
"19/02/2018","54","NORTE DE SANTANDER","54800","TEORAMA","RURAL","1"
"18/02/2018","13","BOLIVAR","13670","SAN PABLO","URBANA","1"
"17/02/2018","05","ANTIOQUIA","05001","MEDELLIN","URBANA","1"
"16/02/2018","52","NARIÑO","52612","RICAURTE","RURAL","1"
"16/02/2018","11","BOGOTA D.C.","11001","BOGOTA D.C.","URBANA","1"
"16/02/2018","11","BOGOTA D.C.","11001","BOGOTA D.C.","URBANA","1"
"15/02/2018","54","NORTE DE SANTANDER","54250","EL TARRA","RURAL","1"
"15/02/2018","54","NORTE DE SANTANDER","54810","TIBU","RURAL","1"
"15/02/2018","54","NORTE DE SANTANDER","54820","TOLEDO","RURAL","1"
"14/02/2018","11","BOGOTA D.C.","11001","BOGOTA D.C.","URBANA","1"
"14/02/2018","11","BOGOTA D.C.","11001","BOGOTA D.C.","URBANA","1"
"14/02/2018","27","CHOCO","27615","RIOSUCIO","URBANA","1"
"14/02/2018","95","GUAVIARE","95001","SAN JOSE DEL GUAVIARE","RURAL","1"
"13/02/2018","95","GUAVIARE","95001","SAN JOSE DEL GUAVIARE","RURAL","1"
"13/02/2018","05","ANTIOQUIA","05895","ZARAGOZA","RURAL","1"
"13/02/2018","44","LA GUAJIRA","44035","ALBANIA","RURAL","1"
"12/02/2018","81","ARAUCA","81001","ARAUCA","URBANA","1"
"12/02/2018","27","CHOCO","27615","RIOSUCIO","URBANA","1"
"12/02/2018","81","ARAUCA","81794","TAME","URBANA","1"
"11/02/2018","19","CAUCA","19212","CORINTO","RURAL","1"
"11/02/2018","20","CESAR","20295","GAMARRA","RURAL","1"
"11/02/2018","20","CESAR","20614","RIO DE ORO","RURAL","1"
"11/02/2018","81","ARAUCA","81794","TAME","URBANA","1"
"11/02/2018","81","ARAUCA","81794","TAME","RURAL","1"
"11/02/2018","20","CESAR","20550","PELAYA","URBANA","1"
"11/02/2018","81","ARAUCA","81001","ARAUCA","URBANA","1"
"11/02/2018","81","ARAUCA","81794","TAME","URBANA","1"
"11/02/2018","05","ANTIOQUIA","05819","TOLEDO","RURAL","1"
"11/02/2018","05","ANTIOQUIA","05819","TOLEDO","RURAL","1"
"11/02/2018","05","ANTIOQUIA","05819","TOLEDO","RURAL","1"
"11/02/2018","05","ANTIOQUIA","05854","VALDIVIA","URBANA","1"
"11/02/2018","05","ANTIOQUIA","05854","VALDIVIA","URBANA","1"
"11/02/2018","05","ANTIOQUIA","05893","YONDO","URBANA","1"
"10/02/2018","20","CESAR","20228","CURUMANI","RURAL","1"
"10/02/2018","50","META","50350","LA MACARENA","URBANA","1"
"10/02/2018","20","CESAR","20550","PELAYA","RURAL","1"
"10/02/2018","27","CHOCO","27077","BAJO BAUDO","RURAL","1"
"10/02/2018","20","CESAR","20228","CURUMANI","URBANA","1"
"10/02/2018","76","VALLE DEL CAUCA","76364","JAMUNDI","URBANA","1"
"10/02/2018","20","CESAR","20383","LA GLORIA","URBANA","1"
"10/02/2018","20","CESAR","20383","LA GLORIA","URBANA","1"
"10/02/2018","20","CESAR","20383","LA GLORIA","URBANA","1"
"10/02/2018","54","NORTE DE SANTANDER","54810","TIBU","URBANA","1"
"09/02/2018","81","ARAUCA","81794","TAME","RURAL","1"
"09/02/2018","76","VALLE DEL CAUCA","76520","PALMIRA","URBANA","1"
"09/02/2018","19","CAUCA","19001","POPAYAN","URBANA","1"
"09/02/2018","81","ARAUCA","81736","SARAVENA","URBANA","1"
"08/02/2018","95","GUAVIARE","95001","SAN JOSE DEL GUAVIARE","RURAL","1"
"08/02/2018","11","BOGOTA D.C.","11001","BOGOTA D.C.","URBANA","1"
"08/02/2018","11","BOGOTA D.C.","11001","BOGOTA D.C.","URBANA","1"
"08/02/2018","54","NORTE DE SANTANDER","54128","CACHIRA","URBANA","1"
"08/02/2018","52","NARIÑO","52490","OLAYA HERRERA","URBANA","1"
"08/02/2018","52","NARIÑO","52835","SAN ANDRES DE TUMACO","RURAL","1"
"07/02/2018","20","CESAR","20011","AGUACHICA","RURAL","1"
"07/02/2018","81","ARAUCA","81065","ARAUQUITA","URBANA","1"
"07/02/2018","08","ATLANTICO","08001","BARRANQUILLA","URBANA","1"
"07/02/2018","13","BOLIVAR","13670","SAN PABLO","URBANA","1"
"06/02/2018","27","CHOCO","27660","SAN JOSE DEL PALMAR","URBANA","1"
"06/02/2018","54","NORTE DE SANTANDER","54810","TIBU","RURAL","1"
"05/02/2018","81","ARAUCA","81065","ARAUQUITA","URBANA","1"
"05/02/2018","54","NORTE DE SANTANDER","54720","SARDINATA","URBANA","1"
"04/02/2018","95","GUAVIARE","95001","SAN JOSE DEL GUAVIARE","RURAL","1"
"04/02/2018","05","ANTIOQUIA","05361","ITUANGO","URBANA","1"
"02/02/2018","52","NARIÑO","52079","BARBACOAS","RURAL","1"
"02/02/2018","52","NARIÑO","52079","BARBACOAS","RURAL","1"
"02/02/2018","52","NARIÑO","52079","BARBACOAS","RURAL","1"
"02/02/2018","23","CORDOBA","23090","CANALETE","URBANA","1"
"02/02/2018","23","CORDOBA","23090","CANALETE","URBANA","1"
"01/02/2018","27","CHOCO","27580","RIO IRO","URBANA","1"
"01/02/2018","81","ARAUCA","81736","SARAVENA","URBANA","1"
"31/01/2018","50","META","50590","PUERTO RICO","RURAL","1"
"31/01/2018","05","ANTIOQUIA","05361","ITUANGO","URBANA","1"
"31/01/2018","52","NARIÑO","52835","SAN ANDRES DE TUMACO","RURAL","1"
"31/01/2018","52","NARIÑO","52835","SAN ANDRES DE TUMACO","RURAL","1"
"30/01/2018","52","NARIÑO","52835","SAN ANDRES DE TUMACO","RURAL","1"
"29/01/2018","08","ATLANTICO","08001","BARRANQUILLA","URBANA","1"
"29/01/2018","05","ANTIOQUIA","05234","DABEIBA","URBANA","1"
"29/01/2018","73","TOLIMA","73555","PLANADAS","URBANA","1"
"28/01/2018","08","ATLANTICO","08758","SOLEDAD","URBANA","1"
"28/01/2018","05","ANTIOQUIA","05120","CACERES","URBANA","1"
"28/01/2018","05","ANTIOQUIA","05234","DABEIBA","URBANA","1"
"28/01/2018","52","NARIÑO","52835","SAN ANDRES DE TUMACO","URBANA","1"
"28/01/2018","08","ATLANTICO","08758","SOLEDAD","URBANA","1"
"27/01/2018","08","ATLANTICO","08001","BARRANQUILLA","URBANA","1"
"27/01/2018","15","BOYACA","15223","CUBARA","URBANA","1"
"27/01/2018","52","NARIÑO","52256","EL ROSARIO","RURAL","1"
"27/01/2018","27","CHOCO","27580","RIO IRO","URBANA","1"
"27/01/2018","52","NARIÑO","52835","SAN ANDRES DE TUMACO","RURAL","1"
"27/01/2018","52","NARIÑO","52835","SAN ANDRES DE TUMACO","RURAL","1"
"27/01/2018","52","NARIÑO","52835","SAN ANDRES DE TUMACO","RURAL","1"
"27/01/2018","52","NARIÑO","52835","SAN ANDRES DE TUMACO","RURAL","1"
"26/01/2018","50","META","50330","MESETAS","RURAL","1"
"26/01/2018","52","NARIÑO","52835","SAN ANDRES DE TUMACO","RURAL","1"
"24/01/2018","19","CAUCA","19142","CALOTO","URBANA","1"
"22/01/2018","81","ARAUCA","81300","FORTUL","URBANA","1"
"21/01/2018","50","META","50350","LA MACARENA","RURAL","1"
"21/01/2018","50","META","50350","LA MACARENA","RURAL","1"
"21/01/2018","81","ARAUCA","81065","ARAUQUITA","RURAL","1"
"20/01/2018","54","NORTE DE SANTANDER","54206","CONVENCION","URBANA","1"
"20/01/2018","54","NORTE DE SANTANDER","54245","EL CARMEN","RURAL","1"
"20/01/2018","18","CAQUETA","18753","SAN VICENTE DEL CAGUAN","RURAL","1"
"19/01/2018","81","ARAUCA","81736","SARAVENA","URBANA","1"
"19/01/2018","81","ARAUCA","81736","SARAVENA","URBANA","1"
"19/01/2018","27","CHOCO","27787","TADO","RURAL","1"
"18/01/2018","54","NORTE DE SANTANDER","54810","TIBU","RURAL","1"
"18/01/2018","27","CHOCO","27580","RIO IRO","URBANA","1"
"17/01/2018","50","META","50330","MESETAS","RURAL","1"
"17/01/2018","11","BOGOTA D.C.","11001","BOGOTA D.C.","URBANA","1"
"17/01/2018","27","CHOCO","27491","NOVITA","URBANA","1"
"17/01/2018","13","BOLIVAR","13744","SIMITI","URBANA","1"
"16/01/2018","81","ARAUCA","81065","ARAUQUITA","RURAL","1"
"15/01/2018","25","CUNDINAMARCA","25120","CABRERA","URBANA","1"
"15/01/2018","76","VALLE DEL CAUCA","76246","EL CAIRO","URBANA","1"
"15/01/2018","50","META","50590","PUERTO RICO","RURAL","1"
"14/01/2018","81","ARAUCA","81065","ARAUQUITA","RURAL","1"
"14/01/2018","52","NARIÑO","52250","EL CHARCO","URBANA","1"
"14/01/2018","81","ARAUCA","81001","ARAUCA","URBANA","1"
"14/01/2018","81","ARAUCA","81065","ARAUQUITA","URBANA","1"
"14/01/2018","81","ARAUCA","81300","FORTUL","URBANA","1"
"14/01/2018","27","CHOCO","27615","RIOSUCIO","URBANA","1"
"14/01/2018","18","CAQUETA","18753","SAN VICENTE DEL CAGUAN","RURAL","1"
"13/01/2018","52","NARIÑO","52435","MALLAMA","RURAL","1"
"13/01/2018","11","BOGOTA D.C.","11001","BOGOTA D.C.","URBANA","1"
"13/01/2018","52","NARIÑO","52435","MALLAMA","RURAL","1"
"13/01/2018","52","NARIÑO","52435","MALLAMA","URBANA","1"
"13/01/2018","50","META","50590","PUERTO RICO","RURAL","1"
"12/01/2018","81","ARAUCA","81794","TAME","RURAL","1"
"12/01/2018","81","ARAUCA","81794","TAME","URBANA","1"
"11/01/2018","50","META","50450","PUERTO CONCORDIA","URBANA","1"
"10/01/2018","85","CASANARE","85010","AGUAZUL","RURAL","1"
"10/01/2018","15","BOYACA","15223","CUBARA","RURAL","1"
"10/01/2018","81","ARAUCA","81736","SARAVENA","RURAL","1"
"10/01/2018","85","CASANARE","85010","AGUAZUL","URBANA","1"
"10/01/2018","81","ARAUCA","81065","ARAUQUITA","URBANA","1"
"10/01/2018","23","CORDOBA","23090","CANALETE","URBANA","1"
"10/01/2018","27","CHOCO","27491","NOVITA","URBANA","1"
"10/01/2018","81","ARAUCA","81736","SARAVENA","URBANA","1"
"09/01/2018","86","PUTUMAYO","86001","MOCOA","URBANA","1"
"09/01/2018","50","META","50450","PUERTO CONCORDIA","URBANA","1"
"08/01/2018","20","CESAR","20517","PAILITAS","RURAL","1"
"06/01/2018","05","ANTIOQUIA","05030","AMAGA","URBANA","1"
"05/01/2018","18","CAQUETA","18753","SAN VICENTE DEL CAGUAN","RURAL","1"
"02/01/2018","11","BOGOTA D.C.","11001","BOGOTA D.C.","URBANA","1"
"02/01/2018","50","META","50711","VISTAHERMOSA","URBANA","1"
"01/01/2018","15","BOYACA","15183","CHITA","URBANA","1"
"01/01/2018","50","META","50325","MAPIRIPAN","URBANA","1"
"28/12/2017","05","ANTIOQUIA","05154","CAUCASIA","URBANA","1"
"28/12/2017","05","ANTIOQUIA","05154","CAUCASIA","URBANA","1"
"26/12/2017","54","NORTE DE SANTANDER","54800","TEORAMA","RURAL","1"
"25/12/2017","05","ANTIOQUIA","05154","CAUCASIA","URBANA","1"
"25/12/2017","05","ANTIOQUIA","05615","RIONEGRO","URBANA","1"
"24/12/2017","95","GUAVIARE","95015","CALAMAR","URBANA","1"
"24/12/2017","50","META","50590","PUERTO RICO","URBANA","1"
"23/12/2017","27","CHOCO","27615","RIOSUCIO","URBANA","1"
"22/12/2017","05","ANTIOQUIA","05854","VALDIVIA","URBANA","1"
"20/12/2017","11","BOGOTA D.C.","11001","BOGOTA D.C.","URBANA","1"
"20/12/2017","81","ARAUCA","81300","FORTUL","URBANA","1"
"16/12/2017","95","GUAVIARE","95001","SAN JOSE DEL GUAVIARE","URBANA","1"
"16/12/2017","54","NORTE DE SANTANDER","54245","EL CARMEN","URBANA","1"
"16/12/2017","19","CAUCA","19622","ROSAS","URBANA","1"
"16/12/2017","95","GUAVIARE","95001","SAN JOSE DEL GUAVIARE","URBANA","1"
"11/12/2017","19","CAUCA","19212","CORINTO","RURAL","1"
"11/12/2017","05","ANTIOQUIA","05234","DABEIBA","URBANA","1"
"11/12/2017","76","VALLE DEL CAUCA","76275","FLORIDA","URBANA","1"
"11/12/2017","52","NARIÑO","52835","SAN ANDRES DE TUMACO","URBANA","1"
"10/12/2017","81","ARAUCA","81065","ARAUQUITA","URBANA","1"
"09/12/2017","50","META","50683","SAN JUAN DE ARAMA","URBANA","1"
"03/12/2017","47","MAGDALENA","47189","CIENAGA","RURAL","1"
"03/12/2017","81","ARAUCA","81065","ARAUQUITA","URBANA","1"
"03/12/2017","76","VALLE DEL CAUCA","76001","CALI","URBANA","1"
"30/11/2017","52","NARIÑO","52835","SAN ANDRES DE TUMACO","URBANA","1"
"30/11/2017","81","ARAUCA","81794","TAME","URBANA","1"
"29/11/2017","52","NARIÑO","52835","SAN ANDRES DE TUMACO","URBANA","1"
"28/11/2017","05","ANTIOQUIA","05837","TURBO","URBANA","1"
"27/11/2017","19","CAUCA","19142","CALOTO","RURAL","1"
"26/11/2017","19","CAUCA","19698","SANTANDER DE QUILICHAO","URBANA","1"
"24/11/2017","52","NARIÑO","52835","SAN ANDRES DE TUMACO","RURAL","1"
"24/11/2017","18","CAQUETA","18753","SAN VICENTE DEL CAGUAN","RURAL","1"
"24/11/2017","50","META","50370","URIBE","URBANA","1"
"24/11/2017","50","META","50370","URIBE","RURAL","1"
"23/11/2017","41","HUILA","41799","TELLO","RURAL","1"
"23/11/2017","11","BOGOTA D.C.","11001","BOGOTA D.C.","URBANA","1"
"22/11/2017","11","BOGOTA D.C.","11001","BOGOTA D.C.","URBANA","1"
"21/11/2017","54","NORTE DE SANTANDER","54206","CONVENCION","RURAL","1"
"21/11/2017","47","MAGDALENA","47288","FUNDACION","URBANA","1"
"21/11/2017","50","META","50590","PUERTO RICO","URBANA","1"
"21/11/2017","18","CAQUETA","18610","SAN JOSE DEL FRAGUA","RURAL","1"
"20/11/2017","18","CAQUETA","18753","SAN VICENTE DEL CAGUAN","URBANA","1"
"20/11/2017","18","CAQUETA","18753","SAN VICENTE DEL CAGUAN","RURAL","1"
"18/11/2017","68","SANTANDER","68081","BARRANCABERMEJA","URBANA","1"
"18/11/2017","27","CHOCO","27615","RIOSUCIO","URBANA","1"
"18/11/2017","54","NORTE DE SANTANDER","54810","TIBU","URBANA","1"
"17/11/2017","05","ANTIOQUIA","05093","BETULIA","URBANA","1"
"17/11/2017","52","NARIÑO","52835","SAN ANDRES DE TUMACO","URBANA","1"
"15/11/2017","23","CORDOBA","23001","MONTERIA","URBANA","1"
"14/11/2017","41","HUILA","41799","TELLO","RURAL","1"
"11/11/2017","81","ARAUCA","81001","ARAUCA","URBANA","1"
"11/11/2017","81","ARAUCA","81001","ARAUCA","URBANA","1"
"11/11/2017","27","CHOCO","27001","QUIBDO","URBANA","1"
"10/11/2017","76","VALLE DEL CAUCA","76275","FLORIDA","URBANA","1"
"08/11/2017","52","NARIÑO","52835","SAN ANDRES DE TUMACO","URBANA","1"
"08/11/2017","52","NARIÑO","52835","SAN ANDRES DE TUMACO","URBANA","1"
"07/11/2017","50","META","50711","VISTAHERMOSA","URBANA","1"
"06/11/2017","52","NARIÑO","52835","SAN ANDRES DE TUMACO","URBANA","1"
"06/11/2017","54","NORTE DE SANTANDER","54670","SAN CALIXTO","RURAL","1"
"05/11/2017","54","NORTE DE SANTANDER","54670","SAN CALIXTO","URBANA","1"
"05/11/2017","54","NORTE DE SANTANDER","54800","TEORAMA","RURAL","1"
"04/11/2017","50","META","50001","VILLAVICENCIO","URBANA","1"
"03/11/2017","19","CAUCA","19001","POPAYAN","URBANA","1"
"02/11/2017","54","NORTE DE SANTANDER","54109","BUCARASICA","RURAL","1"
"02/11/2017","52","NARIÑO","52835","SAN ANDRES DE TUMACO","URBANA","1"
"02/11/2017","54","NORTE DE SANTANDER","54720","SARDINATA","RURAL","1"
"01/11/2017","54","NORTE DE SANTANDER","54720","SARDINATA","URBANA","1"
"01/11/2017","54","NORTE DE SANTANDER","54720","SARDINATA","URBANA","1"
"01/11/2017","54","NORTE DE SANTANDER","54261","EL ZULIA","URBANA","1"
"31/10/2017","52","NARIÑO","52835","SAN ANDRES DE TUMACO","URBANA","1"
"30/10/2017","54","NORTE DE SANTANDER","54206","CONVENCION","RURAL","1"
"30/10/2017","52","NARIÑO","52835","SAN ANDRES DE TUMACO","URBANA","1"
"27/10/2017","66","RISARALDA","66001","PEREIRA","URBANA","1"
"27/10/2017","50","META","50711","VISTAHERMOSA","URBANA","1"
"27/10/2017","50","META","50711","VISTAHERMOSA","URBANA","1"
"26/10/2017","50","META","50001","VILLAVICENCIO","URBANA","1"
"25/10/2017","95","GUAVIARE","95025","EL RETORNO","URBANA","1"
"25/10/2017","52","NARIÑO","52835","SAN ANDRES DE TUMACO","URBANA","1"
"25/10/2017","95","GUAVIARE","95001","SAN JOSE DEL GUAVIARE","URBANA","1"
"24/10/2017","11","BOGOTA D.C.","11001","BOGOTA D.C.","URBANA","1"
"24/10/2017","50","META","50590","PUERTO RICO","URBANA","1"
"24/10/2017","50","META","50711","VISTAHERMOSA","URBANA","1"
"23/10/2017","54","NORTE DE SANTANDER","54206","CONVENCION","URBANA","1"
"22/10/2017","95","GUAVIARE","95025","EL RETORNO","URBANA","1"
"22/10/2017","76","VALLE DEL CAUCA","76364","JAMUNDI","URBANA","1"
"22/10/2017","23","CORDOBA","23001","MONTERIA","URBANA","1"
"22/10/2017","50","META","50711","VISTAHERMOSA","URBANA","1"
"21/10/2017","95","GUAVIARE","95025","EL RETORNO","RURAL","1"
"21/10/2017","76","VALLE DEL CAUCA","76364","JAMUNDI","URBANA","1"
"21/10/2017","95","GUAVIARE","95001","SAN JOSE DEL GUAVIARE","RURAL","1"
"21/10/2017","95","GUAVIARE","95025","EL RETORNO","RURAL","1"
"21/10/2017","95","GUAVIARE","95025","EL RETORNO","RURAL","1"
"20/10/2017","23","CORDOBA","23001","MONTERIA","URBANA","1"
"20/10/2017","95","GUAVIARE","95001","SAN JOSE DEL GUAVIARE","URBANA","1"
"20/10/2017","95","GUAVIARE","95001","SAN JOSE DEL GUAVIARE","URBANA","1"
"20/10/2017","54","NORTE DE SANTANDER","54800","TEORAMA","URBANA","1"
"19/10/2017","50","META","50711","VISTAHERMOSA","URBANA","1"
"19/10/2017","50","META","50711","VISTAHERMOSA","URBANA","1"
"18/10/2017","95","GUAVIARE","95001","SAN JOSE DEL GUAVIARE","URBANA","1"
"17/10/2017","95","GUAVIARE","95025","EL RETORNO","URBANA","1"
"17/10/2017","52","NARIÑO","52835","SAN ANDRES DE TUMACO","URBANA","1"
"16/10/2017","95","GUAVIARE","95025","EL RETORNO","URBANA","1"
"16/10/2017","47","MAGDALENA","47555","PLATO","URBANA","1"
"16/10/2017","47","MAGDALENA","47555","PLATO","URBANA","1"
"16/10/2017","50","META","50590","PUERTO RICO","URBANA","1"
"16/10/2017","52","NARIÑO","52835","SAN ANDRES DE TUMACO","URBANA","1"
"15/10/2017","95","GUAVIARE","95025","EL RETORNO","URBANA","1"
"14/10/2017","50","META","50590","PUERTO RICO","URBANA","1"
"13/10/2017","95","GUAVIARE","95025","EL RETORNO","URBANA","1"
"13/10/2017","76","VALLE DEL CAUCA","76834","TULUA","URBANA","1"
"12/10/2017","52","NARIÑO","52835","SAN ANDRES DE TUMACO","URBANA","1"
"11/10/2017","50","META","50590","PUERTO RICO","URBANA","1"
"10/10/2017","20","CESAR","20614","RIO DE ORO","RURAL","1"
"10/10/2017","05","ANTIOQUIA","05001","MEDELLIN","URBANA","1"
"10/10/2017","50","META","50590","PUERTO RICO","URBANA","1"
"09/10/2017","50","META","50590","PUERTO RICO","URBANA","1"
"09/10/2017","50","META","50590","PUERTO RICO","URBANA","1"
"08/10/2017","54","NORTE DE SANTANDER","54874","VILLA DEL ROSARIO","URBANA","1"
"07/10/2017","27","CHOCO","27001","QUIBDO","RURAL","1"
"07/10/2017","19","CAUCA","19585","PURACE","URBANA","1"
"07/10/2017","18","CAQUETA","18753","SAN VICENTE DEL CAGUAN","RURAL","1"
"06/10/2017","05","ANTIOQUIA","05790","TARAZA","RURAL","1"
"06/10/2017","05","ANTIOQUIA","05854","VALDIVIA","URBANA","1"
"06/10/2017","23","CORDOBA","23580","PUERTO LIBERTADOR","URBANA","1"
"04/10/2017","52","NARIÑO","52835","SAN ANDRES DE TUMACO","RURAL","1"
"03/10/2017","50","META","50590","PUERTO RICO","URBANA","1"
"02/10/2017","52","NARIÑO","52835","SAN ANDRES DE TUMACO","URBANA","1"
"02/10/2017","52","NARIÑO","52835","SAN ANDRES DE TUMACO","URBANA","1"
"01/10/2017","41","HUILA","41020","ALGECIRAS","RURAL","1"
"01/10/2017","54","NORTE DE SANTANDER","54109","BUCARASICA","RURAL","1"
"01/10/2017","50","META","50590","PUERTO RICO","URBANA","1"
"01/10/2017","50","META","50590","PUERTO RICO","URBANA","1"
"01/10/2017","52","NARIÑO","52835","SAN ANDRES DE TUMACO","URBANA","1"
"30/09/2017","19","CAUCA","19355","INZA","URBANA","1"
"30/09/2017","27","CHOCO","27361","ISTMINA","URBANA","1"
"30/09/2017","52","NARIÑO","52835","SAN ANDRES DE TUMACO","URBANA","1"
"30/09/2017","54","NORTE DE SANTANDER","54670","SAN CALIXTO","URBANA","1"
"30/09/2017","54","NORTE DE SANTANDER","54810","TIBU","URBANA","1"
"29/09/2017","68","SANTANDER","68081","BARRANCABERMEJA","URBANA","1"
"29/09/2017","11","BOGOTA D.C.","11001","BOGOTA D.C.","URBANA","1"
"29/09/2017","52","NARIÑO","52490","OLAYA HERRERA","URBANA","1"
"29/09/2017","50","META","50711","VISTAHERMOSA","URBANA","1"
"28/09/2017","50","META","50590","PUERTO RICO","URBANA","1"
"28/09/2017","18","CAQUETA","18753","SAN VICENTE DEL CAGUAN","URBANA","1"
"28/09/2017","81","ARAUCA","81736","SARAVENA","URBANA","1"
"27/09/2017","11","BOGOTA D.C.","11001","BOGOTA D.C.","URBANA","1"
"26/09/2017","81","ARAUCA","81001","ARAUCA","URBANA","1"
"26/09/2017","52","NARIÑO","52612","RICAURTE","URBANA","1"
"26/09/2017","50","META","50711","VISTAHERMOSA","URBANA","1"
"26/09/2017","81","ARAUCA","81065","ARAUQUITA","RURAL","1"
"25/09/2017","54","NORTE DE SANTANDER","54377","LABATECA","RURAL","1"
"25/09/2017","52","NARIÑO","52835","SAN ANDRES DE TUMACO","URBANA","1"
"25/09/2017","18","CAQUETA","18753","SAN VICENTE DEL CAGUAN","RURAL","1"
"25/09/2017","81","ARAUCA","81736","SARAVENA","URBANA","1"
"25/09/2017","54","NORTE DE SANTANDER","54377","LABATECA","RURAL","1"
"24/09/2017","19","CAUCA","19318","GUAPI","URBANA","1"
"24/09/2017","54","NORTE DE SANTANDER","54810","TIBU","URBANA","1"
"23/09/2017","81","ARAUCA","81065","ARAUQUITA","URBANA","1"
"23/09/2017","81","ARAUCA","81065","ARAUQUITA","URBANA","1"
"23/09/2017","27","CHOCO","27150","CARMEN DEL DARIEN","URBANA","1"
"22/09/2017","19","CAUCA","19212","CORINTO","URBANA","1"
"22/09/2017","18","CAQUETA","18150","CARTAGENA DEL CHAIRA","URBANA","1"
"22/09/2017","50","META","50590","PUERTO RICO","URBANA","1"
"21/09/2017","23","CORDOBA","23090","CANALETE","URBANA","1"
"21/09/2017","50","META","50590","PUERTO RICO","URBANA","1"
"21/09/2017","50","META","50711","VISTAHERMOSA","URBANA","1"
"20/09/2017","11","BOGOTA D.C.","11001","BOGOTA D.C.","URBANA","1"
"20/09/2017","11","BOGOTA D.C.","11001","BOGOTA D.C.","URBANA","1"
"20/09/2017","18","CAQUETA","18753","SAN VICENTE DEL CAGUAN","URBANA","1"
"20/09/2017","81","ARAUCA","81736","SARAVENA","URBANA","1"
"20/09/2017","50","META","50001","VILLAVICENCIO","URBANA","1"
"20/09/2017","50","META","50711","VISTAHERMOSA","URBANA","1"
"19/09/2017","81","ARAUCA","81001","ARAUCA","URBANA","1"
"18/09/2017","81","ARAUCA","81736","SARAVENA","URBANA","1"
"18/09/2017","05","ANTIOQUIA","05837","TURBO","URBANA","1"
"18/09/2017","81","ARAUCA","81736","SARAVENA","RURAL","1"
"17/09/2017","54","NORTE DE SANTANDER","54250","EL TARRA","URBANA","1"
"17/09/2017","27","CHOCO","27660","SAN JOSE DEL PALMAR","URBANA","1"
"16/09/2017","50","META","50590","PUERTO RICO","URBANA","1"
"16/09/2017","05","ANTIOQUIA","05854","VALDIVIA","URBANA","1"
"15/09/2017","18","CAQUETA","18753","SAN VICENTE DEL CAGUAN","URBANA","1"
"15/09/2017","18","CAQUETA","18753","SAN VICENTE DEL CAGUAN","URBANA","1"
"15/09/2017","05","ANTIOQUIA","05854","VALDIVIA","RURAL","1"
"14/09/2017","11","BOGOTA D.C.","11001","BOGOTA D.C.","URBANA","1"
"14/09/2017","18","CAQUETA","18753","SAN VICENTE DEL CAGUAN","RURAL","1"
"13/09/2017","23","CORDOBA","23001","MONTERIA","URBANA","1"
"12/09/2017","86","PUTUMAYO","86757","SAN MIGUEL","URBANA","1"
"12/09/2017","05","ANTIOQUIA","05042","SANTA FE DE ANTIOQUIA","RURAL","1"
"11/09/2017","23","CORDOBA","23001","MONTERIA","URBANA","1"
"11/09/2017","54","NORTE DE SANTANDER","54874","VILLA DEL ROSARIO","URBANA","1"
"11/09/2017","05","ANTIOQUIA","05001","MEDELLIN","URBANA","1"
"09/09/2017","05","ANTIOQUIA","05854","VALDIVIA","URBANA","1"
"08/09/2017","50","META","50590","PUERTO RICO","URBANA","1"
"06/09/2017","54","NORTE DE SANTANDER","54810","TIBU","URBANA","1"
"06/09/2017","18","CAQUETA","18753","SAN VICENTE DEL CAGUAN","RURAL","1"
"05/09/2017","54","NORTE DE SANTANDER","54245","EL CARMEN","URBANA","1"
"05/09/2017","05","ANTIOQUIA","05837","TURBO","URBANA","1"
"03/09/2017","95","GUAVIARE","95015","CALAMAR","URBANA","1"
"03/09/2017","95","GUAVIARE","95001","SAN JOSE DEL GUAVIARE","URBANA","1"
"02/09/2017","19","CAUCA","19212","CORINTO","RURAL","1"
"02/09/2017","18","CAQUETA","18753","SAN VICENTE DEL CAGUAN","RURAL","1"
"01/09/2017","52","NARIÑO","52678","SAMANIEGO","URBANA","1"
"01/09/2017","27","CHOCO","27787","TADO","URBANA","1"
"31/08/2017","68","SANTANDER","68001","BUCARAMANGA","URBANA","1"
"31/08/2017","52","NARIÑO","52612","RICAURTE","URBANA","1"
"29/08/2017","23","CORDOBA","23675","SAN BERNARDO DEL VIENTO","URBANA","1"
"28/08/2017","52","NARIÑO","52250","EL CHARCO","URBANA","1"
"28/08/2017","54","NORTE DE SANTANDER","54206","CONVENCION","URBANA","1"
"28/08/2017","54","NORTE DE SANTANDER","54245","EL CARMEN","URBANA","1"
"28/08/2017","52","NARIÑO","52250","EL CHARCO","URBANA","1"
"28/08/2017","23","CORDOBA","23574","PUERTO ESCONDIDO","RURAL","1"
"28/08/2017","50","META","50577","PUERTO LLERAS","URBANA","1"
"27/08/2017","73","TOLIMA","73616","RIOBLANCO","RURAL","1"
"27/08/2017","11","BOGOTA D.C.","11001","BOGOTA D.C.","URBANA","1"
"26/08/2017","95","GUAVIARE","95001","SAN JOSE DEL GUAVIARE","URBANA","1"
"25/08/2017","44","LA GUAJIRA","44001","RIOHACHA","URBANA","1"
"25/08/2017","99","VICHADA","99773","CUMARIBO","URBANA","1"
"24/08/2017","52","NARIÑO","52835","SAN ANDRES DE TUMACO","URBANA","1"
"24/08/2017","52","NARIÑO","52835","SAN ANDRES DE TUMACO","URBANA","1"
"24/08/2017","52","NARIÑO","52835","SAN ANDRES DE TUMACO","URBANA","1"
"24/08/2017","52","NARIÑO","52835","SAN ANDRES DE TUMACO","URBANA","1"
"23/08/2017","76","VALLE DEL CAUCA","76001","CALI","URBANA","1"
"23/08/2017","41","HUILA","41206","COLOMBIA","URBANA","1"
"20/08/2017","52","NARIÑO","52678","SAMANIEGO","URBANA","1"
"20/08/2017","52","NARIÑO","52678","SAMANIEGO","URBANA","1"
"18/08/2017","05","ANTIOQUIA","05736","SEGOVIA","URBANA","1"
"18/08/2017","18","CAQUETA","18753","SAN VICENTE DEL CAGUAN","URBANA","1"
"17/08/2017","44","LA GUAJIRA","44090","DIBULLA","URBANA","1"
"16/08/2017","18","CAQUETA","18753","SAN VICENTE DEL CAGUAN","URBANA","1"
"16/08/2017","18","CAQUETA","18753","SAN VICENTE DEL CAGUAN","URBANA","1"
"15/08/2017","54","NORTE DE SANTANDER","54810","TIBU","URBANA","1"
"14/08/2017","81","ARAUCA","81065","ARAUQUITA","URBANA","1"
"13/08/2017","54","NORTE DE SANTANDER","54250","EL TARRA","RURAL","1"
"13/08/2017","50","META","50711","VISTAHERMOSA","URBANA","1"
"13/08/2017","95","GUAVIARE","95001","SAN JOSE DEL GUAVIARE","URBANA","1"
"11/08/2017","19","CAUCA","19212","CORINTO","URBANA","1"
"11/08/2017","81","ARAUCA","81220","CRAVO NORTE","URBANA","1"
"11/08/2017","81","ARAUCA","81220","CRAVO NORTE","URBANA","1"
"11/08/2017","18","CAQUETA","18247","EL DONCELLO","URBANA","1"
"10/08/2017","05","ANTIOQUIA","05088","BELLO","URBANA","1"
"10/08/2017","05","ANTIOQUIA","05088","BELLO","URBANA","1"
"10/08/2017","50","META","50400","LEJANIAS","URBANA","1"
"08/08/2017","05","ANTIOQUIA","05306","GIRALDO","RURAL","1"
"08/08/2017","11","BOGOTA D.C.","11001","BOGOTA D.C.","URBANA","1"
"08/08/2017","11","BOGOTA D.C.","11001","BOGOTA D.C.","URBANA","1"
"07/08/2017","05","ANTIOQUIA","05604","REMEDIOS","URBANA","1"
"05/08/2017","81","ARAUCA","81736","SARAVENA","URBANA","1"
"04/08/2017","11","BOGOTA D.C.","11001","BOGOTA D.C.","URBANA","1"
"04/08/2017","27","CHOCO","27660","SAN JOSE DEL PALMAR","URBANA","1"
"04/08/2017","86","PUTUMAYO","86885","VILLAGARZON","URBANA","1"
"03/08/2017","08","ATLANTICO","08001","BARRANQUILLA","URBANA","1"
"02/08/2017","19","CAUCA","19533","PIAMONTE","URBANA","1"
"02/08/2017","18","CAQUETA","18753","SAN VICENTE DEL CAGUAN","RURAL","1"
"01/08/2017","18","CAQUETA","18753","SAN VICENTE DEL CAGUAN","URBANA","1"
"31/07/2017","50","META","50590","PUERTO RICO","URBANA","1"
"31/07/2017","81","ARAUCA","81736","SARAVENA","URBANA","1"
"31/07/2017","81","ARAUCA","81736","SARAVENA","URBANA","1"
"31/07/2017","81","ARAUCA","81736","SARAVENA","URBANA","1"
"30/07/2017","86","PUTUMAYO","86568","PUERTO ASIS","URBANA","1"
"30/07/2017","05","ANTIOQUIA","05736","SEGOVIA","RURAL","1"
"29/07/2017","41","HUILA","41206","COLOMBIA","URBANA","1"
"29/07/2017","54","NORTE DE SANTANDER","54250","EL TARRA","URBANA","1"
"29/07/2017","05","ANTIOQUIA","05736","SEGOVIA","URBANA","1"
"28/07/2017","95","GUAVIARE","95200","MIRAFLORES","URBANA","1"
"27/07/2017","20","CESAR","20383","LA GLORIA","URBANA","1"
"26/07/2017","76","VALLE DEL CAUCA","76563","PRADERA","URBANA","1"
"26/07/2017","86","PUTUMAYO","86568","PUERTO ASIS","URBANA","1"
"26/07/2017","54","NORTE DE SANTANDER","54820","TOLEDO","URBANA","1"
"25/07/2017","81","ARAUCA","81001","ARAUCA","URBANA","1"
"25/07/2017","81","ARAUCA","81736","SARAVENA","URBANA","1"
"24/07/2017","50","META","50590","PUERTO RICO","URBANA","1"
"24/07/2017","27","CHOCO","27001","QUIBDO","URBANA","1"
"24/07/2017","20","CESAR","20001","VALLEDUPAR","URBANA","1"
"23/07/2017","81","ARAUCA","81001","ARAUCA","URBANA","1"
"22/07/2017","11","BOGOTA D.C.","11001","BOGOTA D.C.","URBANA","1"
"21/07/2017","11","BOGOTA D.C.","11001","BOGOTA D.C.","URBANA","1"
"21/07/2017","05","ANTIOQUIA","05604","REMEDIOS","RURAL","1"
"21/07/2017","81","ARAUCA","81736","SARAVENA","URBANA","1"
"21/07/2017","81","ARAUCA","81065","ARAUQUITA","RURAL","1"
"18/07/2017","81","ARAUCA","81001","ARAUCA","URBANA","1"
"18/07/2017","54","NORTE DE SANTANDER","54001","CUCUTA","URBANA","1"
"18/07/2017","27","CHOCO","27361","ISTMINA","URBANA","1"
"17/07/2017","54","NORTE DE SANTANDER","54206","CONVENCION","URBANA","1"
"17/07/2017","50","META","50450","PUERTO CONCORDIA","URBANA","1"
"17/07/2017","95","GUAVIARE","95001","SAN JOSE DEL GUAVIARE","URBANA","1"
"17/07/2017","18","CAQUETA","18753","SAN VICENTE DEL CAGUAN","URBANA","1"
"16/07/2017","73","TOLIMA","73168","CHAPARRAL","URBANA","1"
"16/07/2017","73","TOLIMA","73168","CHAPARRAL","URBANA","1"
"16/07/2017","50","META","50711","VISTAHERMOSA","URBANA","1"
"15/07/2017","25","CUNDINAMARCA","25754","SOACHA","URBANA","1"
"14/07/2017","81","ARAUCA","81736","SARAVENA","URBANA","1"
"13/07/2017","05","ANTIOQUIA","05001","MEDELLIN","URBANA","1"
"12/07/2017","54","NORTE DE SANTANDER","54245","EL CARMEN","URBANA","1"
"12/07/2017","52","NARIÑO","52835","SAN ANDRES DE TUMACO","URBANA","1"
"12/07/2017","25","CUNDINAMARCA","25754","SOACHA","URBANA","1"
"11/07/2017","95","GUAVIARE","95001","SAN JOSE DEL GUAVIARE","URBANA","1"
"11/07/2017","18","CAQUETA","18753","SAN VICENTE DEL CAGUAN","URBANA","1"
"09/07/2017","54","NORTE DE SANTANDER","54261","EL ZULIA","URBANA","1"
"09/07/2017","52","NARIÑO","52835","SAN ANDRES DE TUMACO","URBANA","1"
"09/07/2017","95","GUAVIARE","95001","SAN JOSE DEL GUAVIARE","URBANA","1"
"09/07/2017","95","GUAVIARE","95001","SAN JOSE DEL GUAVIARE","RURAL","1"
"08/07/2017","18","CAQUETA","18256","EL PAUJIL","URBANA","1"
"08/07/2017","86","PUTUMAYO","86568","PUERTO ASIS","URBANA","1"
"08/07/2017","41","HUILA","41799","TELLO","URBANA","1"
"08/07/2017","19","CAUCA","19548","PIENDAMO - TUNIA","URBANA","1"
"07/07/2017","11","BOGOTA D.C.","11001","BOGOTA D.C.","URBANA","1"
"07/07/2017","54","NORTE DE SANTANDER","54250","EL TARRA","URBANA","1"
"07/07/2017","50","META","50711","VISTAHERMOSA","URBANA","1"
"06/07/2017","81","ARAUCA","81300","FORTUL","URBANA","1"
"05/07/2017","11","BOGOTA D.C.","11001","BOGOTA D.C.","URBANA","1"
"05/07/2017","50","META","50711","VISTAHERMOSA","URBANA","1"
"04/07/2017","18","CAQUETA","18753","SAN VICENTE DEL CAGUAN","URBANA","1"
"04/07/2017","50","META","50711","VISTAHERMOSA","URBANA","1"
"03/07/2017","81","ARAUCA","81736","SARAVENA","URBANA","1"
"03/07/2017","81","ARAUCA","81736","SARAVENA","URBANA","1"
"02/07/2017","68","SANTANDER","68081","BARRANCABERMEJA","URBANA","1"
"02/07/2017","27","CHOCO","27745","SIPI","URBANA","1"
"02/07/2017","95","GUAVIARE","95015","CALAMAR","URBANA","1"
"30/06/2017","50","META","50590","PUERTO RICO","URBANA","1"
"30/06/2017","50","META","50590","PUERTO RICO","URBANA","1"
"30/06/2017","81","ARAUCA","81736","SARAVENA","URBANA","1"
"30/06/2017","50","META","50711","VISTAHERMOSA","URBANA","1"
"28/06/2017","41","HUILA","41020","ALGECIRAS","URBANA","1"
"27/06/2017","50","META","50711","VISTAHERMOSA","URBANA","1"
"26/06/2017","95","GUAVIARE","95200","MIRAFLORES","RURAL","1"
"26/06/2017","50","META","50711","VISTAHERMOSA","URBANA","1"
"25/06/2017","54","NORTE DE SANTANDER","54800","TEORAMA","URBANA","1"
"25/06/2017","50","META","50711","VISTAHERMOSA","URBANA","1"
"24/06/2017","50","META","50590","PUERTO RICO","URBANA","1"
"23/06/2017","11","BOGOTA D.C.","11001","BOGOTA D.C.","URBANA","1"
"21/06/2017","27","CHOCO","27001","QUIBDO","URBANA","1"
"21/06/2017","50","META","50711","VISTAHERMOSA","URBANA","1"
"21/06/2017","50","META","50711","VISTAHERMOSA","URBANA","1"
"20/06/2017","73","TOLIMA","73001","IBAGUE","URBANA","1"
"19/06/2017","11","BOGOTA D.C.","11001","BOGOTA D.C.","URBANA","1"
"19/06/2017","47","MAGDALENA","47001","SANTA MARTA","URBANA","1"
"17/06/2017","50","META","50711","VISTAHERMOSA","URBANA","1"
"17/06/2017","44","LA GUAJIRA","44430","MAICAO","URBANA","1"
"17/06/2017","50","META","50590","PUERTO RICO","URBANA","1"
"17/06/2017","81","ARAUCA","81736","SARAVENA","URBANA","1"
"17/06/2017","11","BOGOTA D.C.","11001","BOGOTA D.C.","URBANA","1"
"17/06/2017","50","META","50400","LEJANIAS","RURAL","1"
"17/06/2017","81","ARAUCA","81736","SARAVENA","RURAL","1"
"16/06/2017","50","META","50711","VISTAHERMOSA","URBANA","1"
"16/06/2017","54","NORTE DE SANTANDER","54800","TEORAMA","URBANA","1"
"16/06/2017","95","GUAVIARE","95001","SAN JOSE DEL GUAVIARE","URBANA","1"
"15/06/2017","41","HUILA","41020","ALGECIRAS","URBANA","1"
"15/06/2017","18","CAQUETA","18247","EL DONCELLO","URBANA","1"
"15/06/2017","18","CAQUETA","18592","PUERTO RICO","URBANA","1"
"15/06/2017","81","ARAUCA","81794","TAME","RURAL","1"
"12/06/2017","41","HUILA","41020","ALGECIRAS","URBANA","1"
"12/06/2017","95","GUAVIARE","95001","SAN JOSE DEL GUAVIARE","URBANA","1"
"12/06/2017","95","GUAVIARE","95015","CALAMAR","URBANA","1"
"10/06/2017","11","BOGOTA D.C.","11001","BOGOTA D.C.","URBANA","1"
"10/06/2017","41","HUILA","41206","COLOMBIA","URBANA","1"
"10/06/2017","50","META","50590","PUERTO RICO","URBANA","1"
"09/06/2017","81","ARAUCA","81001","ARAUCA","URBANA","1"
"09/06/2017","52","NARIÑO","52835","SAN ANDRES DE TUMACO","URBANA","1"
"08/06/2017","27","CHOCO","27025","ALTO BAUDO","URBANA","1"
"08/06/2017","50","META","50590","PUERTO RICO","URBANA","1"
"08/06/2017","54","NORTE DE SANTANDER","54800","TEORAMA","URBANA","1"
"08/06/2017","50","META","50711","VISTAHERMOSA","URBANA","1"
"07/06/2017","41","HUILA","41020","ALGECIRAS","URBANA","1"
"07/06/2017","81","ARAUCA","81065","ARAUQUITA","URBANA","1"
"07/06/2017","52","NARIÑO","52835","SAN ANDRES DE TUMACO","RURAL","1"
"06/06/2017","20","CESAR","20011","AGUACHICA","URBANA","1"
"06/06/2017","13","BOLIVAR","13670","SAN PABLO","URBANA","1"
"06/06/2017","50","META","50711","VISTAHERMOSA","URBANA","1"
"06/06/2017","50","META","50711","VISTAHERMOSA","URBANA","1"
"06/06/2017","50","META","50711","VISTAHERMOSA","URBANA","1"
"06/06/2017","50","META","50711","VISTAHERMOSA","URBANA","1"
"06/06/2017","50","META","50711","VISTAHERMOSA","URBANA","1"
"05/06/2017","41","HUILA","41020","ALGECIRAS","URBANA","1"
"05/06/2017","11","BOGOTA D.C.","11001","BOGOTA D.C.","URBANA","1"
"05/06/2017","41","HUILA","41298","GARZON","URBANA","1"
"04/06/2017","05","ANTIOQUIA","05120","CACERES","URBANA","1"
"03/06/2017","81","ARAUCA","81001","ARAUCA","RURAL","1"
"03/06/2017","47","MAGDALENA","47001","SANTA MARTA","URBANA","1"
"02/06/2017","41","HUILA","41020","ALGECIRAS","URBANA","1"
"01/06/2017","41","HUILA","41020","ALGECIRAS","URBANA","1"
"01/06/2017","50","META","50590","PUERTO RICO","URBANA","1"
"01/06/2017","50","META","50590","PUERTO RICO","URBANA","1"
"31/05/2017","18","CAQUETA","18753","SAN VICENTE DEL CAGUAN","URBANA","1"
"31/05/2017","18","CAQUETA","18753","SAN VICENTE DEL CAGUAN","RURAL","1"
"31/05/2017","41","HUILA","41001","NEIVA","URBANA","1"
"30/05/2017","41","HUILA","41001","NEIVA","URBANA","1"
"30/05/2017","95","GUAVIARE","95025","EL RETORNO","URBANA","1"
"29/05/2017","52","NARIÑO","52835","SAN ANDRES DE TUMACO","URBANA","1"
"29/05/2017","52","NARIÑO","52835","SAN ANDRES DE TUMACO","URBANA","1"
"29/05/2017","05","ANTIOQUIA","05837","TURBO","URBANA","1"
"28/05/2017","05","ANTIOQUIA","05790","TARAZA","URBANA","1"
"28/05/2017","50","META","50330","MESETAS","RURAL","1"
"28/05/2017","05","ANTIOQUIA","05895","ZARAGOZA","URBANA","1"
"28/05/2017","41","HUILA","41206","COLOMBIA","URBANA","1"
"28/05/2017","50","META","50590","PUERTO RICO","URBANA","1"
"28/05/2017","05","ANTIOQUIA","05790","TARAZA","URBANA","1"
"28/05/2017","05","ANTIOQUIA","05895","ZARAGOZA","URBANA","1"
"27/05/2017","50","META","50251","EL CASTILLO","RURAL","1"
"26/05/2017","05","ANTIOQUIA","05154","CAUCASIA","URBANA","1"
"26/05/2017","05","ANTIOQUIA","05154","CAUCASIA","URBANA","1"
"26/05/2017","50","META","50590","PUERTO RICO","URBANA","1"
"25/05/2017","81","ARAUCA","81065","ARAUQUITA","URBANA","1"
"25/05/2017","50","META","50251","EL CASTILLO","URBANA","1"
"25/05/2017","70","SUCRE","70265","GUARANDA","URBANA","1"
"25/05/2017","23","CORDOBA","23001","MONTERIA","URBANA","1"
"25/05/2017","50","META","50590","PUERTO RICO","URBANA","1"
"25/05/2017","50","META","50001","VILLAVICENCIO","URBANA","1"
"24/05/2017","73","TOLIMA","73585","PURIFICACION","RURAL","1"
"24/05/2017","18","CAQUETA","18150","CARTAGENA DEL CHAIRA","RURAL","1"
"24/05/2017","18","CAQUETA","18150","CARTAGENA DEL CHAIRA","RURAL","1"
"24/05/2017","50","META","50590","PUERTO RICO","URBANA","1"
"24/05/2017","05","ANTIOQUIA","05887","YARUMAL","URBANA","1"
"23/05/2017","50","META","50251","EL CASTILLO","RURAL","1"
"23/05/2017","19","CAUCA","19450","MERCADERES","RURAL","1"
"23/05/2017","19","CAUCA","19548","PIENDAMO - TUNIA","URBANA","1"
"22/05/2017","44","LA GUAJIRA","44560","MANAURE","URBANA","1"
"22/05/2017","50","META","50590","PUERTO RICO","URBANA","1"
"22/05/2017","13","BOLIVAR","13894","ZAMBRANO","URBANA","1"
"21/05/2017","05","ANTIOQUIA","05885","YALI","URBANA","1"
"20/05/2017","76","VALLE DEL CAUCA","76109","BUENAVENTURA","URBANA","1"
"19/05/2017","11","BOGOTA D.C.","11001","BOGOTA D.C.","URBANA","1"
"18/05/2017","23","CORDOBA","23001","MONTERIA","URBANA","1"
"18/05/2017","18","CAQUETA","18753","SAN VICENTE DEL CAGUAN","RURAL","1"
"17/05/2017","95","GUAVIARE","95001","SAN JOSE DEL GUAVIARE","RURAL","1"
"16/05/2017","66","RISARALDA","66001","PEREIRA","URBANA","1"
"15/05/2017","50","META","50006","ACACIAS","URBANA","1"
"14/05/2017","81","ARAUCA","81001","ARAUCA","URBANA","1"
"14/05/2017","95","GUAVIARE","95001","SAN JOSE DEL GUAVIARE","RURAL","1"
"13/05/2017","05","ANTIOQUIA","05148","EL CARMEN DE VIBORAL","URBANA","1"
"13/05/2017","05","ANTIOQUIA","05579","PUERTO BERRIO","URBANA","1"
"13/05/2017","50","META","50001","VILLAVICENCIO","URBANA","1"
"13/05/2017","95","GUAVIARE","95001","SAN JOSE DEL GUAVIARE","URBANA","1"
"13/05/2017","50","META","50590","PUERTO RICO","URBANA","1"
"12/05/2017","05","ANTIOQUIA","05154","CAUCASIA","URBANA","1"
"12/05/2017","50","META","50590","PUERTO RICO","URBANA","1"
"12/05/2017","18","CAQUETA","18753","SAN VICENTE DEL CAGUAN","RURAL","1"
"12/05/2017","50","META","50711","VISTAHERMOSA","URBANA","1"
"12/05/2017","05","ANTIOQUIA","05120","CACERES","URBANA","1"
"12/05/2017","05","ANTIOQUIA","05154","CAUCASIA","URBANA","1"
"12/05/2017","05","ANTIOQUIA","05120","CACERES","URBANA","1"
"11/05/2017","18","CAQUETA","18150","CARTAGENA DEL CHAIRA","RURAL","1"
"11/05/2017","19","CAUCA","19001","POPAYAN","URBANA","1"
"11/05/2017","54","NORTE DE SANTANDER","54810","TIBU","URBANA","1"
"10/05/2017","23","CORDOBA","23001","MONTERIA","URBANA","1"
"10/05/2017","25","CUNDINAMARCA","25754","SOACHA","URBANA","1"
"09/05/2017","05","ANTIOQUIA","05736","SEGOVIA","RURAL","1"
"09/05/2017","05","ANTIOQUIA","05790","TARAZA","RURAL","1"
"09/05/2017","13","BOLIVAR","13001","CARTAGENA DE INDIAS","URBANA","1"
"09/05/2017","18","CAQUETA","18592","PUERTO RICO","URBANA","1"
"09/05/2017","50","META","50590","PUERTO RICO","URBANA","1"
"09/05/2017","05","ANTIOQUIA","05790","TARAZA","URBANA","1"
"09/05/2017","50","META","50711","VISTAHERMOSA","URBANA","1"
"09/05/2017","05","ANTIOQUIA","05101","CIUDAD BOLIVAR","RURAL","1"
"08/05/2017","95","GUAVIARE","95001","SAN JOSE DEL GUAVIARE","URBANA","1"
"07/05/2017","95","GUAVIARE","95001","SAN JOSE DEL GUAVIARE","URBANA","1"
"07/05/2017","50","META","50711","VISTAHERMOSA","URBANA","1"
"07/05/2017","50","META","50711","VISTAHERMOSA","URBANA","1"
"06/05/2017","05","ANTIOQUIA","05120","CACERES","RURAL","1"
"06/05/2017","18","CAQUETA","18753","SAN VICENTE DEL CAGUAN","RURAL","1"
"05/05/2017","18","CAQUETA","18410","LA MONTAÑITA","RURAL","1"
"05/05/2017","50","META","50590","PUERTO RICO","URBANA","1"
"05/05/2017","95","GUAVIARE","95001","SAN JOSE DEL GUAVIARE","URBANA","1"
"04/05/2017","18","CAQUETA","18150","CARTAGENA DEL CHAIRA","RURAL","1"
"04/05/2017","18","CAQUETA","18001","FLORENCIA","RURAL","1"
"04/05/2017","50","META","50711","VISTAHERMOSA","URBANA","1"
"03/05/2017","18","CAQUETA","18247","EL DONCELLO","RURAL","1"
"03/05/2017","05","ANTIOQUIA","05001","MEDELLIN","RURAL","1"
"02/05/2017","52","NARIÑO","52540","POLICARPA","RURAL","1"
"01/05/2017","54","NORTE DE SANTANDER","54810","TIBU","URBANA","1"
"01/05/2017","54","NORTE DE SANTANDER","54810","TIBU","URBANA","1"
"30/04/2017","18","CAQUETA","18150","CARTAGENA DEL CHAIRA","URBANA","1"
"30/04/2017","18","CAQUETA","18753","SAN VICENTE DEL CAGUAN","RURAL","1"
"30/04/2017","20","CESAR","20517","PAILITAS","RURAL","1"
"29/04/2017","54","NORTE DE SANTANDER","54109","BUCARASICA","RURAL","1"
"29/04/2017","54","NORTE DE SANTANDER","54377","LABATECA","RURAL","1"
"29/04/2017","54","NORTE DE SANTANDER","54720","SARDINATA","RURAL","1"
"28/04/2017","11","BOGOTA D.C.","11001","BOGOTA D.C.","URBANA","1"
"28/04/2017","27","CHOCO","27001","QUIBDO","URBANA","1"
"28/04/2017","41","HUILA","41676","SANTA MARIA","URBANA","1"
"28/04/2017","50","META","50001","VILLAVICENCIO","URBANA","1"
"28/04/2017","05","ANTIOQUIA","05042","SANTA FE DE ANTIOQUIA","RURAL","1"
"26/04/2017","05","ANTIOQUIA","05266","ENVIGADO","URBANA","1"
"26/04/2017","27","CHOCO","27001","QUIBDO","URBANA","1"
"23/04/2017","68","SANTANDER","68001","BUCARAMANGA","URBANA","1"
"22/04/2017","18","CAQUETA","18410","LA MONTAÑITA","RURAL","1"
"21/04/2017","81","ARAUCA","81065","ARAUQUITA","RURAL","1"
"20/04/2017","81","ARAUCA","81065","ARAUQUITA","URBANA","1"
"20/04/2017","81","ARAUCA","81065","ARAUQUITA","URBANA","1"
"20/04/2017","18","CAQUETA","18150","CARTAGENA DEL CHAIRA","URBANA","1"
"20/04/2017","52","NARIÑO","52835","SAN ANDRES DE TUMACO","URBANA","1"
"20/04/2017","95","GUAVIARE","95001","SAN JOSE DEL GUAVIARE","URBANA","1"
"20/04/2017","95","GUAVIARE","95001","SAN JOSE DEL GUAVIARE","URBANA","1"
"20/04/2017","95","GUAVIARE","95001","SAN JOSE DEL GUAVIARE","URBANA","1"
"20/04/2017","73","TOLIMA","73268","ESPINAL","RURAL","1"
"18/04/2017","95","GUAVIARE","95001","SAN JOSE DEL GUAVIARE","URBANA","1"
"18/04/2017","50","META","50711","VISTAHERMOSA","URBANA","1"
"16/04/2017","18","CAQUETA","18256","EL PAUJIL","RURAL","1"
"16/04/2017","19","CAUCA","19533","PIAMONTE","URBANA","1"
"16/04/2017","76","VALLE DEL CAUCA","76670","SAN PEDRO","RURAL","1"
"14/04/2017","95","GUAVIARE","95015","CALAMAR","URBANA","1"
"13/04/2017","11","BOGOTA D.C.","11001","BOGOTA D.C.","URBANA","1"
"11/04/2017","18","CAQUETA","18247","EL DONCELLO","RURAL","1"
"11/04/2017","05","ANTIOQUIA","05604","REMEDIOS","URBANA","1"
"10/04/2017","20","CESAR","20011","AGUACHICA","URBANA","1"
"10/04/2017","76","VALLE DEL CAUCA","76001","CALI","URBANA","1"
"10/04/2017","23","CORDOBA","23001","MONTERIA","URBANA","1"
"10/04/2017","52","NARIÑO","52835","SAN ANDRES DE TUMACO","URBANA","1"
"08/04/2017","52","NARIÑO","52835","SAN ANDRES DE TUMACO","RURAL","1"
"08/04/2017","50","META","50330","MESETAS","URBANA","1"
"08/04/2017","52","NARIÑO","52356","IPIALES","URBANA","1"
"08/04/2017","52","NARIÑO","52835","SAN ANDRES DE TUMACO","RURAL","1"
"08/04/2017","95","GUAVIARE","95025","EL RETORNO","RURAL","1"
"07/04/2017","50","META","50590","PUERTO RICO","URBANA","1"
"07/04/2017","50","META","50590","PUERTO RICO","URBANA","1"
"07/04/2017","52","NARIÑO","52835","SAN ANDRES DE TUMACO","URBANA","1"
"05/04/2017","20","CESAR","20383","LA GLORIA","RURAL","1"
"05/04/2017","50","META","50590","PUERTO RICO","URBANA","1"
"05/04/2017","50","META","50590","PUERTO RICO","URBANA","1"
"05/04/2017","18","CAQUETA","18753","SAN VICENTE DEL CAGUAN","RURAL","1"
"04/04/2017","52","NARIÑO","52835","SAN ANDRES DE TUMACO","RURAL","1"
"04/04/2017","81","ARAUCA","81736","SARAVENA","URBANA","1"
"03/04/2017","50","META","50370","URIBE","RURAL","1"
"02/04/2017","19","CAUCA","19701","SANTA ROSA","RURAL","1"
"01/04/2017","20","CESAR","20011","AGUACHICA","URBANA","1"
"01/04/2017","41","HUILA","41020","ALGECIRAS","RURAL","1"
"31/03/2017","52","NARIÑO","52835","SAN ANDRES DE TUMACO","URBANA","1"
"30/03/2017","11","BOGOTA D.C.","11001","BOGOTA D.C.","URBANA","1"
"30/03/2017","54","NORTE DE SANTANDER","54001","CUCUTA","URBANA","1"
"29/03/2017","41","HUILA","41020","ALGECIRAS","URBANA","1"
"29/03/2017","19","CAUCA","19001","POPAYAN","URBANA","1"
"29/03/2017","27","CHOCO","27615","RIOSUCIO","URBANA","1"
"29/03/2017","52","NARIÑO","52835","SAN ANDRES DE TUMACO","RURAL","1"
"29/03/2017","50","META","50711","VISTAHERMOSA","URBANA","1"
"28/03/2017","81","ARAUCA","81300","FORTUL","RURAL","1"
"28/03/2017","41","HUILA","41020","ALGECIRAS","URBANA","1"
"28/03/2017","95","GUAVIARE","95001","SAN JOSE DEL GUAVIARE","URBANA","1"
"27/03/2017","81","ARAUCA","81065","ARAUQUITA","URBANA","1"
"27/03/2017","23","CORDOBA","23466","MONTELIBANO","URBANA","1"
"27/03/2017","54","NORTE DE SANTANDER","54810","TIBU","URBANA","1"
"26/03/2017","18","CAQUETA","18001","FLORENCIA","RURAL","1"
"26/03/2017","18","CAQUETA","18001","FLORENCIA","RURAL","1"
"26/03/2017","27","CHOCO","27001","QUIBDO","URBANA","1"
"26/03/2017","08","ATLANTICO","08758","SOLEDAD","URBANA","1"
"25/03/2017","27","CHOCO","27615","RIOSUCIO","URBANA","1"
"25/03/2017","95","GUAVIARE","95001","SAN JOSE DEL GUAVIARE","URBANA","1"
"25/03/2017","47","MAGDALENA","47001","SANTA MARTA","URBANA","1"
"24/03/2017","41","HUILA","41020","ALGECIRAS","URBANA","1"
"24/03/2017","05","ANTIOQUIA","05059","ARMENIA","URBANA","1"
"24/03/2017","27","CHOCO","27001","QUIBDO","URBANA","1"
"23/03/2017","18","CAQUETA","18247","EL DONCELLO","RURAL","1"
"23/03/2017","95","GUAVIARE","95025","EL RETORNO","URBANA","1"
"23/03/2017","19","CAUCA","19001","POPAYAN","URBANA","1"
"23/03/2017","18","CAQUETA","18592","PUERTO RICO","RURAL","1"
"22/03/2017","41","HUILA","41020","ALGECIRAS","URBANA","1"
"22/03/2017","68","SANTANDER","68081","BARRANCABERMEJA","URBANA","1"
"22/03/2017","11","BOGOTA D.C.","11001","BOGOTA D.C.","URBANA","1"
"22/03/2017","20","CESAR","20001","VALLEDUPAR","URBANA","1"
"21/03/2017","20","CESAR","20383","LA GLORIA","RURAL","1"
"21/03/2017","20","CESAR","20011","AGUACHICA","URBANA","1"
"21/03/2017","18","CAQUETA","18150","CARTAGENA DEL CHAIRA","RURAL","1"
"21/03/2017","54","NORTE DE SANTANDER","54245","EL CARMEN","RURAL","1"
"21/03/2017","27","CHOCO","27001","QUIBDO","URBANA","1"
"21/03/2017","81","ARAUCA","81736","SARAVENA","URBANA","1"
"20/03/2017","54","NORTE DE SANTANDER","54250","EL TARRA","RURAL","1"
"19/03/2017","05","ANTIOQUIA","05282","FREDONIA","URBANA","1"
"19/03/2017","41","HUILA","41020","ALGECIRAS","URBANA","1"
"19/03/2017","18","CAQUETA","18753","SAN VICENTE DEL CAGUAN","URBANA","1"
"18/03/2017","19","CAUCA","19142","CALOTO","RURAL","1"
"17/03/2017","11","BOGOTA D.C.","11001","BOGOTA D.C.","URBANA","1"
"17/03/2017","05","ANTIOQUIA","05854","VALDIVIA","URBANA","1"
"16/03/2017","41","HUILA","41020","ALGECIRAS","URBANA","1"
"16/03/2017","11","BOGOTA D.C.","11001","BOGOTA D.C.","URBANA","1"
"16/03/2017","20","CESAR","20400","LA JAGUA DE IBIRICO","RURAL","1"
"15/03/2017","54","NORTE DE SANTANDER","54810","TIBU","URBANA","1"
"14/03/2017","41","HUILA","41020","ALGECIRAS","URBANA","1"
"14/03/2017","54","NORTE DE SANTANDER","54250","EL TARRA","RURAL","1"
"13/03/2017","52","NARIÑO","52835","SAN ANDRES DE TUMACO","RURAL","1"
"13/03/2017","41","HUILA","41020","ALGECIRAS","URBANA","1"
"13/03/2017","81","ARAUCA","81065","ARAUQUITA","URBANA","1"
"13/03/2017","81","ARAUCA","81300","FORTUL","URBANA","1"
"13/03/2017","81","ARAUCA","81300","FORTUL","URBANA","1"
"13/03/2017","52","NARIÑO","52835","SAN ANDRES DE TUMACO","RURAL","1"
"13/03/2017","81","ARAUCA","81065","ARAUQUITA","RURAL","1"
"13/03/2017","81","ARAUCA","81300","FORTUL","RURAL","1"
"12/03/2017","54","NORTE DE SANTANDER","54810","TIBU","URBANA","1"
"12/03/2017","54","NORTE DE SANTANDER","54250","EL TARRA","RURAL","1"
"11/03/2017","52","NARIÑO","52835","SAN ANDRES DE TUMACO","RURAL","1"
"11/03/2017","54","NORTE DE SANTANDER","54810","TIBU","URBANA","1"
"10/03/2017","81","ARAUCA","81065","ARAUQUITA","RURAL","1"
"10/03/2017","81","ARAUCA","81065","ARAUQUITA","URBANA","1"
"10/03/2017","50","META","50590","PUERTO RICO","URBANA","1"
"09/03/2017","54","NORTE DE SANTANDER","54810","TIBU","URBANA","1"
"08/03/2017","47","MAGDALENA","47189","CIENAGA","URBANA","1"
"08/03/2017","18","CAQUETA","18592","PUERTO RICO","RURAL","1"
"07/03/2017","13","BOLIVAR","13001","CARTAGENA DE INDIAS","URBANA","1"
"06/03/2017","11","BOGOTA D.C.","11001","BOGOTA D.C.","URBANA","1"
"06/03/2017","05","ANTIOQUIA","05001","MEDELLIN","URBANA","1"
"06/03/2017","27","CHOCO","27001","QUIBDO","URBANA","1"
"05/03/2017","18","CAQUETA","18410","LA MONTAÑITA","RURAL","1"
"05/03/2017","50","META","50590","PUERTO RICO","URBANA","1"
"04/03/2017","11","BOGOTA D.C.","11001","BOGOTA D.C.","URBANA","1"
"04/03/2017","95","GUAVIARE","95015","CALAMAR","RURAL","1"
"04/03/2017","15","BOYACA","15223","CUBARA","URBANA","1"
"04/03/2017","27","CHOCO","27001","QUIBDO","URBANA","1"
"04/03/2017","50","META","50711","VISTAHERMOSA","URBANA","1"
"04/03/2017","50","META","50711","VISTAHERMOSA","RURAL","1"
"03/03/2017","76","VALLE DEL CAUCA","76109","BUENAVENTURA","URBANA","1"
"03/03/2017","54","NORTE DE SANTANDER","54206","CONVENCION","URBANA","1"
"03/03/2017","54","NORTE DE SANTANDER","54250","EL TARRA","RURAL","1"
"03/03/2017","05","ANTIOQUIA","05001","MEDELLIN","URBANA","1"
"03/03/2017","52","NARIÑO","52835","SAN ANDRES DE TUMACO","RURAL","1"
"03/03/2017","47","MAGDALENA","47001","SANTA MARTA","URBANA","1"
"01/03/2017","11","BOGOTA D.C.","11001","BOGOTA D.C.","URBANA","1"
"01/03/2017","50","META","50590","PUERTO RICO","URBANA","1"
"27/02/2017","23","CORDOBA","23807","TIERRALTA","URBANA","1"
"25/02/2017","54","NORTE DE SANTANDER","54245","EL CARMEN","RURAL","1"
"25/02/2017","50","META","50590","PUERTO RICO","URBANA","1"
"25/02/2017","52","NARIÑO","52835","SAN ANDRES DE TUMACO","RURAL","1"
"24/02/2017","05","ANTIOQUIA","05856","VALPARAISO","URBANA","1"
"22/02/2017","27","CHOCO","27077","BAJO BAUDO","URBANA","1"
"22/02/2017","52","NARIÑO","52079","BARBACOAS","RURAL","1"
"22/02/2017","23","CORDOBA","23807","TIERRALTA","URBANA","1"
"21/02/2017","81","ARAUCA","81065","ARAUQUITA","URBANA","1"
"21/02/2017","11","BOGOTA D.C.","11001","BOGOTA D.C.","URBANA","1"
"21/02/2017","41","HUILA","41298","GARZON","URBANA","1"
"20/02/2017","11","BOGOTA D.C.","11001","BOGOTA D.C.","URBANA","1"
"20/02/2017","18","CAQUETA","18256","EL PAUJIL","RURAL","1"
"20/02/2017","52","NARIÑO","52835","SAN ANDRES DE TUMACO","RURAL","1"
"19/02/2017","11","BOGOTA D.C.","11001","BOGOTA D.C.","URBANA","1"
"19/02/2017","15","BOYACA","15223","CUBARA","URBANA","1"
"19/02/2017","15","BOYACA","15223","CUBARA","URBANA","1"
"19/02/2017","18","CAQUETA","18753","SAN VICENTE DEL CAGUAN","RURAL","1"
"19/02/2017","11","BOGOTA D.C.","11001","BOGOTA D.C.","URBANA","1"
"18/02/2017","27","CHOCO","27001","QUIBDO","URBANA","1"
"18/02/2017","18","CAQUETA","18753","SAN VICENTE DEL CAGUAN","URBANA","1"
"18/02/2017","11","BOGOTA D.C.","11001","BOGOTA D.C.","URBANA","1"
"17/02/2017","20","CESAR","20517","PAILITAS","URBANA","1"
"17/02/2017","50","META","50711","VISTAHERMOSA","URBANA","1"
"16/02/2017","18","CAQUETA","18753","SAN VICENTE DEL CAGUAN","RURAL","1"
"16/02/2017","41","HUILA","41001","NEIVA","URBANA","1"
"15/02/2017","18","CAQUETA","18150","CARTAGENA DEL CHAIRA","URBANA","1"
"14/02/2017","68","SANTANDER","68081","BARRANCABERMEJA","URBANA","1"
"14/02/2017","50","META","50590","PUERTO RICO","URBANA","1"
"14/02/2017","50","META","50001","VILLAVICENCIO","URBANA","1"
"14/02/2017","50","META","50001","VILLAVICENCIO","URBANA","1"
"10/02/2017","11","BOGOTA D.C.","11001","BOGOTA D.C.","URBANA","1"
"10/02/2017","76","VALLE DEL CAUCA","76275","FLORIDA","URBANA","1"
"09/02/2017","05","ANTIOQUIA","05736","SEGOVIA","URBANA","1"
"07/02/2017","76","VALLE DEL CAUCA","76001","CALI","URBANA","1"
"07/02/2017","76","VALLE DEL CAUCA","76001","CALI","URBANA","1"
"06/02/2017","15","BOYACA","15223","CUBARA","URBANA","1"
"06/02/2017","15","BOYACA","15223","CUBARA","URBANA","1"
"06/02/2017","19","CAUCA","19355","INZA","URBANA","1"
"06/02/2017","19","CAUCA","19355","INZA","URBANA","1"
"05/02/2017","18","CAQUETA","18753","SAN VICENTE DEL CAGUAN","RURAL","1"
"03/02/2017","81","ARAUCA","81794","TAME","URBANA","1"
"30/01/2017","41","HUILA","41078","BARAYA","URBANA","1"
"30/01/2017","50","META","50400","LEJANIAS","RURAL","1"
"30/01/2017","05","ANTIOQUIA","05042","SANTA FE DE ANTIOQUIA","URBANA","1"
"29/01/2017","50","META","50450","PUERTO CONCORDIA","URBANA","1"
"29/01/2017","05","ANTIOQUIA","05887","YARUMAL","URBANA","1"
"28/01/2017","95","GUAVIARE","95001","SAN JOSE DEL GUAVIARE","URBANA","1"
"27/01/2017","20","CESAR","20550","PELAYA","RURAL","1"
"27/01/2017","18","CAQUETA","18753","SAN VICENTE DEL CAGUAN","RURAL","1"
"26/01/2017","18","CAQUETA","18753","SAN VICENTE DEL CAGUAN","RURAL","1"
"24/01/2017","27","CHOCO","27001","QUIBDO","URBANA","1"
"21/01/2017","81","ARAUCA","81065","ARAUQUITA","URBANA","1"
"20/01/2017","18","CAQUETA","18753","SAN VICENTE DEL CAGUAN","RURAL","1"
"20/01/2017","18","CAQUETA","18753","SAN VICENTE DEL CAGUAN","RURAL","1"
"20/01/2017","18","CAQUETA","18753","SAN VICENTE DEL CAGUAN","RURAL","1"
"19/01/2017","11","BOGOTA D.C.","11001","BOGOTA D.C.","URBANA","1"
"19/01/2017","18","CAQUETA","18592","PUERTO RICO","RURAL","1"
"19/01/2017","50","META","50711","VISTAHERMOSA","RURAL","1"
"18/01/2017","05","ANTIOQUIA","05480","MUTATA","RURAL","1"
"18/01/2017","08","ATLANTICO","08758","SOLEDAD","URBANA","1"
"18/01/2017","08","ATLANTICO","08758","SOLEDAD","URBANA","1"
"18/01/2017","11","BOGOTA D.C.","11001","BOGOTA D.C.","URBANA","1"
"17/01/2017","11","BOGOTA D.C.","11001","BOGOTA D.C.","URBANA","1"
"17/01/2017","11","BOGOTA D.C.","11001","BOGOTA D.C.","URBANA","1"
"17/01/2017","11","BOGOTA D.C.","11001","BOGOTA D.C.","URBANA","1"
"16/01/2017","20","CESAR","20517","PAILITAS","URBANA","1"
"16/01/2017","95","GUAVIARE","95001","SAN JOSE DEL GUAVIARE","URBANA","1"
"15/01/2017","52","NARIÑO","52835","SAN ANDRES DE TUMACO","URBANA","1"
"15/01/2017","41","HUILA","41020","ALGECIRAS","URBANA","1"
"15/01/2017","76","VALLE DEL CAUCA","76001","CALI","URBANA","1"
"15/01/2017","18","CAQUETA","18001","FLORENCIA","RURAL","1"
"15/01/2017","52","NARIÑO","52835","SAN ANDRES DE TUMACO","URBANA","1"
"13/01/2017","27","CHOCO","27001","QUIBDO","URBANA","1"
"09/01/2017","50","META","50001","VILLAVICENCIO","URBANA","1"
"08/01/2017","76","VALLE DEL CAUCA","76109","BUENAVENTURA","URBANA","1"
"08/01/2017","18","CAQUETA","18753","SAN VICENTE DEL CAGUAN","RURAL","1"
"07/01/2017","81","ARAUCA","81065","ARAUQUITA","URBANA","1"
"06/01/2017","18","CAQUETA","18753","SAN VICENTE DEL CAGUAN","RURAL","1"
"06/01/2017","18","CAQUETA","18753","SAN VICENTE DEL CAGUAN","RURAL","1"
"06/01/2017","50","META","50711","VISTAHERMOSA","RURAL","1"
"06/01/2017","50","META","50711","VISTAHERMOSA","RURAL","1"
"05/01/2017","52","NARIÑO","52835","SAN ANDRES DE TUMACO","RURAL","1"
"05/01/2017","50","META","50711","VISTAHERMOSA","RURAL","1"
"05/01/2017","50","META","50711","VISTAHERMOSA","URBANA","1"
"30/12/2016","20","CESAR","20011","AGUACHICA","URBANA","1"
"29/12/2016","11","BOGOTA D.C.","11001","BOGOTA D.C.","URBANA","1"
"29/12/2016","50","META","50590","PUERTO RICO","URBANA","1"
"29/12/2016","50","META","50001","VILLAVICENCIO","URBANA","1"
"29/12/2016","50","META","50001","VILLAVICENCIO","URBANA","1"
"29/12/2016","50","META","50001","VILLAVICENCIO","URBANA","1"
"28/12/2016","11","BOGOTA D.C.","11001","BOGOTA D.C.","URBANA","1"
"27/12/2016","11","BOGOTA D.C.","11001","BOGOTA D.C.","URBANA","1"
"27/12/2016","18","CAQUETA","18256","EL PAUJIL","URBANA","1"
"22/12/2016","27","CHOCO","27001","QUIBDO","URBANA","1"
"21/12/2016","11","BOGOTA D.C.","11001","BOGOTA D.C.","URBANA","1"
"21/12/2016","81","ARAUCA","81736","SARAVENA","URBANA","1"
"20/12/2016","08","ATLANTICO","08001","BARRANQUILLA","URBANA","1"
"20/12/2016","47","MAGDALENA","47001","SANTA MARTA","URBANA","1"
"19/12/2016","05","ANTIOQUIA","05113","BURITICA","URBANA","1"
"19/12/2016","18","CAQUETA","18150","CARTAGENA DEL CHAIRA","URBANA","1"
"19/12/2016","05","ANTIOQUIA","05042","SANTA FE DE ANTIOQUIA","URBANA","1"
"18/12/2016","19","CAUCA","19142","CALOTO","RURAL","1"
"18/12/2016","19","CAUCA","19821","TORIBIO","RURAL","1"
"17/12/2016","05","ANTIOQUIA","05045","APARTADO","URBANA","1"
"16/12/2016","05","ANTIOQUIA","05113","BURITICA","URBANA","1"
"15/12/2016","81","ARAUCA","81736","SARAVENA","URBANA","1"
"14/12/2016","27","CHOCO","27001","QUIBDO","URBANA","1"
"13/12/2016","05","ANTIOQUIA","05040","ANORI","URBANA","1"
"13/12/2016","95","GUAVIARE","95015","CALAMAR","URBANA","1"
"13/12/2016","52","NARIÑO","52835","SAN ANDRES DE TUMACO","URBANA","1"
"12/12/2016","52","NARIÑO","52001","PASTO","URBANA","1"
"09/12/2016","81","ARAUCA","81001","ARAUCA","URBANA","1"
"09/12/2016","76","VALLE DEL CAUCA","76520","PALMIRA","URBANA","1"
"09/12/2016","52","NARIÑO","52835","SAN ANDRES DE TUMACO","URBANA","1"
"09/12/2016","52","NARIÑO","52835","SAN ANDRES DE TUMACO","URBANA","1"
"08/12/2016","68","SANTANDER","68081","BARRANCABERMEJA","URBANA","1"
"08/12/2016","19","CAUCA","19532","PATIA","URBANA","1"
"07/12/2016","81","ARAUCA","81065","ARAUQUITA","URBANA","1"
"07/12/2016","81","ARAUCA","81065","ARAUQUITA","URBANA","1"
"06/12/2016","52","NARIÑO","52835","SAN ANDRES DE TUMACO","URBANA","1"
"06/12/2016","52","NARIÑO","52835","SAN ANDRES DE TUMACO","URBANA","1"
"06/12/2016","76","VALLE DEL CAUCA","76233","DAGUA","URBANA","1"
"05/12/2016","11","BOGOTA D.C.","11001","BOGOTA D.C.","URBANA","1"
"05/12/2016","50","META","50318","GUAMAL","URBANA","1"
"04/12/2016","76","VALLE DEL CAUCA","76275","FLORIDA","URBANA","1"
"02/12/2016","20","CESAR","20550","PELAYA","RURAL","1"
"02/12/2016","85","CASANARE","85001","YOPAL","URBANA","1"
"30/11/2016","15","BOYACA","15223","CUBARA","URBANA","1"
"29/11/2016","54","NORTE DE SANTANDER","54001","CUCUTA","URBANA","1"
"29/11/2016","54","NORTE DE SANTANDER","54001","CUCUTA","URBANA","1"
"29/11/2016","81","ARAUCA","81736","SARAVENA","URBANA","1"
"29/11/2016","81","ARAUCA","81736","SARAVENA","URBANA","1"
"29/11/2016","20","CESAR","20001","VALLEDUPAR","URBANA","1"
"28/11/2016","85","CASANARE","85010","AGUAZUL","URBANA","1"
"28/11/2016","15","BOYACA","15223","CUBARA","URBANA","1"
"28/11/2016","52","NARIÑO","52227","CUMBAL","RURAL","1"
"28/11/2016","54","NORTE DE SANTANDER","54720","SARDINATA","URBANA","1"
"27/11/2016","18","CAQUETA","18001","FLORENCIA","URBANA","1"
"26/11/2016","50","META","50711","VISTAHERMOSA","RURAL","1"
"26/11/2016","50","META","50711","VISTAHERMOSA","URBANA","1"
"25/11/2016","08","ATLANTICO","08001","BARRANQUILLA","URBANA","1"
"24/11/2016","05","ANTIOQUIA","05154","CAUCASIA","URBANA","1"
"24/11/2016","05","ANTIOQUIA","05172","CHIGORODO","URBANA","1"
"24/11/2016","54","NORTE DE SANTANDER","54498","OCAÑA","URBANA","1"
"23/11/2016","41","HUILA","41020","ALGECIRAS","URBANA","1"
"23/11/2016","05","ANTIOQUIA","05045","APARTADO","URBANA","1"
"23/11/2016","68","SANTANDER","68001","BUCARAMANGA","URBANA","1"
"23/11/2016","54","NORTE DE SANTANDER","54206","CONVENCION","URBANA","1"
"22/11/2016","54","NORTE DE SANTANDER","54206","CONVENCION","RURAL","1"
"22/11/2016","05","ANTIOQUIA","05250","EL BAGRE","URBANA","1"
"22/11/2016","54","NORTE DE SANTANDER","54245","EL CARMEN","RURAL","1"
"22/11/2016","20","CESAR","20614","RIO DE ORO","URBANA","1"
"21/11/2016","41","HUILA","41001","NEIVA","URBANA","1"
"20/11/2016","54","NORTE DE SANTANDER","54001","CUCUTA","URBANA","1"
"20/11/2016","52","NARIÑO","52435","MALLAMA","RURAL","1"
"20/11/2016","52","NARIÑO","52435","MALLAMA","RURAL","1"
"20/11/2016","50","META","50711","VISTAHERMOSA","URBANA","1"
"19/11/2016","54","NORTE DE SANTANDER","54670","SAN CALIXTO","RURAL","1"
"19/11/2016","85","CASANARE","85001","YOPAL","URBANA","1"
"18/11/2016","20","CESAR","20228","CURUMANI","URBANA","1"
"18/11/2016","23","CORDOBA","23555","PLANETA RICA","URBANA","1"
"18/11/2016","73","TOLIMA","73585","PURIFICACION","URBANA","1"
"18/11/2016","54","NORTE DE SANTANDER","54670","SAN CALIXTO","RURAL","1"
"18/11/2016","50","META","50711","VISTAHERMOSA","RURAL","1"
"18/11/2016","50","META","50711","VISTAHERMOSA","RURAL","1"
"17/11/2016","17","CALDAS","17662","SAMANA","URBANA","1"
"17/11/2016","54","NORTE DE SANTANDER","54670","SAN CALIXTO","RURAL","1"
"16/11/2016","54","NORTE DE SANTANDER","54498","OCAÑA","URBANA","1"
"16/11/2016","54","NORTE DE SANTANDER","54498","OCAÑA","RURAL","1"
"16/11/2016","68","SANTANDER","68081","BARRANCABERMEJA","URBANA","1"
"16/11/2016","11","BOGOTA D.C.","11001","BOGOTA D.C.","URBANA","1"
"16/11/2016","54","NORTE DE SANTANDER","54001","CUCUTA","URBANA","1"
"16/11/2016","76","VALLE DEL CAUCA","76275","FLORIDA","URBANA","1"
"15/11/2016","81","ARAUCA","81065","ARAUQUITA","URBANA","1"
"15/11/2016","76","VALLE DEL CAUCA","76275","FLORIDA","URBANA","1"
"15/11/2016","05","ANTIOQUIA","05490","NECOCLI","URBANA","1"
"12/11/2016","18","CAQUETA","18150","CARTAGENA DEL CHAIRA","URBANA","1"
"12/11/2016","52","NARIÑO","52612","RICAURTE","RURAL","1"
"12/11/2016","54","NORTE DE SANTANDER","54810","TIBU","URBANA","1"
"11/11/2016","52","NARIÑO","52612","RICAURTE","RURAL","1"
"11/11/2016","52","NARIÑO","52612","RICAURTE","URBANA","1"
"11/11/2016","52","NARIÑO","52786","TAMINANGO","RURAL","1"
"08/11/2016","41","HUILA","41306","GIGANTE","URBANA","1"
"08/11/2016","19","CAUCA","19532","PATIA","URBANA","1"
"07/11/2016","54","NORTE DE SANTANDER","54810","TIBU","URBANA","1"
"06/11/2016","52","NARIÑO","52612","RICAURTE","RURAL","1"
"06/11/2016","52","NARIÑO","52678","SAMANIEGO","RURAL","1"
"06/11/2016","13","BOLIVAR","13836","TURBACO","URBANA","1"
"06/11/2016","50","META","50370","URIBE","URBANA","1"
"04/11/2016","54","NORTE DE SANTANDER","54670","SAN CALIXTO","URBANA","1"
"04/11/2016","52","NARIÑO","52838","TUQUERRES","URBANA","1"
"03/11/2016","52","NARIÑO","52317","GUACHUCAL","URBANA","1"
"03/11/2016","66","RISARALDA","66001","PEREIRA","URBANA","1"
"02/11/2016","81","ARAUCA","81001","ARAUCA","URBANA","1"
"02/11/2016","76","VALLE DEL CAUCA","76275","FLORIDA","URBANA","1"
"02/11/2016","50","META","50330","MESETAS","URBANA","1"
"31/10/2016","05","ANTIOQUIA","05045","APARTADO","URBANA","1"
"29/10/2016","63","QUINDIO","63001","ARMENIA","URBANA","1"
"26/10/2016","05","ANTIOQUIA","05001","MEDELLIN","URBANA","1"
"26/10/2016","05","ANTIOQUIA","05480","MUTATA","URBANA","1"
"26/10/2016","95","GUAVIARE","95001","SAN JOSE DEL GUAVIARE","URBANA","1"
"25/10/2016","05","ANTIOQUIA","05045","APARTADO","URBANA","1"
"25/10/2016","95","GUAVIARE","95015","CALAMAR","URBANA","1"
"25/10/2016","18","CAQUETA","18753","SAN VICENTE DEL CAGUAN","URBANA","1"
"24/10/2016","95","GUAVIARE","95200","MIRAFLORES","URBANA","1"
"23/10/2016","41","HUILA","41020","ALGECIRAS","URBANA","1"
"23/10/2016","81","ARAUCA","81065","ARAUQUITA","URBANA","1"
"21/10/2016","05","ANTIOQUIA","05001","MEDELLIN","URBANA","1"
"20/10/2016","76","VALLE DEL CAUCA","76001","CALI","URBANA","1"
"20/10/2016","76","VALLE DEL CAUCA","76126","CALIMA","URBANA","1"
"20/10/2016","81","ARAUCA","81300","FORTUL","URBANA","1"
"20/10/2016","81","ARAUCA","81300","FORTUL","RURAL","1"
"20/10/2016","23","CORDOBA","23660","SAHAGUN","URBANA","1"
"19/10/2016","11","BOGOTA D.C.","11001","BOGOTA D.C.","URBANA","1"
"18/10/2016","54","NORTE DE SANTANDER","54206","CONVENCION","URBANA","1"
"18/10/2016","25","CUNDINAMARCA","25473","MOSQUERA","URBANA","1"
"17/10/2016","05","ANTIOQUIA","05250","EL BAGRE","URBANA","1"
"17/10/2016","52","NARIÑO","52678","SAMANIEGO","RURAL","1"
"12/10/2016","19","CAUCA","19100","BOLIVAR","RURAL","1"
"12/10/2016","05","ANTIOQUIA","05001","MEDELLIN","URBANA","1"
"11/10/2016","11","BOGOTA D.C.","11001","BOGOTA D.C.","URBANA","1"
"09/10/2016","11","BOGOTA D.C.","11001","BOGOTA D.C.","URBANA","1"
"09/10/2016","18","CAQUETA","18753","SAN VICENTE DEL CAGUAN","URBANA","1"
"07/10/2016","11","BOGOTA D.C.","11001","BOGOTA D.C.","URBANA","1"
"06/10/2016","81","ARAUCA","81736","SARAVENA","URBANA","1"
"05/10/2016","11","BOGOTA D.C.","11001","BOGOTA D.C.","URBANA","1"
"04/10/2016","05","ANTIOQUIA","05045","APARTADO","URBANA","1"
"04/10/2016","81","ARAUCA","81065","ARAUQUITA","RURAL","1"
"04/10/2016","50","META","50001","VILLAVICENCIO","URBANA","1"
"03/10/2016","05","ANTIOQUIA","05001","MEDELLIN","URBANA","1"
"03/10/2016","18","CAQUETA","18592","PUERTO RICO","URBANA","1"
"03/10/2016","81","ARAUCA","81736","SARAVENA","URBANA","1"
"03/10/2016","76","VALLE DEL CAUCA","76736","SEVILLA","URBANA","1"
"02/10/2016","95","GUAVIARE","95200","MIRAFLORES","URBANA","1"
"24/09/2016","27","CHOCO","27001","QUIBDO","URBANA","1"
"24/09/2016","47","MAGDALENA","47001","SANTA MARTA","URBANA","1"
"23/09/2016","41","HUILA","41020","ALGECIRAS","URBANA","1"
"23/09/2016","11","BOGOTA D.C.","11001","BOGOTA D.C.","URBANA","1"
"23/09/2016","76","VALLE DEL CAUCA","76520","PALMIRA","RURAL","1"
"21/09/2016","41","HUILA","41020","ALGECIRAS","URBANA","1"
"20/09/2016","41","HUILA","41132","CAMPOALEGRE","URBANA","1"
"20/09/2016","52","NARIÑO","52001","PASTO","URBANA","1"
"20/09/2016","05","ANTIOQUIA","05579","PUERTO BERRIO","URBANA","1"
"20/09/2016","52","NARIÑO","52621","ROBERTO PAYAN","RURAL","1"
"19/09/2016","05","ANTIOQUIA","05736","SEGOVIA","URBANA","1"
"18/09/2016","47","MAGDALENA","47001","SANTA MARTA","URBANA","1"
"18/09/2016","76","VALLE DEL CAUCA","76834","TULUA","URBANA","1"
"17/09/2016","81","ARAUCA","81001","ARAUCA","URBANA","1"
"15/09/2016","05","ANTIOQUIA","05045","APARTADO","URBANA","1"
"15/09/2016","81","ARAUCA","81736","SARAVENA","URBANA","1"
"15/09/2016","85","CASANARE","85001","YOPAL","RURAL","1"
"14/09/2016","81","ARAUCA","81001","ARAUCA","URBANA","1"
"14/09/2016","81","ARAUCA","81001","ARAUCA","URBANA","1"
"14/09/2016","81","ARAUCA","81001","ARAUCA","RURAL","1"
"14/09/2016","81","ARAUCA","81300","FORTUL","URBANA","1"
"14/09/2016","41","HUILA","41668","SAN AGUSTIN","URBANA","1"
"13/09/2016","81","ARAUCA","81001","ARAUCA","RURAL","1"
"13/09/2016","81","ARAUCA","81001","ARAUCA","RURAL","1"
"13/09/2016","68","SANTANDER","68207","CONCEPCION","RURAL","1"
"13/09/2016","81","ARAUCA","81300","FORTUL","URBANA","1"
"13/09/2016","54","NORTE DE SANTANDER","54405","LOS PATIOS","URBANA","1"
"13/09/2016","52","NARIÑO","52696","SANTA BARBARA","URBANA","1"
"13/09/2016","52","NARIÑO","52696","SANTA BARBARA","URBANA","1"
"13/09/2016","81","ARAUCA","81736","SARAVENA","URBANA","1"
"13/09/2016","54","NORTE DE SANTANDER","54810","TIBU","RURAL","1"
"12/09/2016","81","ARAUCA","81001","ARAUCA","URBANA","1"
"12/09/2016","81","ARAUCA","81001","ARAUCA","URBANA","1"
"12/09/2016","81","ARAUCA","81065","ARAUQUITA","URBANA","1"
"12/09/2016","81","ARAUCA","81065","ARAUQUITA","URBANA","1"
"12/09/2016","81","ARAUCA","81065","ARAUQUITA","URBANA","1"
"12/09/2016","81","ARAUCA","81065","ARAUQUITA","URBANA","1"
"12/09/2016","81","ARAUCA","81065","ARAUQUITA","URBANA","1"
"12/09/2016","81","ARAUCA","81065","ARAUQUITA","URBANA","1"
"12/09/2016","81","ARAUCA","81065","ARAUQUITA","URBANA","1"
"12/09/2016","81","ARAUCA","81065","ARAUQUITA","URBANA","1"
"12/09/2016","81","ARAUCA","81065","ARAUQUITA","RURAL","1"
"12/09/2016","18","CAQUETA","18256","EL PAUJIL","URBANA","1"
"12/09/2016","85","CASANARE","85125","HATO COROZAL","RURAL","1"
"12/09/2016","85","CASANARE","85125","HATO COROZAL","URBANA","1"
"12/09/2016","15","BOYACA","15518","PAJARITO","RURAL","1"
"12/09/2016","81","ARAUCA","81736","SARAVENA","URBANA","1"
"12/09/2016","81","ARAUCA","81736","SARAVENA","URBANA","1"
"12/09/2016","81","ARAUCA","81736","SARAVENA","URBANA","1"
"12/09/2016","54","NORTE DE SANTANDER","54820","TOLEDO","RURAL","1"
"11/09/2016","81","ARAUCA","81001","ARAUCA","URBANA","1"
"11/09/2016","81","ARAUCA","81065","ARAUQUITA","URBANA","1"
"11/09/2016","81","ARAUCA","81065","ARAUQUITA","URBANA","1"
"11/09/2016","81","ARAUCA","81065","ARAUQUITA","URBANA","1"
"11/09/2016","81","ARAUCA","81300","FORTUL","URBANA","1"
"11/09/2016","81","ARAUCA","81736","SARAVENA","URBANA","1"
"10/09/2016","81","ARAUCA","81065","ARAUQUITA","URBANA","1"
"10/09/2016","52","NARIÑO","52001","PASTO","URBANA","1"
"09/09/2016","81","ARAUCA","81736","SARAVENA","URBANA","1"
"08/09/2016","54","NORTE DE SANTANDER","54174","CHITAGA","URBANA","1"
"05/09/2016","05","ANTIOQUIA","05045","APARTADO","URBANA","1"
"04/09/2016","86","PUTUMAYO","86001","MOCOA","RURAL","1"
"03/09/2016","11","BOGOTA D.C.","11001","BOGOTA D.C.","URBANA","1"
"03/09/2016","70","SUCRE","70418","LOS PALMITOS","URBANA","1"
"03/09/2016","20","CESAR","20001","VALLEDUPAR","URBANA","1"
"02/09/2016","18","CAQUETA","18256","EL PAUJIL","URBANA","1"
"02/09/2016","81","ARAUCA","81736","SARAVENA","RURAL","1"
"01/09/2016","66","RISARALDA","66682","SANTA ROSA DE CABAL","URBANA","1"
"01/09/2016","50","META","50370","URIBE","URBANA","1"
"31/08/2016","81","ARAUCA","81001","ARAUCA","URBANA","1"
"31/08/2016","11","BOGOTA D.C.","11001","BOGOTA D.C.","URBANA","1"
"31/08/2016","95","GUAVIARE","95025","EL RETORNO","URBANA","1"
"30/08/2016","81","ARAUCA","81065","ARAUQUITA","URBANA","1"
"29/08/2016","27","CHOCO","27001","QUIBDO","URBANA","1"
"28/08/2016","54","NORTE DE SANTANDER","54344","HACARI","URBANA","1"
"27/08/2016","86","PUTUMAYO","86001","MOCOA","URBANA","1"
"27/08/2016","86","PUTUMAYO","86001","MOCOA","URBANA","1"
"25/08/2016","41","HUILA","41359","ISNOS","URBANA","1"
"24/08/2016","18","CAQUETA","18860","VALPARAISO","URBANA","1"
"24/08/2016","54","NORTE DE SANTANDER","54250","EL TARRA","URBANA","1"
"24/08/2016","54","NORTE DE SANTANDER","54670","SAN CALIXTO","URBANA","1"
"24/08/2016","50","META","50683","SAN JUAN DE ARAMA","URBANA","1"
"23/08/2016","11","BOGOTA D.C.","11001","BOGOTA D.C.","URBANA","1"
"23/08/2016","11","BOGOTA D.C.","11001","BOGOTA D.C.","URBANA","1"
"23/08/2016","11","BOGOTA D.C.","11001","BOGOTA D.C.","URBANA","1"
"23/08/2016","73","TOLIMA","73168","CHAPARRAL","URBANA","1"
"23/08/2016","54","NORTE DE SANTANDER","54498","OCAÑA","URBANA","1"
"23/08/2016","50","META","50683","SAN JUAN DE ARAMA","URBANA","1"
"19/08/2016","81","ARAUCA","81736","SARAVENA","URBANA","1"
"18/08/2016","81","ARAUCA","81736","SARAVENA","URBANA","1"
"16/08/2016","18","CAQUETA","18753","SAN VICENTE DEL CAGUAN","URBANA","1"
"15/08/2016","18","CAQUETA","18150","CARTAGENA DEL CHAIRA","URBANA","1"
"15/08/2016","23","CORDOBA","23807","TIERRALTA","URBANA","1"
"13/08/2016","95","GUAVIARE","95001","SAN JOSE DEL GUAVIARE","URBANA","1"
"10/08/2016","95","GUAVIARE","95025","EL RETORNO","URBANA","1"
"10/08/2016","95","GUAVIARE","95025","EL RETORNO","URBANA","1"
"10/08/2016","13","BOLIVAR","13744","SIMITI","URBANA","1"
"09/08/2016","11","BOGOTA D.C.","11001","BOGOTA D.C.","URBANA","1"
"09/08/2016","18","CAQUETA","18592","PUERTO RICO","URBANA","1"
"07/08/2016","76","VALLE DEL CAUCA","76001","CALI","URBANA","1"
"06/08/2016","54","NORTE DE SANTANDER","54250","EL TARRA","URBANA","1"
"06/08/2016","52","NARIÑO","52612","RICAURTE","RURAL","1"
"06/08/2016","52","NARIÑO","52612","RICAURTE","RURAL","1"
"04/08/2016","25","CUNDINAMARCA","25326","GUATAVITA","URBANA","1"
"04/08/2016","05","ANTIOQUIA","05001","MEDELLIN","URBANA","1"
"03/08/2016","85","CASANARE","85001","YOPAL","URBANA","1"
"02/08/2016","50","META","50313","GRANADA","URBANA","1"
"02/08/2016","18","CAQUETA","18410","LA MONTAÑITA","URBANA","1"
"02/08/2016","52","NARIÑO","52612","RICAURTE","URBANA","1"
"02/08/2016","19","CAUCA","19780","SUAREZ","RURAL","1"
"01/08/2016","50","META","50313","GRANADA","URBANA","1"
"01/08/2016","50","META","50370","URIBE","URBANA","1"
"29/07/2016","50","META","50330","MESETAS","URBANA","1"
"28/07/2016","95","GUAVIARE","95001","SAN JOSE DEL GUAVIARE","URBANA","1"
"27/07/2016","20","CESAR","20517","PAILITAS","URBANA","1"
"26/07/2016","54","NORTE DE SANTANDER","54498","OCAÑA","URBANA","1"
"25/07/2016","95","GUAVIARE","95001","SAN JOSE DEL GUAVIARE","URBANA","1"
"24/07/2016","11","BOGOTA D.C.","11001","BOGOTA D.C.","URBANA","1"
"24/07/2016","52","NARIÑO","52835","SAN ANDRES DE TUMACO","URBANA","1"
"24/07/2016","18","CAQUETA","18610","SAN JOSE DEL FRAGUA","URBANA","1"
"24/07/2016","47","MAGDALENA","47001","SANTA MARTA","URBANA","1"
"24/07/2016","54","NORTE DE SANTANDER","54800","TEORAMA","URBANA","1"
"23/07/2016","50","META","50330","MESETAS","URBANA","1"
"23/07/2016","18","CAQUETA","18753","SAN VICENTE DEL CAGUAN","URBANA","1"
"23/07/2016","50","META","50370","URIBE","URBANA","1"
"23/07/2016","05","ANTIOQUIA","05854","VALDIVIA","URBANA","1"
"22/07/2016","11","BOGOTA D.C.","11001","BOGOTA D.C.","URBANA","1"
"22/07/2016","54","NORTE DE SANTANDER","54670","SAN CALIXTO","URBANA","1"
"22/07/2016","05","ANTIOQUIA","05854","VALDIVIA","URBANA","1"
"21/07/2016","11","BOGOTA D.C.","11001","BOGOTA D.C.","URBANA","1"
"21/07/2016","27","CHOCO","27787","TADO","URBANA","1"
"21/07/2016","05","ANTIOQUIA","05790","TARAZA","RURAL","1"
"20/07/2016","20","CESAR","20011","AGUACHICA","URBANA","1"
"20/07/2016","68","SANTANDER","68081","BARRANCABERMEJA","URBANA","1"
"20/07/2016","50","META","50590","PUERTO RICO","URBANA","1"
"19/07/2016","05","ANTIOQUIA","05129","CALDAS","URBANA","1"
"18/07/2016","20","CESAR","20011","AGUACHICA","URBANA","1"
"18/07/2016","54","NORTE DE SANTANDER","54001","CUCUTA","URBANA","1"
"18/07/2016","05","ANTIOQUIA","05308","GIRARDOTA","URBANA","1"
"17/07/2016","19","CAUCA","19573","PUERTO TEJADA","URBANA","1"
"17/07/2016","54","NORTE DE SANTANDER","54670","SAN CALIXTO","URBANA","1"
"17/07/2016","47","MAGDALENA","47001","SANTA MARTA","URBANA","1"
"17/07/2016","05","ANTIOQUIA","05854","VALDIVIA","URBANA","1"
"16/07/2016","54","NORTE DE SANTANDER","54344","HACARI","URBANA","1"
"16/07/2016","18","CAQUETA","18410","LA MONTAÑITA","URBANA","1"
"16/07/2016","52","NARIÑO","52435","MALLAMA","URBANA","1"
"15/07/2016","54","NORTE DE SANTANDER","54498","OCAÑA","URBANA","1"
"15/07/2016","20","CESAR","20550","PELAYA","URBANA","1"
"15/07/2016","18","CAQUETA","18753","SAN VICENTE DEL CAGUAN","URBANA","1"
"14/07/2016","50","META","50711","VISTAHERMOSA","URBANA","1"
"14/07/2016","50","META","50330","MESETAS","URBANA","1"
"14/07/2016","05","ANTIOQUIA","05660","SAN LUIS","RURAL","1"
"14/07/2016","05","ANTIOQUIA","05847","URRAO","RURAL","1"
"14/07/2016","50","META","50711","VISTAHERMOSA","URBANA","1"
"13/07/2016","05","ANTIOQUIA","05212","COPACABANA","URBANA","1"
"13/07/2016","52","NARIÑO","52490","OLAYA HERRERA","URBANA","1"
"13/07/2016","70","SUCRE","70001","SINCELEJO","URBANA","1"
"13/07/2016","05","ANTIOQUIA","05790","TARAZA","RURAL","1"
"13/07/2016","05","ANTIOQUIA","05790","TARAZA","URBANA","1"
"11/07/2016","05","ANTIOQUIA","05212","COPACABANA","URBANA","1"
"11/07/2016","05","ANTIOQUIA","05212","COPACABANA","URBANA","1"
"11/07/2016","19","CAUCA","19212","CORINTO","RURAL","1"
"11/07/2016","81","ARAUCA","81300","FORTUL","URBANA","1"
"11/07/2016","81","ARAUCA","81300","FORTUL","URBANA","1"
"11/07/2016","81","ARAUCA","81736","SARAVENA","URBANA","1"
"11/07/2016","81","ARAUCA","81794","TAME","URBANA","1"
"11/07/2016","50","META","50711","VISTAHERMOSA","URBANA","1"
"10/07/2016","54","NORTE DE SANTANDER","54001","CUCUTA","URBANA","1"
"10/07/2016","18","CAQUETA","18753","SAN VICENTE DEL CAGUAN","URBANA","1"
"10/07/2016","20","CESAR","20001","VALLEDUPAR","URBANA","1"
"09/07/2016","20","CESAR","20228","CURUMANI","URBANA","1"
"09/07/2016","54","NORTE DE SANTANDER","54820","TOLEDO","RURAL","1"
"09/07/2016","20","CESAR","20001","VALLEDUPAR","URBANA","1"
"09/07/2016","20","CESAR","20001","VALLEDUPAR","URBANA","1"
"08/07/2016","76","VALLE DEL CAUCA","76111","GUADALAJARA DE BUGA","URBANA","1"
"08/07/2016","95","GUAVIARE","95200","MIRAFLORES","URBANA","1"
"07/07/2016","54","NORTE DE SANTANDER","54001","CUCUTA","URBANA","1"
"07/07/2016","54","NORTE DE SANTANDER","54498","OCAÑA","URBANA","1"
"07/07/2016","52","NARIÑO","52001","PASTO","URBANA","1"
"06/07/2016","13","BOLIVAR","13670","SAN PABLO","URBANA","1"
"06/07/2016","81","ARAUCA","81736","SARAVENA","URBANA","1"
"06/07/2016","81","ARAUCA","81065","ARAUQUITA","RURAL","1"
"06/07/2016","68","SANTANDER","68081","BARRANCABERMEJA","URBANA","1"
"06/07/2016","05","ANTIOQUIA","05212","COPACABANA","URBANA","1"
"05/07/2016","05","ANTIOQUIA","05212","COPACABANA","URBANA","1"
"05/07/2016","18","CAQUETA","18410","LA MONTAÑITA","URBANA","1"
"04/07/2016","05","ANTIOQUIA","05040","ANORI","RURAL","1"
"04/07/2016","15","BOYACA","15223","CUBARA","URBANA","1"
"04/07/2016","15","BOYACA","15223","CUBARA","RURAL","1"
"04/07/2016","86","PUTUMAYO","86568","PUERTO ASIS","URBANA","1"
"03/07/2016","05","ANTIOQUIA","05079","BARBOSA","URBANA","1"
"02/07/2016","05","ANTIOQUIA","05360","ITAGUI","URBANA","1"
"02/07/2016","95","GUAVIARE","95200","MIRAFLORES","URBANA","1"
"02/07/2016","41","HUILA","41001","NEIVA","URBANA","1"
"02/07/2016","18","CAQUETA","18753","SAN VICENTE DEL CAGUAN","URBANA","1"
"01/07/2016","81","ARAUCA","81065","ARAUQUITA","RURAL","1"
"01/07/2016","11","BOGOTA D.C.","11001","BOGOTA D.C.","URBANA","1"
"30/06/2016","18","CAQUETA","18753","SAN VICENTE DEL CAGUAN","RURAL","1"
"29/06/2016","81","ARAUCA","81736","SARAVENA","URBANA","1"
"29/06/2016","05","ANTIOQUIA","05212","COPACABANA","URBANA","1"
"29/06/2016","50","META","50330","MESETAS","URBANA","1"
"28/06/2016","11","BOGOTA D.C.","11001","BOGOTA D.C.","URBANA","1"
"28/06/2016","18","CAQUETA","18150","CARTAGENA DEL CHAIRA","URBANA","1"
"28/06/2016","18","CAQUETA","18756","SOLANO","URBANA","1"
"27/06/2016","81","ARAUCA","81001","ARAUCA","URBANA","1"
"26/06/2016","50","META","50001","VILLAVICENCIO","URBANA","1"
"25/06/2016","19","CAUCA","19137","CALDONO","RURAL","1"
"25/06/2016","81","ARAUCA","81300","FORTUL","URBANA","1"
"24/06/2016","05","ANTIOQUIA","05212","COPACABANA","URBANA","1"
"24/06/2016","19","CAUCA","19212","CORINTO","RURAL","1"
"24/06/2016","18","CAQUETA","18001","FLORENCIA","URBANA","1"
"24/06/2016","81","ARAUCA","81300","FORTUL","URBANA","1"
"24/06/2016","50","META","50370","URIBE","URBANA","1"
"21/06/2016","05","ANTIOQUIA","05212","COPACABANA","URBANA","1"
"21/06/2016","27","CHOCO","27413","LLORO","URBANA","1"
"20/06/2016","44","LA GUAJIRA","44001","RIOHACHA","URBANA","1"
"19/06/2016","50","META","50330","MESETAS","URBANA","1"
"18/06/2016","50","META","50590","PUERTO RICO","URBANA","1"
"17/06/2016","05","ANTIOQUIA","05079","BARBOSA","URBANA","1"
"17/06/2016","50","META","50590","PUERTO RICO","URBANA","1"
"17/06/2016","18","CAQUETA","18753","SAN VICENTE DEL CAGUAN","URBANA","1"
"16/06/2016","05","ANTIOQUIA","05212","COPACABANA","URBANA","1"
"16/06/2016","05","ANTIOQUIA","05212","COPACABANA","URBANA","1"
"15/06/2016","54","NORTE DE SANTANDER","54874","VILLA DEL ROSARIO","URBANA","1"
"14/06/2016","86","PUTUMAYO","86568","PUERTO ASIS","URBANA","1"
"14/06/2016","50","META","50590","PUERTO RICO","URBANA","1"
"13/06/2016","76","VALLE DEL CAUCA","76001","CALI","URBANA","1"
"13/06/2016","76","VALLE DEL CAUCA","76001","CALI","URBANA","1"
"13/06/2016","41","HUILA","41306","GIGANTE","URBANA","1"
"11/06/2016","50","META","50001","VILLAVICENCIO","URBANA","1"
"10/06/2016","11","BOGOTA D.C.","11001","BOGOTA D.C.","URBANA","1"
"10/06/2016","50","META","50590","PUERTO RICO","URBANA","1"
"08/06/2016","76","VALLE DEL CAUCA","76001","CALI","URBANA","1"
"08/06/2016","44","LA GUAJIRA","44430","MAICAO","URBANA","1"
"07/06/2016","47","MAGDALENA","47001","SANTA MARTA","URBANA","1"
"07/06/2016","50","META","50711","VISTAHERMOSA","URBANA","1"
"06/06/2016","50","META","50590","PUERTO RICO","URBANA","1"
"05/06/2016","05","ANTIOQUIA","05250","EL BAGRE","URBANA","1"
"05/06/2016","50","META","50590","PUERTO RICO","URBANA","1"
"05/06/2016","50","META","50683","SAN JUAN DE ARAMA","URBANA","1"
"04/06/2016","52","NARIÑO","52427","MAGÜI","URBANA","1"
"04/06/2016","25","CUNDINAMARCA","25754","SOACHA","URBANA","1"
"03/06/2016","27","CHOCO","27001","QUIBDO","URBANA","1"
"03/06/2016","54","NORTE DE SANTANDER","54743","SILOS","RURAL","1"
"03/06/2016","50","META","50370","URIBE","URBANA","1"
"03/06/2016","11","BOGOTA D.C.","11001","BOGOTA D.C.","URBANA","1"
"02/06/2016","76","VALLE DEL CAUCA","76001","CALI","URBANA","1"
"01/06/2016","11","BOGOTA D.C.","11001","BOGOTA D.C.","URBANA","1"
"01/06/2016","18","CAQUETA","18001","FLORENCIA","URBANA","1"
"31/05/2016","68","SANTANDER","68081","BARRANCABERMEJA","URBANA","1"
"31/05/2016","11","BOGOTA D.C.","11001","BOGOTA D.C.","URBANA","1"
"31/05/2016","11","BOGOTA D.C.","11001","BOGOTA D.C.","URBANA","1"
"31/05/2016","41","HUILA","41001","NEIVA","URBANA","1"
"31/05/2016","18","CAQUETA","18753","SAN VICENTE DEL CAGUAN","RURAL","1"
"31/05/2016","27","CHOCO","27800","UNGUIA","RURAL","1"
"30/05/2016","44","LA GUAJIRA","44078","BARRANCAS","URBANA","1"
"29/05/2016","05","ANTIOQUIA","05697","EL SANTUARIO","URBANA","1"
"29/05/2016","86","PUTUMAYO","86568","PUERTO ASIS","URBANA","1"
"29/05/2016","86","PUTUMAYO","86568","PUERTO ASIS","URBANA","1"
"28/05/2016","19","CAUCA","19698","SANTANDER DE QUILICHAO","URBANA","1"
"28/05/2016","86","PUTUMAYO","86569","PUERTO CAICEDO","URBANA","1"
"27/05/2016","54","NORTE DE SANTANDER","54810","TIBU","URBANA","1"
"25/05/2016","68","SANTANDER","68081","BARRANCABERMEJA","URBANA","1"
"25/05/2016","11","BOGOTA D.C.","11001","BOGOTA D.C.","URBANA","1"
"25/05/2016","50","META","50711","VISTAHERMOSA","URBANA","1"
"24/05/2016","81","ARAUCA","81001","ARAUCA","URBANA","1"
"24/05/2016","76","VALLE DEL CAUCA","76892","YUMBO","URBANA","1"
"23/05/2016","41","HUILA","41020","ALGECIRAS","RURAL","1"
"23/05/2016","76","VALLE DEL CAUCA","76111","GUADALAJARA DE BUGA","URBANA","1"
"23/05/2016","41","HUILA","41001","NEIVA","URBANA","1"
"21/05/2016","85","CASANARE","85001","YOPAL","URBANA","1"
"20/05/2016","20","CESAR","20001","VALLEDUPAR","URBANA","1"
"20/05/2016","76","VALLE DEL CAUCA","76890","YOTOCO","URBANA","1"
"19/05/2016","41","HUILA","41206","COLOMBIA","RURAL","1"
"19/05/2016","50","META","50330","MESETAS","URBANA","1"
"18/05/2016","19","CAUCA","19698","SANTANDER DE QUILICHAO","URBANA","1"
"17/05/2016","81","ARAUCA","81736","SARAVENA","URBANA","1"
"17/05/2016","81","ARAUCA","81736","SARAVENA","RURAL","1"
"16/05/2016","23","CORDOBA","23807","TIERRALTA","URBANA","1"
"14/05/2016","27","CHOCO","27205","CONDOTO","URBANA","1"
"14/05/2016","73","TOLIMA","73585","PURIFICACION","URBANA","1"
"14/05/2016","05","ANTIOQUIA","05736","SEGOVIA","URBANA","1"
"14/05/2016","05","ANTIOQUIA","05736","SEGOVIA","URBANA","1"
"11/05/2016","50","META","50330","MESETAS","URBANA","1"
"10/05/2016","18","CAQUETA","18001","FLORENCIA","URBANA","1"
"07/05/2016","41","HUILA","41206","COLOMBIA","RURAL","1"
"07/05/2016","05","ANTIOQUIA","05001","MEDELLIN","URBANA","1"
"06/05/2016","50","META","50711","VISTAHERMOSA","URBANA","1"
"05/05/2016","18","CAQUETA","18410","LA MONTAÑITA","URBANA","1"
"05/05/2016","05","ANTIOQUIA","05001","MEDELLIN","URBANA","1"
"04/05/2016","13","BOLIVAR","13458","MONTECRISTO","URBANA","1"
"03/05/2016","18","CAQUETA","18410","LA MONTAÑITA","URBANA","1"
"03/05/2016","41","HUILA","41001","NEIVA","URBANA","1"
"02/05/2016","41","HUILA","41078","BARAYA","URBANA","1"
"01/05/2016","50","META","50370","URIBE","URBANA","1"
"01/05/2016","20","CESAR","20001","VALLEDUPAR","URBANA","1"
"29/04/2016","54","NORTE DE SANTANDER","54001","CUCUTA","URBANA","1"
"29/04/2016","52","NARIÑO","52699","SANTACRUZ","URBANA","1"
"29/04/2016","50","META","50711","VISTAHERMOSA","URBANA","1"
"28/04/2016","68","SANTANDER","68081","BARRANCABERMEJA","URBANA","1"
"28/04/2016","54","NORTE DE SANTANDER","54250","EL TARRA","URBANA","1"
"28/04/2016","05","ANTIOQUIA","05001","MEDELLIN","URBANA","1"
"28/04/2016","27","CHOCO","27001","QUIBDO","URBANA","1"
"28/04/2016","81","ARAUCA","81736","SARAVENA","URBANA","1"
"28/04/2016","81","ARAUCA","81736","SARAVENA","RURAL","1"
"27/04/2016","54","NORTE DE SANTANDER","54810","TIBU","URBANA","1"
"26/04/2016","27","CHOCO","27050","ATRATO","URBANA","1"
"26/04/2016","95","GUAVIARE","95015","CALAMAR","URBANA","1"
"25/04/2016","54","NORTE DE SANTANDER","54250","EL TARRA","URBANA","1"
"24/04/2016","25","CUNDINAMARCA","25001","AGUA DE DIOS","URBANA","1"
"24/04/2016","41","HUILA","41078","BARAYA","URBANA","1"
"23/04/2016","54","NORTE DE SANTANDER","54250","EL TARRA","URBANA","1"
"22/04/2016","54","NORTE DE SANTANDER","54001","CUCUTA","URBANA","1"
"21/04/2016","05","ANTIOQUIA","05284","FRONTINO","URBANA","1"
"21/04/2016","05","ANTIOQUIA","05490","NECOCLI","URBANA","1"
"20/04/2016","11","BOGOTA D.C.","11001","BOGOTA D.C.","URBANA","1"
"20/04/2016","11","BOGOTA D.C.","11001","BOGOTA D.C.","URBANA","1"
"19/04/2016","54","NORTE DE SANTANDER","54498","OCAÑA","URBANA","1"
"19/04/2016","54","NORTE DE SANTANDER","54498","OCAÑA","URBANA","1"
"19/04/2016","05","ANTIOQUIA","05790","TARAZA","URBANA","1"
"18/04/2016","05","ANTIOQUIA","05854","VALDIVIA","URBANA","1"
"18/04/2016","52","NARIÑO","52835","SAN ANDRES DE TUMACO","URBANA","1"
"18/04/2016","05","ANTIOQUIA","05854","VALDIVIA","RURAL","1"
"17/04/2016","41","HUILA","41396","LA PLATA","URBANA","1"
"17/04/2016","50","META","50590","PUERTO RICO","URBANA","1"
"16/04/2016","54","NORTE DE SANTANDER","54250","EL TARRA","URBANA","1"
"16/04/2016","54","NORTE DE SANTANDER","54810","TIBU","RURAL","1"
"15/04/2016","20","CESAR","20517","PAILITAS","URBANA","1"
"13/04/2016","11","BOGOTA D.C.","11001","BOGOTA D.C.","URBANA","1"
"13/04/2016","85","CASANARE","85250","PAZ DE ARIPORO","RURAL","1"
"12/04/2016","27","CHOCO","27073","BAGADO","URBANA","1"
"12/04/2016","52","NARIÑO","52835","SAN ANDRES DE TUMACO","RURAL","1"
"11/04/2016","81","ARAUCA","81001","ARAUCA","URBANA","1"
"11/04/2016","05","ANTIOQUIA","05250","EL BAGRE","URBANA","1"
"11/04/2016","05","ANTIOQUIA","05579","PUERTO BERRIO","URBANA","1"
"11/04/2016","50","META","50001","VILLAVICENCIO","URBANA","1"
"10/04/2016","05","ANTIOQUIA","05101","CIUDAD BOLIVAR","URBANA","1"
"10/04/2016","27","CHOCO","27001","QUIBDO","URBANA","1"
"09/04/2016","05","ANTIOQUIA","05306","GIRALDO","URBANA","1"
"09/04/2016","05","ANTIOQUIA","05306","GIRALDO","URBANA","1"
"09/04/2016","05","ANTIOQUIA","05306","GIRALDO","URBANA","1"
"09/04/2016","05","ANTIOQUIA","05306","GIRALDO","RURAL","1"
"09/04/2016","18","CAQUETA","18753","SAN VICENTE DEL CAGUAN","URBANA","1"
"09/04/2016","05","ANTIOQUIA","05042","SANTA FE DE ANTIOQUIA","URBANA","1"
"08/04/2016","41","HUILA","41006","ACEVEDO","URBANA","1"
"08/04/2016","18","CAQUETA","18753","SAN VICENTE DEL CAGUAN","RURAL","1"
"08/04/2016","76","VALLE DEL CAUCA","76834","TULUA","RURAL","1"
"07/04/2016","05","ANTIOQUIA","05148","EL CARMEN DE VIBORAL","URBANA","1"
"07/04/2016","50","META","50577","PUERTO LLERAS","RURAL","1"
"06/04/2016","27","CHOCO","27787","TADO","URBANA","1"
"06/04/2016","27","CHOCO","27001","QUIBDO","URBANA","1"
"06/04/2016","27","CHOCO","27787","TADO","RURAL","1"
"05/04/2016","41","HUILA","41078","BARAYA","URBANA","1"
"05/04/2016","19","CAUCA","19110","BUENOS AIRES","RURAL","1"
"05/04/2016","18","CAQUETA","18592","PUERTO RICO","URBANA","1"
"05/04/2016","05","ANTIOQUIA","05615","RIONEGRO","RURAL","1"
"05/04/2016","05","ANTIOQUIA","05615","RIONEGRO","URBANA","1"
"05/04/2016","18","CAQUETA","18753","SAN VICENTE DEL CAGUAN","URBANA","1"
"03/04/2016","68","SANTANDER","68081","BARRANCABERMEJA","URBANA","1"
"03/04/2016","44","LA GUAJIRA","44001","RIOHACHA","URBANA","1"
"02/04/2016","52","NARIÑO","52079","BARBACOAS","URBANA","1"
"02/04/2016","47","MAGDALENA","47001","SANTA MARTA","URBANA","1"
"01/04/2016","41","HUILA","41078","BARAYA","URBANA","1"
"01/04/2016","52","NARIÑO","52079","BARBACOAS","URBANA","1"
"01/04/2016","05","ANTIOQUIA","05093","BETULIA","URBANA","1"
"01/04/2016","05","ANTIOQUIA","05093","BETULIA","RURAL","1"
"01/04/2016","05","ANTIOQUIA","05120","CACERES","URBANA","1"
"01/04/2016","05","ANTIOQUIA","05172","CHIGORODO","URBANA","1"
"01/04/2016","05","ANTIOQUIA","05101","CIUDAD BOLIVAR","URBANA","1"
"01/04/2016","05","ANTIOQUIA","05101","CIUDAD BOLIVAR","RURAL","1"
"01/04/2016","05","ANTIOQUIA","05264","ENTRERRIOS","RURAL","1"
"01/04/2016","41","HUILA","41298","GARZON","URBANA","1"
"01/04/2016","05","ANTIOQUIA","05490","NECOCLI","RURAL","1"
"01/04/2016","23","CORDOBA","23580","PUERTO LIBERTADOR","RURAL","1"
"01/04/2016","44","LA GUAJIRA","44001","RIOHACHA","RURAL","1"
"01/04/2016","18","CAQUETA","18753","SAN VICENTE DEL CAGUAN","URBANA","1"
"01/04/2016","05","ANTIOQUIA","05686","SANTA ROSA DE OSOS","RURAL","1"
"01/04/2016","05","ANTIOQUIA","05837","TURBO","URBANA","1"
"01/04/2016","50","META","50370","URIBE","URBANA","1"
"01/04/2016","50","META","50370","URIBE","URBANA","1"
"01/04/2016","05","ANTIOQUIA","05854","VALDIVIA","RURAL","1"
"31/03/2016","05","ANTIOQUIA","05088","BELLO","URBANA","1"
"31/03/2016","05","ANTIOQUIA","05113","BURITICA","RURAL","1"
"31/03/2016","05","ANTIOQUIA","05113","BURITICA","URBANA","1"
"31/03/2016","05","ANTIOQUIA","05120","CACERES","RURAL","1"
"31/03/2016","05","ANTIOQUIA","05154","CAUCASIA","URBANA","1"
"31/03/2016","05","ANTIOQUIA","05154","CAUCASIA","RURAL","1"
"31/03/2016","05","ANTIOQUIA","05154","CAUCASIA","URBANA","1"
"31/03/2016","05","ANTIOQUIA","05172","CHIGORODO","URBANA","1"
"31/03/2016","05","ANTIOQUIA","05172","CHIGORODO","URBANA","1"
"31/03/2016","27","CHOCO","27006","ACANDI","URBANA","1"
"31/03/2016","27","CHOCO","27075","BAHIA SOLANO","URBANA","1"
"31/03/2016","05","ANTIOQUIA","05234","DABEIBA","URBANA","1"
"31/03/2016","05","ANTIOQUIA","05250","EL BAGRE","URBANA","1"
"31/03/2016","05","ANTIOQUIA","05284","FRONTINO","URBANA","1"
"31/03/2016","27","CHOCO","27361","ISTMINA","URBANA","1"
"31/03/2016","27","CHOCO","27361","ISTMINA","URBANA","1"
"31/03/2016","23","CORDOBA","23570","PUEBLO NUEVO","URBANA","1"
"31/03/2016","27","CHOCO","27001","QUIBDO","URBANA","1"
"31/03/2016","05","ANTIOQUIA","05761","SOPETRAN","RURAL","1"
"31/03/2016","05","ANTIOQUIA","05790","TARAZA","RURAL","1"
"31/03/2016","05","ANTIOQUIA","05790","TARAZA","RURAL","1"
"31/03/2016","05","ANTIOQUIA","05790","TARAZA","URBANA","1"
"31/03/2016","05","ANTIOQUIA","05790","TARAZA","URBANA","1"
"31/03/2016","05","ANTIOQUIA","05792","TARSO","RURAL","1"
"31/03/2016","05","ANTIOQUIA","05792","TARSO","URBANA","1"
"31/03/2016","27","CHOCO","27800","UNGUIA","URBANA","1"
"31/03/2016","05","ANTIOQUIA","05847","URRAO","RURAL","1"
"31/03/2016","05","ANTIOQUIA","05854","VALDIVIA","RURAL","1"
"31/03/2016","05","ANTIOQUIA","05854","VALDIVIA","RURAL","1"
"31/03/2016","05","ANTIOQUIA","05854","VALDIVIA","URBANA","1"
"31/03/2016","05","ANTIOQUIA","05887","YARUMAL","RURAL","1"
"30/03/2016","05","ANTIOQUIA","05045","APARTADO","URBANA","1"
"30/03/2016","05","ANTIOQUIA","05045","APARTADO","URBANA","1"
"30/03/2016","05","ANTIOQUIA","05480","MUTATA","URBANA","1"
"30/03/2016","05","ANTIOQUIA","05790","TARAZA","RURAL","1"
"30/03/2016","05","ANTIOQUIA","05842","URAMITA","URBANA","1"
"30/03/2016","05","ANTIOQUIA","05895","ZARAGOZA","URBANA","1"
"29/03/2016","05","ANTIOQUIA","05034","ANDES","URBANA","1"
"29/03/2016","05","ANTIOQUIA","05034","ANDES","URBANA","1"
"29/03/2016","05","ANTIOQUIA","05361","ITUANGO","RURAL","1"
"29/03/2016","27","CHOCO","27001","QUIBDO","RURAL","1"
"29/03/2016","27","CHOCO","27001","QUIBDO","URBANA","1"
"29/03/2016","52","NARIÑO","52678","SAMANIEGO","RURAL","1"
"29/03/2016","52","NARIÑO","52835","SAN ANDRES DE TUMACO","RURAL","1"
"29/03/2016","23","CORDOBA","23682","SAN JOSE DE URE","URBANA","1"
"29/03/2016","18","CAQUETA","18753","SAN VICENTE DEL CAGUAN","URBANA","1"
"29/03/2016","50","META","50001","VILLAVICENCIO","URBANA","1"
"28/03/2016","50","META","50711","VISTAHERMOSA","URBANA","1"
"27/03/2016","50","META","50370","URIBE","URBANA","1"
"25/03/2016","05","ANTIOQUIA","05887","YARUMAL","URBANA","1"
"24/03/2016","54","NORTE DE SANTANDER","54498","OCAÑA","URBANA","1"
"24/03/2016","50","META","50590","PUERTO RICO","URBANA","1"
"23/03/2016","52","NARIÑO","52435","MALLAMA","RURAL","1"
"23/03/2016","54","NORTE DE SANTANDER","54820","TOLEDO","URBANA","1"
"22/03/2016","27","CHOCO","27430","MEDIO BAUDO","URBANA","1"
"22/03/2016","54","NORTE DE SANTANDER","54498","OCAÑA","URBANA","1"
"22/03/2016","86","PUTUMAYO","86569","PUERTO CAICEDO","URBANA","1"
"22/03/2016","50","META","50590","PUERTO RICO","URBANA","1"
"21/03/2016","81","ARAUCA","81220","CRAVO NORTE","URBANA","1"
"21/03/2016","52","NARIÑO","52250","EL CHARCO","URBANA","1"
"21/03/2016","81","ARAUCA","81736","SARAVENA","URBANA","1"
"20/03/2016","50","META","50590","PUERTO RICO","URBANA","1"
"20/03/2016","20","CESAR","20001","VALLEDUPAR","URBANA","1"
"19/03/2016","11","BOGOTA D.C.","11001","BOGOTA D.C.","URBANA","1"
"19/03/2016","81","ARAUCA","81736","SARAVENA","URBANA","1"
"18/03/2016","68","SANTANDER","68207","CONCEPCION","URBANA","1"
"18/03/2016","76","VALLE DEL CAUCA","76834","TULUA","URBANA","1"
"17/03/2016","05","ANTIOQUIA","05854","VALDIVIA","URBANA","1"
"16/03/2016","27","CHOCO","27787","TADO","URBANA","1"
"15/03/2016","81","ARAUCA","81065","ARAUQUITA","URBANA","1"
"15/03/2016","81","ARAUCA","81065","ARAUQUITA","RURAL","1"
"14/03/2016","50","META","50590","PUERTO RICO","URBANA","1"
"14/03/2016","18","CAQUETA","18753","SAN VICENTE DEL CAGUAN","URBANA","1"
"13/03/2016","54","NORTE DE SANTANDER","54245","EL CARMEN","URBANA","1"
"13/03/2016","18","CAQUETA","18410","LA MONTAÑITA","URBANA","1"
"13/03/2016","50","META","50590","PUERTO RICO","URBANA","1"
"13/03/2016","18","CAQUETA","18753","SAN VICENTE DEL CAGUAN","URBANA","1"
"12/03/2016","81","ARAUCA","81001","ARAUCA","URBANA","1"
"12/03/2016","41","HUILA","41078","BARAYA","URBANA","1"
"12/03/2016","05","ANTIOQUIA","05120","CACERES","URBANA","1"
"12/03/2016","41","HUILA","41132","CAMPOALEGRE","URBANA","1"
"12/03/2016","54","NORTE DE SANTANDER","54245","EL CARMEN","URBANA","1"
"12/03/2016","95","GUAVIARE","95001","SAN JOSE DEL GUAVIARE","URBANA","1"
"12/03/2016","19","CAUCA","19698","SANTANDER DE QUILICHAO","RURAL","1"
"11/03/2016","11","BOGOTA D.C.","11001","BOGOTA D.C.","URBANA","1"
"11/03/2016","52","NARIÑO","52435","MALLAMA","RURAL","1"
"10/03/2016","50","META","50711","VISTAHERMOSA","URBANA","1"
"10/03/2016","18","CAQUETA","18150","CARTAGENA DEL CHAIRA","URBANA","1"
"10/03/2016","47","MAGDALENA","47189","CIENAGA","URBANA","1"
"10/03/2016","50","META","50330","MESETAS","URBANA","1"
"10/03/2016","52","NARIÑO","52835","SAN ANDRES DE TUMACO","RURAL","1"
"08/03/2016","41","HUILA","41006","ACEVEDO","URBANA","1"
"08/03/2016","41","HUILA","41001","NEIVA","URBANA","1"
"08/03/2016","85","CASANARE","85250","PAZ DE ARIPORO","RURAL","1"
"07/03/2016","11","BOGOTA D.C.","11001","BOGOTA D.C.","URBANA","1"
"07/03/2016","18","CAQUETA","18753","SAN VICENTE DEL CAGUAN","URBANA","1"
"07/03/2016","50","META","50711","VISTAHERMOSA","URBANA","1"
"05/03/2016","05","ANTIOQUIA","05120","CACERES","URBANA","1"
"05/03/2016","05","ANTIOQUIA","05647","SAN ANDRES DE CUERQUIA","URBANA","1"
"05/03/2016","50","META","50001","VILLAVICENCIO","URBANA","1"
"04/03/2016","50","META","50370","URIBE","URBANA","1"
"03/03/2016","11","BOGOTA D.C.","11001","BOGOTA D.C.","URBANA","1"
"03/03/2016","27","CHOCO","27413","LLORO","RURAL","1"
"03/03/2016","86","PUTUMAYO","86569","PUERTO CAICEDO","URBANA","1"
"03/03/2016","18","CAQUETA","18753","SAN VICENTE DEL CAGUAN","URBANA","1"
"03/03/2016","50","META","50370","URIBE","URBANA","1"
"03/03/2016","50","META","50370","URIBE","URBANA","1"
"02/03/2016","85","CASANARE","85250","PAZ DE ARIPORO","RURAL","1"
"02/03/2016","73","TOLIMA","73622","RONCESVALLES","URBANA","1"
"02/03/2016","50","META","50370","URIBE","URBANA","1"
"02/03/2016","50","META","50370","URIBE","URBANA","1"
"01/03/2016","05","ANTIOQUIA","05138","CAÑASGORDAS","URBANA","1"
"01/03/2016","54","NORTE DE SANTANDER","54001","CUCUTA","URBANA","1"
"01/03/2016","54","NORTE DE SANTANDER","54344","HACARI","URBANA","1"
"29/02/2016","76","VALLE DEL CAUCA","76111","GUADALAJARA DE BUGA","URBANA","1"
"29/02/2016","52","NARIÑO","52427","MAGÜI","URBANA","1"
"29/02/2016","50","META","50450","PUERTO CONCORDIA","URBANA","1"
"29/02/2016","18","CAQUETA","18753","SAN VICENTE DEL CAGUAN","URBANA","1"
"29/02/2016","50","META","50370","URIBE","URBANA","1"
"29/02/2016","05","ANTIOQUIA","05120","CACERES","URBANA","1"
"29/02/2016","76","VALLE DEL CAUCA","76100","BOLIVAR","URBANA","1"
"29/02/2016","76","VALLE DEL CAUCA","76100","BOLIVAR","URBANA","1"
"29/02/2016","05","ANTIOQUIA","05107","BRICEÑO","RURAL","1"
"28/02/2016","05","ANTIOQUIA","05107","BRICEÑO","RURAL","1"
"28/02/2016","18","CAQUETA","18150","CARTAGENA DEL CHAIRA","URBANA","1"
"28/02/2016","41","HUILA","41206","COLOMBIA","URBANA","1"
"28/02/2016","50","META","50330","MESETAS","URBANA","1"
"27/02/2016","20","CESAR","20228","CURUMANI","RURAL","1"
"27/02/2016","44","LA GUAJIRA","44378","HATONUEVO","URBANA","1"
"27/02/2016","44","LA GUAJIRA","44378","HATONUEVO","URBANA","1"
"27/02/2016","50","META","50325","MAPIRIPAN","URBANA","1"
"27/02/2016","54","NORTE DE SANTANDER","54810","TIBU","URBANA","1"
"26/02/2016","85","CASANARE","85010","AGUAZUL","RURAL","1"
"26/02/2016","81","ARAUCA","81001","ARAUCA","URBANA","1"
"26/02/2016","81","ARAUCA","81065","ARAUQUITA","URBANA","1"
"26/02/2016","18","CAQUETA","18001","FLORENCIA","URBANA","1"
"26/02/2016","54","NORTE DE SANTANDER","54810","TIBU","URBANA","1"
"25/02/2016","81","ARAUCA","81001","ARAUCA","URBANA","1"
"25/02/2016","13","BOLIVAR","13670","SAN PABLO","RURAL","1"
"24/02/2016","54","NORTE DE SANTANDER","54820","TOLEDO","URBANA","1"
"24/02/2016","50","META","50711","VISTAHERMOSA","URBANA","1"
"23/02/2016","54","NORTE DE SANTANDER","54206","CONVENCION","URBANA","1"
"23/02/2016","44","LA GUAJIRA","44279","FONSECA","URBANA","1"
"22/02/2016","25","CUNDINAMARCA","25592","QUEBRADANEGRA","URBANA","1"
"22/02/2016","18","CAQUETA","18001","FLORENCIA","URBANA","1"
"22/02/2016","86","PUTUMAYO","86573","PUERTO LEGUIZAMO","URBANA","1"
"21/02/2016","18","CAQUETA","18150","CARTAGENA DEL CHAIRA","URBANA","1"
"21/02/2016","50","META","50450","PUERTO CONCORDIA","URBANA","1"
"21/02/2016","20","CESAR","20001","VALLEDUPAR","URBANA","1"
"20/02/2016","19","CAUCA","19001","POPAYAN","RURAL","1"
"20/02/2016","50","META","50590","PUERTO RICO","URBANA","1"
"20/02/2016","18","CAQUETA","18753","SAN VICENTE DEL CAGUAN","URBANA","1"
"19/02/2016","19","CAUCA","19212","CORINTO","RURAL","1"
"19/02/2016","18","CAQUETA","18753","SAN VICENTE DEL CAGUAN","URBANA","1"
"19/02/2016","54","NORTE DE SANTANDER","54810","TIBU","URBANA","1"
"18/02/2016","81","ARAUCA","81300","FORTUL","RURAL","1"
"18/02/2016","52","NARIÑO","52435","MALLAMA","RURAL","1"
"18/02/2016","50","META","50450","PUERTO CONCORDIA","URBANA","1"
"18/02/2016","76","VALLE DEL CAUCA","76834","TULUA","URBANA","1"
"18/02/2016","50","META","50370","URIBE","URBANA","1"
"18/02/2016","50","META","50711","VISTAHERMOSA","URBANA","1"
"17/02/2016","20","CESAR","20011","AGUACHICA","URBANA","1"
"17/02/2016","68","SANTANDER","68001","BUCARAMANGA","URBANA","1"
"17/02/2016","05","ANTIOQUIA","05134","CAMPAMENTO","RURAL","1"
"17/02/2016","05","ANTIOQUIA","05361","ITUANGO","RURAL","1"
"17/02/2016","95","GUAVIARE","95001","SAN JOSE DEL GUAVIARE","URBANA","1"
"16/02/2016","52","NARIÑO","52079","BARBACOAS","URBANA","1"
"16/02/2016","52","NARIÑO","52079","BARBACOAS","URBANA","1"
"16/02/2016","68","SANTANDER","68081","BARRANCABERMEJA","URBANA","1"
"16/02/2016","68","SANTANDER","68081","BARRANCABERMEJA","RURAL","1"
"16/02/2016","54","NORTE DE SANTANDER","54820","TOLEDO","URBANA","1"
"16/02/2016","54","NORTE DE SANTANDER","54820","TOLEDO","RURAL","1"
"15/02/2016","44","LA GUAJIRA","44035","ALBANIA","URBANA","1"
"15/02/2016","81","ARAUCA","81001","ARAUCA","URBANA","1"
"15/02/2016","81","ARAUCA","81065","ARAUQUITA","RURAL","1"
"15/02/2016","68","SANTANDER","68081","BARRANCABERMEJA","URBANA","1"
"15/02/2016","76","VALLE DEL CAUCA","76233","DAGUA","RURAL","1"
"15/02/2016","52","NARIÑO","52435","MALLAMA","RURAL","1"
"15/02/2016","52","NARIÑO","52435","MALLAMA","RURAL","1"
"15/02/2016","52","NARIÑO","52435","MALLAMA","URBANA","1"
"15/02/2016","52","NARIÑO","52435","MALLAMA","RURAL","1"
"15/02/2016","52","NARIÑO","52435","MALLAMA","RURAL","1"
"15/02/2016","13","BOLIVAR","13670","SAN PABLO","RURAL","1"
"15/02/2016","47","MAGDALENA","47001","SANTA MARTA","URBANA","1"
"15/02/2016","20","CESAR","20001","VALLEDUPAR","URBANA","1"
"14/02/2016","20","CESAR","20228","CURUMANI","URBANA","1"
"14/02/2016","20","CESAR","20517","PAILITAS","RURAL","1"
"14/02/2016","85","CASANARE","85250","PAZ DE ARIPORO","URBANA","1"
"14/02/2016","27","CHOCO","27001","QUIBDO","RURAL","1"
"14/02/2016","52","NARIÑO","52699","SANTACRUZ","RURAL","1"
"14/02/2016","20","CESAR","20001","VALLEDUPAR","URBANA","1"
"13/02/2016","20","CESAR","20011","AGUACHICA","RURAL","1"
"13/02/2016","20","CESAR","20011","AGUACHICA","URBANA","1"
"13/02/2016","05","ANTIOQUIA","05038","ANGOSTURA","RURAL","1"
"13/02/2016","54","NORTE DE SANTANDER","54498","OCAÑA","URBANA","1"
"13/02/2016","20","CESAR","20517","PAILITAS","RURAL","1"
"13/02/2016","81","ARAUCA","81736","SARAVENA","URBANA","1"
"13/02/2016","50","META","50711","VISTAHERMOSA","URBANA","1"
"12/02/2016","50","META","50330","MESETAS","URBANA","1"
"11/02/2016","54","NORTE DE SANTANDER","54810","TIBU","URBANA","1"
"10/02/2016","54","NORTE DE SANTANDER","54001","CUCUTA","URBANA","1"
"10/02/2016","18","CAQUETA","18753","SAN VICENTE DEL CAGUAN","URBANA","1"
"10/02/2016","50","META","50370","URIBE","URBANA","1"
"10/02/2016","20","CESAR","20001","VALLEDUPAR","URBANA","1"
"09/02/2016","41","HUILA","41020","ALGECIRAS","URBANA","1"
"09/02/2016","81","ARAUCA","81065","ARAUQUITA","RURAL","1"
"09/02/2016","52","NARIÑO","52079","BARBACOAS","URBANA","1"
"09/02/2016","15","BOYACA","15223","CUBARA","URBANA","1"
"08/02/2016","81","ARAUCA","81001","ARAUCA","URBANA","1"
"08/02/2016","81","ARAUCA","81065","ARAUQUITA","URBANA","1"
"08/02/2016","11","BOGOTA D.C.","11001","BOGOTA D.C.","URBANA","1"
"08/02/2016","81","ARAUCA","81300","FORTUL","RURAL","1"
"08/02/2016","54","NORTE DE SANTANDER","54344","HACARI","URBANA","1"
"08/02/2016","50","META","50573","PUERTO LOPEZ","URBANA","1"
"08/02/2016","76","VALLE DEL CAUCA","76670","SAN PEDRO","URBANA","1"
"08/02/2016","54","NORTE DE SANTANDER","54800","TEORAMA","URBANA","1"
"07/02/2016","23","CORDOBA","23068","AYAPEL","URBANA","1"
"07/02/2016","18","CAQUETA","18410","LA MONTAÑITA","URBANA","1"
"07/02/2016","52","NARIÑO","52835","SAN ANDRES DE TUMACO","RURAL","1"
"07/02/2016","54","NORTE DE SANTANDER","54810","TIBU","RURAL","1"
"06/02/2016","52","NARIÑO","52835","SAN ANDRES DE TUMACO","RURAL","1"
"06/02/2016","19","CAUCA","19698","SANTANDER DE QUILICHAO","RURAL","1"
"05/02/2016","18","CAQUETA","18610","SAN JOSE DEL FRAGUA","URBANA","1"
"05/02/2016","18","CAQUETA","18610","SAN JOSE DEL FRAGUA","URBANA","1"
"05/02/2016","85","CASANARE","85001","YOPAL","URBANA","1"
"04/02/2016","95","GUAVIARE","95015","CALAMAR","URBANA","1"
"03/02/2016","18","CAQUETA","18753","SAN VICENTE DEL CAGUAN","URBANA","1"
"03/02/2016","05","ANTIOQUIA","05736","SEGOVIA","RURAL","1"
"02/02/2016","81","ARAUCA","81001","ARAUCA","URBANA","1"
"02/02/2016","50","META","50350","LA MACARENA","URBANA","1"
"02/02/2016","50","META","50330","MESETAS","URBANA","1"
"02/02/2016","41","HUILA","41001","NEIVA","URBANA","1"
"02/02/2016","54","NORTE DE SANTANDER","54498","OCAÑA","URBANA","1"
"02/02/2016","76","VALLE DEL CAUCA","76563","PRADERA","URBANA","1"
"02/02/2016","18","CAQUETA","18753","SAN VICENTE DEL CAGUAN","URBANA","1"
"02/02/2016","50","META","50370","URIBE","URBANA","1"
"01/02/2016","50","META","50370","URIBE","URBANA","1"
"31/01/2016","95","GUAVIARE","95025","EL RETORNO","URBANA","1"
"31/01/2016","18","CAQUETA","18592","PUERTO RICO","URBANA","1"
"31/01/2016","54","NORTE DE SANTANDER","54800","TEORAMA","RURAL","1"
"29/01/2016","68","SANTANDER","68081","BARRANCABERMEJA","URBANA","1"
"29/01/2016","54","NORTE DE SANTANDER","54206","CONVENCION","URBANA","1"
"29/01/2016","86","PUTUMAYO","86760","SANTIAGO","RURAL","1"
"28/01/2016","13","BOLIVAR","13160","CANTAGALLO","RURAL","1"
"28/01/2016","18","CAQUETA","18150","CARTAGENA DEL CHAIRA","URBANA","1"
"28/01/2016","18","CAQUETA","18150","CARTAGENA DEL CHAIRA","URBANA","1"
"28/01/2016","18","CAQUETA","18592","PUERTO RICO","URBANA","1"
"28/01/2016","20","CESAR","20001","VALLEDUPAR","URBANA","1"
"27/01/2016","18","CAQUETA","18256","EL PAUJIL","URBANA","1"
"27/01/2016","05","ANTIOQUIA","05001","MEDELLIN","URBANA","1"
"27/01/2016","54","NORTE DE SANTANDER","54810","TIBU","URBANA","1"
"27/01/2016","50","META","50711","VISTAHERMOSA","URBANA","1"
"27/01/2016","08","ATLANTICO","08001","BARRANQUILLA","URBANA","1"
"26/01/2016","76","VALLE DEL CAUCA","76001","CALI","URBANA","1"
"26/01/2016","50","META","50683","SAN JUAN DE ARAMA","RURAL","1"
"26/01/2016","18","CAQUETA","18753","SAN VICENTE DEL CAGUAN","URBANA","1"
"23/01/2016","50","META","50330","MESETAS","URBANA","1"
"23/01/2016","54","NORTE DE SANTANDER","54810","TIBU","URBANA","1"
"22/01/2016","54","NORTE DE SANTANDER","54810","TIBU","URBANA","1"
"21/01/2016","18","CAQUETA","18150","CARTAGENA DEL CHAIRA","URBANA","1"
"20/01/2016","27","CHOCO","27361","ISTMINA","URBANA","1"
"19/01/2016","54","NORTE DE SANTANDER","54344","HACARI","URBANA","1"
"19/01/2016","27","CHOCO","27001","QUIBDO","URBANA","1"
"18/01/2016","50","META","50370","URIBE","URBANA","1"
"17/01/2016","05","ANTIOQUIA","05250","EL BAGRE","URBANA","1"
"16/01/2016","18","CAQUETA","18753","SAN VICENTE DEL CAGUAN","URBANA","1"
"14/01/2016","76","VALLE DEL CAUCA","76111","GUADALAJARA DE BUGA","URBANA","1"
"13/01/2016","76","VALLE DEL CAUCA","76377","LA CUMBRE","URBANA","1"
"13/01/2016","13","BOLIVAR","13670","SAN PABLO","URBANA","1"
"13/01/2016","85","CASANARE","85001","YOPAL","RURAL","1"
"13/01/2016","85","CASANARE","85001","YOPAL","URBANA","1"
"12/01/2016","54","NORTE DE SANTANDER","54670","SAN CALIXTO","URBANA","1"
"10/01/2016","50","META","50370","URIBE","URBANA","1"
"10/01/2016","50","META","50370","URIBE","URBANA","1"
"10/01/2016","20","CESAR","20045","BECERRIL","URBANA","1"
"10/01/2016","86","PUTUMAYO","86569","PUERTO CAICEDO","URBANA","1"
"10/01/2016","18","CAQUETA","18592","PUERTO RICO","URBANA","1"
"09/01/2016","18","CAQUETA","18001","FLORENCIA","URBANA","1"
"08/01/2016","52","NARIÑO","52079","BARBACOAS","RURAL","1"
"08/01/2016","76","VALLE DEL CAUCA","76364","JAMUNDI","URBANA","1"
"06/01/2016","13","BOLIVAR","13670","SAN PABLO","URBANA","1"
"06/01/2016","50","META","50370","URIBE","URBANA","1"
"05/01/2016","20","CESAR","20013","AGUSTIN CODAZZI","URBANA","1"
"05/01/2016","52","NARIÑO","52317","GUACHUCAL","RURAL","1"
"05/01/2016","05","ANTIOQUIA","05887","YARUMAL","URBANA","1"
"04/01/2016","18","CAQUETA","18753","SAN VICENTE DEL CAGUAN","URBANA","1"
"03/01/2016","54","NORTE DE SANTANDER","54250","EL TARRA","URBANA","1"
"02/01/2016","13","BOLIVAR","13670","SAN PABLO","URBANA","1"
"01/01/2016","18","CAQUETA","18001","FLORENCIA","URBANA","1"
"01/01/2016","52","NARIÑO","52678","SAMANIEGO","URBANA","1"
"01/01/2016","44","LA GUAJIRA","44650","SAN JUAN DEL CESAR","URBANA","1"
"01/01/2016","18","CAQUETA","18753","SAN VICENTE DEL CAGUAN","URBANA","1"
"01/01/2016","13","BOLIVAR","13688","SANTA ROSA DEL SUR","URBANA","1"
"31/12/2015","44","LA GUAJIRA","44001","RIOHACHA","URBANA","1"
"20/12/2015","05","ANTIOQUIA","05250","EL BAGRE","URBANA","1"
"17/12/2015","05","ANTIOQUIA","05887","YARUMAL","URBANA","1"
"14/12/2015","73","TOLIMA","73168","CHAPARRAL","RURAL","1"
"13/12/2015","41","HUILA","41349","HOBO","URBANA","1"
"09/12/2015","11","BOGOTA D.C.","11001","BOGOTA D.C.","URBANA","1"
"07/12/2015","44","LA GUAJIRA","44078","BARRANCAS","URBANA","1"
"28/11/2015","86","PUTUMAYO","86573","PUERTO LEGUIZAMO","RURAL","1"
"21/11/2015","81","ARAUCA","81736","SARAVENA","URBANA","1"
"12/11/2015","05","ANTIOQUIA","05045","APARTADO","RURAL","1"
"11/11/2015","05","ANTIOQUIA","05107","BRICEÑO","RURAL","1"
"09/11/2015","05","ANTIOQUIA","05172","CHIGORODO","RURAL","1"
"07/11/2015","85","CASANARE","85010","AGUAZUL","RURAL","1"
"28/10/2015","27","CHOCO","27050","ATRATO","URBANA","1"
"27/10/2015","81","ARAUCA","81065","ARAUQUITA","RURAL","1"
"26/10/2015","15","BOYACA","15332","GÜICAN DE LA SIERRA","RURAL","1"
"25/10/2015","41","HUILA","41001","NEIVA","URBANA","1"
"24/10/2015","27","CHOCO","27361","ISTMINA","RURAL","1"
"19/10/2015","50","META","50001","VILLAVICENCIO","URBANA","1"
"14/10/2015","47","MAGDALENA","47555","PLATO","URBANA","1"
"13/10/2015","86","PUTUMAYO","86571","PUERTO GUZMAN","URBANA","1"
"09/10/2015","85","CASANARE","85010","AGUAZUL","RURAL","1"
"04/10/2015","68","SANTANDER","68001","BUCARAMANGA","URBANA","1"
"30/09/2015","85","CASANARE","85139","MANI","URBANA","1"
"22/09/2015","85","CASANARE","85010","AGUAZUL","RURAL","1"
"22/09/2015","05","ANTIOQUIA","05736","SEGOVIA","URBANA","1"
"22/09/2015","05","ANTIOQUIA","05736","SEGOVIA","URBANA","1"
"20/09/2015","05","ANTIOQUIA","05234","DABEIBA","RURAL","1"
"13/09/2015","52","NARIÑO","52678","SAMANIEGO","URBANA","1"
"09/09/2015","19","CAUCA","19142","CALOTO","RURAL","1"
"02/09/2015","27","CHOCO","27245","EL CARMEN DE ATRATO","RURAL","1"
"29/08/2015","15","BOYACA","15518","PAJARITO","RURAL","1"
"27/08/2015","85","CASANARE","85430","TRINIDAD","RURAL","1"
"25/08/2015","95","GUAVIARE","95001","SAN JOSE DEL GUAVIARE","URBANA","1"
"24/08/2015","19","CAUCA","19212","CORINTO","RURAL","1"
"22/08/2015","41","HUILA","41132","CAMPOALEGRE","URBANA","1"
"21/08/2015","05","ANTIOQUIA","05237","DONMATIAS","URBANA","1"
"18/08/2015","13","BOLIVAR","13458","MONTECRISTO","RURAL","1"
"18/08/2015","05","ANTIOQUIA","05887","YARUMAL","RURAL","1"
"08/08/2015","54","NORTE DE SANTANDER","54099","BOCHALEMA","RURAL","1"
"07/08/2015","05","ANTIOQUIA","05604","REMEDIOS","RURAL","1"
"05/08/2015","85","CASANARE","85279","RECETOR","RURAL","1"
"01/08/2015","85","CASANARE","85279","RECETOR","RURAL","1"
"30/07/2015","05","ANTIOQUIA","05040","ANORI","RURAL","1"
"30/07/2015","05","ANTIOQUIA","05873","VIGIA DEL FUERTE","RURAL","1"
"28/07/2015","44","LA GUAJIRA","44001","RIOHACHA","URBANA","1"
"27/07/2015","05","ANTIOQUIA","05483","NARIÑO","RURAL","1"
"27/07/2015","86","PUTUMAYO","86320","ORITO","RURAL","1"
"27/07/2015","95","GUAVIARE","95001","SAN JOSE DEL GUAVIARE","URBANA","1"
"27/07/2015","05","ANTIOQUIA","05686","SANTA ROSA DE OSOS","RURAL","1"
"22/07/2015","44","LA GUAJIRA","44430","MAICAO","URBANA","1"
"22/07/2015","50","META","50711","VISTAHERMOSA","RURAL","1"
"21/07/2015","05","ANTIOQUIA","05887","YARUMAL","RURAL","1"
"20/07/2015","05","ANTIOQUIA","05790","TARAZA","RURAL","1"
"20/07/2015","76","VALLE DEL CAUCA","76109","BUENAVENTURA","URBANA","1"
"20/07/2015","52","NARIÑO","52835","SAN ANDRES DE TUMACO","URBANA","1"
"20/07/2015","81","ARAUCA","81736","SARAVENA","RURAL","1"
"19/07/2015","81","ARAUCA","81065","ARAUQUITA","RURAL","1"
"19/07/2015","76","VALLE DEL CAUCA","76001","CALI","URBANA","1"
"19/07/2015","44","LA GUAJIRA","44430","MAICAO","URBANA","1"
"19/07/2015","86","PUTUMAYO","86320","ORITO","RURAL","1"
"19/07/2015","52","NARIÑO","52835","SAN ANDRES DE TUMACO","URBANA","1"
"19/07/2015","54","NORTE DE SANTANDER","54810","TIBU","RURAL","1"
"18/07/2015","76","VALLE DEL CAUCA","76001","CALI","RURAL","1"
"18/07/2015","44","LA GUAJIRA","44279","FONSECA","URBANA","1"
"18/07/2015","95","GUAVIARE","95001","SAN JOSE DEL GUAVIARE","URBANA","1"
"18/07/2015","05","ANTIOQUIA","05790","TARAZA","RURAL","1"
"17/07/2015","52","NARIÑO","52356","IPIALES","RURAL","1"
"17/07/2015","05","ANTIOQUIA","05361","ITUANGO","URBANA","1"
"17/07/2015","52","NARIÑO","52835","SAN ANDRES DE TUMACO","URBANA","1"
"17/07/2015","19","CAUCA","19780","SUAREZ","URBANA","1"
"16/07/2015","19","CAUCA","19130","CAJIBIO","RURAL","1"
"16/07/2015","19","CAUCA","19548","PIENDAMO - TUNIA","RURAL","1"
"16/07/2015","44","LA GUAJIRA","44001","RIOHACHA","URBANA","1"
"16/07/2015","52","NARIÑO","52835","SAN ANDRES DE TUMACO","URBANA","1"
"16/07/2015","52","NARIÑO","52835","SAN ANDRES DE TUMACO","URBANA","1"
"16/07/2015","05","ANTIOQUIA","05854","VALDIVIA","RURAL","1"
"16/07/2015","86","PUTUMAYO","86865","VALLE DEL GUAMUEZ","RURAL","1"
"16/07/2015","50","META","50001","VILLAVICENCIO","URBANA","1"
"16/07/2015","05","ANTIOQUIA","05887","YARUMAL","RURAL","1"
"15/07/2015","05","ANTIOQUIA","05107","BRICEÑO","RURAL","1"
"14/07/2015","19","CAUCA","19137","CALDONO","RURAL","1"
"14/07/2015","86","PUTUMAYO","86320","ORITO","RURAL","1"
"14/07/2015","86","PUTUMAYO","86568","PUERTO ASIS","RURAL","1"
"14/07/2015","05","ANTIOQUIA","05854","VALDIVIA","RURAL","1"
"14/07/2015","05","ANTIOQUIA","05887","YARUMAL","RURAL","1"
"14/07/2015","05","ANTIOQUIA","05893","YONDO","RURAL","1"
"13/07/2015","18","CAQUETA","18001","FLORENCIA","URBANA","1"
"13/07/2015","19","CAUCA","19698","SANTANDER DE QUILICHAO","RURAL","1"
"12/07/2015","19","CAUCA","19050","ARGELIA","RURAL","1"
"12/07/2015","05","ANTIOQUIA","05079","BARBOSA","URBANA","1"
"12/07/2015","05","ANTIOQUIA","05604","REMEDIOS","RURAL","1"
"12/07/2015","86","PUTUMAYO","86757","SAN MIGUEL","RURAL","1"
"11/07/2015","19","CAUCA","19809","TIMBIQUI","URBANA","1"
"11/07/2015","19","CAUCA","19455","MIRANDA","RURAL","1"
"11/07/2015","86","PUTUMAYO","86001","MOCOA","URBANA","1"
"10/07/2015","19","CAUCA","19050","ARGELIA","URBANA","1"
"10/07/2015","41","HUILA","41349","HOBO","RURAL","1"
"10/07/2015","50","META","50590","PUERTO RICO","RURAL","1"
"09/07/2015","05","ANTIOQUIA","05040","ANORI","URBANA","1"
"09/07/2015","19","CAUCA","19050","ARGELIA","URBANA","1"
"09/07/2015","19","CAUCA","19050","ARGELIA","URBANA","1"
"09/07/2015","19","CAUCA","19142","CALOTO","RURAL","1"
"09/07/2015","54","NORTE DE SANTANDER","54810","TIBU","RURAL","1"
"09/07/2015","05","ANTIOQUIA","05854","VALDIVIA","RURAL","1"
"08/07/2015","81","ARAUCA","81736","SARAVENA","RURAL","1"
"06/07/2015","54","NORTE DE SANTANDER","54498","OCAÑA","URBANA","1"
"06/07/2015","05","ANTIOQUIA","05854","VALDIVIA","RURAL","1"
"05/07/2015","54","NORTE DE SANTANDER","54810","TIBU","RURAL","1"
"05/07/2015","54","NORTE DE SANTANDER","54810","TIBU","RURAL","1"
"04/07/2015","85","CASANARE","85010","AGUAZUL","URBANA","1"
"04/07/2015","54","NORTE DE SANTANDER","54250","EL TARRA","RURAL","1"
"04/07/2015","18","CAQUETA","18001","FLORENCIA","URBANA","1"
"04/07/2015","19","CAUCA","19450","MERCADERES","URBANA","1"
"04/07/2015","54","NORTE DE SANTANDER","54800","TEORAMA","RURAL","1"
"04/07/2015","54","NORTE DE SANTANDER","54820","TOLEDO","RURAL","1"
"03/07/2015","81","ARAUCA","81065","ARAUQUITA","RURAL","1"
"03/07/2015","52","NARIÑO","52079","BARBACOAS","RURAL","1"
"03/07/2015","52","NARIÑO","52390","LA TOLA","URBANA","1"
"03/07/2015","52","NARIÑO","52427","MAGÜI","RURAL","1"
"03/07/2015","52","NARIÑO","52835","SAN ANDRES DE TUMACO","URBANA","1"
"03/07/2015","52","NARIÑO","52835","SAN ANDRES DE TUMACO","URBANA","1"
"03/07/2015","50","META","50689","SAN MARTIN","RURAL","1"
"02/07/2015","11","BOGOTA D.C.","11001","BOGOTA D.C.","URBANA","1"
"02/07/2015","11","BOGOTA D.C.","11001","BOGOTA D.C.","URBANA","1"
"02/07/2015","50","META","50689","SAN MARTIN","RURAL","1"
"02/07/2015","19","CAUCA","19821","TORIBIO","RURAL","1"
"02/07/2015","86","PUTUMAYO","86865","VALLE DEL GUAMUEZ","RURAL","1"
"01/07/2015","54","NORTE DE SANTANDER","54810","TIBU","RURAL","1"
"30/06/2015","52","NARIÑO","52079","BARBACOAS","RURAL","1"
"30/06/2015","05","ANTIOQUIA","05134","CAMPAMENTO","RURAL","1"
"30/06/2015","81","ARAUCA","81300","FORTUL","RURAL","1"
"30/06/2015","76","VALLE DEL CAUCA","76111","GUADALAJARA DE BUGA","URBANA","1"
"30/06/2015","85","CASANARE","85430","TRINIDAD","RURAL","1"
"30/06/2015","50","META","50370","URIBE","URBANA","1"
"29/06/2015","50","META","50287","FUENTE DE ORO","RURAL","1"
"29/06/2015","86","PUTUMAYO","86568","PUERTO ASIS","RURAL","1"
"29/06/2015","50","META","50001","VILLAVICENCIO","URBANA","1"
"28/06/2015","44","LA GUAJIRA","44098","DISTRACCION","RURAL","1"
"28/06/2015","44","LA GUAJIRA","44098","DISTRACCION","RURAL","1"
"28/06/2015","95","GUAVIARE","95001","SAN JOSE DEL GUAVIARE","URBANA","1"
"27/06/2015","41","HUILA","41001","NEIVA","RURAL","1"
"27/06/2015","52","NARIÑO","52835","SAN ANDRES DE TUMACO","RURAL","1"
"27/06/2015","50","META","50711","VISTAHERMOSA","RURAL","1"
"26/06/2015","86","PUTUMAYO","86568","PUERTO ASIS","RURAL","1"
"26/06/2015","86","PUTUMAYO","86568","PUERTO ASIS","URBANA","1"
"26/06/2015","52","NARIÑO","52835","SAN ANDRES DE TUMACO","URBANA","1"
"26/06/2015","52","NARIÑO","52835","SAN ANDRES DE TUMACO","RURAL","1"
"25/06/2015","52","NARIÑO","52835","SAN ANDRES DE TUMACO","RURAL","1"
"25/06/2015","52","NARIÑO","52835","SAN ANDRES DE TUMACO","RURAL","1"
"25/06/2015","52","NARIÑO","52835","SAN ANDRES DE TUMACO","URBANA","1"
"25/06/2015","52","NARIÑO","52835","SAN ANDRES DE TUMACO","RURAL","1"
"25/06/2015","52","NARIÑO","52835","SAN ANDRES DE TUMACO","RURAL","1"
"24/06/2015","86","PUTUMAYO","86568","PUERTO ASIS","RURAL","1"
"24/06/2015","52","NARIÑO","52835","SAN ANDRES DE TUMACO","RURAL","1"
"23/06/2015","05","ANTIOQUIA","05579","PUERTO BERRIO","URBANA","1"
"22/06/2015","52","NARIÑO","52250","EL CHARCO","URBANA","1"
"22/06/2015","19","CAUCA","19050","ARGELIA","RURAL","1"
"22/06/2015","19","CAUCA","19532","PATIA","RURAL","1"
"22/06/2015","19","CAUCA","19532","PATIA","RURAL","1"
"22/06/2015","95","GUAVIARE","95001","SAN JOSE DEL GUAVIARE","RURAL","1"
"22/06/2015","54","NORTE DE SANTANDER","54800","TEORAMA","RURAL","1"
"22/06/2015","05","ANTIOQUIA","05819","TOLEDO","RURAL","1"
"21/06/2015","52","NARIÑO","52079","BARBACOAS","RURAL","1"
"21/06/2015","19","CAUCA","19212","CORINTO","RURAL","1"
"21/06/2015","52","NARIÑO","52835","SAN ANDRES DE TUMACO","URBANA","1"
"21/06/2015","54","NORTE DE SANTANDER","54810","TIBU","URBANA","1"
"21/06/2015","05","ANTIOQUIA","05847","URRAO","RURAL","1"
"20/06/2015","05","ANTIOQUIA","05040","ANORI","URBANA","1"
"20/06/2015","52","NARIÑO","52079","BARBACOAS","URBANA","1"
"20/06/2015","44","LA GUAJIRA","44078","BARRANCAS","RURAL","1"
"20/06/2015","52","NARIÑO","52835","SAN ANDRES DE TUMACO","URBANA","1"
"19/06/2015","41","HUILA","41020","ALGECIRAS","URBANA","1"
"19/06/2015","50","META","50400","LEJANIAS","URBANA","1"
"19/06/2015","86","PUTUMAYO","86320","ORITO","RURAL","1"
"19/06/2015","52","NARIÑO","52835","SAN ANDRES DE TUMACO","RURAL","1"
"18/06/2015","05","ANTIOQUIA","05315","GUADALUPE","RURAL","1"
"18/06/2015","86","PUTUMAYO","86320","ORITO","RURAL","1"
"18/06/2015","52","NARIÑO","52835","SAN ANDRES DE TUMACO","URBANA","1"
"18/06/2015","52","NARIÑO","52835","SAN ANDRES DE TUMACO","RURAL","1"
"17/06/2015","05","ANTIOQUIA","05234","DABEIBA","RURAL","1"
"17/06/2015","05","ANTIOQUIA","05234","DABEIBA","RURAL","1"
"17/06/2015","05","ANTIOQUIA","05234","DABEIBA","RURAL","1"
"17/06/2015","86","PUTUMAYO","86568","PUERTO ASIS","RURAL","1"
"17/06/2015","86","PUTUMAYO","86571","PUERTO GUZMAN","RURAL","1"
"17/06/2015","52","NARIÑO","52835","SAN ANDRES DE TUMACO","RURAL","1"
"16/06/2015","52","NARIÑO","52079","BARBACOAS","URBANA","1"
"16/06/2015","19","CAUCA","19450","MERCADERES","RURAL","1"
"16/06/2015","86","PUTUMAYO","86568","PUERTO ASIS","RURAL","1"
"16/06/2015","50","META","50683","SAN JUAN DE ARAMA","RURAL","1"
"16/06/2015","54","NORTE DE SANTANDER","54800","TEORAMA","RURAL","1"
"16/06/2015","54","NORTE DE SANTANDER","54810","TIBU","RURAL","1"
"15/06/2015","52","NARIÑO","52835","SAN ANDRES DE TUMACO","RURAL","1"
"15/06/2015","05","ANTIOQUIA","05887","YARUMAL","URBANA","1"
"15/06/2015","86","PUTUMAYO","86320","ORITO","RURAL","1"
"14/06/2015","76","VALLE DEL CAUCA","76109","BUENAVENTURA","URBANA","1"
"14/06/2015","52","NARIÑO","52256","EL ROSARIO","RURAL","1"
"13/06/2015","73","TOLIMA","73168","CHAPARRAL","RURAL","1"
"13/06/2015","52","NARIÑO","52256","EL ROSARIO","RURAL","1"
"12/06/2015","52","NARIÑO","52835","SAN ANDRES DE TUMACO","RURAL","1"
"12/06/2015","52","NARIÑO","52079","BARBACOAS","RURAL","1"
"12/06/2015","11","BOGOTA D.C.","11001","BOGOTA D.C.","URBANA","1"
"12/06/2015","50","META","50287","FUENTE DE ORO","RURAL","1"
"12/06/2015","52","NARIÑO","52405","LEIVA","URBANA","1"
"12/06/2015","25","CUNDINAMARCA","25438","MEDINA","RURAL","1"
"12/06/2015","86","PUTUMAYO","86568","PUERTO ASIS","RURAL","1"
"11/06/2015","95","GUAVIARE","95015","CALAMAR","URBANA","1"
"11/06/2015","52","NARIÑO","52215","CORDOBA","URBANA","1"
"11/06/2015","47","MAGDALENA","47288","FUNDACION","URBANA","1"
"11/06/2015","86","PUTUMAYO","86568","PUERTO ASIS","RURAL","1"
"11/06/2015","86","PUTUMAYO","86865","VALLE DEL GUAMUEZ","RURAL","1"
"10/06/2015","18","CAQUETA","18001","FLORENCIA","RURAL","1"
"10/06/2015","19","CAUCA","19532","PATIA","RURAL","1"
"10/06/2015","52","NARIÑO","52835","SAN ANDRES DE TUMACO","RURAL","1"
"09/06/2015","18","CAQUETA","18094","BELEN DE LOS ANDAQUIES","URBANA","1"
"09/06/2015","86","PUTUMAYO","86568","PUERTO ASIS","RURAL","1"
"09/06/2015","52","NARIÑO","52835","SAN ANDRES DE TUMACO","RURAL","1"
"08/06/2015","41","HUILA","41132","CAMPOALEGRE","URBANA","1"
"08/06/2015","86","PUTUMAYO","86568","PUERTO ASIS","RURAL","1"
"08/06/2015","52","NARIÑO","52835","SAN ANDRES DE TUMACO","RURAL","1"
"08/06/2015","54","NORTE DE SANTANDER","54810","TIBU","RURAL","1"
"08/06/2015","86","PUTUMAYO","86865","VALLE DEL GUAMUEZ","RURAL","1"
"07/06/2015","19","CAUCA","19050","ARGELIA","RURAL","1"
"07/06/2015","18","CAQUETA","18205","CURILLO","URBANA","1"
"07/06/2015","52","NARIÑO","52835","SAN ANDRES DE TUMACO","URBANA","1"
"07/06/2015","52","NARIÑO","52835","SAN ANDRES DE TUMACO","RURAL","1"
"07/06/2015","52","NARIÑO","52835","SAN ANDRES DE TUMACO","RURAL","1"
"07/06/2015","27","CHOCO","27787","TADO","RURAL","1"
"06/06/2015","41","HUILA","41020","ALGECIRAS","URBANA","1"
"06/06/2015","41","HUILA","41020","ALGECIRAS","RURAL","1"
"06/06/2015","19","CAUCA","19110","BUENOS AIRES","RURAL","1"
"06/06/2015","19","CAUCA","19318","GUAPI","URBANA","1"
"06/06/2015","86","PUTUMAYO","86001","MOCOA","RURAL","1"
"06/06/2015","27","CHOCO","27001","QUIBDO","RURAL","1"
"06/06/2015","05","ANTIOQUIA","05647","SAN ANDRES DE CUERQUIA","RURAL","1"
"06/06/2015","86","PUTUMAYO","86865","VALLE DEL GUAMUEZ","RURAL","1"
"05/06/2015","19","CAUCA","19212","CORINTO","RURAL","1"
"05/06/2015","85","CASANARE","85225","NUNCHIA","URBANA","1"
"05/06/2015","19","CAUCA","19548","PIENDAMO - TUNIA","RURAL","1"
"05/06/2015","86","PUTUMAYO","86865","VALLE DEL GUAMUEZ","RURAL","1"
"04/06/2015","81","ARAUCA","81001","ARAUCA","RURAL","1"
"04/06/2015","52","NARIÑO","52835","SAN ANDRES DE TUMACO","URBANA","1"
"04/06/2015","52","NARIÑO","52835","SAN ANDRES DE TUMACO","RURAL","1"
"04/06/2015","86","PUTUMAYO","86865","VALLE DEL GUAMUEZ","RURAL","1"
"03/06/2015","19","CAUCA","19137","CALDONO","RURAL","1"
"03/06/2015","54","NORTE DE SANTANDER","54245","EL CARMEN","RURAL","1"
"03/06/2015","52","NARIÑO","52390","LA TOLA","URBANA","1"
"03/06/2015","19","CAUCA","19450","MERCADERES","RURAL","1"
"03/06/2015","19","CAUCA","19533","PIAMONTE","RURAL","1"
"03/06/2015","52","NARIÑO","52835","SAN ANDRES DE TUMACO","URBANA","1"
"03/06/2015","52","NARIÑO","52835","SAN ANDRES DE TUMACO","URBANA","1"
"03/06/2015","52","NARIÑO","52835","SAN ANDRES DE TUMACO","RURAL","1"
"03/06/2015","52","NARIÑO","52835","SAN ANDRES DE TUMACO","URBANA","1"
"03/06/2015","52","NARIÑO","52835","SAN ANDRES DE TUMACO","URBANA","1"
"02/06/2015","86","PUTUMAYO","86568","PUERTO ASIS","RURAL","1"
"02/06/2015","50","META","50450","PUERTO CONCORDIA","RURAL","1"
"02/06/2015","52","NARIÑO","52835","SAN ANDRES DE TUMACO","URBANA","1"
"02/06/2015","52","NARIÑO","52835","SAN ANDRES DE TUMACO","RURAL","1"
"02/06/2015","52","NARIÑO","52835","SAN ANDRES DE TUMACO","RURAL","1"
"01/06/2015","52","NARIÑO","52835","SAN ANDRES DE TUMACO","URBANA","1"
"01/06/2015","52","NARIÑO","52835","SAN ANDRES DE TUMACO","URBANA","1"
"01/06/2015","52","NARIÑO","52835","SAN ANDRES DE TUMACO","RURAL","1"
"01/06/2015","54","NORTE DE SANTANDER","54720","SARDINATA","RURAL","1"
"01/06/2015","05","ANTIOQUIA","05819","TOLEDO","RURAL","1"
"01/06/2015","19","CAUCA","19050","ARGELIA","RURAL","1"
"01/06/2015","86","PUTUMAYO","86320","ORITO","RURAL","1"
"01/06/2015","86","PUTUMAYO","86568","PUERTO ASIS","URBANA","1"
"31/05/2015","76","VALLE DEL CAUCA","76109","BUENAVENTURA","RURAL","1"
"31/05/2015","86","PUTUMAYO","86569","PUERTO CAICEDO","URBANA","1"
"31/05/2015","05","ANTIOQUIA","05819","TOLEDO","RURAL","1"
"31/05/2015","86","PUTUMAYO","86865","VALLE DEL GUAMUEZ","RURAL","1"
"30/05/2015","86","PUTUMAYO","86757","SAN MIGUEL","RURAL","1"
"29/05/2015","52","NARIÑO","52079","BARBACOAS","RURAL","1"
"29/05/2015","52","NARIÑO","52079","BARBACOAS","URBANA","1"
"29/05/2015","52","NARIÑO","52835","SAN ANDRES DE TUMACO","RURAL","1"
"28/05/2015","52","NARIÑO","52390","LA TOLA","URBANA","1"
"28/05/2015","19","CAUCA","19532","PATIA","RURAL","1"
"28/05/2015","52","NARIÑO","52835","SAN ANDRES DE TUMACO","URBANA","1"
"27/05/2015","05","ANTIOQUIA","05134","CAMPAMENTO","RURAL","1"
"27/05/2015","52","NARIÑO","52835","SAN ANDRES DE TUMACO","URBANA","1"
"27/05/2015","52","NARIÑO","52835","SAN ANDRES DE TUMACO","URBANA","1"
"27/05/2015","52","NARIÑO","52835","SAN ANDRES DE TUMACO","RURAL","1"
"27/05/2015","54","NORTE DE SANTANDER","54003","ABREGO","RURAL","1"
"26/05/2015","52","NARIÑO","52835","SAN ANDRES DE TUMACO","URBANA","1"
"26/05/2015","52","NARIÑO","52835","SAN ANDRES DE TUMACO","URBANA","1"
"26/05/2015","52","NARIÑO","52835","SAN ANDRES DE TUMACO","URBANA","1"
"24/05/2015","50","META","50001","VILLAVICENCIO","URBANA","1"
"23/05/2015","52","NARIÑO","52835","SAN ANDRES DE TUMACO","URBANA","1"
"23/05/2015","52","NARIÑO","52835","SAN ANDRES DE TUMACO","URBANA","1"
"20/05/2015","85","CASANARE","85010","AGUAZUL","URBANA","1"
"20/05/2015","19","CAUCA","19110","BUENOS AIRES","RURAL","1"
"12/05/2015","19","CAUCA","19212","CORINTO","RURAL","1"
"09/05/2015","19","CAUCA","19698","SANTANDER DE QUILICHAO","RURAL","1"
"07/05/2015","85","CASANARE","85010","AGUAZUL","URBANA","1"
"07/05/2015","86","PUTUMAYO","86320","ORITO","RURAL","1"
"04/05/2015","19","CAUCA","19142","CALOTO","URBANA","1"
"27/04/2015","52","NARIÑO","52835","SAN ANDRES DE TUMACO","URBANA","1"
"22/04/2015","27","CHOCO","27787","TADO","RURAL","1"
"22/04/2015","15","BOYACA","15001","TUNJA","URBANA","1"
"21/04/2015","81","ARAUCA","81736","SARAVENA","URBANA","1"
"19/04/2015","54","NORTE DE SANTANDER","54820","TOLEDO","RURAL","1"
"17/04/2015","52","NARIÑO","52835","SAN ANDRES DE TUMACO","URBANA","1"
"17/04/2015","27","CHOCO","27787","TADO","RURAL","1"
"14/04/2015","19","CAUCA","19532","PATIA","RURAL","1"
"10/04/2015","54","NORTE DE SANTANDER","54498","OCAÑA","URBANA","1"
"09/04/2015","50","META","50150","CASTILLA LA NUEVA","URBANA","1"
"08/04/2015","54","NORTE DE SANTANDER","54344","HACARI","RURAL","1"
"08/04/2015","05","ANTIOQUIA","05854","VALDIVIA","RURAL","1"
"07/04/2015","05","ANTIOQUIA","05079","BARBOSA","URBANA","1"
"06/04/2015","13","BOLIVAR","13042","ARENAL","URBANA","1"
"06/04/2015","27","CHOCO","27077","BAJO BAUDO","URBANA","1"
"04/04/2015","27","CHOCO","27787","TADO","RURAL","1"
"31/03/2015","05","ANTIOQUIA","05250","EL BAGRE","RURAL","1"
"27/03/2015","44","LA GUAJIRA","44090","DIBULLA","RURAL","1"
"27/03/2015","41","HUILA","41001","NEIVA","URBANA","1"
"25/03/2015","05","ANTIOQUIA","05001","MEDELLIN","URBANA","1"
"15/03/2015","05","ANTIOQUIA","05250","EL BAGRE","RURAL","1"
"15/03/2015","54","NORTE DE SANTANDER","54498","OCAÑA","URBANA","1"
"15/03/2015","50","META","50680","SAN CARLOS DE GUAROA","URBANA","1"
"14/03/2015","99","VICHADA","99773","CUMARIBO","URBANA","1"
"12/03/2015","11","BOGOTA D.C.","11001","BOGOTA D.C.","URBANA","1"
"12/03/2015","52","NARIÑO","52435","MALLAMA","RURAL","1"
"12/03/2015","86","PUTUMAYO","86755","SAN FRANCISCO","RURAL","1"
"11/03/2015","52","NARIÑO","52435","MALLAMA","RURAL","1"
"11/03/2015","41","HUILA","41660","SALADOBLANCO","RURAL","1"
"11/03/2015","19","CAUCA","19698","SANTANDER DE QUILICHAO","RURAL","1"
"11/03/2015","05","ANTIOQUIA","05736","SEGOVIA","RURAL","1"
"11/03/2015","81","ARAUCA","81794","TAME","RURAL","1"
"11/03/2015","05","ANTIOQUIA","05120","CACERES","RURAL","1"
"10/03/2015","05","ANTIOQUIA","05790","TARAZA","RURAL","1"
"06/03/2015","11","BOGOTA D.C.","11001","BOGOTA D.C.","URBANA","1"
"03/03/2015","05","ANTIOQUIA","05642","SALGAR","RURAL","1"
"02/03/2015","11","BOGOTA D.C.","11001","BOGOTA D.C.","URBANA","1"
"01/03/2015","11","BOGOTA D.C.","11001","BOGOTA D.C.","URBANA","1"
"27/02/2015","52","NARIÑO","52835","SAN ANDRES DE TUMACO","URBANA","1"
"26/02/2015","52","NARIÑO","52835","SAN ANDRES DE TUMACO","RURAL","1"
"25/02/2015","52","NARIÑO","52835","SAN ANDRES DE TUMACO","URBANA","1"
"25/02/2015","52","NARIÑO","52835","SAN ANDRES DE TUMACO","URBANA","1"
"25/02/2015","52","NARIÑO","52835","SAN ANDRES DE TUMACO","URBANA","1"
"24/02/2015","47","MAGDALENA","47001","SANTA MARTA","URBANA","1"
"23/02/2015","50","META","50711","VISTAHERMOSA","URBANA","1"
"20/02/2015","05","ANTIOQUIA","05154","CAUCASIA","URBANA","1"
"18/02/2015","54","NORTE DE SANTANDER","54498","OCAÑA","RURAL","1"
"18/02/2015","05","ANTIOQUIA","05854","VALDIVIA","RURAL","1"
"18/02/2015","05","ANTIOQUIA","05361","ITUANGO","RURAL","1"
"16/02/2015","86","PUTUMAYO","86001","MOCOA","RURAL","1"
"15/02/2015","54","NORTE DE SANTANDER","54720","SARDINATA","RURAL","1"
"14/02/2015","05","ANTIOQUIA","05854","VALDIVIA","RURAL","1"
"13/02/2015","47","MAGDALENA","47001","SANTA MARTA","URBANA","1"
"11/02/2015","11","BOGOTA D.C.","11001","BOGOTA D.C.","URBANA","1"
"11/02/2015","05","ANTIOQUIA","05107","BRICEÑO","RURAL","1"
"10/02/2015","11","BOGOTA D.C.","11001","BOGOTA D.C.","URBANA","1"
"10/02/2015","52","NARIÑO","52612","RICAURTE","RURAL","1"
"09/02/2015","27","CHOCO","27001","QUIBDO","RURAL","1"
"09/02/2015","27","CHOCO","27001","QUIBDO","RURAL","1"
"08/02/2015","27","CHOCO","27001","QUIBDO","RURAL","1"
"05/02/2015","05","ANTIOQUIA","05120","CACERES","RURAL","1"
"05/02/2015","27","CHOCO","27787","TADO","RURAL","1"
"02/02/2015","11","BOGOTA D.C.","11001","BOGOTA D.C.","URBANA","1"
"31/01/2015","54","NORTE DE SANTANDER","54206","CONVENCION","RURAL","1"
"31/01/2015","73","TOLIMA","73001","IBAGUE","URBANA","1"
"31/01/2015","54","NORTE DE SANTANDER","54398","LA PLAYA","URBANA","1"
"23/01/2015","73","TOLIMA","73555","PLANADAS","URBANA","1"
"22/01/2015","05","ANTIOQUIA","05887","YARUMAL","RURAL","1"
"21/01/2015","54","NORTE DE SANTANDER","54245","EL CARMEN","RURAL","1"
"19/01/2015","54","NORTE DE SANTANDER","54245","EL CARMEN","RURAL","1"
"14/01/2015","41","HUILA","41001","NEIVA","URBANA","1"
"14/01/2015","05","ANTIOQUIA","05790","TARAZA","RURAL","1"
"11/01/2015","27","CHOCO","27001","QUIBDO","RURAL","1"
"11/01/2015","27","CHOCO","27001","QUIBDO","URBANA","1"
"10/01/2015","05","ANTIOQUIA","05647","SAN ANDRES DE CUERQUIA","RURAL","1"
"08/01/2015","76","VALLE DEL CAUCA","76275","FLORIDA","URBANA","1"
"03/01/2015","50","META","50330","MESETAS","RURAL","1"
"01/01/2015","76","VALLE DEL CAUCA","76275","FLORIDA","URBANA","1"
"31/12/2014","41","HUILA","41349","HOBO","URBANA","1"
"31/12/2014","41","HUILA","41001","NEIVA","URBANA","1"
"30/12/2014","54","NORTE DE SANTANDER","54874","VILLA DEL ROSARIO","RURAL","1"
"26/12/2014","86","PUTUMAYO","86885","VILLAGARZON","URBANA","1"
"23/12/2014","54","NORTE DE SANTANDER","54670","SAN CALIXTO","URBANA","1"
"22/12/2014","41","HUILA","41001","NEIVA","URBANA","1"
"21/12/2014","27","CHOCO","27361","ISTMINA","RURAL","1"
"19/12/2014","19","CAUCA","19137","CALDONO","RURAL","1"
"19/12/2014","52","NARIÑO","52036","ANCUYA","URBANA","1"
"18/12/2014","54","NORTE DE SANTANDER","54001","CUCUTA","URBANA","1"
"18/12/2014","54","NORTE DE SANTANDER","54820","TOLEDO","URBANA","1"
"17/12/2014","50","META","50001","VILLAVICENCIO","URBANA","1"
"17/12/2014","54","NORTE DE SANTANDER","54498","OCAÑA","RURAL","1"
"15/12/2014","52","NARIÑO","52390","LA TOLA","RURAL","1"
"12/12/2014","41","HUILA","41001","NEIVA","URBANA","1"
"10/12/2014","41","HUILA","41001","NEIVA","URBANA","1"
"09/12/2014","41","HUILA","41132","CAMPOALEGRE","RURAL","1"
"09/12/2014","86","PUTUMAYO","86320","ORITO","RURAL","1"
"09/12/2014","54","NORTE DE SANTANDER","54810","TIBU","RURAL","1"
"09/12/2014","54","NORTE DE SANTANDER","54810","TIBU","RURAL","1"
"09/12/2014","54","NORTE DE SANTANDER","54810","TIBU","RURAL","1"
"08/12/2014","73","TOLIMA","73622","RONCESVALLES","RURAL","1"
"08/12/2014","52","NARIÑO","52835","SAN ANDRES DE TUMACO","RURAL","1"
"08/12/2014","73","TOLIMA","73483","NATAGAIMA","URBANA","1"
"07/12/2014","86","PUTUMAYO","86320","ORITO","RURAL","1"
"05/12/2014","50","META","50001","VILLAVICENCIO","URBANA","1"
"04/12/2014","41","HUILA","41001","NEIVA","URBANA","1"
"03/12/2014","50","META","50577","PUERTO LLERAS","RURAL","1"
"03/12/2014","19","CAUCA","19137","CALDONO","RURAL","1"
"03/12/2014","54","NORTE DE SANTANDER","54206","CONVENCION","RURAL","1"
"03/12/2014","54","NORTE DE SANTANDER","54206","CONVENCION","RURAL","1"
"03/12/2014","54","NORTE DE SANTANDER","54206","CONVENCION","RURAL","1"
"03/12/2014","54","NORTE DE SANTANDER","54206","CONVENCION","RURAL","1"
"03/12/2014","54","NORTE DE SANTANDER","54206","CONVENCION","RURAL","1"
"03/12/2014","54","NORTE DE SANTANDER","54206","CONVENCION","RURAL","1"
"03/12/2014","54","NORTE DE SANTANDER","54206","CONVENCION","RURAL","1"
"03/12/2014","54","NORTE DE SANTANDER","54206","CONVENCION","RURAL","1"
"03/12/2014","54","NORTE DE SANTANDER","54245","EL CARMEN","RURAL","1"
"03/12/2014","54","NORTE DE SANTANDER","54245","EL CARMEN","RURAL","1"
"03/12/2014","54","NORTE DE SANTANDER","54245","EL CARMEN","RURAL","1"
"03/12/2014","54","NORTE DE SANTANDER","54245","EL CARMEN","RURAL","1"
"03/12/2014","54","NORTE DE SANTANDER","54245","EL CARMEN","RURAL","1"
"03/12/2014","50","META","50577","PUERTO LLERAS","RURAL","1"
"02/12/2014","54","NORTE DE SANTANDER","54720","SARDINATA","RURAL","1"
"02/12/2014","41","HUILA","41020","ALGECIRAS","RURAL","1"
"01/12/2014","54","NORTE DE SANTANDER","54810","TIBU","RURAL","1"
"30/11/2014","52","NARIÑO","52612","RICAURTE","RURAL","1"
"30/11/2014","76","VALLE DEL CAUCA","76834","TULUA","URBANA","1"
"30/11/2014","41","HUILA","41020","ALGECIRAS","URBANA","1"
"29/11/2014","76","VALLE DEL CAUCA","76364","JAMUNDI","URBANA","1"
"29/11/2014","76","VALLE DEL CAUCA","76364","JAMUNDI","RURAL","1"
"29/11/2014","52","NARIÑO","52678","SAMANIEGO","RURAL","1"
"28/11/2014","19","CAUCA","19355","INZA","RURAL","1"
"28/11/2014","54","NORTE DE SANTANDER","54810","TIBU","RURAL","1"
"27/11/2014","05","ANTIOQUIA","05790","TARAZA","URBANA","1"
"27/11/2014","19","CAUCA","19212","CORINTO","RURAL","1"
"27/11/2014","52","NARIÑO","52835","SAN ANDRES DE TUMACO","RURAL","1"
"27/11/2014","86","PUTUMAYO","86568","PUERTO ASIS","RURAL","1"
"26/11/2014","15","BOYACA","15223","CUBARA","RURAL","1"
"26/11/2014","54","NORTE DE SANTANDER","54001","CUCUTA","URBANA","1"
"26/11/2014","86","PUTUMAYO","86320","ORITO","RURAL","1"
"25/11/2014","05","ANTIOQUIA","05790","TARAZA","RURAL","1"
"24/11/2014","73","TOLIMA","73555","PLANADAS","RURAL","1"
"22/11/2014","19","CAUCA","19318","GUAPI","RURAL","1"
"22/11/2014","52","NARIÑO","52835","SAN ANDRES DE TUMACO","URBANA","1"
"22/11/2014","52","NARIÑO","52835","SAN ANDRES DE TUMACO","URBANA","1"
"22/11/2014","05","ANTIOQUIA","05895","ZARAGOZA","RURAL","1"
"21/11/2014","41","HUILA","41799","TELLO","URBANA","1"
"21/11/2014","41","HUILA","41396","LA PLATA","RURAL","1"
"21/11/2014","73","TOLIMA","73124","CAJAMARCA","RURAL","1"
"20/11/2014","41","HUILA","41396","LA PLATA","RURAL","1"
"19/11/2014","05","ANTIOQUIA","05040","ANORI","RURAL","1"
"19/11/2014","76","VALLE DEL CAUCA","76147","CARTAGO","URBANA","1"
"18/11/2014","44","LA GUAJIRA","44279","FONSECA","RURAL","1"
"17/11/2014","44","LA GUAJIRA","44279","FONSECA","RURAL","1"
"16/11/2014","05","ANTIOQUIA","05887","YARUMAL","URBANA","1"
"15/11/2014","41","HUILA","41132","CAMPOALEGRE","URBANA","1"
"14/11/2014","52","NARIÑO","52001","PASTO","URBANA","1"
"13/11/2014","41","HUILA","41001","NEIVA","URBANA","1"
"12/11/2014","54","NORTE DE SANTANDER","54810","TIBU","RURAL","1"
"12/11/2014","05","ANTIOQUIA","05854","VALDIVIA","RURAL","1"
"12/11/2014","73","TOLIMA","73001","IBAGUE","RURAL","1"
"11/11/2014","47","MAGDALENA","47189","CIENAGA","URBANA","1"
"11/11/2014","15","BOYACA","15001","TUNJA","URBANA","1"
"10/11/2014","86","PUTUMAYO","86865","VALLE DEL GUAMUEZ","RURAL","1"
"08/11/2014","86","PUTUMAYO","86320","ORITO","RURAL","1"
"07/11/2014","05","ANTIOQUIA","05038","ANGOSTURA","RURAL","1"
"06/11/2014","05","ANTIOQUIA","05002","ABEJORRAL","RURAL","1"
"05/11/2014","52","NARIÑO","52835","SAN ANDRES DE TUMACO","URBANA","1"
"05/11/2014","52","NARIÑO","52835","SAN ANDRES DE TUMACO","URBANA","1"
"05/11/2014","52","NARIÑO","52835","SAN ANDRES DE TUMACO","RURAL","1"
"05/11/2014","52","NARIÑO","52835","SAN ANDRES DE TUMACO","RURAL","1"
"04/11/2014","52","NARIÑO","52835","SAN ANDRES DE TUMACO","RURAL","1"
"04/11/2014","52","NARIÑO","52835","SAN ANDRES DE TUMACO","URBANA","1"
"04/11/2014","52","NARIÑO","52835","SAN ANDRES DE TUMACO","URBANA","1"
"03/11/2014","41","HUILA","41615","RIVERA","URBANA","1"
"01/11/2014","86","PUTUMAYO","86320","ORITO","RURAL","1"
"01/11/2014","27","CHOCO","27001","QUIBDO","URBANA","1"
"31/10/2014","52","NARIÑO","52079","BARBACOAS","RURAL","1"
"30/10/2014","73","TOLIMA","73168","CHAPARRAL","RURAL","1"
"30/10/2014","86","PUTUMAYO","86001","MOCOA","RURAL","1"
"29/10/2014","05","ANTIOQUIA","05854","VALDIVIA","RURAL","1"
"28/10/2014","05","ANTIOQUIA","05819","TOLEDO","RURAL","1"
"28/10/2014","05","ANTIOQUIA","05819","TOLEDO","RURAL","1"
"28/10/2014","05","ANTIOQUIA","05819","TOLEDO","RURAL","1"
"28/10/2014","50","META","50450","PUERTO CONCORDIA","RURAL","1"
"27/10/2014","05","ANTIOQUIA","05120","CACERES","RURAL","1"
"27/10/2014","52","NARIÑO","52250","EL CHARCO","URBANA","1"
"26/10/2014","54","NORTE DE SANTANDER","54720","SARDINATA","RURAL","1"
"24/10/2014","52","NARIÑO","52560","POTOSI","URBANA","1"
"24/10/2014","52","NARIÑO","52835","SAN ANDRES DE TUMACO","RURAL","1"
"22/10/2014","05","ANTIOQUIA","05697","EL SANTUARIO","URBANA","1"
"22/10/2014","86","PUTUMAYO","86865","VALLE DEL GUAMUEZ","RURAL","1"
"21/10/2014","85","CASANARE","85010","AGUAZUL","URBANA","1"
"21/10/2014","73","TOLIMA","73168","CHAPARRAL","RURAL","1"
"21/10/2014","50","META","50318","GUAMAL","URBANA","1"
"20/10/2014","27","CHOCO","27205","CONDOTO","RURAL","1"
"20/10/2014","54","NORTE DE SANTANDER","54810","TIBU","RURAL","1"
"20/10/2014","54","NORTE DE SANTANDER","54810","TIBU","RURAL","1"
"20/10/2014","54","NORTE DE SANTANDER","54810","TIBU","RURAL","1"
"19/10/2014","81","ARAUCA","81065","ARAUQUITA","RURAL","1"
"18/10/2014","41","HUILA","41357","IQUIRA","RURAL","1"
"18/10/2014","41","HUILA","41001","NEIVA","URBANA","1"
"17/10/2014","86","PUTUMAYO","86865","VALLE DEL GUAMUEZ","RURAL","1"
"17/10/2014","86","PUTUMAYO","86320","ORITO","URBANA","1"
"17/10/2014","47","MAGDALENA","47001","SANTA MARTA","URBANA","1"
"16/10/2014","54","NORTE DE SANTANDER","54720","SARDINATA","RURAL","1"
"16/10/2014","54","NORTE DE SANTANDER","54810","TIBU","RURAL","1"
"15/10/2014","05","ANTIOQUIA","05647","SAN ANDRES DE CUERQUIA","RURAL","1"
"15/10/2014","50","META","50313","GRANADA","URBANA","1"
"15/10/2014","50","META","50350","LA MACARENA","URBANA","1"
"13/10/2014","05","ANTIOQUIA","05113","BURITICA","URBANA","1"
"12/10/2014","81","ARAUCA","81065","ARAUQUITA","URBANA","1"
"12/10/2014","52","NARIÑO","52835","SAN ANDRES DE TUMACO","URBANA","1"
"12/10/2014","52","NARIÑO","52835","SAN ANDRES DE TUMACO","URBANA","1"
"12/10/2014","76","VALLE DEL CAUCA","76001","CALI","URBANA","1"
"11/10/2014","52","NARIÑO","52835","SAN ANDRES DE TUMACO","URBANA","1"
"11/10/2014","52","NARIÑO","52835","SAN ANDRES DE TUMACO","URBANA","1"
"11/10/2014","73","TOLIMA","73236","DOLORES","URBANA","1"
"10/10/2014","52","NARIÑO","52835","SAN ANDRES DE TUMACO","URBANA","1"
"10/10/2014","52","NARIÑO","52835","SAN ANDRES DE TUMACO","URBANA","1"
"09/10/2014","19","CAUCA","19397","LA VEGA","RURAL","1"
"09/10/2014","54","NORTE DE SANTANDER","54810","TIBU","RURAL","1"
"08/10/2014","41","HUILA","41797","TESALIA","RURAL","1"
"07/10/2014","73","TOLIMA","73067","ATACO","URBANA","1"
"07/10/2014","13","BOLIVAR","13244","EL CARMEN DE BOLIVAR","RURAL","1"
"07/10/2014","76","VALLE DEL CAUCA","76834","TULUA","RURAL","1"
"06/10/2014","81","ARAUCA","81794","TAME","RURAL","1"
"04/10/2014","05","ANTIOQUIA","05107","BRICEÑO","RURAL","1"
"03/10/2014","18","CAQUETA","18610","SAN JOSE DEL FRAGUA","RURAL","1"
"02/10/2014","50","META","50683","SAN JUAN DE ARAMA","RURAL","1"
"02/10/2014","19","CAUCA","19513","PADILLA","RURAL","1"
"01/10/2014","41","HUILA","41001","NEIVA","RURAL","1"
"01/10/2014","86","PUTUMAYO","86001","MOCOA","URBANA","1"
"01/10/2014","54","NORTE DE SANTANDER","54250","EL TARRA","URBANA","1"
"29/09/2014","19","CAUCA","19698","SANTANDER DE QUILICHAO","URBANA","1"
"28/09/2014","86","PUTUMAYO","86865","VALLE DEL GUAMUEZ","RURAL","1"
"27/09/2014","05","ANTIOQUIA","05790","TARAZA","RURAL","1"
"27/09/2014","44","LA GUAJIRA","44874","VILLANUEVA","URBANA","1"
"27/09/2014","05","ANTIOQUIA","05790","TARAZA","URBANA","1"
"27/09/2014","50","META","50683","SAN JUAN DE ARAMA","RURAL","1"
"26/09/2014","05","ANTIOQUIA","05790","TARAZA","RURAL","1"
"26/09/2014","19","CAUCA","19300","GUACHENE","RURAL","1"
"25/09/2014","41","HUILA","41001","NEIVA","RURAL","1"
"25/09/2014","05","ANTIOQUIA","05040","ANORI","RURAL","1"
"24/09/2014","19","CAUCA","19548","PIENDAMO - TUNIA","URBANA","1"
"24/09/2014","86","PUTUMAYO","86865","VALLE DEL GUAMUEZ","RURAL","1"
"23/09/2014","05","ANTIOQUIA","05045","APARTADO","RURAL","1"
"23/09/2014","50","META","50711","VISTAHERMOSA","RURAL","1"
"22/09/2014","52","NARIÑO","52405","LEIVA","URBANA","1"
"21/09/2014","86","PUTUMAYO","86865","VALLE DEL GUAMUEZ","RURAL","1"
"20/09/2014","54","NORTE DE SANTANDER","54250","EL TARRA","RURAL","1"
"18/09/2014","86","PUTUMAYO","86568","PUERTO ASIS","RURAL","1"
"17/09/2014","05","ANTIOQUIA","05040","ANORI","URBANA","1"
"17/09/2014","19","CAUCA","19513","PADILLA","RURAL","1"
"16/09/2014","54","NORTE DE SANTANDER","54206","CONVENCION","RURAL","1"
"16/09/2014","86","PUTUMAYO","86865","VALLE DEL GUAMUEZ","URBANA","1"
"15/09/2014","05","ANTIOQUIA","05790","TARAZA","RURAL","1"
"14/09/2014","54","NORTE DE SANTANDER","54810","TIBU","RURAL","1"
"13/09/2014","41","HUILA","41016","AIPE","RURAL","1"
"13/09/2014","99","VICHADA","99773","CUMARIBO","RURAL","1"
"13/09/2014","76","VALLE DEL CAUCA","76364","JAMUNDI","RURAL","1"
"12/09/2014","50","META","50318","GUAMAL","RURAL","1"
"12/09/2014","81","ARAUCA","81065","ARAUQUITA","RURAL","1"
"11/09/2014","41","HUILA","41306","GIGANTE","RURAL","1"
"10/09/2014","41","HUILA","41797","TESALIA","RURAL","1"
"10/09/2014","05","ANTIOQUIA","05040","ANORI","RURAL","1"
"10/09/2014","41","HUILA","41001","NEIVA","URBANA","1"
"09/09/2014","50","META","50313","GRANADA","URBANA","1"
"09/09/2014","86","PUTUMAYO","86865","VALLE DEL GUAMUEZ","RURAL","1"
"08/09/2014","86","PUTUMAYO","86568","PUERTO ASIS","RURAL","1"
"08/09/2014","86","PUTUMAYO","86568","PUERTO ASIS","URBANA","1"
"08/09/2014","50","META","50606","RESTREPO","URBANA","1"
"07/09/2014","05","ANTIOQUIA","05819","TOLEDO","RURAL","1"
"07/09/2014","50","META","50683","SAN JUAN DE ARAMA","URBANA","1"
"06/09/2014","05","ANTIOQUIA","05113","BURITICA","RURAL","1"
"06/09/2014","50","META","50711","VISTAHERMOSA","URBANA","1"
"06/09/2014","86","PUTUMAYO","86568","PUERTO ASIS","RURAL","1"
"05/09/2014","05","ANTIOQUIA","05819","TOLEDO","RURAL","1"
"05/09/2014","05","ANTIOQUIA","05315","GUADALUPE","URBANA","1"
"05/09/2014","50","META","50313","GRANADA","URBANA","1"
"02/09/2014","50","META","50577","PUERTO LLERAS","RURAL","1"
"02/09/2014","19","CAUCA","19698","SANTANDER DE QUILICHAO","URBANA","1"
"02/09/2014","73","TOLIMA","73555","PLANADAS","RURAL","1"
"31/08/2014","41","HUILA","41551","PITALITO","URBANA","1"
"30/08/2014","85","CASANARE","85001","YOPAL","URBANA","1"
"29/08/2014","18","CAQUETA","18001","FLORENCIA","RURAL","1"
"28/08/2014","86","PUTUMAYO","86885","VILLAGARZON","RURAL","1"
"28/08/2014","19","CAUCA","19142","CALOTO","RURAL","1"
"28/08/2014","19","CAUCA","19355","INZA","RURAL","1"
"28/08/2014","41","HUILA","41001","NEIVA","URBANA","1"
"28/08/2014","41","HUILA","41001","NEIVA","URBANA","1"
"27/08/2014","05","ANTIOQUIA","05887","YARUMAL","RURAL","1"
"27/08/2014","05","ANTIOQUIA","05887","YARUMAL","RURAL","1"
"26/08/2014","41","HUILA","41001","NEIVA","RURAL","1"
"26/08/2014","50","META","50683","SAN JUAN DE ARAMA","RURAL","1"
"26/08/2014","50","META","50001","VILLAVICENCIO","URBANA","1"
"25/08/2014","68","SANTANDER","68001","BUCARAMANGA","URBANA","1"
"25/08/2014","81","ARAUCA","81001","ARAUCA","URBANA","1"
"25/08/2014","50","META","50577","PUERTO LLERAS","URBANA","1"
"25/08/2014","50","META","50689","SAN MARTIN","RURAL","1"
"24/08/2014","41","HUILA","41001","NEIVA","RURAL","1"
"23/08/2014","81","ARAUCA","81065","ARAUQUITA","RURAL","1"
"23/08/2014","27","CHOCO","27001","QUIBDO","RURAL","1"
"22/08/2014","41","HUILA","41001","NEIVA","URBANA","1"
"22/08/2014","50","META","50270","EL DORADO","URBANA","1"
"21/08/2014","86","PUTUMAYO","86568","PUERTO ASIS","RURAL","1"
"21/08/2014","19","CAUCA","19532","PATIA","URBANA","1"
"21/08/2014","50","META","50313","GRANADA","URBANA","1"
"21/08/2014","50","META","50711","VISTAHERMOSA","RURAL","1"
"20/08/2014","86","PUTUMAYO","86568","PUERTO ASIS","RURAL","1"
"19/08/2014","05","ANTIOQUIA","05134","CAMPAMENTO","RURAL","1"
"19/08/2014","05","ANTIOQUIA","05134","CAMPAMENTO","RURAL","1"
"18/08/2014","81","ARAUCA","81794","TAME","RURAL","1"
"17/08/2014","50","META","50683","SAN JUAN DE ARAMA","URBANA","1"
"16/08/2014","11","BOGOTA D.C.","11001","BOGOTA D.C.","URBANA","1"
"16/08/2014","52","NARIÑO","52356","IPIALES","URBANA","1"
"15/08/2014","52","NARIÑO","52233","CUMBITARA","URBANA","1"
"15/08/2014","52","NARIÑO","52356","IPIALES","URBANA","1"
"14/08/2014","52","NARIÑO","52835","SAN ANDRES DE TUMACO","URBANA","1"
"13/08/2014","99","VICHADA","99773","CUMARIBO","RURAL","1"
"13/08/2014","52","NARIÑO","52699","SANTACRUZ","URBANA","1"
"12/08/2014","44","LA GUAJIRA","44078","BARRANCAS","URBANA","1"
"11/08/2014","05","ANTIOQUIA","05040","ANORI","RURAL","1"
"11/08/2014","05","ANTIOQUIA","05819","TOLEDO","RURAL","1"
"11/08/2014","52","NARIÑO","52835","SAN ANDRES DE TUMACO","RURAL","1"
"11/08/2014","76","VALLE DEL CAUCA","76834","TULUA","URBANA","1"
"10/08/2014","52","NARIÑO","52079","BARBACOAS","RURAL","1"
"09/08/2014","81","ARAUCA","81001","ARAUCA","URBANA","1"
"09/08/2014","54","NORTE DE SANTANDER","54810","TIBU","RURAL","1"
"09/08/2014","76","VALLE DEL CAUCA","76275","FLORIDA","URBANA","1"
"09/08/2014","41","HUILA","41799","TELLO","RURAL","1"
"08/08/2014","41","HUILA","41078","BARAYA","RURAL","1"
"07/08/2014","50","META","50313","GRANADA","URBANA","1"
"06/08/2014","86","PUTUMAYO","86568","PUERTO ASIS","RURAL","1"
"05/08/2014","86","PUTUMAYO","86001","MOCOA","URBANA","1"
"03/08/2014","41","HUILA","41298","GARZON","URBANA","1"
"03/08/2014","41","HUILA","41349","HOBO","URBANA","1"
"02/08/2014","50","META","50223","CUBARRAL","URBANA","1"
"01/08/2014","54","NORTE DE SANTANDER","54245","EL CARMEN","RURAL","1"
"31/07/2014","50","META","50313","GRANADA","URBANA","1"
"30/07/2014","52","NARIÑO","52835","SAN ANDRES DE TUMACO","RURAL","1"
"30/07/2014","41","HUILA","41001","NEIVA","URBANA","1"
"30/07/2014","19","CAUCA","19137","CALDONO","RURAL","1"
"29/07/2014","68","SANTANDER","68081","BARRANCABERMEJA","RURAL","1"
"29/07/2014","41","HUILA","41132","CAMPOALEGRE","URBANA","1"
"29/07/2014","41","HUILA","41524","PALERMO","RURAL","1"
"29/07/2014","11","BOGOTA D.C.","11001","BOGOTA D.C.","URBANA","1"
"29/07/2014","11","BOGOTA D.C.","11001","BOGOTA D.C.","URBANA","1"
"29/07/2014","11","BOGOTA D.C.","11001","BOGOTA D.C.","URBANA","1"
"29/07/2014","50","META","50568","PUERTO GAITAN","RURAL","1"
"28/07/2014","76","VALLE DEL CAUCA","76233","DAGUA","RURAL","1"
"28/07/2014","05","ANTIOQUIA","05679","SANTA BARBARA","RURAL","1"
"28/07/2014","86","PUTUMAYO","86320","ORITO","RURAL","1"
"28/07/2014","27","CHOCO","27001","QUIBDO","URBANA","1"
"27/07/2014","41","HUILA","41001","NEIVA","URBANA","1"
"26/07/2014","52","NARIÑO","52001","PASTO","URBANA","1"
"26/07/2014","54","NORTE DE SANTANDER","54109","BUCARASICA","RURAL","1"
"26/07/2014","50","META","50313","GRANADA","RURAL","1"
"25/07/2014","81","ARAUCA","81794","TAME","RURAL","1"
"24/07/2014","52","NARIÑO","52250","EL CHARCO","RURAL","1"
"24/07/2014","05","ANTIOQUIA","05890","YOLOMBO","RURAL","1"
"24/07/2014","76","VALLE DEL CAUCA","76892","YUMBO","URBANA","1"
"23/07/2014","86","PUTUMAYO","86320","ORITO","URBANA","1"
"23/07/2014","86","PUTUMAYO","86320","ORITO","RURAL","1"
"22/07/2014","86","PUTUMAYO","86757","SAN MIGUEL","RURAL","1"
"21/07/2014","05","ANTIOQUIA","05819","TOLEDO","RURAL","1"
"21/07/2014","52","NARIÑO","52835","SAN ANDRES DE TUMACO","URBANA","1"
"21/07/2014","86","PUTUMAYO","86320","ORITO","RURAL","1"
"21/07/2014","86","PUTUMAYO","86757","SAN MIGUEL","RURAL","1"
"20/07/2014","05","ANTIOQUIA","05604","REMEDIOS","URBANA","1"
"20/07/2014","05","ANTIOQUIA","05819","TOLEDO","RURAL","1"
"20/07/2014","95","GUAVIARE","95001","SAN JOSE DEL GUAVIARE","RURAL","1"
"20/07/2014","44","LA GUAJIRA","44874","VILLANUEVA","RURAL","1"
"19/07/2014","05","ANTIOQUIA","05819","TOLEDO","URBANA","1"
"19/07/2014","05","ANTIOQUIA","05736","SEGOVIA","RURAL","1"
"19/07/2014","05","ANTIOQUIA","05736","SEGOVIA","RURAL","1"
"19/07/2014","81","ARAUCA","81001","ARAUCA","URBANA","1"
"19/07/2014","81","ARAUCA","81065","ARAUQUITA","RURAL","1"
"19/07/2014","86","PUTUMAYO","86569","PUERTO CAICEDO","RURAL","1"
"18/07/2014","52","NARIÑO","52079","BARBACOAS","RURAL","1"
"18/07/2014","52","NARIÑO","52079","BARBACOAS","RURAL","1"
"18/07/2014","50","META","50683","SAN JUAN DE ARAMA","RURAL","1"
"17/07/2014","05","ANTIOQUIA","05154","CAUCASIA","URBANA","1"
"17/07/2014","52","NARIÑO","52079","BARBACOAS","RURAL","1"
"17/07/2014","52","NARIÑO","52079","BARBACOAS","RURAL","1"
"17/07/2014","41","HUILA","41306","GIGANTE","URBANA","1"
"17/07/2014","86","PUTUMAYO","86865","VALLE DEL GUAMUEZ","RURAL","1"
"17/07/2014","05","ANTIOQUIA","05234","DABEIBA","RURAL","1"
"16/07/2014","54","NORTE DE SANTANDER","54810","TIBU","RURAL","1"
"16/07/2014","50","META","50313","GRANADA","URBANA","1"
"16/07/2014","52","NARIÑO","52079","BARBACOAS","RURAL","1"
"16/07/2014","52","NARIÑO","52835","SAN ANDRES DE TUMACO","URBANA","1"
"16/07/2014","50","META","50313","GRANADA","URBANA","1"
"16/07/2014","50","META","50450","PUERTO CONCORDIA","RURAL","1"
"16/07/2014","95","GUAVIARE","95001","SAN JOSE DEL GUAVIARE","RURAL","1"
"15/07/2014","05","ANTIOQUIA","05854","VALDIVIA","RURAL","1"
"15/07/2014","05","ANTIOQUIA","05854","VALDIVIA","RURAL","1"
"15/07/2014","52","NARIÑO","52835","SAN ANDRES DE TUMACO","RURAL","1"
"15/07/2014","27","CHOCO","27245","EL CARMEN DE ATRATO","RURAL","1"
"15/07/2014","11","BOGOTA D.C.","11001","BOGOTA D.C.","URBANA","1"
"15/07/2014","41","HUILA","41132","CAMPOALEGRE","RURAL","1"
"14/07/2014","41","HUILA","41013","AGRADO","RURAL","1"
"14/07/2014","41","HUILA","41001","NEIVA","URBANA","1"
"13/07/2014","05","ANTIOQUIA","05893","YONDO","RURAL","1"
"12/07/2014","05","ANTIOQUIA","05819","TOLEDO","RURAL","1"
"12/07/2014","41","HUILA","41001","NEIVA","URBANA","1"
"11/07/2014","52","NARIÑO","52835","SAN ANDRES DE TUMACO","URBANA","1"
"11/07/2014","50","META","50683","SAN JUAN DE ARAMA","RURAL","1"
"11/07/2014","50","META","50683","SAN JUAN DE ARAMA","RURAL","1"
"10/07/2014","81","ARAUCA","81001","ARAUCA","URBANA","1"
"10/07/2014","50","META","50683","SAN JUAN DE ARAMA","RURAL","1"
"10/07/2014","86","PUTUMAYO","86320","ORITO","URBANA","1"
"10/07/2014","50","META","50001","VILLAVICENCIO","URBANA","1"
"09/07/2014","81","ARAUCA","81736","SARAVENA","RURAL","1"
"08/07/2014","86","PUTUMAYO","86885","VILLAGARZON","RURAL","1"
"08/07/2014","76","VALLE DEL CAUCA","76892","YUMBO","URBANA","1"
"08/07/2014","44","LA GUAJIRA","44855","URUMITA","RURAL","1"
"06/07/2014","05","ANTIOQUIA","05107","BRICEÑO","RURAL","1"
"06/07/2014","05","ANTIOQUIA","05315","GUADALUPE","URBANA","1"
"06/07/2014","50","META","50270","EL DORADO","RURAL","1"
"05/07/2014","86","PUTUMAYO","86320","ORITO","RURAL","1"
"05/07/2014","50","META","50683","SAN JUAN DE ARAMA","RURAL","1"
"03/07/2014","05","ANTIOQUIA","05854","VALDIVIA","RURAL","1"
"03/07/2014","86","PUTUMAYO","86320","ORITO","URBANA","1"
"03/07/2014","86","PUTUMAYO","86865","VALLE DEL GUAMUEZ","RURAL","1"
"03/07/2014","41","HUILA","41001","NEIVA","URBANA","1"
"03/07/2014","50","META","50001","VILLAVICENCIO","URBANA","1"
"02/07/2014","05","ANTIOQUIA","05038","ANGOSTURA","RURAL","1"
"02/07/2014","05","ANTIOQUIA","05040","ANORI","URBANA","1"
"02/07/2014","50","META","50711","VISTAHERMOSA","RURAL","1"
"02/07/2014","41","HUILA","41001","NEIVA","URBANA","1"
"02/07/2014","50","META","50711","VISTAHERMOSA","RURAL","1"
"02/07/2014","44","LA GUAJIRA","44078","BARRANCAS","RURAL","1"
"01/07/2014","41","HUILA","41026","ALTAMIRA","RURAL","1"
"01/07/2014","05","ANTIOQUIA","05887","YARUMAL","RURAL","1"
"01/07/2014","52","NARIÑO","52356","IPIALES","URBANA","1"
"30/06/2014","86","PUTUMAYO","86568","PUERTO ASIS","RURAL","1"
"29/06/2014","81","ARAUCA","81001","ARAUCA","RURAL","1"
"28/06/2014","54","NORTE DE SANTANDER","54820","TOLEDO","RURAL","1"
"28/06/2014","54","NORTE DE SANTANDER","54820","TOLEDO","RURAL","1"
"28/06/2014","05","ANTIOQUIA","05234","DABEIBA","RURAL","1"
"25/06/2014","50","META","50590","PUERTO RICO","RURAL","1"
"24/06/2014","05","ANTIOQUIA","05315","GUADALUPE","RURAL","1"
"24/06/2014","52","NARIÑO","52427","MAGÜI","RURAL","1"
"23/06/2014","81","ARAUCA","81736","SARAVENA","RURAL","1"
"22/06/2014","85","CASANARE","85001","YOPAL","URBANA","1"
"20/06/2014","11","BOGOTA D.C.","11001","BOGOTA D.C.","URBANA","1"
"19/06/2014","15","BOYACA","15759","SOGAMOSO","URBANA","1"
"18/06/2014","52","NARIÑO","52427","MAGÜI","RURAL","1"
"18/06/2014","50","META","50001","VILLAVICENCIO","URBANA","1"
"17/06/2014","27","CHOCO","27001","QUIBDO","RURAL","1"
"17/06/2014","50","META","50001","VILLAVICENCIO","URBANA","1"
"15/06/2014","11","BOGOTA D.C.","11001","BOGOTA D.C.","URBANA","1"
"15/06/2014","27","CHOCO","27001","QUIBDO","RURAL","1"
"14/06/2014","86","PUTUMAYO","86865","VALLE DEL GUAMUEZ","RURAL","1"
"14/06/2014","76","VALLE DEL CAUCA","76275","FLORIDA","RURAL","1"
"13/06/2014","27","CHOCO","27073","BAGADO","RURAL","1"
"12/06/2014","15","BOYACA","15223","CUBARA","RURAL","1"
"11/06/2014","50","META","50001","VILLAVICENCIO","URBANA","1"
"09/06/2014","50","META","50313","GRANADA","URBANA","1"
"09/06/2014","54","NORTE DE SANTANDER","54498","OCAÑA","URBANA","1"
"08/06/2014","19","CAUCA","19450","MERCADERES","URBANA","1"
"08/06/2014","86","PUTUMAYO","86568","PUERTO ASIS","RURAL","1"
"08/06/2014","44","LA GUAJIRA","44110","EL MOLINO","URBANA","1"
"08/06/2014","27","CHOCO","27787","TADO","URBANA","1"
"07/06/2014","11","BOGOTA D.C.","11001","BOGOTA D.C.","URBANA","1"
"06/06/2014","05","ANTIOQUIA","05040","ANORI","URBANA","1"
"03/06/2014","05","ANTIOQUIA","05148","EL CARMEN DE VIBORAL","URBANA","1"
"03/06/2014","44","LA GUAJIRA","44874","VILLANUEVA","URBANA","1"
"01/06/2014","05","ANTIOQUIA","05591","PUERTO TRIUNFO","RURAL","1"
"31/05/2014","27","CHOCO","27413","LLORO","RURAL","1"
"30/05/2014","05","ANTIOQUIA","05040","ANORI","RURAL","1"
"30/05/2014","91","AMAZONAS","91405","LA CHORRERA","RURAL","1"
"30/05/2014","27","CHOCO","27001","QUIBDO","URBANA","1"
"29/05/2014","05","ANTIOQUIA","05040","ANORI","URBANA","1"
"29/05/2014","05","ANTIOQUIA","05819","TOLEDO","RURAL","1"
"29/05/2014","81","ARAUCA","81065","ARAUQUITA","RURAL","1"
"26/05/2014","86","PUTUMAYO","86320","ORITO","URBANA","1"
"19/05/2014","86","PUTUMAYO","86568","PUERTO ASIS","RURAL","1"
"19/05/2014","86","PUTUMAYO","86320","ORITO","RURAL","1"
"18/05/2014","52","NARIÑO","52079","BARBACOAS","RURAL","1"
"18/05/2014","52","NARIÑO","52079","BARBACOAS","RURAL","1"
"18/05/2014","52","NARIÑO","52835","SAN ANDRES DE TUMACO","RURAL","1"
"18/05/2014","86","PUTUMAYO","86885","VILLAGARZON","RURAL","1"
"17/05/2014","86","PUTUMAYO","86320","ORITO","URBANA","1"
"17/05/2014","86","PUTUMAYO","86320","ORITO","RURAL","1"
"15/05/2014","86","PUTUMAYO","86320","ORITO","RURAL","1"
"14/05/2014","52","NARIÑO","52835","SAN ANDRES DE TUMACO","RURAL","1"
"13/05/2014","81","ARAUCA","81794","TAME","RURAL","1"
"11/05/2014","27","CHOCO","27001","QUIBDO","RURAL","1"
"11/05/2014","52","NARIÑO","52835","SAN ANDRES DE TUMACO","RURAL","1"
"10/05/2014","44","LA GUAJIRA","44430","MAICAO","URBANA","1"
"10/05/2014","13","BOLIVAR","13490","NOROSI","RURAL","1"
"09/05/2014","05","ANTIOQUIA","05854","VALDIVIA","RURAL","1"
"09/05/2014","05","ANTIOQUIA","05854","VALDIVIA","RURAL","1"
"09/05/2014","86","PUTUMAYO","86757","SAN MIGUEL","RURAL","1"
"08/05/2014","50","META","50313","GRANADA","URBANA","1"
"08/05/2014","86","PUTUMAYO","86320","ORITO","RURAL","1"
"08/05/2014","50","META","50001","VILLAVICENCIO","URBANA","1"
"07/05/2014","50","META","50226","CUMARAL","RURAL","1"
"06/05/2014","05","ANTIOQUIA","05790","TARAZA","RURAL","1"
"06/05/2014","73","TOLIMA","73067","ATACO","RURAL","1"
"06/05/2014","86","PUTUMAYO","86569","PUERTO CAICEDO","RURAL","1"
"05/05/2014","52","NARIÑO","52612","RICAURTE","RURAL","1"
"03/05/2014","86","PUTUMAYO","86320","ORITO","RURAL","1"
"03/05/2014","81","ARAUCA","81736","SARAVENA","URBANA","1"
"02/05/2014","76","VALLE DEL CAUCA","76834","TULUA","URBANA","1"
"02/05/2014","73","TOLIMA","73168","CHAPARRAL","RURAL","1"
"02/05/2014","86","PUTUMAYO","86320","ORITO","RURAL","1"
"01/05/2014","81","ARAUCA","81065","ARAUQUITA","RURAL","1"
"01/05/2014","15","BOYACA","15223","CUBARA","RURAL","1"
"01/05/2014","50","META","50001","VILLAVICENCIO","URBANA","1"
"30/04/2014","76","VALLE DEL CAUCA","76563","PRADERA","URBANA","1"
"29/04/2014","52","NARIÑO","52835","SAN ANDRES DE TUMACO","RURAL","1"
"28/04/2014","52","NARIÑO","52835","SAN ANDRES DE TUMACO","RURAL","1"
"27/04/2014","63","QUINDIO","63130","CALARCA","RURAL","1"
"27/04/2014","54","NORTE DE SANTANDER","54250","EL TARRA","RURAL","1"
"27/04/2014","54","NORTE DE SANTANDER","54250","EL TARRA","RURAL","1"
"27/04/2014","54","NORTE DE SANTANDER","54250","EL TARRA","RURAL","1"
"26/04/2014","54","NORTE DE SANTANDER","54810","TIBU","RURAL","1"
"25/04/2014","86","PUTUMAYO","86568","PUERTO ASIS","URBANA","1"
"22/04/2014","81","ARAUCA","81065","ARAUQUITA","RURAL","1"
"22/04/2014","19","CAUCA","19137","CALDONO","URBANA","1"
"22/04/2014","76","VALLE DEL CAUCA","76834","TULUA","URBANA","1"
"22/04/2014","86","PUTUMAYO","86569","PUERTO CAICEDO","RURAL","1"
"20/04/2014","50","META","50001","VILLAVICENCIO","URBANA","1"
"18/04/2014","19","CAUCA","19821","TORIBIO","URBANA","1"
"16/04/2014","44","LA GUAJIRA","44430","MAICAO","URBANA","1"
"14/04/2014","86","PUTUMAYO","86568","PUERTO ASIS","RURAL","1"
"14/04/2014","54","NORTE DE SANTANDER","54800","TEORAMA","RURAL","1"
"12/04/2014","52","NARIÑO","52250","EL CHARCO","URBANA","1"
"09/04/2014","52","NARIÑO","52835","SAN ANDRES DE TUMACO","URBANA","1"
"09/04/2014","05","ANTIOQUIA","05819","TOLEDO","URBANA","1"
"08/04/2014","11","BOGOTA D.C.","11001","BOGOTA D.C.","URBANA","1"
"08/04/2014","19","CAUCA","19532","PATIA","RURAL","1"
"07/04/2014","52","NARIÑO","52835","SAN ANDRES DE TUMACO","URBANA","1"
"04/04/2014","52","NARIÑO","52835","SAN ANDRES DE TUMACO","URBANA","1"
"02/04/2014","52","NARIÑO","52835","SAN ANDRES DE TUMACO","URBANA","1"
"31/03/2014","19","CAUCA","19698","SANTANDER DE QUILICHAO","RURAL","1"
"28/03/2014","19","CAUCA","19050","ARGELIA","URBANA","1"
"27/03/2014","19","CAUCA","19785","SUCRE","URBANA","1"
"27/03/2014","91","AMAZONAS","91669","PUERTO SANTANDER","RURAL","1"
"26/03/2014","54","NORTE DE SANTANDER","54810","TIBU","RURAL","1"
"26/03/2014","54","NORTE DE SANTANDER","54820","TOLEDO","RURAL","1"
"26/03/2014","54","NORTE DE SANTANDER","54810","TIBU","RURAL","1"
"25/03/2014","81","ARAUCA","81794","TAME","RURAL","1"
"25/03/2014","52","NARIÑO","52490","OLAYA HERRERA","URBANA","1"
"25/03/2014","52","NARIÑO","52696","SANTA BARBARA","URBANA","1"
"24/03/2014","52","NARIÑO","52835","SAN ANDRES DE TUMACO","URBANA","1"
"24/03/2014","52","NARIÑO","52835","SAN ANDRES DE TUMACO","RURAL","1"
"23/03/2014","81","ARAUCA","81300","FORTUL","URBANA","1"
"22/03/2014","54","NORTE DE SANTANDER","54720","SARDINATA","RURAL","1"
"22/03/2014","50","META","50711","VISTAHERMOSA","RURAL","1"
"22/03/2014","54","NORTE DE SANTANDER","54245","EL CARMEN","RURAL","1"
"22/03/2014","81","ARAUCA","81065","ARAUQUITA","RURAL","1"
"22/03/2014","73","TOLIMA","73055","ARMERO","RURAL","1"
"21/03/2014","81","ARAUCA","81001","ARAUCA","RURAL","1"
"21/03/2014","81","ARAUCA","81736","SARAVENA","URBANA","1"
"20/03/2014","86","PUTUMAYO","86885","VILLAGARZON","RURAL","1"
"19/03/2014","50","META","50577","PUERTO LLERAS","RURAL","1"
"18/03/2014","95","GUAVIARE","95001","SAN JOSE DEL GUAVIARE","RURAL","1"
"17/03/2014","47","MAGDALENA","47189","CIENAGA","RURAL","1"
"16/03/2014","54","NORTE DE SANTANDER","54820","TOLEDO","RURAL","1"
"16/03/2014","81","ARAUCA","81736","SARAVENA","URBANA","1"
"15/03/2014","15","BOYACA","15223","CUBARA","RURAL","1"
"15/03/2014","86","PUTUMAYO","86320","ORITO","RURAL","1"
"15/03/2014","44","LA GUAJIRA","44430","MAICAO","RURAL","1"
"14/03/2014","81","ARAUCA","81736","SARAVENA","RURAL","1"
"12/03/2014","86","PUTUMAYO","86320","ORITO","RURAL","1"
"12/03/2014","81","ARAUCA","81736","SARAVENA","URBANA","1"
"11/03/2014","54","NORTE DE SANTANDER","54820","TOLEDO","RURAL","1"
"10/03/2014","52","NARIÑO","52835","SAN ANDRES DE TUMACO","URBANA","1"
"10/03/2014","81","ARAUCA","81065","ARAUQUITA","RURAL","1"
"09/03/2014","27","CHOCO","27073","BAGADO","URBANA","1"
"09/03/2014","54","NORTE DE SANTANDER","54206","CONVENCION","RURAL","1"
"09/03/2014","50","META","50577","PUERTO LLERAS","RURAL","1"
"08/03/2014","05","ANTIOQUIA","05107","BRICEÑO","RURAL","1"
"07/03/2014","05","ANTIOQUIA","05361","ITUANGO","RURAL","1"
"07/03/2014","52","NARIÑO","52411","LINARES","URBANA","1"
"07/03/2014","81","ARAUCA","81001","ARAUCA","URBANA","1"
"06/03/2014","50","META","50590","PUERTO RICO","RURAL","1"
"05/03/2014","19","CAUCA","19533","PIAMONTE","RURAL","1"
"04/03/2014","05","ANTIOQUIA","05819","TOLEDO","RURAL","1"
"04/03/2014","13","BOLIVAR","13430","MAGANGUE","URBANA","1"
"03/03/2014","05","ANTIOQUIA","05361","ITUANGO","URBANA","1"
"03/03/2014","50","META","50313","GRANADA","URBANA","1"
"03/03/2014","73","TOLIMA","73520","PALOCABILDO","URBANA","1"
"02/03/2014","05","ANTIOQUIA","05107","BRICEÑO","URBANA","1"
"02/03/2014","86","PUTUMAYO","86568","PUERTO ASIS","RURAL","1"
"02/03/2014","50","META","50680","SAN CARLOS DE GUAROA","RURAL","1"
"01/03/2014","41","HUILA","41001","NEIVA","URBANA","1"
"28/02/2014","81","ARAUCA","81065","ARAUQUITA","RURAL","1"
"28/02/2014","68","SANTANDER","68264","ENCINO","RURAL","1"
"27/02/2014","05","ANTIOQUIA","05647","SAN ANDRES DE CUERQUIA","RURAL","1"
"27/02/2014","54","NORTE DE SANTANDER","54800","TEORAMA","RURAL","1"
"26/02/2014","86","PUTUMAYO","86320","ORITO","URBANA","1"
"25/02/2014","27","CHOCO","27001","QUIBDO","URBANA","1"
"25/02/2014","81","ARAUCA","81736","SARAVENA","URBANA","1"
"25/02/2014","81","ARAUCA","81736","SARAVENA","RURAL","1"
"25/02/2014","86","PUTUMAYO","86571","PUERTO GUZMAN","RURAL","1"
"25/02/2014","54","NORTE DE SANTANDER","54820","TOLEDO","RURAL","1"
"25/02/2014","41","HUILA","41001","NEIVA","URBANA","1"
"25/02/2014","19","CAUCA","19532","PATIA","RURAL","1"
"24/02/2014","54","NORTE DE SANTANDER","54245","EL CARMEN","RURAL","1"
"23/02/2014","05","ANTIOQUIA","05040","ANORI","RURAL","1"
"23/02/2014","52","NARIÑO","52835","SAN ANDRES DE TUMACO","URBANA","1"
"21/02/2014","81","ARAUCA","81300","FORTUL","RURAL","1"
"21/02/2014","81","ARAUCA","81300","FORTUL","RURAL","1"
"21/02/2014","81","ARAUCA","81736","SARAVENA","RURAL","1"
"21/02/2014","81","ARAUCA","81736","SARAVENA","RURAL","1"
"20/02/2014","81","ARAUCA","81065","ARAUQUITA","RURAL","1"
"20/02/2014","73","TOLIMA","73026","ALVARADO","RURAL","1"
"19/02/2014","52","NARIÑO","52786","TAMINANGO","RURAL","1"
"18/02/2014","05","ANTIOQUIA","05647","SAN ANDRES DE CUERQUIA","RURAL","1"
"18/02/2014","44","LA GUAJIRA","44430","MAICAO","URBANA","1"
"18/02/2014","86","PUTUMAYO","86865","VALLE DEL GUAMUEZ","RURAL","1"
"18/02/2014","86","PUTUMAYO","86885","VILLAGARZON","RURAL","1"
"18/02/2014","68","SANTANDER","68296","GALAN","URBANA","1"
"18/02/2014","50","META","50006","ACACIAS","URBANA","1"
"18/02/2014","50","META","50006","ACACIAS","URBANA","1"
"17/02/2014","05","ANTIOQUIA","05120","CACERES","RURAL","1"
"17/02/2014","05","ANTIOQUIA","05647","SAN ANDRES DE CUERQUIA","URBANA","1"
"17/02/2014","86","PUTUMAYO","86320","ORITO","RURAL","1"
"15/02/2014","50","META","50683","SAN JUAN DE ARAMA","RURAL","1"
"15/02/2014","81","ARAUCA","81794","TAME","RURAL","1"
"13/02/2014","05","ANTIOQUIA","05647","SAN ANDRES DE CUERQUIA","URBANA","1"
"13/02/2014","85","CASANARE","85400","TAMARA","RURAL","1"
"11/02/2014","54","NORTE DE SANTANDER","54344","HACARI","RURAL","1"
"10/02/2014","52","NARIÑO","52411","LINARES","RURAL","1"
"09/02/2014","52","NARIÑO","52835","SAN ANDRES DE TUMACO","URBANA","1"
"09/02/2014","19","CAUCA","19050","ARGELIA","URBANA","1"
"06/02/2014","15","BOYACA","15238","DUITAMA","URBANA","1"
"05/02/2014","05","ANTIOQUIA","05647","SAN ANDRES DE CUERQUIA","URBANA","1"
"05/02/2014","19","CAUCA","19318","GUAPI","URBANA","1"
"05/02/2014","05","ANTIOQUIA","05647","SAN ANDRES DE CUERQUIA","URBANA","1"
"04/02/2014","27","CHOCO","27001","QUIBDO","URBANA","1"
"04/02/2014","52","NARIÑO","52835","SAN ANDRES DE TUMACO","RURAL","1"
"04/02/2014","27","CHOCO","27001","QUIBDO","RURAL","1"
"02/02/2014","52","NARIÑO","52835","SAN ANDRES DE TUMACO","RURAL","1"
"02/02/2014","52","NARIÑO","52835","SAN ANDRES DE TUMACO","RURAL","1"
"02/02/2014","27","CHOCO","27001","QUIBDO","RURAL","1"
"02/02/2014","41","HUILA","41132","CAMPOALEGRE","RURAL","1"
"02/02/2014","27","CHOCO","27001","QUIBDO","URBANA","1"
"01/02/2014","05","ANTIOQUIA","05480","MUTATA","RURAL","1"
"01/02/2014","47","MAGDALENA","47001","SANTA MARTA","URBANA","1"
"31/01/2014","05","ANTIOQUIA","05887","YARUMAL","RURAL","1"
"31/01/2014","86","PUTUMAYO","86568","PUERTO ASIS","URBANA","1"
"30/01/2014","54","NORTE DE SANTANDER","54498","OCAÑA","URBANA","1"
"30/01/2014","81","ARAUCA","81001","ARAUCA","URBANA","1"
"29/01/2014","05","ANTIOQUIA","05361","ITUANGO","URBANA","1"
"29/01/2014","18","CAQUETA","18610","SAN JOSE DEL FRAGUA","RURAL","1"
"28/01/2014","05","ANTIOQUIA","05360","ITAGUI","URBANA","1"
"28/01/2014","50","META","50711","VISTAHERMOSA","URBANA","1"
"28/01/2014","52","NARIÑO","52835","SAN ANDRES DE TUMACO","URBANA","1"
"27/01/2014","86","PUTUMAYO","86320","ORITO","RURAL","1"
"27/01/2014","86","PUTUMAYO","86568","PUERTO ASIS","URBANA","1"
"26/01/2014","52","NARIÑO","52835","SAN ANDRES DE TUMACO","URBANA","1"
"26/01/2014","54","NORTE DE SANTANDER","54245","EL CARMEN","RURAL","1"
"26/01/2014","05","ANTIOQUIA","05040","ANORI","URBANA","1"
"26/01/2014","68","SANTANDER","68081","BARRANCABERMEJA","URBANA","1"
"25/01/2014","15","BOYACA","15238","DUITAMA","URBANA","1"
"24/01/2014","05","ANTIOQUIA","05361","ITUANGO","RURAL","1"
"24/01/2014","86","PUTUMAYO","86568","PUERTO ASIS","URBANA","1"
"21/01/2014","05","ANTIOQUIA","05854","VALDIVIA","RURAL","1"
"21/01/2014","76","VALLE DEL CAUCA","76520","PALMIRA","RURAL","1"
"21/01/2014","19","CAUCA","19548","PIENDAMO - TUNIA","URBANA","1"
"21/01/2014","19","CAUCA","19698","SANTANDER DE QUILICHAO","URBANA","1"
"20/01/2014","86","PUTUMAYO","86568","PUERTO ASIS","URBANA","1"
"19/01/2014","86","PUTUMAYO","86320","ORITO","RURAL","1"
"19/01/2014","52","NARIÑO","52835","SAN ANDRES DE TUMACO","URBANA","1"
"18/01/2014","86","PUTUMAYO","86568","PUERTO ASIS","RURAL","1"
"18/01/2014","52","NARIÑO","52250","EL CHARCO","URBANA","1"
"17/01/2014","52","NARIÑO","52835","SAN ANDRES DE TUMACO","URBANA","1"
"17/01/2014","52","NARIÑO","52786","TAMINANGO","URBANA","1"
"17/01/2014","52","NARIÑO","52835","SAN ANDRES DE TUMACO","URBANA","1"
"16/01/2014","76","VALLE DEL CAUCA","76563","PRADERA","URBANA","1"
"16/01/2014","05","ANTIOQUIA","05647","SAN ANDRES DE CUERQUIA","URBANA","1"
"16/01/2014","05","ANTIOQUIA","05120","CACERES","RURAL","1"
"16/01/2014","52","NARIÑO","52835","SAN ANDRES DE TUMACO","RURAL","1"
"16/01/2014","86","PUTUMAYO","86568","PUERTO ASIS","RURAL","1"
"16/01/2014","86","PUTUMAYO","86865","VALLE DEL GUAMUEZ","RURAL","1"
"15/01/2014","86","PUTUMAYO","86320","ORITO","RURAL","1"
"15/01/2014","86","PUTUMAYO","86865","VALLE DEL GUAMUEZ","RURAL","1"
"15/01/2014","52","NARIÑO","52835","SAN ANDRES DE TUMACO","RURAL","1"
"14/01/2014","86","PUTUMAYO","86320","ORITO","RURAL","1"
"14/01/2014","27","CHOCO","27001","QUIBDO","RURAL","1"
"10/01/2014","52","NARIÑO","52835","SAN ANDRES DE TUMACO","RURAL","1"
"09/01/2014","41","HUILA","41001","NEIVA","URBANA","1"
"09/01/2014","27","CHOCO","27050","ATRATO","RURAL","1"
"08/01/2014","05","ANTIOQUIA","05361","ITUANGO","RURAL","1"
"05/01/2014","95","GUAVIARE","95001","SAN JOSE DEL GUAVIARE","URBANA","1"
"28/12/2013","27","CHOCO","27001","QUIBDO","RURAL","1"
"24/12/2013","05","ANTIOQUIA","05887","YARUMAL","RURAL","1"
"23/12/2013","05","ANTIOQUIA","05107","BRICEÑO","URBANA","1"
"21/12/2013","05","ANTIOQUIA","05040","ANORI","URBANA","1"
"15/12/2013","52","NARIÑO","52250","EL CHARCO","URBANA","1"
"14/12/2013","86","PUTUMAYO","86568","PUERTO ASIS","RURAL","1"
"13/12/2013","05","ANTIOQUIA","05361","ITUANGO","URBANA","1"
"13/12/2013","05","ANTIOQUIA","05031","AMALFI","RURAL","1"
"11/12/2013","05","ANTIOQUIA","05107","BRICEÑO","RURAL","1"
"11/12/2013","52","NARIÑO","52390","LA TOLA","URBANA","1"
"10/12/2013","52","NARIÑO","52835","SAN ANDRES DE TUMACO","URBANA","1"
"10/12/2013","05","ANTIOQUIA","05045","APARTADO","RURAL","1"
"10/12/2013","11","BOGOTA D.C.","11001","BOGOTA D.C.","URBANA","1"
"10/12/2013","05","ANTIOQUIA","05172","CHIGORODO","RURAL","1"
"07/12/2013","19","CAUCA","19355","INZA","URBANA","1"
"06/12/2013","50","META","50001","VILLAVICENCIO","URBANA","1"
"05/12/2013","95","GUAVIARE","95001","SAN JOSE DEL GUAVIARE","RURAL","1"
"05/12/2013","52","NARIÑO","52356","IPIALES","URBANA","1"
"04/12/2013","86","PUTUMAYO","86001","MOCOA","RURAL","1"
"04/12/2013","05","ANTIOQUIA","05887","YARUMAL","RURAL","1"
"04/12/2013","52","NARIÑO","52835","SAN ANDRES DE TUMACO","URBANA","1"
"04/12/2013","44","LA GUAJIRA","44430","MAICAO","URBANA","1"
"03/12/2013","05","ANTIOQUIA","05887","YARUMAL","RURAL","1"
"03/12/2013","18","CAQUETA","18247","EL DONCELLO","RURAL","1"
"02/12/2013","86","PUTUMAYO","86320","ORITO","RURAL","1"
"01/12/2013","81","ARAUCA","81001","ARAUCA","RURAL","1"
"29/11/2013","52","NARIÑO","52835","SAN ANDRES DE TUMACO","URBANA","1"
"29/11/2013","05","ANTIOQUIA","05045","APARTADO","RURAL","1"
"29/11/2013","86","PUTUMAYO","86885","VILLAGARZON","RURAL","1"
"27/11/2013","95","GUAVIARE","95025","EL RETORNO","RURAL","1"
"26/11/2013","05","ANTIOQUIA","05790","TARAZA","RURAL","1"
"26/11/2013","52","NARIÑO","52835","SAN ANDRES DE TUMACO","URBANA","1"
"24/11/2013","44","LA GUAJIRA","44855","URUMITA","RURAL","1"
"24/11/2013","86","PUTUMAYO","86865","VALLE DEL GUAMUEZ","RURAL","1"
"24/11/2013","50","META","50711","VISTAHERMOSA","RURAL","1"
"23/11/2013","05","ANTIOQUIA","05647","SAN ANDRES DE CUERQUIA","URBANA","1"
"23/11/2013","52","NARIÑO","52835","SAN ANDRES DE TUMACO","URBANA","1"
"23/11/2013","52","NARIÑO","52835","SAN ANDRES DE TUMACO","RURAL","1"
"22/11/2013","05","ANTIOQUIA","05113","BURITICA","RURAL","1"
"21/11/2013","05","ANTIOQUIA","05113","BURITICA","URBANA","1"
"21/11/2013","18","CAQUETA","18094","BELEN DE LOS ANDAQUIES","RURAL","1"
"20/11/2013","52","NARIÑO","52835","SAN ANDRES DE TUMACO","URBANA","1"
"19/11/2013","05","ANTIOQUIA","05040","ANORI","RURAL","1"
"19/11/2013","44","LA GUAJIRA","44078","BARRANCAS","URBANA","1"
"19/11/2013","86","PUTUMAYO","86568","PUERTO ASIS","RURAL","1"
"19/11/2013","81","ARAUCA","81001","ARAUCA","RURAL","1"
"19/11/2013","81","ARAUCA","81736","SARAVENA","URBANA","1"
"19/11/2013","81","ARAUCA","81001","ARAUCA","RURAL","1"
"18/11/2013","73","TOLIMA","73217","COYAIMA","URBANA","1"
"17/11/2013","76","VALLE DEL CAUCA","76563","PRADERA","URBANA","1"
"16/11/2013","05","ANTIOQUIA","05854","VALDIVIA","RURAL","1"
"16/11/2013","52","NARIÑO","52835","SAN ANDRES DE TUMACO","URBANA","1"
"16/11/2013","19","CAUCA","19137","CALDONO","URBANA","1"
"15/11/2013","19","CAUCA","19455","MIRANDA","URBANA","1"
"15/11/2013","86","PUTUMAYO","86320","ORITO","RURAL","1"
"15/11/2013","86","PUTUMAYO","86568","PUERTO ASIS","RURAL","1"
"15/11/2013","76","VALLE DEL CAUCA","76834","TULUA","URBANA","1"
"13/11/2013","05","ANTIOQUIA","05790","TARAZA","URBANA","1"
"13/11/2013","86","PUTUMAYO","86568","PUERTO ASIS","URBANA","1"
"13/11/2013","86","PUTUMAYO","86865","VALLE DEL GUAMUEZ","RURAL","1"
"12/11/2013","54","NORTE DE SANTANDER","54498","OCAÑA","URBANA","1"
"11/11/2013","81","ARAUCA","81001","ARAUCA","URBANA","1"
"10/11/2013","52","NARIÑO","52835","SAN ANDRES DE TUMACO","URBANA","1"
"09/11/2013","19","CAUCA","19698","SANTANDER DE QUILICHAO","RURAL","1"
"09/11/2013","15","BOYACA","15531","PAUNA","URBANA","1"
"08/11/2013","05","ANTIOQUIA","05790","TARAZA","RURAL","1"
"08/11/2013","81","ARAUCA","81065","ARAUQUITA","RURAL","1"
"07/11/2013","44","LA GUAJIRA","44430","MAICAO","URBANA","1"
"07/11/2013","50","META","50689","SAN MARTIN","URBANA","1"
"06/11/2013","81","ARAUCA","81065","ARAUQUITA","RURAL","1"
"06/11/2013","81","ARAUCA","81736","SARAVENA","RURAL","1"
"06/11/2013","52","NARIÑO","52835","SAN ANDRES DE TUMACO","URBANA","1"
"06/11/2013","54","NORTE DE SANTANDER","54810","TIBU","RURAL","1"
"05/11/2013","05","ANTIOQUIA","05895","ZARAGOZA","URBANA","1"
"05/11/2013","52","NARIÑO","52835","SAN ANDRES DE TUMACO","URBANA","1"
"05/11/2013","81","ARAUCA","81794","TAME","RURAL","1"
"04/11/2013","19","CAUCA","19548","PIENDAMO - TUNIA","URBANA","1"
"04/11/2013","18","CAQUETA","18592","PUERTO RICO","RURAL","1"
"04/11/2013","81","ARAUCA","81736","SARAVENA","URBANA","1"
"02/11/2013","86","PUTUMAYO","86320","ORITO","RURAL","1"
"02/11/2013","81","ARAUCA","81300","FORTUL","RURAL","1"
"02/11/2013","19","CAUCA","19807","TIMBIO","RURAL","1"
"01/11/2013","18","CAQUETA","18753","SAN VICENTE DEL CAGUAN","RURAL","1"
"01/11/2013","86","PUTUMAYO","86320","ORITO","URBANA","1"
"31/10/2013","44","LA GUAJIRA","44430","MAICAO","URBANA","1"
"31/10/2013","52","NARIÑO","52835","SAN ANDRES DE TUMACO","RURAL","1"
"30/10/2013","05","ANTIOQUIA","05854","VALDIVIA","RURAL","1"
"30/10/2013","73","TOLIMA","73236","DOLORES","RURAL","1"
"29/10/2013","81","ARAUCA","81001","ARAUCA","RURAL","1"
"28/10/2013","18","CAQUETA","18753","SAN VICENTE DEL CAGUAN","RURAL","1"
"26/10/2013","44","LA GUAJIRA","44855","URUMITA","RURAL","1"
"25/10/2013","73","TOLIMA","73124","CAJAMARCA","RURAL","1"
"24/10/2013","86","PUTUMAYO","86865","VALLE DEL GUAMUEZ","RURAL","1"
"23/10/2013","86","PUTUMAYO","86320","ORITO","RURAL","1"
"23/10/2013","76","VALLE DEL CAUCA","76834","TULUA","RURAL","1"
"23/10/2013","08","ATLANTICO","08560","PONEDERA","RURAL","1"
"23/10/2013","50","META","50568","PUERTO GAITAN","RURAL","1"
"22/10/2013","44","LA GUAJIRA","44035","ALBANIA","RURAL","1"
"22/10/2013","81","ARAUCA","81065","ARAUQUITA","RURAL","1"
"22/10/2013","81","ARAUCA","81065","ARAUQUITA","RURAL","1"
"22/10/2013","81","ARAUCA","81736","SARAVENA","RURAL","1"
"21/10/2013","41","HUILA","41298","GARZON","RURAL","1"
"21/10/2013","52","NARIÑO","52079","BARBACOAS","URBANA","1"
"20/10/2013","52","NARIÑO","52835","SAN ANDRES DE TUMACO","RURAL","1"
"20/10/2013","50","META","50001","VILLAVICENCIO","URBANA","1"
"18/10/2013","05","ANTIOQUIA","05790","TARAZA","RURAL","1"
"18/10/2013","81","ARAUCA","81001","ARAUCA","URBANA","1"
"18/10/2013","52","NARIÑO","52835","SAN ANDRES DE TUMACO","RURAL","1"
"18/10/2013","50","META","50251","EL CASTILLO","RURAL","1"
"18/10/2013","86","PUTUMAYO","86320","ORITO","RURAL","1"
"16/10/2013","81","ARAUCA","81794","TAME","URBANA","1"
"15/10/2013","19","CAUCA","19698","SANTANDER DE QUILICHAO","RURAL","1"
"15/10/2013","86","PUTUMAYO","86865","VALLE DEL GUAMUEZ","RURAL","1"
"14/10/2013","54","NORTE DE SANTANDER","54810","TIBU","RURAL","1"
"14/10/2013","86","PUTUMAYO","86568","PUERTO ASIS","URBANA","1"
"13/10/2013","44","LA GUAJIRA","44847","URIBIA","RURAL","1"
"13/10/2013","86","PUTUMAYO","86757","SAN MIGUEL","RURAL","1"
"12/10/2013","54","NORTE DE SANTANDER","54003","ABREGO","URBANA","1"
"12/10/2013","44","LA GUAJIRA","44035","ALBANIA","RURAL","1"
"12/10/2013","05","ANTIOQUIA","05736","SEGOVIA","RURAL","1"
"11/10/2013","52","NARIÑO","52079","BARBACOAS","RURAL","1"
"11/10/2013","18","CAQUETA","18150","CARTAGENA DEL CHAIRA","URBANA","1"
"11/10/2013","52","NARIÑO","52079","BARBACOAS","URBANA","1"
"10/10/2013","05","ANTIOQUIA","05647","SAN ANDRES DE CUERQUIA","URBANA","1"
"10/10/2013","19","CAUCA","19100","BOLIVAR","RURAL","1"
"10/10/2013","19","CAUCA","19137","CALDONO","RURAL","1"
"10/10/2013","19","CAUCA","19142","CALOTO","RURAL","1"
"10/10/2013","19","CAUCA","19743","SILVIA","RURAL","1"
"10/10/2013","86","PUTUMAYO","86320","ORITO","RURAL","1"
"10/10/2013","86","PUTUMAYO","86320","ORITO","URBANA","1"
"10/10/2013","44","LA GUAJIRA","44078","BARRANCAS","RURAL","1"
"09/10/2013","05","ANTIOQUIA","05040","ANORI","RURAL","1"
"09/10/2013","05","ANTIOQUIA","05107","BRICEÑO","RURAL","1"
"09/10/2013","50","META","50683","SAN JUAN DE ARAMA","RURAL","1"
"09/10/2013","52","NARIÑO","52835","SAN ANDRES DE TUMACO","RURAL","1"
"09/10/2013","54","NORTE DE SANTANDER","54498","OCAÑA","RURAL","1"
"09/10/2013","19","CAUCA","19532","PATIA","URBANA","1"
"08/10/2013","05","ANTIOQUIA","05040","ANORI","RURAL","1"
"08/10/2013","19","CAUCA","19450","MERCADERES","RURAL","1"
"08/10/2013","86","PUTUMAYO","86320","ORITO","RURAL","1"
"08/10/2013","52","NARIÑO","52835","SAN ANDRES DE TUMACO","RURAL","1"
"07/10/2013","86","PUTUMAYO","86568","PUERTO ASIS","RURAL","1"
"07/10/2013","05","ANTIOQUIA","05819","TOLEDO","RURAL","1"
"07/10/2013","05","ANTIOQUIA","05819","TOLEDO","RURAL","1"
"07/10/2013","05","ANTIOQUIA","05854","VALDIVIA","RURAL","1"
"07/10/2013","05","ANTIOQUIA","05361","ITUANGO","URBANA","1"
"07/10/2013","13","BOLIVAR","13160","CANTAGALLO","RURAL","1"
"06/10/2013","54","NORTE DE SANTANDER","54206","CONVENCION","RURAL","1"
"06/10/2013","86","PUTUMAYO","86320","ORITO","RURAL","1"
"06/10/2013","05","ANTIOQUIA","05361","ITUANGO","URBANA","1"
"06/10/2013","18","CAQUETA","18150","CARTAGENA DEL CHAIRA","URBANA","1"
"05/10/2013","19","CAUCA","19698","SANTANDER DE QUILICHAO","URBANA","1"
"05/10/2013","54","NORTE DE SANTANDER","54206","CONVENCION","RURAL","1"
"04/10/2013","54","NORTE DE SANTANDER","54820","TOLEDO","RURAL","1"
"03/10/2013","19","CAUCA","19142","CALOTO","RURAL","1"
"03/10/2013","54","NORTE DE SANTANDER","54820","TOLEDO","RURAL","1"
"03/10/2013","54","NORTE DE SANTANDER","54820","TOLEDO","RURAL","1"
"02/10/2013","52","NARIÑO","52612","RICAURTE","URBANA","1"
"02/10/2013","52","NARIÑO","52885","YACUANQUER","RURAL","1"
"01/10/2013","05","ANTIOQUIA","05658","SAN JOSE DE LA MONTAÑA","URBANA","1"
"01/10/2013","73","TOLIMA","73483","NATAGAIMA","RURAL","1"
"30/09/2013","05","ANTIOQUIA","05647","SAN ANDRES DE CUERQUIA","URBANA","1"
"29/09/2013","05","ANTIOQUIA","05040","ANORI","URBANA","1"
"29/09/2013","76","VALLE DEL CAUCA","76834","TULUA","URBANA","1"
"28/09/2013","85","CASANARE","85001","YOPAL","URBANA","1"
"27/09/2013","18","CAQUETA","18001","FLORENCIA","RURAL","1"
"26/09/2013","81","ARAUCA","81065","ARAUQUITA","RURAL","1"
"26/09/2013","54","NORTE DE SANTANDER","54820","TOLEDO","RURAL","1"
"25/09/2013","11","BOGOTA D.C.","11001","BOGOTA D.C.","URBANA","1"
"22/09/2013","50","META","50400","LEJANIAS","URBANA","1"
"20/09/2013","19","CAUCA","19142","CALOTO","URBANA","1"
"18/09/2013","54","NORTE DE SANTANDER","54206","CONVENCION","RURAL","1"
"17/09/2013","86","PUTUMAYO","86865","VALLE DEL GUAMUEZ","RURAL","1"
"16/09/2013","05","ANTIOQUIA","05042","SANTA FE DE ANTIOQUIA","RURAL","1"
"16/09/2013","86","PUTUMAYO","86568","PUERTO ASIS","URBANA","1"
"15/09/2013","54","NORTE DE SANTANDER","54720","SARDINATA","RURAL","1"
"14/09/2013","54","NORTE DE SANTANDER","54810","TIBU","RURAL","1"
"14/09/2013","86","PUTUMAYO","86865","VALLE DEL GUAMUEZ","RURAL","1"
"14/09/2013","50","META","50006","ACACIAS","RURAL","1"
"13/09/2013","86","PUTUMAYO","86568","PUERTO ASIS","RURAL","1"
"13/09/2013","52","NARIÑO","52835","SAN ANDRES DE TUMACO","URBANA","1"
"13/09/2013","86","PUTUMAYO","86757","SAN MIGUEL","RURAL","1"
"11/09/2013","76","VALLE DEL CAUCA","76001","CALI","URBANA","1"
"10/09/2013","54","NORTE DE SANTANDER","54800","TEORAMA","RURAL","1"
"09/09/2013","05","ANTIOQUIA","05107","BRICEÑO","RURAL","1"
"08/09/2013","81","ARAUCA","81794","TAME","URBANA","1"
"05/09/2013","54","NORTE DE SANTANDER","54800","TEORAMA","RURAL","1"
"04/09/2013","54","NORTE DE SANTANDER","54670","SAN CALIXTO","RURAL","1"
"04/09/2013","73","TOLIMA","73217","COYAIMA","RURAL","1"
"04/09/2013","73","TOLIMA","73675","SAN ANTONIO","RURAL","1"
"04/09/2013","54","NORTE DE SANTANDER","54800","TEORAMA","RURAL","1"
"03/09/2013","05","ANTIOQUIA","05854","VALDIVIA","RURAL","1"
"03/09/2013","54","NORTE DE SANTANDER","54800","TEORAMA","RURAL","1"
"02/09/2013","41","HUILA","41132","CAMPOALEGRE","RURAL","1"
"02/09/2013","41","HUILA","41132","CAMPOALEGRE","RURAL","1"
"02/09/2013","05","ANTIOQUIA","05001","MEDELLIN","URBANA","1"
"02/09/2013","52","NARIÑO","52079","BARBACOAS","RURAL","1"
"02/09/2013","73","TOLIMA","73168","CHAPARRAL","URBANA","1"
"01/09/2013","52","NARIÑO","52079","BARBACOAS","URBANA","1"
"30/08/2013","50","META","50350","LA MACARENA","RURAL","1"
"30/08/2013","95","GUAVIARE","95200","MIRAFLORES","URBANA","1"
"28/08/2013","05","ANTIOQUIA","05400","LA UNION","RURAL","1"
"28/08/2013","05","ANTIOQUIA","05690","SANTO DOMINGO","RURAL","1"
"27/08/2013","05","ANTIOQUIA","05854","VALDIVIA","RURAL","1"
"27/08/2013","73","TOLIMA","73217","COYAIMA","URBANA","1"
"26/08/2013","05","ANTIOQUIA","05854","VALDIVIA","RURAL","1"
"26/08/2013","05","ANTIOQUIA","05854","VALDIVIA","URBANA","1"
"26/08/2013","73","TOLIMA","73217","COYAIMA","RURAL","1"
"25/08/2013","19","CAUCA","19130","CAJIBIO","RURAL","1"
"25/08/2013","15","BOYACA","15001","TUNJA","RURAL","1"
"25/08/2013","86","PUTUMAYO","86320","ORITO","RURAL","1"
"25/08/2013","73","TOLIMA","73024","ALPUJARRA","URBANA","1"
"24/08/2013","52","NARIÑO","52835","SAN ANDRES DE TUMACO","RURAL","1"
"23/08/2013","73","TOLIMA","73124","CAJAMARCA","RURAL","1"
"23/08/2013","86","PUTUMAYO","86320","ORITO","RURAL","1"
"22/08/2013","86","PUTUMAYO","86757","SAN MIGUEL","RURAL","1"
"22/08/2013","76","VALLE DEL CAUCA","76890","YOTOCO","URBANA","1"
"22/08/2013","73","TOLIMA","73671","SALDAÑA","URBANA","1"
"21/08/2013","44","LA GUAJIRA","44430","MAICAO","URBANA","1"
"20/08/2013","54","NORTE DE SANTANDER","54720","SARDINATA","RURAL","1"
"17/08/2013","73","TOLIMA","73624","ROVIRA","RURAL","1"
"17/08/2013","81","ARAUCA","81001","ARAUCA","RURAL","1"
"17/08/2013","54","NORTE DE SANTANDER","54810","TIBU","RURAL","1"
"16/08/2013","52","NARIÑO","52079","BARBACOAS","URBANA","1"
"15/08/2013","05","ANTIOQUIA","05120","CACERES","RURAL","1"
"14/08/2013","27","CHOCO","27001","QUIBDO","RURAL","1"
"14/08/2013","54","NORTE DE SANTANDER","54206","CONVENCION","RURAL","1"
"08/08/2013","05","ANTIOQUIA","05120","CACERES","RURAL","1"
"07/08/2013","05","ANTIOQUIA","05154","CAUCASIA","URBANA","1"
"06/08/2013","54","NORTE DE SANTANDER","54800","TEORAMA","RURAL","1"
"06/08/2013","52","NARIÑO","52835","SAN ANDRES DE TUMACO","URBANA","1"
"04/08/2013","52","NARIÑO","52621","ROBERTO PAYAN","URBANA","1"
"02/08/2013","54","NORTE DE SANTANDER","54800","TEORAMA","RURAL","1"
"02/08/2013","73","TOLIMA","73675","SAN ANTONIO","RURAL","1"
"02/08/2013","73","TOLIMA","73624","ROVIRA","RURAL","1"
"01/08/2013","05","ANTIOQUIA","05361","ITUANGO","RURAL","1"
"01/08/2013","86","PUTUMAYO","86568","PUERTO ASIS","URBANA","1"
"31/07/2013","86","PUTUMAYO","86568","PUERTO ASIS","RURAL","1"
"31/07/2013","05","ANTIOQUIA","05154","CAUCASIA","URBANA","1"
"31/07/2013","20","CESAR","20001","VALLEDUPAR","URBANA","1"
"30/07/2013","52","NARIÑO","52835","SAN ANDRES DE TUMACO","URBANA","1"
"28/07/2013","76","VALLE DEL CAUCA","76400","LA UNION","URBANA","1"
"28/07/2013","66","RISARALDA","66045","APIA","RURAL","1"
"27/07/2013","05","ANTIOQUIA","05120","CACERES","RURAL","1"
"27/07/2013","05","ANTIOQUIA","05120","CACERES","RURAL","1"
"27/07/2013","52","NARIÑO","52207","CONSACA","URBANA","1"
"26/07/2013","52","NARIÑO","52835","SAN ANDRES DE TUMACO","URBANA","1"
"25/07/2013","05","ANTIOQUIA","05315","GUADALUPE","RURAL","1"
"25/07/2013","95","GUAVIARE","95015","CALAMAR","URBANA","1"
"24/07/2013","27","CHOCO","27001","QUIBDO","RURAL","1"
"24/07/2013","27","CHOCO","27001","QUIBDO","URBANA","1"
"24/07/2013","52","NARIÑO","52520","FRANCISCO PIZARRO","URBANA","1"
"21/07/2013","86","PUTUMAYO","86320","ORITO","URBANA","1"
"21/07/2013","73","TOLIMA","73616","RIOBLANCO","URBANA","1"
"21/07/2013","54","NORTE DE SANTANDER","54498","OCAÑA","URBANA","1"
"20/07/2013","05","ANTIOQUIA","05647","SAN ANDRES DE CUERQUIA","RURAL","1"
"20/07/2013","73","TOLIMA","73686","SANTA ISABEL","URBANA","1"
"20/07/2013","05","ANTIOQUIA","05790","TARAZA","RURAL","1"
"19/07/2013","05","ANTIOQUIA","05120","CACERES","URBANA","1"
"19/07/2013","19","CAUCA","19532","PATIA","RURAL","1"
"19/07/2013","05","ANTIOQUIA","05154","CAUCASIA","URBANA","1"
"19/07/2013","27","CHOCO","27001","QUIBDO","URBANA","1"
"19/07/2013","05","ANTIOQUIA","05790","TARAZA","RURAL","1"
"18/07/2013","05","ANTIOQUIA","05154","CAUCASIA","URBANA","1"
"18/07/2013","05","ANTIOQUIA","05154","CAUCASIA","URBANA","1"
"18/07/2013","05","ANTIOQUIA","05647","SAN ANDRES DE CUERQUIA","RURAL","1"
"18/07/2013","05","ANTIOQUIA","05250","EL BAGRE","URBANA","1"
"18/07/2013","05","ANTIOQUIA","05306","GIRALDO","RURAL","1"
"18/07/2013","50","META","50001","VILLAVICENCIO","URBANA","1"
"17/07/2013","50","META","50711","VISTAHERMOSA","RURAL","1"
"17/07/2013","76","VALLE DEL CAUCA","76109","BUENAVENTURA","RURAL","1"
"16/07/2013","52","NARIÑO","52250","EL CHARCO","URBANA","1"
"16/07/2013","95","GUAVIARE","95025","EL RETORNO","URBANA","1"
"14/07/2013","27","CHOCO","27001","QUIBDO","URBANA","1"
"14/07/2013","44","LA GUAJIRA","44847","URIBIA","URBANA","1"
"14/07/2013","81","ARAUCA","81065","ARAUQUITA","RURAL","1"
"12/07/2013","54","NORTE DE SANTANDER","54810","TIBU","URBANA","1"
"12/07/2013","54","NORTE DE SANTANDER","54810","TIBU","RURAL","1"
"11/07/2013","44","LA GUAJIRA","44078","BARRANCAS","URBANA","1"
"11/07/2013","73","TOLIMA","73483","NATAGAIMA","URBANA","1"
"11/07/2013","19","CAUCA","19698","SANTANDER DE QUILICHAO","URBANA","1"
"10/07/2013","52","NARIÑO","52835","SAN ANDRES DE TUMACO","URBANA","1"
"09/07/2013","54","NORTE DE SANTANDER","54800","TEORAMA","RURAL","1"
"08/07/2013","86","PUTUMAYO","86320","ORITO","RURAL","1"
"08/07/2013","95","GUAVIARE","95001","SAN JOSE DEL GUAVIARE","URBANA","1"
"08/07/2013","18","CAQUETA","18753","SAN VICENTE DEL CAGUAN","RURAL","1"
"07/07/2013","76","VALLE DEL CAUCA","76563","PRADERA","RURAL","1"
"06/07/2013","19","CAUCA","19698","SANTANDER DE QUILICHAO","URBANA","1"
"05/07/2013","52","NARIÑO","52210","CONTADERO","RURAL","1"
"05/07/2013","76","VALLE DEL CAUCA","76834","TULUA","URBANA","1"
"05/07/2013","27","CHOCO","27001","QUIBDO","URBANA","1"
"05/07/2013","81","ARAUCA","81736","SARAVENA","RURAL","1"
"03/07/2013","05","ANTIOQUIA","05647","SAN ANDRES DE CUERQUIA","RURAL","1"
"02/07/2013","50","META","50001","VILLAVICENCIO","URBANA","1"
"01/07/2013","86","PUTUMAYO","86320","ORITO","RURAL","1"
"01/07/2013","86","PUTUMAYO","86320","ORITO","RURAL","1"
"01/07/2013","95","GUAVIARE","95001","SAN JOSE DEL GUAVIARE","RURAL","1"
"01/07/2013","95","GUAVIARE","95001","SAN JOSE DEL GUAVIARE","URBANA","1"
"28/06/2013","50","META","50251","EL CASTILLO","RURAL","1"
"28/06/2013","54","NORTE DE SANTANDER","54498","OCAÑA","URBANA","1"
"27/06/2013","54","NORTE DE SANTANDER","54498","OCAÑA","URBANA","1"
"27/06/2013","95","GUAVIARE","95001","SAN JOSE DEL GUAVIARE","RURAL","1"
"27/06/2013","54","NORTE DE SANTANDER","54820","TOLEDO","RURAL","1"
"26/06/2013","05","ANTIOQUIA","05647","SAN ANDRES DE CUERQUIA","RURAL","1"
"26/06/2013","27","CHOCO","27050","ATRATO","RURAL","1"
"25/06/2013","86","PUTUMAYO","86320","ORITO","RURAL","1"
"25/06/2013","76","VALLE DEL CAUCA","76834","TULUA","URBANA","1"
"25/06/2013","52","NARIÑO","52079","BARBACOAS","URBANA","1"
"25/06/2013","44","LA GUAJIRA","44035","ALBANIA","RURAL","1"
"24/06/2013","11","BOGOTA D.C.","11001","BOGOTA D.C.","URBANA","1"
"23/06/2013","05","ANTIOQUIA","05361","ITUANGO","RURAL","1"
"22/06/2013","05","ANTIOQUIA","05134","CAMPAMENTO","RURAL","1"
"21/06/2013","86","PUTUMAYO","86320","ORITO","RURAL","1"
"21/06/2013","05","ANTIOQUIA","05001","MEDELLIN","URBANA","1"
"21/06/2013","81","ARAUCA","81794","TAME","RURAL","1"
"21/06/2013","68","SANTANDER","68081","BARRANCABERMEJA","URBANA","1"
"20/06/2013","41","HUILA","41001","NEIVA","URBANA","1"
"20/06/2013","54","NORTE DE SANTANDER","54498","OCAÑA","URBANA","1"
"17/06/2013","54","NORTE DE SANTANDER","54810","TIBU","URBANA","1"
"16/06/2013","54","NORTE DE SANTANDER","54206","CONVENCION","RURAL","1"
"15/06/2013","54","NORTE DE SANTANDER","54810","TIBU","RURAL","1"
"15/06/2013","54","NORTE DE SANTANDER","54810","TIBU","RURAL","1"
"15/06/2013","54","NORTE DE SANTANDER","54810","TIBU","RURAL","1"
"15/06/2013","52","NARIÑO","52573","PUERRES","RURAL","1"
"13/06/2013","54","NORTE DE SANTANDER","54800","TEORAMA","RURAL","1"
"13/06/2013","54","NORTE DE SANTANDER","54800","TEORAMA","RURAL","1"
"12/06/2013","44","LA GUAJIRA","44078","BARRANCAS","URBANA","1"
"12/06/2013","54","NORTE DE SANTANDER","54810","TIBU","URBANA","1"
"12/06/2013","50","META","50590","PUERTO RICO","RURAL","1"
"11/06/2013","54","NORTE DE SANTANDER","54800","TEORAMA","RURAL","1"
"11/06/2013","19","CAUCA","19573","PUERTO TEJADA","URBANA","1"
"10/06/2013","54","NORTE DE SANTANDER","54800","TEORAMA","RURAL","1"
"10/06/2013","54","NORTE DE SANTANDER","54800","TEORAMA","RURAL","1"
"10/06/2013","54","NORTE DE SANTANDER","54800","TEORAMA","RURAL","1"
"09/06/2013","27","CHOCO","27001","QUIBDO","URBANA","1"
"08/06/2013","05","ANTIOQUIA","05040","ANORI","URBANA","1"
"08/06/2013","19","CAUCA","19050","ARGELIA","URBANA","1"
"08/06/2013","27","CHOCO","27745","SIPI","URBANA","1"
"06/06/2013","54","NORTE DE SANTANDER","54810","TIBU","RURAL","1"
"05/06/2013","54","NORTE DE SANTANDER","54720","SARDINATA","RURAL","1"
"05/06/2013","50","META","50001","VILLAVICENCIO","RURAL","1"
"03/06/2013","54","NORTE DE SANTANDER","54820","TOLEDO","RURAL","1"
"02/06/2013","44","LA GUAJIRA","44430","MAICAO","URBANA","1"
"02/06/2013","54","NORTE DE SANTANDER","54800","TEORAMA","RURAL","1"
"01/06/2013","05","ANTIOQUIA","05541","PEÑOL","RURAL","1"
"01/06/2013","54","NORTE DE SANTANDER","54810","TIBU","RURAL","1"
"01/06/2013","54","NORTE DE SANTANDER","54810","TIBU","RURAL","1"
"31/05/2013","86","PUTUMAYO","86865","VALLE DEL GUAMUEZ","RURAL","1"
"31/05/2013","05","ANTIOQUIA","05040","ANORI","RURAL","1"
"31/05/2013","54","NORTE DE SANTANDER","54810","TIBU","RURAL","1"
"31/05/2013","54","NORTE DE SANTANDER","54810","TIBU","RURAL","1"
"31/05/2013","54","NORTE DE SANTANDER","54820","TOLEDO","RURAL","1"
"30/05/2013","76","VALLE DEL CAUCA","76275","FLORIDA","RURAL","1"
"30/05/2013","54","NORTE DE SANTANDER","54820","TOLEDO","RURAL","1"
"29/05/2013","86","PUTUMAYO","86865","VALLE DEL GUAMUEZ","URBANA","1"
"29/05/2013","05","ANTIOQUIA","05543","PEQUE","RURAL","1"
"28/05/2013","19","CAUCA","19824","TOTORO","RURAL","1"
"27/05/2013","19","CAUCA","19137","CALDONO","RURAL","1"
"27/05/2013","19","CAUCA","19137","CALDONO","RURAL","1"
"27/05/2013","19","CAUCA","19548","PIENDAMO - TUNIA","URBANA","1"
"26/05/2013","44","LA GUAJIRA","44035","ALBANIA","RURAL","1"
"26/05/2013","54","NORTE DE SANTANDER","54800","TEORAMA","RURAL","1"
"25/05/2013","76","VALLE DEL CAUCA","76111","GUADALAJARA DE BUGA","URBANA","1"
"25/05/2013","54","NORTE DE SANTANDER","54206","CONVENCION","RURAL","1"
"25/05/2013","54","NORTE DE SANTANDER","54245","EL CARMEN","RURAL","1"
"25/05/2013","19","CAUCA","19318","GUAPI","URBANA","1"
"24/05/2013","54","NORTE DE SANTANDER","54810","TIBU","RURAL","1"
"23/05/2013","05","ANTIOQUIA","05107","BRICEÑO","RURAL","1"
"23/05/2013","54","NORTE DE SANTANDER","54206","CONVENCION","RURAL","1"
"23/05/2013","54","NORTE DE SANTANDER","54250","EL TARRA","RURAL","1"
"23/05/2013","54","NORTE DE SANTANDER","54250","EL TARRA","RURAL","1"
"23/05/2013","54","NORTE DE SANTANDER","54800","TEORAMA","RURAL","1"
"23/05/2013","52","NARIÑO","52612","RICAURTE","RURAL","1"
"22/05/2013","54","NORTE DE SANTANDER","54810","TIBU","RURAL","1"
"22/05/2013","68","SANTANDER","68162","CERRITO","RURAL","1"
"22/05/2013","52","NARIÑO","52835","SAN ANDRES DE TUMACO","URBANA","1"
"20/05/2013","54","NORTE DE SANTANDER","54206","CONVENCION","RURAL","1"
"20/05/2013","54","NORTE DE SANTANDER","54206","CONVENCION","RURAL","1"
"20/05/2013","54","NORTE DE SANTANDER","54206","CONVENCION","RURAL","1"
"20/05/2013","54","NORTE DE SANTANDER","54250","EL TARRA","RURAL","1"
"20/05/2013","54","NORTE DE SANTANDER","54800","TEORAMA","RURAL","1"
"20/05/2013","63","QUINDIO","63001","ARMENIA","URBANA","1"
"20/05/2013","54","NORTE DE SANTANDER","54800","TEORAMA","RURAL","1"
"20/05/2013","54","NORTE DE SANTANDER","54800","TEORAMA","RURAL","1"
"20/05/2013","54","NORTE DE SANTANDER","54800","TEORAMA","RURAL","1"
"19/05/2013","85","CASANARE","85010","AGUAZUL","RURAL","1"
"19/05/2013","13","BOLIVAR","13670","SAN PABLO","URBANA","1"
"18/05/2013","86","PUTUMAYO","86320","ORITO","RURAL","1"
"17/05/2013","54","NORTE DE SANTANDER","54206","CONVENCION","RURAL","1"
"16/05/2013","05","ANTIOQUIA","05361","ITUANGO","URBANA","1"
"16/05/2013","86","PUTUMAYO","86320","ORITO","RURAL","1"
"15/05/2013","50","META","50313","GRANADA","URBANA","1"
"14/05/2013","05","ANTIOQUIA","05819","TOLEDO","RURAL","1"
"14/05/2013","50","META","50001","VILLAVICENCIO","URBANA","1"
"14/05/2013","86","PUTUMAYO","86320","ORITO","RURAL","1"
"12/05/2013","05","ANTIOQUIA","05647","SAN ANDRES DE CUERQUIA","RURAL","1"
"12/05/2013","52","NARIÑO","52835","SAN ANDRES DE TUMACO","URBANA","1"
"11/05/2013","20","CESAR","20001","VALLEDUPAR","URBANA","1"
"10/05/2013","52","NARIÑO","52835","SAN ANDRES DE TUMACO","URBANA","1"
"06/05/2013","41","HUILA","41524","PALERMO","RURAL","1"
"05/05/2013","05","ANTIOQUIA","05001","MEDELLIN","RURAL","1"
"05/05/2013","44","LA GUAJIRA","44874","VILLANUEVA","URBANA","1"
"05/05/2013","05","ANTIOQUIA","05040","ANORI","RURAL","1"
"05/05/2013","05","ANTIOQUIA","05647","SAN ANDRES DE CUERQUIA","URBANA","1"
"05/05/2013","54","NORTE DE SANTANDER","54245","EL CARMEN","RURAL","1"
"04/05/2013","05","ANTIOQUIA","05034","ANDES","URBANA","1"
"04/05/2013","05","ANTIOQUIA","05040","ANORI","RURAL","1"
"04/05/2013","11","BOGOTA D.C.","11001","BOGOTA D.C.","URBANA","1"
"04/05/2013","86","PUTUMAYO","86320","ORITO","RURAL","1"
"01/05/2013","41","HUILA","41548","PITAL","URBANA","1"
"30/04/2013","19","CAUCA","19256","EL TAMBO","RURAL","1"
"30/04/2013","86","PUTUMAYO","86320","ORITO","RURAL","1"
"30/04/2013","52","NARIÑO","52835","SAN ANDRES DE TUMACO","RURAL","1"
"30/04/2013","52","NARIÑO","52835","SAN ANDRES DE TUMACO","RURAL","1"
"30/04/2013","52","NARIÑO","52835","SAN ANDRES DE TUMACO","URBANA","1"
"29/04/2013","73","TOLIMA","73616","RIOBLANCO","URBANA","1"
"28/04/2013","05","ANTIOQUIA","05819","TOLEDO","RURAL","1"
"28/04/2013","52","NARIÑO","52835","SAN ANDRES DE TUMACO","RURAL","1"
"28/04/2013","52","NARIÑO","52835","SAN ANDRES DE TUMACO","RURAL","1"
"28/04/2013","52","NARIÑO","52835","SAN ANDRES DE TUMACO","RURAL","1"
"27/04/2013","81","ARAUCA","81794","TAME","RURAL","1"
"26/04/2013","05","ANTIOQUIA","05040","ANORI","RURAL","1"
"25/04/2013","05","ANTIOQUIA","05134","CAMPAMENTO","RURAL","1"
"23/04/2013","54","NORTE DE SANTANDER","54099","BOCHALEMA","RURAL","1"
"23/04/2013","76","VALLE DEL CAUCA","76834","TULUA","URBANA","1"
"23/04/2013","54","NORTE DE SANTANDER","54206","CONVENCION","RURAL","1"
"22/04/2013","86","PUTUMAYO","86865","VALLE DEL GUAMUEZ","RURAL","1"
"20/04/2013","86","PUTUMAYO","86568","PUERTO ASIS","RURAL","1"
"19/04/2013","19","CAUCA","19450","MERCADERES","RURAL","1"
"17/04/2013","27","CHOCO","27001","QUIBDO","RURAL","1"
"17/04/2013","52","NARIÑO","52435","MALLAMA","RURAL","1"
"16/04/2013","05","ANTIOQUIA","05819","TOLEDO","RURAL","1"
"16/04/2013","19","CAUCA","19318","GUAPI","RURAL","1"
"15/04/2013","52","NARIÑO","52835","SAN ANDRES DE TUMACO","RURAL","1"
"15/04/2013","54","NORTE DE SANTANDER","54245","EL CARMEN","RURAL","1"
"15/04/2013","95","GUAVIARE","95001","SAN JOSE DEL GUAVIARE","RURAL","1"
"14/04/2013","52","NARIÑO","52835","SAN ANDRES DE TUMACO","URBANA","1"
"14/04/2013","54","NORTE DE SANTANDER","54800","TEORAMA","RURAL","1"
"13/04/2013","54","NORTE DE SANTANDER","54206","CONVENCION","RURAL","1"
"13/04/2013","76","VALLE DEL CAUCA","76834","TULUA","URBANA","1"
"12/04/2013","86","PUTUMAYO","86320","ORITO","RURAL","1"
"11/04/2013","44","LA GUAJIRA","44279","FONSECA","RURAL","1"
"10/04/2013","86","PUTUMAYO","86320","ORITO","RURAL","1"
"09/04/2013","11","BOGOTA D.C.","11001","BOGOTA D.C.","URBANA","1"
"08/04/2013","54","NORTE DE SANTANDER","54250","EL TARRA","RURAL","1"
"08/04/2013","86","PUTUMAYO","86320","ORITO","RURAL","1"
"07/04/2013","41","HUILA","41001","NEIVA","URBANA","1"
"05/04/2013","50","META","50711","VISTAHERMOSA","RURAL","1"
"03/04/2013","54","NORTE DE SANTANDER","54250","EL TARRA","RURAL","1"
"03/04/2013","05","ANTIOQUIA","05266","ENVIGADO","URBANA","1"
"03/04/2013","54","NORTE DE SANTANDER","54206","CONVENCION","RURAL","1"
"02/04/2013","86","PUTUMAYO","86865","VALLE DEL GUAMUEZ","RURAL","1"
"02/04/2013","44","LA GUAJIRA","44430","MAICAO","URBANA","1"
"02/04/2013","52","NARIÑO","52835","SAN ANDRES DE TUMACO","URBANA","1"
"02/04/2013","54","NORTE DE SANTANDER","54206","CONVENCION","URBANA","1"
"02/04/2013","19","CAUCA","19256","EL TAMBO","URBANA","1"
"02/04/2013","54","NORTE DE SANTANDER","54810","TIBU","RURAL","1"
"01/04/2013","05","ANTIOQUIA","05154","CAUCASIA","URBANA","1"
"01/04/2013","20","CESAR","20011","AGUACHICA","RURAL","1"
"01/04/2013","52","NARIÑO","52835","SAN ANDRES DE TUMACO","URBANA","1"
"31/03/2013","86","PUTUMAYO","86569","PUERTO CAICEDO","RURAL","1"
"31/03/2013","11","BOGOTA D.C.","11001","BOGOTA D.C.","URBANA","1"
"27/03/2013","86","PUTUMAYO","86320","ORITO","RURAL","1"
"27/03/2013","86","PUTUMAYO","86320","ORITO","RURAL","1"
"26/03/2013","54","NORTE DE SANTANDER","54810","TIBU","RURAL","1"
"25/03/2013","86","PUTUMAYO","86320","ORITO","RURAL","1"
"25/03/2013","73","TOLIMA","73352","ICONONZO","URBANA","1"
"24/03/2013","86","PUTUMAYO","86320","ORITO","RURAL","1"
"24/03/2013","86","PUTUMAYO","86757","SAN MIGUEL","RURAL","1"
"24/03/2013","54","NORTE DE SANTANDER","54800","TEORAMA","RURAL","1"
"23/03/2013","86","PUTUMAYO","86757","SAN MIGUEL","RURAL","1"
"23/03/2013","52","NARIÑO","52835","SAN ANDRES DE TUMACO","URBANA","1"
"23/03/2013","54","NORTE DE SANTANDER","54800","TEORAMA","RURAL","1"
"21/03/2013","50","META","50001","VILLAVICENCIO","URBANA","1"
"21/03/2013","81","ARAUCA","81065","ARAUQUITA","RURAL","1"
"20/03/2013","19","CAUCA","19130","CAJIBIO","RURAL","1"
"20/03/2013","52","NARIÑO","52835","SAN ANDRES DE TUMACO","URBANA","1"
"20/03/2013","54","NORTE DE SANTANDER","54250","EL TARRA","RURAL","1"
"20/03/2013","54","NORTE DE SANTANDER","54800","TEORAMA","RURAL","1"
"19/03/2013","86","PUTUMAYO","86320","ORITO","RURAL","1"
"18/03/2013","05","ANTIOQUIA","05154","CAUCASIA","URBANA","1"
"17/03/2013","86","PUTUMAYO","86757","SAN MIGUEL","RURAL","1"
"17/03/2013","44","LA GUAJIRA","44035","ALBANIA","RURAL","1"
"17/03/2013","44","LA GUAJIRA","44001","RIOHACHA","URBANA","1"
"17/03/2013","52","NARIÑO","52835","SAN ANDRES DE TUMACO","URBANA","1"
"17/03/2013","81","ARAUCA","81065","ARAUQUITA","RURAL","1"
"16/03/2013","52","NARIÑO","52079","BARBACOAS","URBANA","1"
"16/03/2013","97","VAUPES","97001","MITU","URBANA","1"
"15/03/2013","41","HUILA","41001","NEIVA","URBANA","1"
"14/03/2013","44","LA GUAJIRA","44035","ALBANIA","RURAL","1"
"14/03/2013","19","CAUCA","19050","ARGELIA","URBANA","1"
"14/03/2013","44","LA GUAJIRA","44098","DISTRACCION","URBANA","1"
"13/03/2013","05","ANTIOQUIA","05819","TOLEDO","RURAL","1"
"13/03/2013","05","ANTIOQUIA","05819","TOLEDO","RURAL","1"
"13/03/2013","52","NARIÑO","52621","ROBERTO PAYAN","URBANA","1"
"13/03/2013","86","PUTUMAYO","86320","ORITO","RURAL","1"
"13/03/2013","52","NARIÑO","52621","ROBERTO PAYAN","URBANA","1"
"13/03/2013","54","NORTE DE SANTANDER","54206","CONVENCION","RURAL","1"
"12/03/2013","19","CAUCA","19809","TIMBIQUI","URBANA","1"
"12/03/2013","73","TOLIMA","73555","PLANADAS","URBANA","1"
"11/03/2013","41","HUILA","41001","NEIVA","URBANA","1"
"11/03/2013","19","CAUCA","19807","TIMBIO","URBANA","1"
"10/03/2013","05","ANTIOQUIA","05647","SAN ANDRES DE CUERQUIA","RURAL","1"
"10/03/2013","05","ANTIOQUIA","05154","CAUCASIA","URBANA","1"
"10/03/2013","50","META","50400","LEJANIAS","RURAL","1"
"09/03/2013","19","CAUCA","19533","PIAMONTE","RURAL","1"
"08/03/2013","54","NORTE DE SANTANDER","54206","CONVENCION","RURAL","1"
"08/03/2013","05","ANTIOQUIA","05790","TARAZA","URBANA","1"
"08/03/2013","05","ANTIOQUIA","05154","CAUCASIA","URBANA","1"
"08/03/2013","54","NORTE DE SANTANDER","54800","TEORAMA","RURAL","1"
"07/03/2013","05","ANTIOQUIA","05250","EL BAGRE","URBANA","1"
"07/03/2013","52","NARIÑO","52835","SAN ANDRES DE TUMACO","RURAL","1"
"06/03/2013","27","CHOCO","27001","QUIBDO","RURAL","1"
"06/03/2013","05","ANTIOQUIA","05887","YARUMAL","RURAL","1"
"06/03/2013","81","ARAUCA","81736","SARAVENA","RURAL","1"
"06/03/2013","52","NARIÑO","52240","CHACHAGÜI","RURAL","1"
"06/03/2013","95","GUAVIARE","95001","SAN JOSE DEL GUAVIARE","URBANA","1"
"05/03/2013","52","NARIÑO","52835","SAN ANDRES DE TUMACO","URBANA","1"
"04/03/2013","05","ANTIOQUIA","05361","ITUANGO","URBANA","1"
"04/03/2013","05","ANTIOQUIA","05790","TARAZA","URBANA","1"
"04/03/2013","19","CAUCA","19622","ROSAS","RURAL","1"
"03/03/2013","86","PUTUMAYO","86569","PUERTO CAICEDO","RURAL","1"
"02/03/2013","05","ANTIOQUIA","05837","TURBO","URBANA","1"
"02/03/2013","86","PUTUMAYO","86568","PUERTO ASIS","RURAL","1"
"01/03/2013","41","HUILA","41298","GARZON","RURAL","1"
"01/03/2013","05","ANTIOQUIA","05895","ZARAGOZA","RURAL","1"
"01/03/2013","54","NORTE DE SANTANDER","54810","TIBU","RURAL","1"
"28/02/2013","54","NORTE DE SANTANDER","54206","CONVENCION","RURAL","1"
"28/02/2013","54","NORTE DE SANTANDER","54800","TEORAMA","RURAL","1"
"28/02/2013","50","META","50450","PUERTO CONCORDIA","RURAL","1"
"27/02/2013","54","NORTE DE SANTANDER","54245","EL CARMEN","RURAL","1"
"27/02/2013","54","NORTE DE SANTANDER","54245","EL CARMEN","RURAL","1"
"27/02/2013","54","NORTE DE SANTANDER","54800","TEORAMA","RURAL","1"
"27/02/2013","52","NARIÑO","52079","BARBACOAS","URBANA","1"
"26/02/2013","54","NORTE DE SANTANDER","54245","EL CARMEN","RURAL","1"
"26/02/2013","50","META","50689","SAN MARTIN","RURAL","1"
"26/02/2013","54","NORTE DE SANTANDER","54810","TIBU","URBANA","1"
"26/02/2013","54","NORTE DE SANTANDER","54245","EL CARMEN","URBANA","1"
"25/02/2013","05","ANTIOQUIA","05361","ITUANGO","URBANA","1"
"25/02/2013","54","NORTE DE SANTANDER","54810","TIBU","RURAL","1"
"25/02/2013","86","PUTUMAYO","86757","SAN MIGUEL","URBANA","1"
"24/02/2013","54","NORTE DE SANTANDER","54245","EL CARMEN","RURAL","1"
"24/02/2013","54","NORTE DE SANTANDER","54250","EL TARRA","RURAL","1"
"24/02/2013","95","GUAVIARE","95001","SAN JOSE DEL GUAVIARE","RURAL","1"
"24/02/2013","44","LA GUAJIRA","44035","ALBANIA","URBANA","1"
"24/02/2013","52","NARIÑO","52835","SAN ANDRES DE TUMACO","RURAL","1"
"24/02/2013","52","NARIÑO","52835","SAN ANDRES DE TUMACO","RURAL","1"
"24/02/2013","52","NARIÑO","52835","SAN ANDRES DE TUMACO","URBANA","1"
"23/02/2013","54","NORTE DE SANTANDER","54800","TEORAMA","RURAL","1"
"23/02/2013","05","ANTIOQUIA","05040","ANORI","URBANA","1"
"23/02/2013","05","ANTIOQUIA","05628","SABANALARGA","RURAL","1"
"23/02/2013","19","CAUCA","19455","MIRANDA","URBANA","1"
"22/02/2013","54","NORTE DE SANTANDER","54800","TEORAMA","RURAL","1"
"22/02/2013","54","NORTE DE SANTANDER","54810","TIBU","RURAL","1"
"22/02/2013","54","NORTE DE SANTANDER","54800","TEORAMA","RURAL","1"
"22/02/2013","86","PUTUMAYO","86568","PUERTO ASIS","RURAL","1"
"22/02/2013","95","GUAVIARE","95025","EL RETORNO","URBANA","1"
"21/02/2013","54","NORTE DE SANTANDER","54206","CONVENCION","RURAL","1"
"20/02/2013","54","NORTE DE SANTANDER","54206","CONVENCION","RURAL","1"
"20/02/2013","54","NORTE DE SANTANDER","54250","EL TARRA","RURAL","1"
"20/02/2013","41","HUILA","41132","CAMPOALEGRE","URBANA","1"
"20/02/2013","52","NARIÑO","52835","SAN ANDRES DE TUMACO","RURAL","1"
"19/02/2013","05","ANTIOQUIA","05107","BRICEÑO","RURAL","1"
"19/02/2013","54","NORTE DE SANTANDER","54206","CONVENCION","RURAL","1"
"19/02/2013","20","CESAR","20228","CURUMANI","RURAL","1"
"19/02/2013","18","CAQUETA","18753","SAN VICENTE DEL CAGUAN","URBANA","1"
"19/02/2013","41","HUILA","41668","SAN AGUSTIN","URBANA","1"
"18/02/2013","05","ANTIOQUIA","05107","BRICEÑO","RURAL","1"
"18/02/2013","54","NORTE DE SANTANDER","54810","TIBU","RURAL","1"
"18/02/2013","50","META","50313","GRANADA","URBANA","1"
"17/02/2013","05","ANTIOQUIA","05819","TOLEDO","RURAL","1"
"17/02/2013","54","NORTE DE SANTANDER","54250","EL TARRA","URBANA","1"
"17/02/2013","86","PUTUMAYO","86568","PUERTO ASIS","URBANA","1"
"16/02/2013","54","NORTE DE SANTANDER","54206","CONVENCION","RURAL","1"
"16/02/2013","54","NORTE DE SANTANDER","54250","EL TARRA","RURAL","1"
"16/02/2013","05","ANTIOQUIA","05647","SAN ANDRES DE CUERQUIA","RURAL","1"
"16/02/2013","54","NORTE DE SANTANDER","54800","TEORAMA","RURAL","1"
"16/02/2013","54","NORTE DE SANTANDER","54800","TEORAMA","RURAL","1"
"16/02/2013","41","HUILA","41001","NEIVA","URBANA","1"
"16/02/2013","86","PUTUMAYO","86568","PUERTO ASIS","URBANA","1"
"15/02/2013","05","ANTIOQUIA","05847","URRAO","URBANA","1"
"15/02/2013","44","LA GUAJIRA","44001","RIOHACHA","URBANA","1"
"14/02/2013","54","NORTE DE SANTANDER","54250","EL TARRA","URBANA","1"
"14/02/2013","76","VALLE DEL CAUCA","76109","BUENAVENTURA","URBANA","1"
"13/02/2013","86","PUTUMAYO","86320","ORITO","RURAL","1"
"13/02/2013","95","GUAVIARE","95001","SAN JOSE DEL GUAVIARE","RURAL","1"
"13/02/2013","52","NARIÑO","52835","SAN ANDRES DE TUMACO","RURAL","1"
"12/02/2013","86","PUTUMAYO","86757","SAN MIGUEL","RURAL","1"
"12/02/2013","86","PUTUMAYO","86865","VALLE DEL GUAMUEZ","RURAL","1"
"11/02/2013","54","NORTE DE SANTANDER","54800","TEORAMA","RURAL","1"
"11/02/2013","05","ANTIOQUIA","05604","REMEDIOS","URBANA","1"
"11/02/2013","86","PUTUMAYO","86320","ORITO","RURAL","1"
"11/02/2013","86","PUTUMAYO","86865","VALLE DEL GUAMUEZ","URBANA","1"
"11/02/2013","95","GUAVIARE","95200","MIRAFLORES","URBANA","1"
"10/02/2013","05","ANTIOQUIA","05045","APARTADO","RURAL","1"
"10/02/2013","11","BOGOTA D.C.","11001","BOGOTA D.C.","URBANA","1"
"09/02/2013","54","NORTE DE SANTANDER","54245","EL CARMEN","RURAL","1"
"09/02/2013","54","NORTE DE SANTANDER","54800","TEORAMA","RURAL","1"
"09/02/2013","54","NORTE DE SANTANDER","54800","TEORAMA","RURAL","1"
"09/02/2013","50","META","50711","VISTAHERMOSA","RURAL","1"
"09/02/2013","54","NORTE DE SANTANDER","54206","CONVENCION","RURAL","1"
"09/02/2013","86","PUTUMAYO","86320","ORITO","RURAL","1"
"09/02/2013","50","META","50001","VILLAVICENCIO","URBANA","1"
"08/02/2013","27","CHOCO","27099","BOJAYA","RURAL","1"
"08/02/2013","05","ANTIOQUIA","05045","APARTADO","RURAL","1"
"08/02/2013","81","ARAUCA","81001","ARAUCA","RURAL","1"
"08/02/2013","86","PUTUMAYO","86568","PUERTO ASIS","RURAL","1"
"08/02/2013","73","TOLIMA","73226","CUNDAY","URBANA","1"
"08/02/2013","52","NARIÑO","52835","SAN ANDRES DE TUMACO","URBANA","1"
"08/02/2013","81","ARAUCA","81065","ARAUQUITA","RURAL","1"
"07/02/2013","41","HUILA","41001","NEIVA","URBANA","1"
"06/02/2013","11","BOGOTA D.C.","11001","BOGOTA D.C.","URBANA","1"
"06/02/2013","86","PUTUMAYO","86865","VALLE DEL GUAMUEZ","RURAL","1"
"06/02/2013","81","ARAUCA","81794","TAME","RURAL","1"
"06/02/2013","47","MAGDALENA","47001","SANTA MARTA","URBANA","1"
"05/02/2013","19","CAUCA","19142","CALOTO","RURAL","1"
"05/02/2013","27","CHOCO","27615","RIOSUCIO","URBANA","1"
"04/02/2013","54","NORTE DE SANTANDER","54810","TIBU","RURAL","1"
"04/02/2013","86","PUTUMAYO","86865","VALLE DEL GUAMUEZ","RURAL","1"
"04/02/2013","05","ANTIOQUIA","05306","GIRALDO","RURAL","1"
"04/02/2013","50","META","50001","VILLAVICENCIO","URBANA","1"
"03/02/2013","86","PUTUMAYO","86320","ORITO","RURAL","1"
"03/02/2013","86","PUTUMAYO","86865","VALLE DEL GUAMUEZ","URBANA","1"
"03/02/2013","52","NARIÑO","52835","SAN ANDRES DE TUMACO","URBANA","1"
"03/02/2013","81","ARAUCA","81794","TAME","RURAL","1"
"02/02/2013","50","META","50251","EL CASTILLO","RURAL","1"
"02/02/2013","47","MAGDALENA","47001","SANTA MARTA","URBANA","1"
"01/02/2013","44","LA GUAJIRA","44279","FONSECA","URBANA","1"
"01/02/2013","44","LA GUAJIRA","44430","MAICAO","URBANA","1"
"01/02/2013","81","ARAUCA","81794","TAME","RURAL","1"
"01/02/2013","18","CAQUETA","18753","SAN VICENTE DEL CAGUAN","RURAL","1"
"31/01/2013","50","META","50313","GRANADA","RURAL","1"
"31/01/2013","19","CAUCA","19050","ARGELIA","URBANA","1"
"31/01/2013","05","ANTIOQUIA","05001","MEDELLIN","URBANA","1"
"31/01/2013","73","TOLIMA","73124","CAJAMARCA","RURAL","1"
"30/01/2013","76","VALLE DEL CAUCA","76109","BUENAVENTURA","URBANA","1"
"30/01/2013","05","ANTIOQUIA","05045","APARTADO","RURAL","1"
"30/01/2013","19","CAUCA","19256","EL TAMBO","RURAL","1"
"30/01/2013","05","ANTIOQUIA","05736","SEGOVIA","URBANA","1"
"30/01/2013","54","NORTE DE SANTANDER","54810","TIBU","RURAL","1"
"30/01/2013","50","META","50001","VILLAVICENCIO","URBANA","1"
"29/01/2013","19","CAUCA","19809","TIMBIQUI","URBANA","1"
"28/01/2013","54","NORTE DE SANTANDER","54250","EL TARRA","URBANA","1"
"28/01/2013","54","NORTE DE SANTANDER","54250","EL TARRA","URBANA","1"
"28/01/2013","86","PUTUMAYO","86865","VALLE DEL GUAMUEZ","RURAL","1"
"27/01/2013","54","NORTE DE SANTANDER","54250","EL TARRA","URBANA","1"
"27/01/2013","50","META","50450","PUERTO CONCORDIA","RURAL","1"
"27/01/2013","50","META","50450","PUERTO CONCORDIA","RURAL","1"
"27/01/2013","50","META","50001","VILLAVICENCIO","URBANA","1"
"26/01/2013","86","PUTUMAYO","86865","VALLE DEL GUAMUEZ","RURAL","1"
"26/01/2013","81","ARAUCA","81065","ARAUQUITA","RURAL","1"
"25/01/2013","86","PUTUMAYO","86320","ORITO","RURAL","1"
"25/01/2013","54","NORTE DE SANTANDER","54250","EL TARRA","URBANA","1"
"25/01/2013","27","CHOCO","27615","RIOSUCIO","RURAL","1"
"25/01/2013","54","NORTE DE SANTANDER","54800","TEORAMA","RURAL","1"
"25/01/2013","44","LA GUAJIRA","44110","EL MOLINO","RURAL","1"
"24/01/2013","86","PUTUMAYO","86568","PUERTO ASIS","URBANA","1"
"24/01/2013","86","PUTUMAYO","86568","PUERTO ASIS","URBANA","1"
"24/01/2013","81","ARAUCA","81794","TAME","URBANA","1"
"23/01/2013","05","ANTIOQUIA","05234","DABEIBA","RURAL","1"
"23/01/2013","76","VALLE DEL CAUCA","76233","DAGUA","RURAL","1"
"23/01/2013","50","META","50325","MAPIRIPAN","RURAL","1"
"23/01/2013","86","PUTUMAYO","86568","PUERTO ASIS","URBANA","1"
"23/01/2013","05","ANTIOQUIA","05001","MEDELLIN","URBANA","1"
"22/01/2013","05","ANTIOQUIA","05040","ANORI","URBANA","1"
"22/01/2013","11","BOGOTA D.C.","11001","BOGOTA D.C.","URBANA","1"
"22/01/2013","86","PUTUMAYO","86568","PUERTO ASIS","URBANA","1"
"22/01/2013","86","PUTUMAYO","86568","PUERTO ASIS","RURAL","1"
"22/01/2013","81","ARAUCA","81065","ARAUQUITA","RURAL","1"
"21/01/2013","81","ARAUCA","81591","PUERTO RONDON","RURAL","1"
"21/01/2013","86","PUTUMAYO","86568","PUERTO ASIS","URBANA","1"
"21/01/2013","54","NORTE DE SANTANDER","54206","CONVENCION","RURAL","1"
"21/01/2013","27","CHOCO","27615","RIOSUCIO","URBANA","1"
"21/01/2013","44","LA GUAJIRA","44035","ALBANIA","RURAL","1"
"21/01/2013","81","ARAUCA","81065","ARAUQUITA","RURAL","1"
"21/01/2013","81","ARAUCA","81591","PUERTO RONDON","RURAL","1"
"20/01/2013","86","PUTUMAYO","86320","ORITO","RURAL","1"
"20/01/2013","86","PUTUMAYO","86320","ORITO","RURAL","1"
"20/01/2013","86","PUTUMAYO","86320","ORITO","RURAL","1"
"20/01/2013","50","META","50313","GRANADA","URBANA","1"
"20/01/2013","44","LA GUAJIRA","44279","FONSECA","RURAL","1"
"20/01/2013","44","LA GUAJIRA","44078","BARRANCAS","RURAL","1"
"19/01/2013","27","CHOCO","27001","QUIBDO","URBANA","1"
"18/01/2013","15","BOYACA","15223","CUBARA","RURAL","1"
"18/01/2013","05","ANTIOQUIA","05001","MEDELLIN","URBANA","1"
"15/01/2013","27","CHOCO","27245","EL CARMEN DE ATRATO","RURAL","1"
"15/01/2013","81","ARAUCA","81736","SARAVENA","URBANA","1"
"15/01/2013","05","ANTIOQUIA","05001","MEDELLIN","URBANA","1"
"13/01/2013","05","ANTIOQUIA","05107","BRICEÑO","RURAL","1"
"12/01/2013","81","ARAUCA","81065","ARAUQUITA","RURAL","1"
"12/01/2013","47","MAGDALENA","47001","SANTA MARTA","RURAL","1"
"11/01/2013","86","PUTUMAYO","86568","PUERTO ASIS","RURAL","1"
"11/01/2013","73","TOLIMA","73168","CHAPARRAL","RURAL","1"
"10/01/2013","05","ANTIOQUIA","05887","YARUMAL","RURAL","1"
"10/01/2013","54","NORTE DE SANTANDER","54810","TIBU","RURAL","1"
"09/01/2013","54","NORTE DE SANTANDER","54206","CONVENCION","RURAL","1"
"09/01/2013","54","NORTE DE SANTANDER","54206","CONVENCION","RURAL","1"
"09/01/2013","54","NORTE DE SANTANDER","54820","TOLEDO","RURAL","1"
"08/01/2013","54","NORTE DE SANTANDER","54820","TOLEDO","RURAL","1"
"06/01/2013","05","ANTIOQUIA","05045","APARTADO","RURAL","1"
"06/01/2013","41","HUILA","41001","NEIVA","URBANA","1"
"05/01/2013","05","ANTIOQUIA","05234","DABEIBA","RURAL","1"
"04/01/2013","05","ANTIOQUIA","05120","CACERES","RURAL","1"
"04/01/2013","54","NORTE DE SANTANDER","54820","TOLEDO","URBANA","1"
"01/01/2013","05","ANTIOQUIA","05250","EL BAGRE","URBANA","1"
"31/12/2012","19","CAUCA","19318","GUAPI","URBANA","1"
"27/12/2012","41","HUILA","41551","PITALITO","URBANA","1"
"27/12/2012","41","HUILA","41551","PITALITO","URBANA","1"
"21/12/2012","76","VALLE DEL CAUCA","76364","JAMUNDI","RURAL","1"
"09/12/2012","50","META","50001","VILLAVICENCIO","URBANA","1"
"04/12/2012","15","BOYACA","15223","CUBARA","RURAL","1"
"03/12/2012","68","SANTANDER","68081","BARRANCABERMEJA","URBANA","1"
"02/12/2012","11","BOGOTA D.C.","11001","BOGOTA D.C.","URBANA","1"
"01/12/2012","52","NARIÑO","52405","LEIVA","RURAL","1"
"01/12/2012","27","CHOCO","27205","CONDOTO","RURAL","1"
"30/11/2012","52","NARIÑO","52835","SAN ANDRES DE TUMACO","RURAL","1"
"30/11/2012","52","NARIÑO","52678","SAMANIEGO","URBANA","1"
"29/11/2012","27","CHOCO","27001","QUIBDO","RURAL","1"
"26/11/2012","41","HUILA","41001","NEIVA","URBANA","1"
"25/11/2012","76","VALLE DEL CAUCA","76520","PALMIRA","URBANA","1"
"25/11/2012","50","META","50711","VISTAHERMOSA","RURAL","1"
"21/11/2012","05","ANTIOQUIA","05134","CAMPAMENTO","RURAL","1"
"20/11/2012","41","HUILA","41001","NEIVA","URBANA","1"
"18/11/2012","73","TOLIMA","73001","IBAGUE","URBANA","1"
"18/11/2012","73","TOLIMA","73001","IBAGUE","URBANA","1"
"18/11/2012","52","NARIÑO","52687","SAN LORENZO","RURAL","1"
"18/11/2012","76","VALLE DEL CAUCA","76109","BUENAVENTURA","URBANA","1"
"18/11/2012","76","VALLE DEL CAUCA","76109","BUENAVENTURA","RURAL","1"
"18/11/2012","76","VALLE DEL CAUCA","76109","BUENAVENTURA","RURAL","1"
"17/11/2012","05","ANTIOQUIA","05001","MEDELLIN","URBANA","1"
"16/11/2012","50","META","50001","VILLAVICENCIO","URBANA","1"
"16/11/2012","76","VALLE DEL CAUCA","76233","DAGUA","RURAL","1"
"16/11/2012","41","HUILA","41132","CAMPOALEGRE","URBANA","1"
"15/11/2012","05","ANTIOQUIA","05736","SEGOVIA","RURAL","1"
"13/11/2012","76","VALLE DEL CAUCA","76113","BUGALAGRANDE","URBANA","1"
"13/11/2012","19","CAUCA","19698","SANTANDER DE QUILICHAO","RURAL","1"
"12/11/2012","27","CHOCO","27001","QUIBDO","URBANA","1"
"12/11/2012","41","HUILA","41132","CAMPOALEGRE","URBANA","1"
"11/11/2012","27","CHOCO","27050","ATRATO","RURAL","1"
"11/11/2012","27","CHOCO","27001","QUIBDO","RURAL","1"
"11/11/2012","86","PUTUMAYO","86865","VALLE DEL GUAMUEZ","RURAL","1"
"11/11/2012","05","ANTIOQUIA","05107","BRICEÑO","RURAL","1"
"10/11/2012","19","CAUCA","19050","ARGELIA","URBANA","1"
"10/11/2012","19","CAUCA","19212","CORINTO","URBANA","1"
"10/11/2012","19","CAUCA","19142","CALOTO","RURAL","1"
"09/11/2012","73","TOLIMA","73168","CHAPARRAL","URBANA","1"
"09/11/2012","52","NARIÑO","52405","LEIVA","RURAL","1"
"09/11/2012","52","NARIÑO","52354","IMUES","RURAL","1"
"08/11/2012","27","CHOCO","27001","QUIBDO","URBANA","1"
"07/11/2012","19","CAUCA","19001","POPAYAN","URBANA","1"
"07/11/2012","05","ANTIOQUIA","05686","SANTA ROSA DE OSOS","RURAL","1"
"07/11/2012","76","VALLE DEL CAUCA","76109","BUENAVENTURA","URBANA","1"
"05/11/2012","19","CAUCA","19075","BALBOA","URBANA","1"
"04/11/2012","05","ANTIOQUIA","05001","MEDELLIN","URBANA","1"
"03/11/2012","76","VALLE DEL CAUCA","76001","CALI","URBANA","1"
"03/11/2012","50","META","50350","LA MACARENA","RURAL","1"
"01/11/2012","19","CAUCA","19573","PUERTO TEJADA","URBANA","1"
"31/10/2012","05","ANTIOQUIA","05893","YONDO","RURAL","1"
"31/10/2012","76","VALLE DEL CAUCA","76563","PRADERA","URBANA","1"
"31/10/2012","19","CAUCA","19450","MERCADERES","URBANA","1"
"30/10/2012","19","CAUCA","19532","PATIA","URBANA","1"
"29/10/2012","86","PUTUMAYO","86320","ORITO","RURAL","1"
"29/10/2012","20","CESAR","20750","SAN DIEGO","RURAL","1"
"29/10/2012","05","ANTIOQUIA","05001","MEDELLIN","URBANA","1"
"29/10/2012","05","ANTIOQUIA","05837","TURBO","URBANA","1"
"28/10/2012","11","BOGOTA D.C.","11001","BOGOTA D.C.","URBANA","1"
"28/10/2012","05","ANTIOQUIA","05819","TOLEDO","RURAL","1"
"28/10/2012","05","ANTIOQUIA","05887","YARUMAL","URBANA","1"
"27/10/2012","52","NARIÑO","52835","SAN ANDRES DE TUMACO","RURAL","1"
"27/10/2012","73","TOLIMA","73555","PLANADAS","URBANA","1"
"26/10/2012","52","NARIÑO","52838","TUQUERRES","URBANA","1"
"25/10/2012","95","GUAVIARE","95001","SAN JOSE DEL GUAVIARE","URBANA","1"
"24/10/2012","86","PUTUMAYO","86865","VALLE DEL GUAMUEZ","RURAL","1"
"24/10/2012","47","MAGDALENA","47001","SANTA MARTA","URBANA","1"
"24/10/2012","50","META","50450","PUERTO CONCORDIA","URBANA","1"
"24/10/2012","08","ATLANTICO","08372","JUAN DE ACOSTA","URBANA","1"
"23/10/2012","52","NARIÑO","52405","LEIVA","RURAL","1"
"20/10/2012","50","META","50001","VILLAVICENCIO","URBANA","1"
"19/10/2012","76","VALLE DEL CAUCA","76563","PRADERA","URBANA","1"
"19/10/2012","81","ARAUCA","81794","TAME","RURAL","1"
"18/10/2012","11","BOGOTA D.C.","11001","BOGOTA D.C.","URBANA","1"
"18/10/2012","76","VALLE DEL CAUCA","76736","SEVILLA","RURAL","1"
"17/10/2012","95","GUAVIARE","95001","SAN JOSE DEL GUAVIARE","URBANA","1"
"16/10/2012","76","VALLE DEL CAUCA","76670","SAN PEDRO","RURAL","1"
"16/10/2012","81","ARAUCA","81065","ARAUQUITA","RURAL","1"
"14/10/2012","05","ANTIOQUIA","05628","SABANALARGA","RURAL","1"
"14/10/2012","81","ARAUCA","81794","TAME","RURAL","1"
"14/10/2012","41","HUILA","41132","CAMPOALEGRE","URBANA","1"
"12/10/2012","73","TOLIMA","73001","IBAGUE","URBANA","1"
"12/10/2012","76","VALLE DEL CAUCA","76233","DAGUA","URBANA","1"
"11/10/2012","19","CAUCA","19212","CORINTO","URBANA","1"
"11/10/2012","54","NORTE DE SANTANDER","54810","TIBU","RURAL","1"
"10/10/2012","76","VALLE DEL CAUCA","76520","PALMIRA","URBANA","1"
"10/10/2012","76","VALLE DEL CAUCA","76834","TULUA","URBANA","1"
"09/10/2012","41","HUILA","41132","CAMPOALEGRE","URBANA","1"
"09/10/2012","54","NORTE DE SANTANDER","54003","ABREGO","RURAL","1"
"08/10/2012","86","PUTUMAYO","86320","ORITO","URBANA","1"
"08/10/2012","54","NORTE DE SANTANDER","54206","CONVENCION","RURAL","1"
"08/10/2012","47","MAGDALENA","47189","CIENAGA","URBANA","1"
"08/10/2012","81","ARAUCA","81736","SARAVENA","RURAL","1"
"05/10/2012","86","PUTUMAYO","86320","ORITO","URBANA","1"
"03/10/2012","52","NARIÑO","52356","IPIALES","RURAL","1"
"03/10/2012","86","PUTUMAYO","86573","PUERTO LEGUIZAMO","URBANA","1"
"03/10/2012","81","ARAUCA","81736","SARAVENA","URBANA","1"
"02/10/2012","52","NARIÑO","52699","SANTACRUZ","RURAL","1"
"01/10/2012","86","PUTUMAYO","86320","ORITO","RURAL","1"
"01/10/2012","54","NORTE DE SANTANDER","54810","TIBU","RURAL","1"
"29/09/2012","52","NARIÑO","52079","BARBACOAS","URBANA","1"
"29/09/2012","73","TOLIMA","73555","PLANADAS","URBANA","1"
"28/09/2012","54","NORTE DE SANTANDER","54250","EL TARRA","RURAL","1"
"28/09/2012","54","NORTE DE SANTANDER","54810","TIBU","URBANA","1"
"28/09/2012","52","NARIÑO","52720","SAPUYES","RURAL","1"
"27/09/2012","86","PUTUMAYO","86320","ORITO","RURAL","1"
"27/09/2012","44","LA GUAJIRA","44874","VILLANUEVA","RURAL","1"
"27/09/2012","47","MAGDALENA","47001","SANTA MARTA","URBANA","1"
"26/09/2012","11","BOGOTA D.C.","11001","BOGOTA D.C.","URBANA","1"
"26/09/2012","15","BOYACA","15238","DUITAMA","URBANA","1"
"25/09/2012","44","LA GUAJIRA","44001","RIOHACHA","URBANA","1"
"25/09/2012","50","META","50577","PUERTO LLERAS","RURAL","1"
"23/09/2012","05","ANTIOQUIA","05361","ITUANGO","URBANA","1"
"22/09/2012","19","CAUCA","19212","CORINTO","RURAL","1"
"22/09/2012","81","ARAUCA","81001","ARAUCA","URBANA","1"
"22/09/2012","44","LA GUAJIRA","44001","RIOHACHA","URBANA","1"
"21/09/2012","54","NORTE DE SANTANDER","54498","OCAÑA","URBANA","1"
"21/09/2012","41","HUILA","41001","NEIVA","URBANA","1"
"21/09/2012","85","CASANARE","85001","YOPAL","RURAL","1"
"21/09/2012","19","CAUCA","19532","PATIA","URBANA","1"
"19/09/2012","54","NORTE DE SANTANDER","54250","EL TARRA","RURAL","1"
"19/09/2012","54","NORTE DE SANTANDER","54250","EL TARRA","RURAL","1"
"18/09/2012","50","META","50001","VILLAVICENCIO","URBANA","1"
"16/09/2012","86","PUTUMAYO","86865","VALLE DEL GUAMUEZ","URBANA","1"
"15/09/2012","52","NARIÑO","52079","BARBACOAS","URBANA","1"
"14/09/2012","50","META","50590","PUERTO RICO","RURAL","1"
"14/09/2012","76","VALLE DEL CAUCA","76834","TULUA","URBANA","1"
"14/09/2012","76","VALLE DEL CAUCA","76834","TULUA","URBANA","1"
"14/09/2012","50","META","50683","SAN JUAN DE ARAMA","URBANA","1"
"13/09/2012","05","ANTIOQUIA","05001","MEDELLIN","URBANA","1"
"11/09/2012","44","LA GUAJIRA","44430","MAICAO","RURAL","1"
"10/09/2012","05","ANTIOQUIA","05250","EL BAGRE","RURAL","1"
"10/09/2012","18","CAQUETA","18753","SAN VICENTE DEL CAGUAN","URBANA","1"
"07/09/2012","73","TOLIMA","73675","SAN ANTONIO","URBANA","1"
"06/09/2012","27","CHOCO","27001","QUIBDO","RURAL","1"
"06/09/2012","27","CHOCO","27245","EL CARMEN DE ATRATO","RURAL","1"
"06/09/2012","86","PUTUMAYO","86320","ORITO","RURAL","1"
"06/09/2012","20","CESAR","20001","VALLEDUPAR","URBANA","1"
"05/09/2012","95","GUAVIARE","95001","SAN JOSE DEL GUAVIARE","URBANA","1"
"04/09/2012","86","PUTUMAYO","86865","VALLE DEL GUAMUEZ","RURAL","1"
"04/09/2012","19","CAUCA","19809","TIMBIQUI","URBANA","1"
"04/09/2012","44","LA GUAJIRA","44035","ALBANIA","RURAL","1"
"04/09/2012","41","HUILA","41132","CAMPOALEGRE","URBANA","1"
"03/09/2012","63","QUINDIO","63001","ARMENIA","URBANA","1"
"02/09/2012","19","CAUCA","19355","INZA","URBANA","1"
"02/09/2012","05","ANTIOQUIA","05040","ANORI","RURAL","1"
"02/09/2012","05","ANTIOQUIA","05647","SAN ANDRES DE CUERQUIA","RURAL","1"
"01/09/2012","19","CAUCA","19212","CORINTO","RURAL","1"
"01/09/2012","68","SANTANDER","68081","BARRANCABERMEJA","URBANA","1"
"31/08/2012","86","PUTUMAYO","86757","SAN MIGUEL","RURAL","1"
"31/08/2012","76","VALLE DEL CAUCA","76001","CALI","URBANA","1"
"31/08/2012","05","ANTIOQUIA","05615","RIONEGRO","URBANA","1"
"31/08/2012","19","CAUCA","19001","POPAYAN","URBANA","1"
"31/08/2012","76","VALLE DEL CAUCA","76670","SAN PEDRO","RURAL","1"
"31/08/2012","50","META","50001","VILLAVICENCIO","URBANA","1"
"30/08/2012","11","BOGOTA D.C.","11001","BOGOTA D.C.","URBANA","1"
"30/08/2012","19","CAUCA","19450","MERCADERES","RURAL","1"
"30/08/2012","20","CESAR","20001","VALLEDUPAR","URBANA","1"
"30/08/2012","44","LA GUAJIRA","44430","MAICAO","URBANA","1"
"29/08/2012","50","META","50370","URIBE","URBANA","1"
"29/08/2012","81","ARAUCA","81794","TAME","RURAL","1"
"29/08/2012","44","LA GUAJIRA","44035","ALBANIA","RURAL","1"
"28/08/2012","76","VALLE DEL CAUCA","76109","BUENAVENTURA","RURAL","1"
"27/08/2012","52","NARIÑO","52411","LINARES","RURAL","1"
"27/08/2012","52","NARIÑO","52411","LINARES","RURAL","1"
"27/08/2012","73","TOLIMA","73168","CHAPARRAL","URBANA","1"
"27/08/2012","27","CHOCO","27001","QUIBDO","URBANA","1"
"26/08/2012","50","META","50370","URIBE","URBANA","1"
"26/08/2012","50","META","50711","VISTAHERMOSA","URBANA","1"
"25/08/2012","44","LA GUAJIRA","44430","MAICAO","URBANA","1"
"25/08/2012","81","ARAUCA","81794","TAME","RURAL","1"
"25/08/2012","52","NARIÑO","52838","TUQUERRES","URBANA","1"
"24/08/2012","52","NARIÑO","52573","PUERRES","RURAL","1"
"24/08/2012","86","PUTUMAYO","86001","MOCOA","RURAL","1"
"24/08/2012","52","NARIÑO","52001","PASTO","URBANA","1"
"23/08/2012","95","GUAVIARE","95001","SAN JOSE DEL GUAVIARE","URBANA","1"
"23/08/2012","15","BOYACA","15759","SOGAMOSO","URBANA","1"
"23/08/2012","50","META","50313","GRANADA","URBANA","1"
"22/08/2012","76","VALLE DEL CAUCA","76233","DAGUA","RURAL","1"
"21/08/2012","81","ARAUCA","81065","ARAUQUITA","RURAL","1"
"21/08/2012","81","ARAUCA","81065","ARAUQUITA","RURAL","1"
"20/08/2012","86","PUTUMAYO","86757","SAN MIGUEL","RURAL","1"
"20/08/2012","73","TOLIMA","73236","DOLORES","RURAL","1"
"20/08/2012","11","BOGOTA D.C.","11001","BOGOTA D.C.","URBANA","1"
"20/08/2012","86","PUTUMAYO","86757","SAN MIGUEL","URBANA","1"
"19/08/2012","76","VALLE DEL CAUCA","76670","SAN PEDRO","RURAL","1"
"19/08/2012","52","NARIÑO","52612","RICAURTE","RURAL","1"
"19/08/2012","81","ARAUCA","81001","ARAUCA","URBANA","1"
"19/08/2012","52","NARIÑO","52838","TUQUERRES","RURAL","1"
"19/08/2012","27","CHOCO","27001","QUIBDO","RURAL","1"
"18/08/2012","86","PUTUMAYO","86320","ORITO","RURAL","1"
"18/08/2012","52","NARIÑO","52835","SAN ANDRES DE TUMACO","URBANA","1"
"17/08/2012","52","NARIÑO","52835","SAN ANDRES DE TUMACO","RURAL","1"
"16/08/2012","76","VALLE DEL CAUCA","76834","TULUA","RURAL","1"
"16/08/2012","86","PUTUMAYO","86320","ORITO","RURAL","1"
"15/08/2012","68","SANTANDER","68081","BARRANCABERMEJA","URBANA","1"
"15/08/2012","19","CAUCA","19548","PIENDAMO - TUNIA","RURAL","1"
"15/08/2012","52","NARIÑO","52835","SAN ANDRES DE TUMACO","RURAL","1"
"15/08/2012","19","CAUCA","19532","PATIA","RURAL","1"
"14/08/2012","19","CAUCA","19130","CAJIBIO","URBANA","1"
"14/08/2012","54","NORTE DE SANTANDER","54810","TIBU","RURAL","1"
"14/08/2012","81","ARAUCA","81794","TAME","RURAL","1"
"14/08/2012","52","NARIÑO","52835","SAN ANDRES DE TUMACO","URBANA","1"
"13/08/2012","54","NORTE DE SANTANDER","54810","TIBU","RURAL","1"
"13/08/2012","27","CHOCO","27001","QUIBDO","URBANA","1"
"12/08/2012","76","VALLE DEL CAUCA","76111","GUADALAJARA DE BUGA","RURAL","1"
"12/08/2012","19","CAUCA","19130","CAJIBIO","RURAL","1"
"12/08/2012","19","CAUCA","19355","INZA","RURAL","1"
"12/08/2012","19","CAUCA","19548","PIENDAMO - TUNIA","RURAL","1"
"12/08/2012","81","ARAUCA","81736","SARAVENA","URBANA","1"
"11/08/2012","81","ARAUCA","81736","SARAVENA","URBANA","1"
"11/08/2012","50","META","50590","PUERTO RICO","RURAL","1"
"11/08/2012","19","CAUCA","19137","CALDONO","URBANA","1"
"11/08/2012","19","CAUCA","19824","TOTORO","RURAL","1"
"11/08/2012","19","CAUCA","19780","SUAREZ","RURAL","1"
"10/08/2012","76","VALLE DEL CAUCA","76111","GUADALAJARA DE BUGA","RURAL","1"
"10/08/2012","76","VALLE DEL CAUCA","76111","GUADALAJARA DE BUGA","RURAL","1"
"10/08/2012","76","VALLE DEL CAUCA","76670","SAN PEDRO","RURAL","1"
"10/08/2012","52","NARIÑO","52079","BARBACOAS","RURAL","1"
"10/08/2012","19","CAUCA","19698","SANTANDER DE QUILICHAO","RURAL","1"
"10/08/2012","86","PUTUMAYO","86865","VALLE DEL GUAMUEZ","RURAL","1"
"10/08/2012","19","CAUCA","19532","PATIA","RURAL","1"
"10/08/2012","19","CAUCA","19548","PIENDAMO - TUNIA","URBANA","1"
"10/08/2012","19","CAUCA","19698","SANTANDER DE QUILICHAO","RURAL","1"
"10/08/2012","19","CAUCA","19807","TIMBIO","RURAL","1"
"10/08/2012","52","NARIÑO","52612","RICAURTE","RURAL","1"
"10/08/2012","76","VALLE DEL CAUCA","76109","BUENAVENTURA","RURAL","1"
"10/08/2012","50","META","50330","MESETAS","RURAL","1"
"10/08/2012","19","CAUCA","19532","PATIA","RURAL","1"
"10/08/2012","19","CAUCA","19780","SUAREZ","RURAL","1"
"09/08/2012","86","PUTUMAYO","86320","ORITO","RURAL","1"
"09/08/2012","19","CAUCA","19300","GUACHENE","RURAL","1"
"09/08/2012","15","BOYACA","15550","PISBA","URBANA","1"
"09/08/2012","19","CAUCA","19142","CALOTO","RURAL","1"
"09/08/2012","52","NARIÑO","52435","MALLAMA","RURAL","1"
"08/08/2012","68","SANTANDER","68081","BARRANCABERMEJA","URBANA","1"
"08/08/2012","44","LA GUAJIRA","44098","DISTRACCION","RURAL","1"
"08/08/2012","44","LA GUAJIRA","44430","MAICAO","RURAL","1"
"08/08/2012","44","LA GUAJIRA","44035","ALBANIA","RURAL","1"
"08/08/2012","05","ANTIOQUIA","05234","DABEIBA","URBANA","1"
"08/08/2012","86","PUTUMAYO","86757","SAN MIGUEL","RURAL","1"
"08/08/2012","05","ANTIOQUIA","05647","SAN ANDRES DE CUERQUIA","RURAL","1"
"07/08/2012","05","ANTIOQUIA","05647","SAN ANDRES DE CUERQUIA","RURAL","1"
"06/08/2012","86","PUTUMAYO","86865","VALLE DEL GUAMUEZ","RURAL","1"
"06/08/2012","85","CASANARE","85225","NUNCHIA","RURAL","1"
"06/08/2012","81","ARAUCA","81794","TAME","RURAL","1"
"05/08/2012","76","VALLE DEL CAUCA","76563","PRADERA","URBANA","1"
"05/08/2012","05","ANTIOQUIA","05001","MEDELLIN","URBANA","1"
"04/08/2012","44","LA GUAJIRA","44430","MAICAO","RURAL","1"
"04/08/2012","44","LA GUAJIRA","44035","ALBANIA","RURAL","1"
"03/08/2012","05","ANTIOQUIA","05819","TOLEDO","RURAL","1"
"03/08/2012","20","CESAR","20750","SAN DIEGO","RURAL","1"
"03/08/2012","81","ARAUCA","81736","SARAVENA","URBANA","1"
"03/08/2012","81","ARAUCA","81794","TAME","RURAL","1"
"02/08/2012","81","ARAUCA","81794","TAME","URBANA","1"
"01/08/2012","27","CHOCO","27001","QUIBDO","RURAL","1"
"31/07/2012","81","ARAUCA","81736","SARAVENA","URBANA","1"
"30/07/2012","99","VICHADA","99773","CUMARIBO","RURAL","1"
"30/07/2012","19","CAUCA","19450","MERCADERES","RURAL","1"
"29/07/2012","05","ANTIOQUIA","05040","ANORI","RURAL","1"
"28/07/2012","76","VALLE DEL CAUCA","76001","CALI","URBANA","1"
"28/07/2012","47","MAGDALENA","47288","FUNDACION","URBANA","1"
"26/07/2012","86","PUTUMAYO","86865","VALLE DEL GUAMUEZ","RURAL","1"
"26/07/2012","11","BOGOTA D.C.","11001","BOGOTA D.C.","URBANA","1"
"26/07/2012","52","NARIÑO","52835","SAN ANDRES DE TUMACO","RURAL","1"
"26/07/2012","81","ARAUCA","81065","ARAUQUITA","RURAL","1"
"25/07/2012","47","MAGDALENA","47189","CIENAGA","URBANA","1"
"25/07/2012","27","CHOCO","27001","QUIBDO","URBANA","1"
"24/07/2012","86","PUTUMAYO","86320","ORITO","RURAL","1"
"24/07/2012","41","HUILA","41001","NEIVA","URBANA","1"
"24/07/2012","41","HUILA","41020","ALGECIRAS","URBANA","1"
"23/07/2012","44","LA GUAJIRA","44001","RIOHACHA","URBANA","1"
"20/07/2012","54","NORTE DE SANTANDER","54109","BUCARASICA","RURAL","1"
"20/07/2012","18","CAQUETA","18592","PUERTO RICO","RURAL","1"
"20/07/2012","18","CAQUETA","18592","PUERTO RICO","RURAL","1"
"20/07/2012","54","NORTE DE SANTANDER","54109","BUCARASICA","RURAL","1"
"20/07/2012","52","NARIÑO","52390","LA TOLA","URBANA","1"
"20/07/2012","86","PUTUMAYO","86757","SAN MIGUEL","RURAL","1"
"19/07/2012","86","PUTUMAYO","86320","ORITO","URBANA","1"
"17/07/2012","44","LA GUAJIRA","44430","MAICAO","URBANA","1"
"17/07/2012","05","ANTIOQUIA","05819","TOLEDO","URBANA","1"
"16/07/2012","19","CAUCA","19517","PAEZ","RURAL","1"
"14/07/2012","05","ANTIOQUIA","05147","CAREPA","RURAL","1"
"14/07/2012","44","LA GUAJIRA","44847","URIBIA","RURAL","1"
"13/07/2012","50","META","50400","LEJANIAS","RURAL","1"
"13/07/2012","11","BOGOTA D.C.","11001","BOGOTA D.C.","URBANA","1"
"13/07/2012","41","HUILA","41001","NEIVA","URBANA","1"
"12/07/2012","86","PUTUMAYO","86320","ORITO","RURAL","1"
"12/07/2012","05","ANTIOQUIA","05172","CHIGORODO","RURAL","1"
"11/07/2012","47","MAGDALENA","47189","CIENAGA","URBANA","1"
"10/07/2012","19","CAUCA","19050","ARGELIA","RURAL","1"
"08/07/2012","86","PUTUMAYO","86320","ORITO","URBANA","1"
"08/07/2012","05","ANTIOQUIA","05736","SEGOVIA","RURAL","1"
"08/07/2012","44","LA GUAJIRA","44001","RIOHACHA","URBANA","1"
"06/07/2012","05","ANTIOQUIA","05736","SEGOVIA","URBANA","1"
"05/07/2012","47","MAGDALENA","47053","ARACATACA","RURAL","1"
"04/07/2012","86","PUTUMAYO","86569","PUERTO CAICEDO","RURAL","1"
"04/07/2012","85","CASANARE","85010","AGUAZUL","URBANA","1"
"04/07/2012","52","NARIÑO","52678","SAMANIEGO","RURAL","1"
"04/07/2012","54","NORTE DE SANTANDER","54518","PAMPLONA","URBANA","1"
"03/07/2012","86","PUTUMAYO","86757","SAN MIGUEL","RURAL","1"
"03/07/2012","85","CASANARE","85001","YOPAL","RURAL","1"
"03/07/2012","19","CAUCA","19364","JAMBALO","URBANA","1"
"03/07/2012","50","META","50001","VILLAVICENCIO","URBANA","1"
"03/07/2012","54","NORTE DE SANTANDER","54810","TIBU","RURAL","1"
"02/07/2012","27","CHOCO","27745","SIPI","URBANA","1"
"02/07/2012","19","CAUCA","19050","ARGELIA","RURAL","1"
"02/07/2012","19","CAUCA","19050","ARGELIA","URBANA","1"
"02/07/2012","18","CAQUETA","18753","SAN VICENTE DEL CAGUAN","URBANA","1"
"01/07/2012","50","META","50001","VILLAVICENCIO","URBANA","1"
"01/07/2012","44","LA GUAJIRA","44001","RIOHACHA","URBANA","1"
"01/07/2012","05","ANTIOQUIA","05819","TOLEDO","RURAL","1"
"29/06/2012","52","NARIÑO","52699","SANTACRUZ","RURAL","1"
"28/06/2012","81","ARAUCA","81300","FORTUL","URBANA","1"
"28/06/2012","81","ARAUCA","81300","FORTUL","RURAL","1"
"27/06/2012","86","PUTUMAYO","86320","ORITO","RURAL","1"
"27/06/2012","11","BOGOTA D.C.","11001","BOGOTA D.C.","URBANA","1"
"27/06/2012","44","LA GUAJIRA","44430","MAICAO","URBANA","1"
"26/06/2012","86","PUTUMAYO","86865","VALLE DEL GUAMUEZ","RURAL","1"
"26/06/2012","81","ARAUCA","81794","TAME","RURAL","1"
"25/06/2012","50","META","50330","MESETAS","RURAL","1"
"25/06/2012","76","VALLE DEL CAUCA","76834","TULUA","URBANA","1"
"25/06/2012","50","META","50001","VILLAVICENCIO","URBANA","1"
"25/06/2012","44","LA GUAJIRA","44001","RIOHACHA","URBANA","1"
"25/06/2012","81","ARAUCA","81065","ARAUQUITA","RURAL","1"
"24/06/2012","19","CAUCA","19212","CORINTO","URBANA","1"
"23/06/2012","76","VALLE DEL CAUCA","76275","FLORIDA","URBANA","1"
"23/06/2012","50","META","50711","VISTAHERMOSA","RURAL","1"
"23/06/2012","81","ARAUCA","81065","ARAUQUITA","RURAL","1"
"22/06/2012","50","META","50001","VILLAVICENCIO","URBANA","1"
"21/06/2012","95","GUAVIARE","95015","CALAMAR","URBANA","1"
"20/06/2012","52","NARIÑO","52612","RICAURTE","RURAL","1"
"20/06/2012","52","NARIÑO","52838","TUQUERRES","URBANA","1"
"20/06/2012","85","CASANARE","85010","AGUAZUL","RURAL","1"
"20/06/2012","52","NARIÑO","52838","TUQUERRES","URBANA","1"
"20/06/2012","73","TOLIMA","73168","CHAPARRAL","URBANA","1"
"19/06/2012","19","CAUCA","19001","POPAYAN","URBANA","1"
"19/06/2012","41","HUILA","41020","ALGECIRAS","URBANA","1"
"19/06/2012","19","CAUCA","19137","CALDONO","RURAL","1"
"19/06/2012","19","CAUCA","19698","SANTANDER DE QUILICHAO","RURAL","1"
"18/06/2012","50","META","50001","VILLAVICENCIO","URBANA","1"
"18/06/2012","05","ANTIOQUIA","05647","SAN ANDRES DE CUERQUIA","RURAL","1"
"17/06/2012","76","VALLE DEL CAUCA","76109","BUENAVENTURA","URBANA","1"
"16/06/2012","05","ANTIOQUIA","05001","MEDELLIN","URBANA","1"
"16/06/2012","19","CAUCA","19050","ARGELIA","RURAL","1"
"16/06/2012","44","LA GUAJIRA","44001","RIOHACHA","URBANA","1"
"16/06/2012","52","NARIÑO","52385","LA LLANADA","URBANA","1"
"15/06/2012","99","VICHADA","99773","CUMARIBO","RURAL","1"
"14/06/2012","86","PUTUMAYO","86569","PUERTO CAICEDO","RURAL","1"
"14/06/2012","19","CAUCA","19532","PATIA","URBANA","1"
"13/06/2012","50","META","50001","VILLAVICENCIO","URBANA","1"
"12/06/2012","05","ANTIOQUIA","05790","TARAZA","RURAL","1"
"11/06/2012","44","LA GUAJIRA","44001","RIOHACHA","URBANA","1"
"11/06/2012","44","LA GUAJIRA","44001","RIOHACHA","URBANA","1"
"11/06/2012","54","NORTE DE SANTANDER","54810","TIBU","RURAL","1"
"10/06/2012","05","ANTIOQUIA","05854","VALDIVIA","RURAL","1"
"09/06/2012","86","PUTUMAYO","86568","PUERTO ASIS","RURAL","1"
"09/06/2012","47","MAGDALENA","47189","CIENAGA","URBANA","1"
"07/06/2012","44","LA GUAJIRA","44001","RIOHACHA","URBANA","1"
"07/06/2012","50","META","50251","EL CASTILLO","RURAL","1"
"07/06/2012","73","TOLIMA","73168","CHAPARRAL","URBANA","1"
"06/06/2012","50","META","50711","VISTAHERMOSA","RURAL","1"
"06/06/2012","05","ANTIOQUIA","05854","VALDIVIA","RURAL","1"
"05/06/2012","50","META","50313","GRANADA","URBANA","1"
"05/06/2012","81","ARAUCA","81001","ARAUCA","RURAL","1"
"05/06/2012","05","ANTIOQUIA","05854","VALDIVIA","RURAL","1"
"04/06/2012","73","TOLIMA","73675","SAN ANTONIO","URBANA","1"
"03/06/2012","50","META","50313","GRANADA","URBANA","1"
"02/06/2012","47","MAGDALENA","47189","CIENAGA","URBANA","1"
"02/06/2012","52","NARIÑO","52621","ROBERTO PAYAN","RURAL","1"
"02/06/2012","52","NARIÑO","52835","SAN ANDRES DE TUMACO","RURAL","1"
"02/06/2012","52","NARIÑO","52835","SAN ANDRES DE TUMACO","RURAL","1"
"02/06/2012","52","NARIÑO","52835","SAN ANDRES DE TUMACO","RURAL","1"
"02/06/2012","44","LA GUAJIRA","44430","MAICAO","URBANA","1"
"02/06/2012","44","LA GUAJIRA","44430","MAICAO","URBANA","1"
"01/06/2012","73","TOLIMA","73168","CHAPARRAL","RURAL","1"
"30/05/2012","54","NORTE DE SANTANDER","54498","OCAÑA","URBANA","1"
"28/05/2012","86","PUTUMAYO","86320","ORITO","RURAL","1"
"28/05/2012","95","GUAVIARE","95001","SAN JOSE DEL GUAVIARE","RURAL","1"
"27/05/2012","19","CAUCA","19318","GUAPI","URBANA","1"
"27/05/2012","95","GUAVIARE","95200","MIRAFLORES","URBANA","1"
"26/05/2012","86","PUTUMAYO","86757","SAN MIGUEL","RURAL","1"
"26/05/2012","05","ANTIOQUIA","05361","ITUANGO","URBANA","1"
"26/05/2012","50","META","50251","EL CASTILLO","RURAL","1"
"26/05/2012","05","ANTIOQUIA","05001","MEDELLIN","URBANA","1"
"24/05/2012","52","NARIÑO","52573","PUERRES","URBANA","1"
"24/05/2012","76","VALLE DEL CAUCA","76001","CALI","URBANA","1"
"24/05/2012","52","NARIÑO","52838","TUQUERRES","URBANA","1"
"24/05/2012","52","NARIÑO","52683","SANDONA","URBANA","1"
"22/05/2012","73","TOLIMA","73624","ROVIRA","RURAL","1"
"22/05/2012","86","PUTUMAYO","86757","SAN MIGUEL","RURAL","1"
"22/05/2012","50","META","50577","PUERTO LLERAS","URBANA","1"
"22/05/2012","85","CASANARE","85440","VILLANUEVA","URBANA","1"
"21/05/2012","13","BOLIVAR","13688","SANTA ROSA DEL SUR","URBANA","1"
"21/05/2012","27","CHOCO","27001","QUIBDO","URBANA","1"
"20/05/2012","05","ANTIOQUIA","05628","SABANALARGA","URBANA","1"
"20/05/2012","05","ANTIOQUIA","05628","SABANALARGA","URBANA","1"
"19/05/2012","27","CHOCO","27001","QUIBDO","URBANA","1"
"19/05/2012","50","META","50370","URIBE","RURAL","1"
"19/05/2012","47","MAGDALENA","47189","CIENAGA","URBANA","1"
"19/05/2012","18","CAQUETA","18460","MILAN","RURAL","1"
"18/05/2012","86","PUTUMAYO","86320","ORITO","URBANA","1"
"18/05/2012","50","META","50330","MESETAS","RURAL","1"
"18/05/2012","19","CAUCA","19821","TORIBIO","URBANA","1"
"17/05/2012","50","META","50370","URIBE","RURAL","1"
"17/05/2012","19","CAUCA","19212","CORINTO","RURAL","1"
"16/05/2012","47","MAGDALENA","47189","CIENAGA","URBANA","1"
"15/05/2012","95","GUAVIARE","95015","CALAMAR","RURAL","1"
"15/05/2012","50","META","50313","GRANADA","URBANA","1"
"15/05/2012","11","BOGOTA D.C.","11001","BOGOTA D.C.","URBANA","1"
"14/05/2012","05","ANTIOQUIA","05854","VALDIVIA","RURAL","1"
"13/05/2012","41","HUILA","41001","NEIVA","URBANA","1"
"12/05/2012","50","META","50590","PUERTO RICO","RURAL","1"
"12/05/2012","05","ANTIOQUIA","05854","VALDIVIA","RURAL","1"
"12/05/2012","05","ANTIOQUIA","05001","MEDELLIN","URBANA","1"
"11/05/2012","86","PUTUMAYO","86320","ORITO","RURAL","1"
"08/05/2012","50","META","50001","VILLAVICENCIO","URBANA","1"
"08/05/2012","52","NARIÑO","52699","SANTACRUZ","RURAL","1"
"05/05/2012","19","CAUCA","19809","TIMBIQUI","URBANA","1"
"05/05/2012","50","META","50590","PUERTO RICO","RURAL","1"
"05/05/2012","85","CASANARE","85010","AGUAZUL","RURAL","1"
"05/05/2012","52","NARIÑO","52585","PUPIALES","URBANA","1"
"05/05/2012","05","ANTIOQUIA","05895","ZARAGOZA","URBANA","1"
"05/05/2012","73","TOLIMA","73001","IBAGUE","URBANA","1"
"05/05/2012","52","NARIÑO","52585","PUPIALES","URBANA","1"
"05/05/2012","19","CAUCA","19809","TIMBIQUI","URBANA","1"
"05/05/2012","73","TOLIMA","73168","CHAPARRAL","URBANA","1"
"04/05/2012","44","LA GUAJIRA","44430","MAICAO","RURAL","1"
"04/05/2012","86","PUTUMAYO","86568","PUERTO ASIS","RURAL","1"
"04/05/2012","41","HUILA","41078","BARAYA","RURAL","1"
"04/05/2012","44","LA GUAJIRA","44001","RIOHACHA","URBANA","1"
"03/05/2012","44","LA GUAJIRA","44650","SAN JUAN DEL CESAR","URBANA","1"
"03/05/2012","05","ANTIOQUIA","05895","ZARAGOZA","URBANA","1"
"02/05/2012","50","META","50330","MESETAS","RURAL","1"
"30/04/2012","19","CAUCA","19212","CORINTO","RURAL","1"
"30/04/2012","05","ANTIOQUIA","05647","SAN ANDRES DE CUERQUIA","RURAL","1"
"29/04/2012","50","META","50251","EL CASTILLO","RURAL","1"
"28/04/2012","52","NARIÑO","52678","SAMANIEGO","URBANA","1"
"28/04/2012","81","ARAUCA","81794","TAME","RURAL","1"
"27/04/2012","19","CAUCA","19256","EL TAMBO","URBANA","1"
"27/04/2012","11","BOGOTA D.C.","11001","BOGOTA D.C.","URBANA","1"
"27/04/2012","47","MAGDALENA","47189","CIENAGA","URBANA","1"
"27/04/2012","18","CAQUETA","18592","PUERTO RICO","URBANA","1"
"26/04/2012","86","PUTUMAYO","86865","VALLE DEL GUAMUEZ","RURAL","1"
"26/04/2012","44","LA GUAJIRA","44001","RIOHACHA","URBANA","1"
"25/04/2012","19","CAUCA","19212","CORINTO","RURAL","1"
"25/04/2012","86","PUTUMAYO","86757","SAN MIGUEL","RURAL","1"
"25/04/2012","50","META","50711","VISTAHERMOSA","RURAL","1"
"25/04/2012","19","CAUCA","19807","TIMBIO","URBANA","1"
"23/04/2012","44","LA GUAJIRA","44430","MAICAO","URBANA","1"
"22/04/2012","73","TOLIMA","73001","IBAGUE","URBANA","1"
"22/04/2012","52","NARIÑO","52835","SAN ANDRES DE TUMACO","URBANA","1"
"22/04/2012","52","NARIÑO","52835","SAN ANDRES DE TUMACO","URBANA","1"
"21/04/2012","73","TOLIMA","73001","IBAGUE","URBANA","1"
"20/04/2012","86","PUTUMAYO","86865","VALLE DEL GUAMUEZ","RURAL","1"
"20/04/2012","81","ARAUCA","81001","ARAUCA","RURAL","1"
"18/04/2012","52","NARIÑO","52240","CHACHAGÜI","RURAL","1"
"18/04/2012","05","ANTIOQUIA","05001","MEDELLIN","URBANA","1"
"18/04/2012","11","BOGOTA D.C.","11001","BOGOTA D.C.","URBANA","1"
"17/04/2012","86","PUTUMAYO","86569","PUERTO CAICEDO","RURAL","1"
"17/04/2012","85","CASANARE","85010","AGUAZUL","RURAL","1"
"16/04/2012","86","PUTUMAYO","86757","SAN MIGUEL","RURAL","1"
"16/04/2012","73","TOLIMA","73624","ROVIRA","URBANA","1"
"15/04/2012","50","META","50370","URIBE","URBANA","1"
"13/04/2012","11","BOGOTA D.C.","11001","BOGOTA D.C.","URBANA","1"
"12/04/2012","05","ANTIOQUIA","05361","ITUANGO","URBANA","1"
"11/04/2012","81","ARAUCA","81736","SARAVENA","RURAL","1"
"11/04/2012","86","PUTUMAYO","86568","PUERTO ASIS","RURAL","1"
"11/04/2012","52","NARIÑO","52835","SAN ANDRES DE TUMACO","RURAL","1"
"10/04/2012","05","ANTIOQUIA","05107","BRICEÑO","RURAL","1"
"10/04/2012","52","NARIÑO","52215","CORDOBA","RURAL","1"
"09/04/2012","41","HUILA","41001","NEIVA","URBANA","1"
"08/04/2012","50","META","50370","URIBE","RURAL","1"
"07/04/2012","19","CAUCA","19001","POPAYAN","URBANA","1"
"07/04/2012","50","META","50001","VILLAVICENCIO","URBANA","1"
"06/04/2012","05","ANTIOQUIA","05120","CACERES","RURAL","1"
"05/04/2012","19","CAUCA","19256","EL TAMBO","RURAL","1"
"05/04/2012","05","ANTIOQUIA","05315","GUADALUPE","RURAL","1"
"03/04/2012","05","ANTIOQUIA","05107","BRICEÑO","RURAL","1"
"02/04/2012","54","NORTE DE SANTANDER","54250","EL TARRA","RURAL","1"
"01/04/2012","05","ANTIOQUIA","05495","NECHI","RURAL","1"
"01/04/2012","19","CAUCA","19364","JAMBALO","URBANA","1"
"31/03/2012","44","LA GUAJIRA","44035","ALBANIA","RURAL","1"
"31/03/2012","44","LA GUAJIRA","44035","ALBANIA","RURAL","1"
"31/03/2012","19","CAUCA","19212","CORINTO","URBANA","1"
"31/03/2012","81","ARAUCA","81794","TAME","RURAL","1"
"30/03/2012","27","CHOCO","27001","QUIBDO","URBANA","1"
"30/03/2012","41","HUILA","41359","ISNOS","RURAL","1"
"29/03/2012","19","CAUCA","19050","ARGELIA","RURAL","1"
"26/03/2012","54","NORTE DE SANTANDER","54206","CONVENCION","URBANA","1"
"23/03/2012","18","CAQUETA","18460","MILAN","RURAL","1"
"23/03/2012","18","CAQUETA","18610","SAN JOSE DEL FRAGUA","RURAL","1"
"23/03/2012","19","CAUCA","19364","JAMBALO","RURAL","1"
"20/03/2012","15","BOYACA","15001","TUNJA","URBANA","1"
"19/03/2012","44","LA GUAJIRA","44035","ALBANIA","RURAL","1"
"19/03/2012","54","NORTE DE SANTANDER","54109","BUCARASICA","RURAL","1"
"16/03/2012","50","META","50370","URIBE","RURAL","1"
"16/03/2012","52","NARIÑO","52678","SAMANIEGO","URBANA","1"
"16/03/2012","52","NARIÑO","52838","TUQUERRES","RURAL","1"
"15/03/2012","44","LA GUAJIRA","44001","RIOHACHA","URBANA","1"
"14/03/2012","50","META","50251","EL CASTILLO","RURAL","1"
"14/03/2012","05","ANTIOQUIA","05475","MURINDO","RURAL","1"
"14/03/2012","50","META","50330","MESETAS","RURAL","1"
"13/03/2012","81","ARAUCA","81065","ARAUQUITA","RURAL","1"
"13/03/2012","52","NARIÑO","52838","TUQUERRES","URBANA","1"
"13/03/2012","52","NARIÑO","52838","TUQUERRES","URBANA","1"
"13/03/2012","05","ANTIOQUIA","05790","TARAZA","RURAL","1"
"12/03/2012","18","CAQUETA","18256","EL PAUJIL","RURAL","1"
"12/03/2012","20","CESAR","20011","AGUACHICA","RURAL","1"
"11/03/2012","41","HUILA","41001","NEIVA","URBANA","1"
"10/03/2012","18","CAQUETA","18753","SAN VICENTE DEL CAGUAN","RURAL","1"
"10/03/2012","54","NORTE DE SANTANDER","54800","TEORAMA","RURAL","1"
"10/03/2012","95","GUAVIARE","95200","MIRAFLORES","URBANA","1"
"09/03/2012","50","META","50370","URIBE","RURAL","1"
"08/03/2012","86","PUTUMAYO","86320","ORITO","RURAL","1"
"08/03/2012","50","META","50606","RESTREPO","URBANA","1"
"08/03/2012","44","LA GUAJIRA","44001","RIOHACHA","URBANA","1"
"08/03/2012","73","TOLIMA","73001","IBAGUE","URBANA","1"
"08/03/2012","19","CAUCA","19075","BALBOA","RURAL","1"
"07/03/2012","44","LA GUAJIRA","44430","MAICAO","URBANA","1"
"07/03/2012","81","ARAUCA","81794","TAME","RURAL","1"
"06/03/2012","86","PUTUMAYO","86320","ORITO","RURAL","1"
"06/03/2012","19","CAUCA","19455","MIRANDA","RURAL","1"
"05/03/2012","76","VALLE DEL CAUCA","76233","DAGUA","RURAL","1"
"03/03/2012","86","PUTUMAYO","86865","VALLE DEL GUAMUEZ","RURAL","1"
"03/03/2012","52","NARIÑO","52079","BARBACOAS","RURAL","1"
"03/03/2012","19","CAUCA","19573","PUERTO TEJADA","URBANA","1"
"03/03/2012","81","ARAUCA","81794","TAME","RURAL","1"
"02/03/2012","05","ANTIOQUIA","05854","VALDIVIA","RURAL","1"
"01/03/2012","27","CHOCO","27006","ACANDI","URBANA","1"
"01/03/2012","73","TOLIMA","73168","CHAPARRAL","URBANA","1"
"01/03/2012","05","ANTIOQUIA","05790","TARAZA","RURAL","1"
"29/02/2012","05","ANTIOQUIA","05790","TARAZA","RURAL","1"
"27/02/2012","27","CHOCO","27001","QUIBDO","URBANA","1"
"27/02/2012","19","CAUCA","19137","CALDONO","RURAL","1"
"27/02/2012","13","BOLIVAR","13688","SANTA ROSA DEL SUR","URBANA","1"
"25/02/2012","41","HUILA","41001","NEIVA","URBANA","1"
"25/02/2012","50","META","50001","VILLAVICENCIO","URBANA","1"
"25/02/2012","81","ARAUCA","81065","ARAUQUITA","RURAL","1"
"24/02/2012","27","CHOCO","27245","EL CARMEN DE ATRATO","RURAL","1"
"24/02/2012","27","CHOCO","27245","EL CARMEN DE ATRATO","RURAL","1"
"24/02/2012","19","CAUCA","19698","SANTANDER DE QUILICHAO","RURAL","1"
"24/02/2012","11","BOGOTA D.C.","11001","BOGOTA D.C.","URBANA","1"
"24/02/2012","81","ARAUCA","81794","TAME","RURAL","1"
"23/02/2012","97","VAUPES","97001","MITU","URBANA","1"
"23/02/2012","86","PUTUMAYO","86568","PUERTO ASIS","URBANA","1"
"22/02/2012","05","ANTIOQUIA","05040","ANORI","RURAL","1"
"22/02/2012","52","NARIÑO","52612","RICAURTE","RURAL","1"
"21/02/2012","52","NARIÑO","52079","BARBACOAS","URBANA","1"
"20/02/2012","73","TOLIMA","73001","IBAGUE","URBANA","1"
"20/02/2012","19","CAUCA","19142","CALOTO","RURAL","1"
"19/02/2012","20","CESAR","20011","AGUACHICA","URBANA","1"
"19/02/2012","73","TOLIMA","73616","RIOBLANCO","RURAL","1"
"18/02/2012","81","ARAUCA","81794","TAME","URBANA","1"
"17/02/2012","73","TOLIMA","73001","IBAGUE","URBANA","1"
"17/02/2012","54","NORTE DE SANTANDER","54800","TEORAMA","RURAL","1"
"16/02/2012","81","ARAUCA","81736","SARAVENA","RURAL","1"
"16/02/2012","47","MAGDALENA","47189","CIENAGA","URBANA","1"
"15/02/2012","52","NARIÑO","52838","TUQUERRES","URBANA","1"
"15/02/2012","81","ARAUCA","81736","SARAVENA","RURAL","1"
"14/02/2012","18","CAQUETA","18150","CARTAGENA DEL CHAIRA","RURAL","1"
"13/02/2012","81","ARAUCA","81736","SARAVENA","RURAL","1"
"13/02/2012","81","ARAUCA","81736","SARAVENA","RURAL","1"
"12/02/2012","52","NARIÑO","52678","SAMANIEGO","URBANA","1"
"12/02/2012","81","ARAUCA","81736","SARAVENA","URBANA","1"
"12/02/2012","81","ARAUCA","81065","ARAUQUITA","RURAL","1"
"11/02/2012","50","META","50590","PUERTO RICO","RURAL","1"
"10/02/2012","19","CAUCA","19212","CORINTO","URBANA","1"
"10/02/2012","27","CHOCO","27245","EL CARMEN DE ATRATO","RURAL","1"
"08/02/2012","05","ANTIOQUIA","05308","GIRARDOTA","URBANA","1"
"08/02/2012","19","CAUCA","19212","CORINTO","RURAL","1"
"08/02/2012","85","CASANARE","85125","HATO COROZAL","RURAL","1"
"07/02/2012","86","PUTUMAYO","86320","ORITO","RURAL","1"
"07/02/2012","19","CAUCA","19364","JAMBALO","URBANA","1"
"07/02/2012","54","NORTE DE SANTANDER","54250","EL TARRA","RURAL","1"
"07/02/2012","81","ARAUCA","81065","ARAUQUITA","RURAL","1"
"04/02/2012","27","CHOCO","27001","QUIBDO","RURAL","1"
"04/02/2012","76","VALLE DEL CAUCA","76275","FLORIDA","URBANA","1"
"03/02/2012","19","CAUCA","19455","MIRANDA","RURAL","1"
"03/02/2012","50","META","50400","LEJANIAS","RURAL","1"
"03/02/2012","76","VALLE DEL CAUCA","76520","PALMIRA","URBANA","1"
"02/02/2012","19","CAUCA","19845","VILLA RICA","URBANA","1"
"02/02/2012","27","CHOCO","27361","ISTMINA","RURAL","1"
"02/02/2012","19","CAUCA","19455","MIRANDA","RURAL","1"
"02/02/2012","19","CAUCA","19845","VILLA RICA","URBANA","1"
"02/02/2012","52","NARIÑO","52079","BARBACOAS","RURAL","1"
"01/02/2012","54","NORTE DE SANTANDER","54250","EL TARRA","RURAL","1"
"01/02/2012","52","NARIÑO","52835","SAN ANDRES DE TUMACO","URBANA","1"
"01/02/2012","73","TOLIMA","73124","CAJAMARCA","URBANA","1"
"01/02/2012","05","ANTIOQUIA","05893","YONDO","RURAL","1"
"31/01/2012","86","PUTUMAYO","86757","SAN MIGUEL","RURAL","1"
"31/01/2012","18","CAQUETA","18753","SAN VICENTE DEL CAGUAN","RURAL","1"
"31/01/2012","54","NORTE DE SANTANDER","54206","CONVENCION","RURAL","1"
"31/01/2012","54","NORTE DE SANTANDER","54206","CONVENCION","RURAL","1"
"31/01/2012","54","NORTE DE SANTANDER","54206","CONVENCION","RURAL","1"
"31/01/2012","54","NORTE DE SANTANDER","54670","SAN CALIXTO","URBANA","1"
"31/01/2012","76","VALLE DEL CAUCA","76001","CALI","URBANA","1"
"30/01/2012","86","PUTUMAYO","86757","SAN MIGUEL","RURAL","1"
"30/01/2012","50","META","50001","VILLAVICENCIO","URBANA","1"
"29/01/2012","50","META","50400","LEJANIAS","URBANA","1"
"28/01/2012","50","META","50400","LEJANIAS","URBANA","1"
"28/01/2012","05","ANTIOQUIA","05120","CACERES","URBANA","1"
"28/01/2012","05","ANTIOQUIA","05107","BRICEÑO","RURAL","1"
"27/01/2012","50","META","50350","LA MACARENA","RURAL","1"
"27/01/2012","50","META","50450","PUERTO CONCORDIA","URBANA","1"
"27/01/2012","73","TOLIMA","73168","CHAPARRAL","RURAL","1"
"27/01/2012","81","ARAUCA","81065","ARAUQUITA","RURAL","1"
"25/01/2012","19","CAUCA","19050","ARGELIA","RURAL","1"
"25/01/2012","19","CAUCA","19212","CORINTO","RURAL","1"
"24/01/2012","54","NORTE DE SANTANDER","54250","EL TARRA","RURAL","1"
"23/01/2012","50","META","50683","SAN JUAN DE ARAMA","RURAL","1"
"23/01/2012","11","BOGOTA D.C.","11001","BOGOTA D.C.","URBANA","1"
"22/01/2012","54","NORTE DE SANTANDER","54250","EL TARRA","URBANA","1"
"22/01/2012","05","ANTIOQUIA","05819","TOLEDO","RURAL","1"
"21/01/2012","19","CAUCA","19256","EL TAMBO","RURAL","1"
"20/01/2012","18","CAQUETA","18256","EL PAUJIL","RURAL","1"
"20/01/2012","27","CHOCO","27787","TADO","URBANA","1"
"20/01/2012","05","ANTIOQUIA","05790","TARAZA","URBANA","1"
"20/01/2012","86","PUTUMAYO","86757","SAN MIGUEL","RURAL","1"
"19/01/2012","18","CAQUETA","18001","FLORENCIA","URBANA","1"
"19/01/2012","50","META","50450","PUERTO CONCORDIA","URBANA","1"
"19/01/2012","05","ANTIOQUIA","05361","ITUANGO","RURAL","1"
"19/01/2012","54","NORTE DE SANTANDER","54206","CONVENCION","RURAL","1"
"19/01/2012","50","META","50400","LEJANIAS","URBANA","1"
"18/01/2012","50","META","50573","PUERTO LOPEZ","RURAL","1"
"17/01/2012","19","CAUCA","19698","SANTANDER DE QUILICHAO","URBANA","1"
"17/01/2012","54","NORTE DE SANTANDER","54250","EL TARRA","RURAL","1"
"15/01/2012","50","META","50711","VISTAHERMOSA","RURAL","1"
"14/01/2012","81","ARAUCA","81794","TAME","RURAL","1"
"13/01/2012","54","NORTE DE SANTANDER","54800","TEORAMA","RURAL","1"
"13/01/2012","54","NORTE DE SANTANDER","54810","TIBU","RURAL","1"
"13/01/2012","81","ARAUCA","81065","ARAUQUITA","RURAL","1"
"13/01/2012","47","MAGDALENA","47189","CIENAGA","URBANA","1"
"12/01/2012","52","NARIÑO","52835","SAN ANDRES DE TUMACO","URBANA","1"
"12/01/2012","81","ARAUCA","81065","ARAUQUITA","RURAL","1"
"12/01/2012","52","NARIÑO","52835","SAN ANDRES DE TUMACO","URBANA","1"
"12/01/2012","52","NARIÑO","52835","SAN ANDRES DE TUMACO","URBANA","1"
"11/01/2012","50","META","50001","VILLAVICENCIO","URBANA","1"
"11/01/2012","05","ANTIOQUIA","05361","ITUANGO","URBANA","1"
"10/01/2012","81","ARAUCA","81794","TAME","RURAL","1"
"08/01/2012","50","META","50251","EL CASTILLO","RURAL","1"
"08/01/2012","86","PUTUMAYO","86568","PUERTO ASIS","URBANA","1"
"08/01/2012","19","CAUCA","19701","SANTA ROSA","RURAL","1"
"08/01/2012","50","META","50251","EL CASTILLO","RURAL","1"
"07/01/2012","50","META","50251","EL CASTILLO","URBANA","1"
"07/01/2012","05","ANTIOQUIA","05893","YONDO","RURAL","1"
"06/01/2012","05","ANTIOQUIA","05790","TARAZA","RURAL","1"
"06/01/2012","05","ANTIOQUIA","05736","SEGOVIA","RURAL","1"
"06/01/2012","54","NORTE DE SANTANDER","54250","EL TARRA","URBANA","1"
"06/01/2012","54","NORTE DE SANTANDER","54810","TIBU","URBANA","1"
"05/01/2012","05","ANTIOQUIA","05107","BRICEÑO","RURAL","1"
"05/01/2012","44","LA GUAJIRA","44001","RIOHACHA","RURAL","1"
"05/01/2012","05","ANTIOQUIA","05642","SALGAR","RURAL","1"
"05/01/2012","05","ANTIOQUIA","05887","YARUMAL","RURAL","1"
"05/01/2012","47","MAGDALENA","47001","SANTA MARTA","URBANA","1"
"05/01/2012","47","MAGDALENA","47001","SANTA MARTA","URBANA","1"
"05/01/2012","81","ARAUCA","81794","TAME","RURAL","1"
"04/01/2012","19","CAUCA","19256","EL TAMBO","URBANA","1"
"04/01/2012","52","NARIÑO","52835","SAN ANDRES DE TUMACO","URBANA","1"
"03/01/2012","81","ARAUCA","81065","ARAUQUITA","RURAL","1"
"02/01/2012","52","NARIÑO","52835","SAN ANDRES DE TUMACO","RURAL","1"
"01/01/2012","50","META","50711","VISTAHERMOSA","URBANA","1"
"01/01/2012","76","VALLE DEL CAUCA","76563","PRADERA","URBANA","1"
"01/01/2012","47","MAGDALENA","47245","EL BANCO","URBANA","1"
"30/12/2011","73","TOLIMA","73168","CHAPARRAL","URBANA","1"
"30/12/2011","86","PUTUMAYO","86320","ORITO","URBANA","1"
"30/12/2011","52","NARIÑO","52835","SAN ANDRES DE TUMACO","URBANA","1"
"30/12/2011","52","NARIÑO","52835","SAN ANDRES DE TUMACO","URBANA","1"
"30/12/2011","52","NARIÑO","52835","SAN ANDRES DE TUMACO","URBANA","1"
"30/12/2011","52","NARIÑO","52835","SAN ANDRES DE TUMACO","URBANA","1"
"30/12/2011","52","NARIÑO","52835","SAN ANDRES DE TUMACO","URBANA","1"
"29/12/2011","19","CAUCA","19212","CORINTO","RURAL","1"
"29/12/2011","52","NARIÑO","52001","PASTO","URBANA","1"
"29/12/2011","05","ANTIOQUIA","05854","VALDIVIA","RURAL","1"
"29/12/2011","50","META","50001","VILLAVICENCIO","URBANA","1"
"27/12/2011","76","VALLE DEL CAUCA","76001","CALI","URBANA","1"
"27/12/2011","47","MAGDALENA","47001","SANTA MARTA","URBANA","1"
"24/12/2011","19","CAUCA","19809","TIMBIQUI","URBANA","1"
"23/12/2011","05","ANTIOQUIA","05266","ENVIGADO","URBANA","1"
"23/12/2011","05","ANTIOQUIA","05001","MEDELLIN","URBANA","1"
"23/12/2011","05","ANTIOQUIA","05001","MEDELLIN","URBANA","1"
"22/12/2011","05","ANTIOQUIA","05040","ANORI","URBANA","1"
"22/12/2011","19","CAUCA","19142","CALOTO","RURAL","1"
"21/12/2011","19","CAUCA","19212","CORINTO","RURAL","1"
"19/12/2011","73","TOLIMA","73168","CHAPARRAL","URBANA","1"
"18/12/2011","44","LA GUAJIRA","44035","ALBANIA","RURAL","1"
"18/12/2011","05","ANTIOQUIA","05040","ANORI","RURAL","1"
"18/12/2011","99","VICHADA","99773","CUMARIBO","URBANA","1"
"18/12/2011","52","NARIÑO","52480","NARIÑO","URBANA","1"
"17/12/2011","52","NARIÑO","52356","IPIALES","RURAL","1"
"17/12/2011","18","CAQUETA","18753","SAN VICENTE DEL CAGUAN","URBANA","1"
"16/12/2011","73","TOLIMA","73001","IBAGUE","URBANA","1"
"15/12/2011","52","NARIÑO","52356","IPIALES","URBANA","1"
"14/12/2011","76","VALLE DEL CAUCA","76497","OBANDO","URBANA","1"
"14/12/2011","18","CAQUETA","18753","SAN VICENTE DEL CAGUAN","RURAL","1"
"14/12/2011","81","ARAUCA","81794","TAME","URBANA","1"
"13/12/2011","50","META","50330","MESETAS","RURAL","1"
"10/12/2011","73","TOLIMA","73217","COYAIMA","URBANA","1"
"10/12/2011","50","META","50350","LA MACARENA","URBANA","1"
"10/12/2011","73","TOLIMA","73555","PLANADAS","URBANA","1"
"08/12/2011","19","CAUCA","19001","POPAYAN","URBANA","1"
"07/12/2011","18","CAQUETA","18001","FLORENCIA","URBANA","1"
"06/12/2011","41","HUILA","41378","LA ARGENTINA","RURAL","1"
"05/12/2011","44","LA GUAJIRA","44430","MAICAO","URBANA","1"
"04/12/2011","50","META","50313","GRANADA","URBANA","1"
"04/12/2011","50","META","50313","GRANADA","URBANA","1"
"04/12/2011","05","ANTIOQUIA","05647","SAN ANDRES DE CUERQUIA","RURAL","1"
"04/12/2011","50","META","50001","VILLAVICENCIO","RURAL","1"
"04/12/2011","50","META","50711","VISTAHERMOSA","RURAL","1"
"01/12/2011","05","ANTIOQUIA","05854","VALDIVIA","RURAL","1"
"30/11/2011","50","META","50711","VISTAHERMOSA","URBANA","1"
"29/11/2011","11","BOGOTA D.C.","11001","BOGOTA D.C.","URBANA","1"
"29/11/2011","15","BOYACA","15518","PAJARITO","RURAL","1"
"29/11/2011","05","ANTIOQUIA","05847","URRAO","RURAL","1"
"28/11/2011","52","NARIÑO","52835","SAN ANDRES DE TUMACO","URBANA","1"
"27/11/2011","44","LA GUAJIRA","44001","RIOHACHA","URBANA","1"
"27/11/2011","50","META","50001","VILLAVICENCIO","URBANA","1"
"25/11/2011","05","ANTIOQUIA","05893","YONDO","URBANA","1"
"22/11/2011","19","CAUCA","19001","POPAYAN","URBANA","1"
"21/11/2011","11","BOGOTA D.C.","11001","BOGOTA D.C.","URBANA","1"
"21/11/2011","52","NARIÑO","52233","CUMBITARA","URBANA","1"
"20/11/2011","50","META","50313","GRANADA","RURAL","1"
"19/11/2011","52","NARIÑO","52835","SAN ANDRES DE TUMACO","URBANA","1"
"19/11/2011","73","TOLIMA","73168","CHAPARRAL","URBANA","1"
"19/11/2011","73","TOLIMA","73168","CHAPARRAL","URBANA","1"
"17/11/2011","86","PUTUMAYO","86865","VALLE DEL GUAMUEZ","RURAL","1"
"15/11/2011","05","ANTIOQUIA","05107","BRICEÑO","RURAL","1"
"15/11/2011","50","META","50568","PUERTO GAITAN","RURAL","1"
"14/11/2011","50","META","50711","VISTAHERMOSA","RURAL","1"
"12/11/2011","19","CAUCA","19821","TORIBIO","URBANA","1"
"11/11/2011","50","META","50330","MESETAS","RURAL","1"
"10/11/2011","73","TOLIMA","73168","CHAPARRAL","URBANA","1"
"10/11/2011","19","CAUCA","19548","PIENDAMO - TUNIA","RURAL","1"
"07/11/2011","05","ANTIOQUIA","05579","PUERTO BERRIO","URBANA","1"
"06/11/2011","19","CAUCA","19701","SANTA ROSA","RURAL","1"
"05/11/2011","50","META","50330","MESETAS","RURAL","1"
"04/11/2011","05","ANTIOQUIA","05854","VALDIVIA","RURAL","1"
"03/11/2011","19","CAUCA","19622","ROSAS","RURAL","1"
"02/11/2011","68","SANTANDER","68895","ZAPATOCA","RURAL","1"
"01/11/2011","73","TOLIMA","73001","IBAGUE","URBANA","1"
"01/11/2011","86","PUTUMAYO","86569","PUERTO CAICEDO","RURAL","1"
"31/10/2011","05","ANTIOQUIA","05001","MEDELLIN","URBANA","1"
"31/10/2011","05","ANTIOQUIA","05854","VALDIVIA","RURAL","1"
"30/10/2011","50","META","50590","PUERTO RICO","RURAL","1"
"30/10/2011","86","PUTUMAYO","86865","VALLE DEL GUAMUEZ","RURAL","1"
"29/10/2011","41","HUILA","41298","GARZON","URBANA","1"
"29/10/2011","85","CASANARE","85136","LA SALINA","RURAL","1"
"29/10/2011","86","PUTUMAYO","86865","VALLE DEL GUAMUEZ","RURAL","1"
"28/10/2011","19","CAUCA","19050","ARGELIA","URBANA","1"
"28/10/2011","19","CAUCA","19455","MIRANDA","URBANA","1"
"25/10/2011","52","NARIÑO","52835","SAN ANDRES DE TUMACO","URBANA","1"
"25/10/2011","52","NARIÑO","52835","SAN ANDRES DE TUMACO","URBANA","1"
"25/10/2011","52","NARIÑO","52835","SAN ANDRES DE TUMACO","URBANA","1"
"25/10/2011","11","BOGOTA D.C.","11001","BOGOTA D.C.","URBANA","1"
"25/10/2011","52","NARIÑO","52835","SAN ANDRES DE TUMACO","URBANA","1"
"25/10/2011","52","NARIÑO","52835","SAN ANDRES DE TUMACO","URBANA","1"
"25/10/2011","52","NARIÑO","52835","SAN ANDRES DE TUMACO","URBANA","1"
"25/10/2011","52","NARIÑO","52835","SAN ANDRES DE TUMACO","URBANA","1"
"25/10/2011","52","NARIÑO","52835","SAN ANDRES DE TUMACO","URBANA","1"
"24/10/2011","85","CASANARE","85136","LA SALINA","URBANA","1"
"24/10/2011","19","CAUCA","19455","MIRANDA","URBANA","1"
"24/10/2011","52","NARIÑO","52838","TUQUERRES","URBANA","1"
"24/10/2011","50","META","50001","VILLAVICENCIO","URBANA","1"
"23/10/2011","68","SANTANDER","68081","BARRANCABERMEJA","URBANA","1"
"23/10/2011","18","CAQUETA","18001","FLORENCIA","URBANA","1"
"22/10/2011","19","CAUCA","19455","MIRANDA","URBANA","1"
"21/10/2011","50","META","50001","VILLAVICENCIO","URBANA","1"
"18/10/2011","86","PUTUMAYO","86865","VALLE DEL GUAMUEZ","RURAL","1"
"17/10/2011","73","TOLIMA","73001","IBAGUE","URBANA","1"
"17/10/2011","86","PUTUMAYO","86320","ORITO","RURAL","1"
"14/10/2011","73","TOLIMA","73001","IBAGUE","URBANA","1"
"13/10/2011","05","ANTIOQUIA","05154","CAUCASIA","URBANA","1"
"11/10/2011","05","ANTIOQUIA","05315","GUADALUPE","RURAL","1"
"09/10/2011","05","ANTIOQUIA","05315","GUADALUPE","URBANA","1"
"09/10/2011","41","HUILA","41001","NEIVA","URBANA","1"
"08/10/2011","11","BOGOTA D.C.","11001","BOGOTA D.C.","URBANA","1"
"06/10/2011","76","VALLE DEL CAUCA","76275","FLORIDA","URBANA","1"
"06/10/2011","41","HUILA","41359","ISNOS","RURAL","1"
"06/10/2011","05","ANTIOQUIA","05360","ITAGUI","URBANA","1"
"06/10/2011","44","LA GUAJIRA","44001","RIOHACHA","URBANA","1"
"06/10/2011","18","CAQUETA","18753","SAN VICENTE DEL CAGUAN","URBANA","1"
"05/10/2011","95","GUAVIARE","95001","SAN JOSE DEL GUAVIARE","RURAL","1"
"04/10/2011","05","ANTIOQUIA","05790","TARAZA","RURAL","1"
"03/10/2011","76","VALLE DEL CAUCA","76275","FLORIDA","URBANA","1"
"03/10/2011","05","ANTIOQUIA","05790","TARAZA","RURAL","1"
"03/10/2011","50","META","50370","URIBE","RURAL","1"
"02/10/2011","44","LA GUAJIRA","44001","RIOHACHA","URBANA","1"
"02/10/2011","50","META","50711","VISTAHERMOSA","RURAL","1"
"01/10/2011","73","TOLIMA","73555","PLANADAS","RURAL","1"
"01/10/2011","50","META","50590","PUERTO RICO","RURAL","1"
"30/09/2011","85","CASANARE","85010","AGUAZUL","RURAL","1"
"30/09/2011","11","BOGOTA D.C.","11001","BOGOTA D.C.","URBANA","1"
"27/09/2011","47","MAGDALENA","47189","CIENAGA","URBANA","1"
"27/09/2011","52","NARIÑO","52427","MAGÜI","RURAL","1"
"26/09/2011","76","VALLE DEL CAUCA","76318","GUACARI","URBANA","1"
"25/09/2011","50","META","50370","URIBE","URBANA","1"
"24/09/2011","05","ANTIOQUIA","05107","BRICEÑO","RURAL","1"
"24/09/2011","76","VALLE DEL CAUCA","76109","BUENAVENTURA","URBANA","1"
"24/09/2011","76","VALLE DEL CAUCA","76109","BUENAVENTURA","URBANA","1"
"24/09/2011","76","VALLE DEL CAUCA","76109","BUENAVENTURA","URBANA","1"
"24/09/2011","05","ANTIOQUIA","05615","RIONEGRO","URBANA","1"
"23/09/2011","41","HUILA","41001","NEIVA","URBANA","1"
"23/09/2011","47","MAGDALENA","47001","SANTA MARTA","URBANA","1"
"22/09/2011","11","BOGOTA D.C.","11001","BOGOTA D.C.","URBANA","1"
"22/09/2011","50","META","50001","VILLAVICENCIO","RURAL","1"
"19/09/2011","19","CAUCA","19075","BALBOA","RURAL","1"
"19/09/2011","05","ANTIOQUIA","05190","CISNEROS","URBANA","1"
"18/09/2011","11","BOGOTA D.C.","11001","BOGOTA D.C.","URBANA","1"
"18/09/2011","05","ANTIOQUIA","05361","ITUANGO","RURAL","1"
"17/09/2011","73","TOLIMA","73001","IBAGUE","RURAL","1"
"17/09/2011","18","CAQUETA","18592","PUERTO RICO","RURAL","1"
"14/09/2011","41","HUILA","41016","AIPE","RURAL","1"
"14/09/2011","11","BOGOTA D.C.","11001","BOGOTA D.C.","URBANA","1"
"14/09/2011","41","HUILA","41013","AGRADO","URBANA","1"
"13/09/2011","54","NORTE DE SANTANDER","54810","TIBU","RURAL","1"
"13/09/2011","05","ANTIOQUIA","05854","VALDIVIA","RURAL","1"
"11/09/2011","81","ARAUCA","81736","SARAVENA","URBANA","1"
"08/09/2011","05","ANTIOQUIA","05001","MEDELLIN","URBANA","1"
"06/09/2011","41","HUILA","41016","AIPE","RURAL","1"
"04/09/2011","81","ARAUCA","81794","TAME","RURAL","1"
"03/09/2011","81","ARAUCA","81736","SARAVENA","URBANA","1"
"31/08/2011","50","META","50001","VILLAVICENCIO","URBANA","1"
"30/08/2011","05","ANTIOQUIA","05154","CAUCASIA","URBANA","1"
"28/08/2011","05","ANTIOQUIA","05154","CAUCASIA","URBANA","1"
"27/08/2011","50","META","50330","MESETAS","URBANA","1"
"26/08/2011","52","NARIÑO","52427","MAGÜI","URBANA","1"
"23/08/2011","11","BOGOTA D.C.","11001","BOGOTA D.C.","URBANA","1"
"23/08/2011","52","NARIÑO","52835","SAN ANDRES DE TUMACO","URBANA","1"
"23/08/2011","52","NARIÑO","52835","SAN ANDRES DE TUMACO","URBANA","1"
"21/08/2011","81","ARAUCA","81065","ARAUQUITA","RURAL","1"
"21/08/2011","05","ANTIOQUIA","05001","MEDELLIN","URBANA","1"
"19/08/2011","11","BOGOTA D.C.","11001","BOGOTA D.C.","URBANA","1"
"19/08/2011","52","NARIÑO","52835","SAN ANDRES DE TUMACO","URBANA","1"
"19/08/2011","81","ARAUCA","81736","SARAVENA","URBANA","1"
"17/08/2011","76","VALLE DEL CAUCA","76001","CALI","URBANA","1"
"17/08/2011","05","ANTIOQUIA","05647","SAN ANDRES DE CUERQUIA","RURAL","1"
"17/08/2011","52","NARIÑO","52835","SAN ANDRES DE TUMACO","RURAL","1"
"16/08/2011","11","BOGOTA D.C.","11001","BOGOTA D.C.","URBANA","1"
"14/08/2011","11","BOGOTA D.C.","11001","BOGOTA D.C.","URBANA","1"
"13/08/2011","54","NORTE DE SANTANDER","54810","TIBU","RURAL","1"
"11/08/2011","52","NARIÑO","52250","EL CHARCO","RURAL","1"
"11/08/2011","52","NARIÑO","52838","TUQUERRES","URBANA","1"
"11/08/2011","11","BOGOTA D.C.","11001","BOGOTA D.C.","URBANA","1"
"10/08/2011","05","ANTIOQUIA","05887","YARUMAL","RURAL","1"
"10/08/2011","19","CAUCA","19392","LA SIERRA","RURAL","1"
"10/08/2011","41","HUILA","41001","NEIVA","URBANA","1"
"10/08/2011","05","ANTIOQUIA","05819","TOLEDO","RURAL","1"
"09/08/2011","19","CAUCA","19050","ARGELIA","URBANA","1"
"09/08/2011","19","CAUCA","19050","ARGELIA","URBANA","1"
"09/08/2011","05","ANTIOQUIA","05819","TOLEDO","RURAL","1"
"09/08/2011","50","META","50001","VILLAVICENCIO","URBANA","1"
"07/08/2011","05","ANTIOQUIA","05040","ANORI","RURAL","1"
"07/08/2011","73","TOLIMA","73504","ORTEGA","RURAL","1"
"07/08/2011","54","NORTE DE SANTANDER","54810","TIBU","RURAL","1"
"06/08/2011","11","BOGOTA D.C.","11001","BOGOTA D.C.","URBANA","1"
"06/08/2011","11","BOGOTA D.C.","11001","BOGOTA D.C.","URBANA","1"
"06/08/2011","19","CAUCA","19001","POPAYAN","RURAL","1"
"04/08/2011","18","CAQUETA","18247","EL DONCELLO","RURAL","1"
"03/08/2011","52","NARIÑO","52079","BARBACOAS","RURAL","1"
"03/08/2011","19","CAUCA","19532","PATIA","RURAL","1"
"03/08/2011","18","CAQUETA","18592","PUERTO RICO","RURAL","1"
"01/08/2011","52","NARIÑO","52250","EL CHARCO","RURAL","1"
"31/07/2011","15","BOYACA","15518","PAJARITO","RURAL","1"
"29/07/2011","05","ANTIOQUIA","05647","SAN ANDRES DE CUERQUIA","RURAL","1"
"25/07/2011","73","TOLIMA","73001","IBAGUE","URBANA","1"
"24/07/2011","52","NARIÑO","52540","POLICARPA","RURAL","1"
"20/07/2011","19","CAUCA","19622","ROSAS","RURAL","1"
"18/07/2011","52","NARIÑO","52835","SAN ANDRES DE TUMACO","URBANA","1"
"18/07/2011","47","MAGDALENA","47001","SANTA MARTA","URBANA","1"
"17/07/2011","05","ANTIOQUIA","05615","RIONEGRO","URBANA","1"
"17/07/2011","19","CAUCA","19807","TIMBIO","RURAL","1"
"16/07/2011","50","META","50001","VILLAVICENCIO","URBANA","1"
"13/07/2011","52","NARIÑO","52001","PASTO","URBANA","1"
"13/07/2011","54","NORTE DE SANTANDER","54810","TIBU","RURAL","1"
"12/07/2011","50","META","50313","GRANADA","URBANA","1"
"12/07/2011","73","TOLIMA","73001","IBAGUE","URBANA","1"
"12/07/2011","52","NARIÑO","52835","SAN ANDRES DE TUMACO","URBANA","1"
"12/07/2011","54","NORTE DE SANTANDER","54810","TIBU","RURAL","1"
"10/07/2011","54","NORTE DE SANTANDER","54800","TEORAMA","RURAL","1"
"09/07/2011","19","CAUCA","19212","CORINTO","URBANA","1"
"09/07/2011","19","CAUCA","19821","TORIBIO","URBANA","1"
"07/07/2011","19","CAUCA","19698","SANTANDER DE QUILICHAO","URBANA","1"
"04/07/2011","47","MAGDALENA","47189","CIENAGA","URBANA","1"
"04/07/2011","41","HUILA","41001","NEIVA","URBANA","1"
"03/07/2011","50","META","50006","ACACIAS","URBANA","1"
"03/07/2011","19","CAUCA","19364","JAMBALO","URBANA","1"
"02/07/2011","76","VALLE DEL CAUCA","76001","CALI","URBANA","1"
"02/07/2011","73","TOLIMA","73168","CHAPARRAL","URBANA","1"
"02/07/2011","50","META","50370","URIBE","RURAL","1"
"01/07/2011","11","BOGOTA D.C.","11001","BOGOTA D.C.","URBANA","1"
"01/07/2011","76","VALLE DEL CAUCA","76109","BUENAVENTURA","URBANA","1"
"29/06/2011","95","GUAVIARE","95025","EL RETORNO","RURAL","1"
"29/06/2011","05","ANTIOQUIA","05887","YARUMAL","RURAL","1"
"29/06/2011","05","ANTIOQUIA","05887","YARUMAL","RURAL","1"
"27/06/2011","76","VALLE DEL CAUCA","76109","BUENAVENTURA","URBANA","1"
"27/06/2011","41","HUILA","41001","NEIVA","URBANA","1"
"27/06/2011","50","META","50590","PUERTO RICO","URBANA","1"
"26/06/2011","76","VALLE DEL CAUCA","76109","BUENAVENTURA","RURAL","1"
"23/06/2011","50","META","50313","GRANADA","URBANA","1"
"23/06/2011","81","ARAUCA","81736","SARAVENA","URBANA","1"
"19/06/2011","50","META","50006","ACACIAS","URBANA","1"
"19/06/2011","41","HUILA","41799","TELLO","RURAL","1"
"18/06/2011","19","CAUCA","19001","POPAYAN","URBANA","1"
"18/06/2011","05","ANTIOQUIA","05686","SANTA ROSA DE OSOS","RURAL","1"
"18/06/2011","05","ANTIOQUIA","05686","SANTA ROSA DE OSOS","RURAL","1"
"17/06/2011","11","BOGOTA D.C.","11001","BOGOTA D.C.","URBANA","1"
"16/06/2011","11","BOGOTA D.C.","11001","BOGOTA D.C.","URBANA","1"
"15/06/2011","05","ANTIOQUIA","05190","CISNEROS","URBANA","1"
"14/06/2011","18","CAQUETA","18592","PUERTO RICO","RURAL","1"
"13/06/2011","52","NARIÑO","52250","EL CHARCO","URBANA","1"
"13/06/2011","52","NARIÑO","52696","SANTA BARBARA","URBANA","1"
"12/06/2011","52","NARIÑO","52835","SAN ANDRES DE TUMACO","URBANA","1"
"11/06/2011","05","ANTIOQUIA","05120","CACERES","URBANA","1"
"11/06/2011","73","TOLIMA","73168","CHAPARRAL","URBANA","1"
"11/06/2011","73","TOLIMA","73483","NATAGAIMA","RURAL","1"
"11/06/2011","50","META","50711","VISTAHERMOSA","URBANA","1"
"10/06/2011","76","VALLE DEL CAUCA","76109","BUENAVENTURA","URBANA","1"
"10/06/2011","73","TOLIMA","73168","CHAPARRAL","URBANA","1"
"10/06/2011","73","TOLIMA","73168","CHAPARRAL","URBANA","1"
"10/06/2011","50","META","50313","GRANADA","URBANA","1"
"10/06/2011","52","NARIÑO","52835","SAN ANDRES DE TUMACO","URBANA","1"
"10/06/2011","50","META","50001","VILLAVICENCIO","URBANA","1"
"07/06/2011","73","TOLIMA","73001","IBAGUE","URBANA","1"
"06/06/2011","52","NARIÑO","52835","SAN ANDRES DE TUMACO","RURAL","1"
"04/06/2011","05","ANTIOQUIA","05042","SANTA FE DE ANTIOQUIA","RURAL","1"
"03/06/2011","52","NARIÑO","52427","MAGÜI","RURAL","1"
"03/06/2011","54","NORTE DE SANTANDER","54810","TIBU","RURAL","1"
"02/06/2011","68","SANTANDER","68745","SIMACOTA","RURAL","1"
"02/06/2011","52","NARIÑO","52838","TUQUERRES","URBANA","1"
"01/06/2011","52","NARIÑO","52250","EL CHARCO","RURAL","1"
"31/05/2011","50","META","50251","EL CASTILLO","RURAL","1"
"29/05/2011","52","NARIÑO","52079","BARBACOAS","URBANA","1"
"29/05/2011","86","PUTUMAYO","86865","VALLE DEL GUAMUEZ","RURAL","1"
"27/05/2011","11","BOGOTA D.C.","11001","BOGOTA D.C.","URBANA","1"
"27/05/2011","50","META","50313","GRANADA","URBANA","1"
"27/05/2011","73","TOLIMA","73483","NATAGAIMA","URBANA","1"
"27/05/2011","50","META","50001","VILLAVICENCIO","URBANA","1"
"26/05/2011","52","NARIÑO","52835","SAN ANDRES DE TUMACO","URBANA","1"
"26/05/2011","18","CAQUETA","18753","SAN VICENTE DEL CAGUAN","URBANA","1"
"26/05/2011","19","CAUCA","19807","TIMBIO","RURAL","1"
"25/05/2011","73","TOLIMA","73268","ESPINAL","URBANA","1"
"25/05/2011","05","ANTIOQUIA","05647","SAN ANDRES DE CUERQUIA","RURAL","1"
"24/05/2011","05","ANTIOQUIA","05361","ITUANGO","URBANA","1"
"23/05/2011","76","VALLE DEL CAUCA","76233","DAGUA","RURAL","1"
"22/05/2011","73","TOLIMA","73854","VALLE DE SAN JUAN","RURAL","1"
"21/05/2011","05","ANTIOQUIA","05893","YONDO","RURAL","1"
"20/05/2011","52","NARIÑO","52250","EL CHARCO","URBANA","1"
"17/05/2011","50","META","50689","SAN MARTIN","RURAL","1"
"15/05/2011","81","ARAUCA","81794","TAME","RURAL","1"
"14/05/2011","73","TOLIMA","73168","CHAPARRAL","URBANA","1"
"14/05/2011","73","TOLIMA","73001","IBAGUE","URBANA","1"
"12/05/2011","50","META","50577","PUERTO LLERAS","URBANA","1"
"12/05/2011","73","TOLIMA","73624","ROVIRA","RURAL","1"
"11/05/2011","05","ANTIOQUIA","05001","MEDELLIN","URBANA","1"
"10/05/2011","41","HUILA","41001","NEIVA","URBANA","1"
"07/05/2011","54","NORTE DE SANTANDER","54810","TIBU","RURAL","1"
"05/05/2011","73","TOLIMA","73275","FLANDES","URBANA","1"
"03/05/2011","52","NARIÑO","52356","IPIALES","URBANA","1"
"01/05/2011","19","CAUCA","19698","SANTANDER DE QUILICHAO","URBANA","1"
"30/04/2011","19","CAUCA","19050","ARGELIA","RURAL","1"
"30/04/2011","11","BOGOTA D.C.","11001","BOGOTA D.C.","URBANA","1"
"30/04/2011","05","ANTIOQUIA","05001","MEDELLIN","URBANA","1"
"30/04/2011","54","NORTE DE SANTANDER","54810","TIBU","RURAL","1"
"28/04/2011","76","VALLE DEL CAUCA","76563","PRADERA","URBANA","1"
"27/04/2011","41","HUILA","41001","NEIVA","URBANA","1"
"26/04/2011","86","PUTUMAYO","86865","VALLE DEL GUAMUEZ","RURAL","1"
"24/04/2011","11","BOGOTA D.C.","11001","BOGOTA D.C.","URBANA","1"
"21/04/2011","50","META","50689","SAN MARTIN","RURAL","1"
"21/04/2011","50","META","50001","VILLAVICENCIO","URBANA","1"
"18/04/2011","52","NARIÑO","52427","MAGÜI","RURAL","1"
"18/04/2011","05","ANTIOQUIA","05819","TOLEDO","RURAL","1"
"17/04/2011","54","NORTE DE SANTANDER","54206","CONVENCION","RURAL","1"
"16/04/2011","52","NARIÑO","52427","MAGÜI","RURAL","1"
"14/04/2011","41","HUILA","41001","NEIVA","URBANA","1"
"14/04/2011","11","BOGOTA D.C.","11001","BOGOTA D.C.","URBANA","1"
"14/04/2011","52","NARIÑO","52320","GUAITARILLA","URBANA","1"
"12/04/2011","54","NORTE DE SANTANDER","54800","TEORAMA","RURAL","1"
"10/04/2011","05","ANTIOQUIA","05315","GUADALUPE","RURAL","1"
"10/04/2011","05","ANTIOQUIA","05647","SAN ANDRES DE CUERQUIA","RURAL","1"
"09/04/2011","52","NARIÑO","52678","SAMANIEGO","RURAL","1"
"07/04/2011","73","TOLIMA","73001","IBAGUE","URBANA","1"
"06/04/2011","44","LA GUAJIRA","44874","VILLANUEVA","RURAL","1"
"05/04/2011","41","HUILA","41001","NEIVA","URBANA","1"
"03/04/2011","15","BOYACA","15533","PAYA","RURAL","1"
"02/04/2011","81","ARAUCA","81001","ARAUCA","RURAL","1"
"02/04/2011","86","PUTUMAYO","86320","ORITO","RURAL","1"
"01/04/2011","11","BOGOTA D.C.","11001","BOGOTA D.C.","URBANA","1"
"01/04/2011","52","NARIÑO","52678","SAMANIEGO","URBANA","1"
"31/03/2011","54","NORTE DE SANTANDER","54810","TIBU","RURAL","1"
"30/03/2011","81","ARAUCA","81065","ARAUQUITA","RURAL","1"
"30/03/2011","54","NORTE DE SANTANDER","54810","TIBU","RURAL","1"
"29/03/2011","81","ARAUCA","81065","ARAUQUITA","RURAL","1"
"28/03/2011","19","CAUCA","19142","CALOTO","URBANA","1"
"28/03/2011","95","GUAVIARE","95025","EL RETORNO","URBANA","1"
"28/03/2011","20","CESAR","20001","VALLEDUPAR","URBANA","1"
"27/03/2011","05","ANTIOQUIA","05893","YONDO","RURAL","1"
"26/03/2011","76","VALLE DEL CAUCA","76109","BUENAVENTURA","URBANA","1"
"26/03/2011","44","LA GUAJIRA","44430","MAICAO","RURAL","1"
"25/03/2011","86","PUTUMAYO","86865","VALLE DEL GUAMUEZ","RURAL","1"
"24/03/2011","50","META","50711","VISTAHERMOSA","RURAL","1"
"22/03/2011","81","ARAUCA","81065","ARAUQUITA","RURAL","1"
"21/03/2011","54","NORTE DE SANTANDER","54250","EL TARRA","RURAL","1"
"21/03/2011","52","NARIÑO","52835","SAN ANDRES DE TUMACO","RURAL","1"
"21/03/2011","19","CAUCA","19698","SANTANDER DE QUILICHAO","URBANA","1"
"18/03/2011","54","NORTE DE SANTANDER","54720","SARDINATA","RURAL","1"
"17/03/2011","41","HUILA","41001","NEIVA","URBANA","1"
"17/03/2011","52","NARIÑO","52540","POLICARPA","RURAL","1"
"15/03/2011","19","CAUCA","19698","SANTANDER DE QUILICHAO","RURAL","1"
"15/03/2011","50","META","50370","URIBE","URBANA","1"
"14/03/2011","73","TOLIMA","73001","IBAGUE","URBANA","1"
"13/03/2011","76","VALLE DEL CAUCA","76109","BUENAVENTURA","URBANA","1"
"12/03/2011","52","NARIÑO","52699","SANTACRUZ","RURAL","1"
"09/03/2011","73","TOLIMA","73168","CHAPARRAL","URBANA","1"
"06/03/2011","05","ANTIOQUIA","05480","MUTATA","RURAL","1"
"06/03/2011","44","LA GUAJIRA","44001","RIOHACHA","URBANA","1"
"05/03/2011","50","META","50318","GUAMAL","RURAL","1"
"05/03/2011","05","ANTIOQUIA","05480","MUTATA","RURAL","1"
"05/03/2011","41","HUILA","41001","NEIVA","RURAL","1"
"05/03/2011","54","NORTE DE SANTANDER","54810","TIBU","RURAL","1"
"02/03/2011","41","HUILA","41020","ALGECIRAS","URBANA","1"
"01/03/2011","05","ANTIOQUIA","05154","CAUCASIA","URBANA","1"
"01/03/2011","50","META","50711","VISTAHERMOSA","RURAL","1"
"28/02/2011","86","PUTUMAYO","86568","PUERTO ASIS","RURAL","1"
"26/02/2011","05","ANTIOQUIA","05854","VALDIVIA","RURAL","1"
"25/02/2011","54","NORTE DE SANTANDER","54800","TEORAMA","URBANA","1"
"25/02/2011","76","VALLE DEL CAUCA","76109","BUENAVENTURA","URBANA","1"
"23/02/2011","44","LA GUAJIRA","44430","MAICAO","RURAL","1"
"23/02/2011","52","NARIÑO","52612","RICAURTE","RURAL","1"
"23/02/2011","44","LA GUAJIRA","44001","RIOHACHA","URBANA","1"
"22/02/2011","81","ARAUCA","81736","SARAVENA","RURAL","1"
"21/02/2011","54","NORTE DE SANTANDER","54206","CONVENCION","URBANA","1"
"20/02/2011","11","BOGOTA D.C.","11001","BOGOTA D.C.","URBANA","1"
"19/02/2011","81","ARAUCA","81001","ARAUCA","RURAL","1"
"18/02/2011","50","META","50001","VILLAVICENCIO","URBANA","1"
"17/02/2011","41","HUILA","41001","NEIVA","URBANA","1"
"13/02/2011","86","PUTUMAYO","86865","VALLE DEL GUAMUEZ","RURAL","1"
"11/02/2011","41","HUILA","41001","NEIVA","URBANA","1"
"11/02/2011","50","META","50711","VISTAHERMOSA","RURAL","1"
"10/02/2011","41","HUILA","41001","NEIVA","URBANA","1"
"07/02/2011","81","ARAUCA","81001","ARAUCA","URBANA","1"
"07/02/2011","19","CAUCA","19142","CALOTO","URBANA","1"
"06/02/2011","73","TOLIMA","73001","IBAGUE","URBANA","1"
"04/02/2011","05","ANTIOQUIA","05250","EL BAGRE","URBANA","1"
"04/02/2011","50","META","50001","VILLAVICENCIO","URBANA","1"
"03/02/2011","41","HUILA","41001","NEIVA","URBANA","1"
"03/02/2011","81","ARAUCA","81794","TAME","RURAL","1"
"01/02/2011","05","ANTIOQUIA","05315","GUADALUPE","RURAL","1"
"01/02/2011","05","ANTIOQUIA","05647","SAN ANDRES DE CUERQUIA","RURAL","1"
"01/02/2011","19","CAUCA","19698","SANTANDER DE QUILICHAO","URBANA","1"
"29/01/2011","19","CAUCA","19212","CORINTO","URBANA","1"
"28/01/2011","76","VALLE DEL CAUCA","76001","CALI","RURAL","1"
"28/01/2011","50","META","50330","MESETAS","RURAL","1"
"26/01/2011","41","HUILA","41001","NEIVA","URBANA","1"
"25/01/2011","11","BOGOTA D.C.","11001","BOGOTA D.C.","URBANA","1"
"22/01/2011","50","META","50568","PUERTO GAITAN","RURAL","1"
"20/01/2011","05","ANTIOQUIA","05154","CAUCASIA","URBANA","1"
"20/01/2011","73","TOLIMA","73616","RIOBLANCO","URBANA","1"
"20/01/2011","86","PUTUMAYO","86865","VALLE DEL GUAMUEZ","URBANA","1"
"18/01/2011","44","LA GUAJIRA","44035","ALBANIA","RURAL","1"
"17/01/2011","50","META","50287","FUENTE DE ORO","RURAL","1"
"17/01/2011","50","META","50683","SAN JUAN DE ARAMA","RURAL","1"
"16/01/2011","73","TOLIMA","73236","DOLORES","RURAL","1"
"15/01/2011","41","HUILA","41396","LA PLATA","RURAL","1"
"13/01/2011","86","PUTUMAYO","86568","PUERTO ASIS","URBANA","1"
"11/01/2011","44","LA GUAJIRA","44279","FONSECA","RURAL","1"
"10/01/2011","50","META","50689","SAN MARTIN","RURAL","1"
"07/01/2011","18","CAQUETA","18753","SAN VICENTE DEL CAGUAN","URBANA","1"
"06/01/2011","44","LA GUAJIRA","44279","FONSECA","RURAL","1"
"06/01/2011","44","LA GUAJIRA","44279","FONSECA","URBANA","1"
"06/01/2011","41","HUILA","41001","NEIVA","URBANA","1"
"04/01/2011","41","HUILA","41001","NEIVA","URBANA","1"
"04/01/2011","50","META","50370","URIBE","RURAL","1"
"03/01/2011","81","ARAUCA","81794","TAME","URBANA","1"
"02/01/2011","41","HUILA","41001","NEIVA","URBANA","1"
"02/01/2011","41","HUILA","41001","NEIVA","URBANA","1"
"29/12/2010","81","ARAUCA","81736","SARAVENA","URBANA","1"
"28/12/2010","15","BOYACA","15223","CUBARA","RURAL","1"
"28/12/2010","52","NARIÑO","52250","EL CHARCO","URBANA","1"
"28/12/2010","15","BOYACA","15223","CUBARA","URBANA","1"
"24/12/2010","19","CAUCA","19760","SOTARA PAISPAMBA","RURAL","1"
"23/12/2010","41","HUILA","41001","NEIVA","URBANA","1"
"20/12/2010","73","TOLIMA","73001","IBAGUE","URBANA","1"
"20/12/2010","18","CAQUETA","18753","SAN VICENTE DEL CAGUAN","URBANA","1"
"18/12/2010","41","HUILA","41001","NEIVA","URBANA","1"
"15/12/2010","86","PUTUMAYO","86865","VALLE DEL GUAMUEZ","RURAL","1"
"14/12/2010","63","QUINDIO","63130","CALARCA","URBANA","1"
"14/12/2010","41","HUILA","41001","NEIVA","URBANA","1"
"12/12/2010","44","LA GUAJIRA","44001","RIOHACHA","URBANA","1"
"12/12/2010","73","TOLIMA","73624","ROVIRA","URBANA","1"
"11/12/2010","63","QUINDIO","63001","ARMENIA","URBANA","1"
"11/12/2010","15","BOYACA","15377","LABRANZAGRANDE","RURAL","1"
"11/12/2010","27","CHOCO","27787","TADO","RURAL","1"
"09/12/2010","73","TOLIMA","73001","IBAGUE","URBANA","1"
"08/12/2010","81","ARAUCA","81794","TAME","RURAL","1"
"07/12/2010","81","ARAUCA","81591","PUERTO RONDON","URBANA","1"
"04/12/2010","11","BOGOTA D.C.","11001","BOGOTA D.C.","URBANA","1"
"04/12/2010","08","ATLANTICO","08421","LURUACO","URBANA","1"
"04/12/2010","41","HUILA","41001","NEIVA","URBANA","1"
"02/12/2010","41","HUILA","41016","AIPE","URBANA","1"
"02/12/2010","73","TOLIMA","73124","CAJAMARCA","URBANA","1"
"02/12/2010","41","HUILA","41359","ISNOS","RURAL","1"
"02/12/2010","54","NORTE DE SANTANDER","54670","SAN CALIXTO","URBANA","1"
"30/11/2010","41","HUILA","41001","NEIVA","RURAL","1"
"28/11/2010","54","NORTE DE SANTANDER","54670","SAN CALIXTO","URBANA","1"
"28/11/2010","86","PUTUMAYO","86865","VALLE DEL GUAMUEZ","RURAL","1"
"27/11/2010","11","BOGOTA D.C.","11001","BOGOTA D.C.","URBANA","1"
"27/11/2010","18","CAQUETA","18150","CARTAGENA DEL CHAIRA","URBANA","1"
"24/11/2010","41","HUILA","41016","AIPE","RURAL","1"
"24/11/2010","86","PUTUMAYO","86865","VALLE DEL GUAMUEZ","RURAL","1"
"23/11/2010","18","CAQUETA","18592","PUERTO RICO","URBANA","1"
"22/11/2010","54","NORTE DE SANTANDER","54800","TEORAMA","URBANA","1"
"20/11/2010","54","NORTE DE SANTANDER","54206","CONVENCION","URBANA","1"
"20/11/2010","54","NORTE DE SANTANDER","54810","TIBU","RURAL","1"
"19/11/2010","50","META","50313","GRANADA","RURAL","1"
"19/11/2010","41","HUILA","41001","NEIVA","URBANA","1"
"19/11/2010","73","TOLIMA","73622","RONCESVALLES","URBANA","1"
"19/11/2010","05","ANTIOQUIA","05854","VALDIVIA","RURAL","1"
"16/11/2010","44","LA GUAJIRA","44001","RIOHACHA","URBANA","1"
"16/11/2010","50","META","50683","SAN JUAN DE ARAMA","RURAL","1"
"16/11/2010","81","ARAUCA","81736","SARAVENA","RURAL","1"
"13/11/2010","44","LA GUAJIRA","44001","RIOHACHA","URBANA","1"
"11/11/2010","18","CAQUETA","18150","CARTAGENA DEL CHAIRA","URBANA","1"
"09/11/2010","76","VALLE DEL CAUCA","76109","BUENAVENTURA","RURAL","1"
"03/11/2010","19","CAUCA","19300","GUACHENE","URBANA","1"
"03/11/2010","50","META","50330","MESETAS","RURAL","1"
"03/11/2010","50","META","50001","VILLAVICENCIO","RURAL","1"
"31/10/2010","50","META","50330","MESETAS","RURAL","1"
"31/10/2010","81","ARAUCA","81736","SARAVENA","URBANA","1"
"31/10/2010","81","ARAUCA","81736","SARAVENA","URBANA","1"
"31/10/2010","50","META","50001","VILLAVICENCIO","URBANA","1"
"28/10/2010","50","META","50711","VISTAHERMOSA","RURAL","1"
"27/10/2010","73","TOLIMA","73124","CAJAMARCA","RURAL","1"
"27/10/2010","52","NARIÑO","52356","IPIALES","RURAL","1"
"27/10/2010","44","LA GUAJIRA","44001","RIOHACHA","URBANA","1"
"25/10/2010","41","HUILA","41001","NEIVA","URBANA","1"
"25/10/2010","73","TOLIMA","73624","ROVIRA","URBANA","1"
"23/10/2010","73","TOLIMA","73504","ORTEGA","RURAL","1"
"20/10/2010","95","GUAVIARE","95001","SAN JOSE DEL GUAVIARE","RURAL","1"
"19/10/2010","05","ANTIOQUIA","05088","BELLO","URBANA","1"
"19/10/2010","73","TOLIMA","73001","IBAGUE","URBANA","1"
"16/10/2010","19","CAUCA","19533","PIAMONTE","RURAL","1"
"16/10/2010","52","NARIÑO","52835","SAN ANDRES DE TUMACO","URBANA","1"
"16/10/2010","81","ARAUCA","81794","TAME","RURAL","1"
"13/10/2010","81","ARAUCA","81591","PUERTO RONDON","URBANA","1"
"12/10/2010","81","ARAUCA","81736","SARAVENA","URBANA","1"
"10/10/2010","19","CAUCA","19743","SILVIA","RURAL","1"
"09/10/2010","76","VALLE DEL CAUCA","76001","CALI","URBANA","1"
"07/10/2010","73","TOLIMA","73624","ROVIRA","URBANA","1"
"03/10/2010","52","NARIÑO","52079","BARBACOAS","URBANA","1"
"03/10/2010","41","HUILA","41001","NEIVA","URBANA","1"
"02/10/2010","52","NARIÑO","52835","SAN ANDRES DE TUMACO","RURAL","1"
"29/09/2010","81","ARAUCA","81736","SARAVENA","URBANA","1"
"26/09/2010","41","HUILA","41001","NEIVA","URBANA","1"
"26/09/2010","81","ARAUCA","81736","SARAVENA","URBANA","1"
"26/09/2010","81","ARAUCA","81794","TAME","RURAL","1"
"25/09/2010","50","META","50001","VILLAVICENCIO","URBANA","1"
"23/09/2010","44","LA GUAJIRA","44035","ALBANIA","RURAL","1"
"19/09/2010","05","ANTIOQUIA","05887","YARUMAL","URBANA","1"
"18/09/2010","52","NARIÑO","52001","PASTO","URBANA","1"
"17/09/2010","73","TOLIMA","73001","IBAGUE","URBANA","1"
"11/09/2010","41","HUILA","41357","IQUIRA","RURAL","1"
"08/09/2010","52","NARIÑO","52001","PASTO","URBANA","1"
"06/09/2010","52","NARIÑO","52699","SANTACRUZ","RURAL","1"
"05/09/2010","85","CASANARE","85001","YOPAL","RURAL","1"
"04/09/2010","50","META","50001","VILLAVICENCIO","URBANA","1"
"01/09/2010","05","ANTIOQUIA","05819","TOLEDO","RURAL","1"
"31/08/2010","73","TOLIMA","73001","IBAGUE","URBANA","1"
"31/08/2010","73","TOLIMA","73504","ORTEGA","URBANA","1"
"31/08/2010","52","NARIÑO","52585","PUPIALES","RURAL","1"
"30/08/2010","19","CAUCA","19142","CALOTO","URBANA","1"
"30/08/2010","05","ANTIOQUIA","05647","SAN ANDRES DE CUERQUIA","RURAL","1"
"30/08/2010","50","META","50001","VILLAVICENCIO","URBANA","1"
"30/08/2010","50","META","50001","VILLAVICENCIO","URBANA","1"
"27/08/2010","41","HUILA","41078","BARAYA","URBANA","1"
"23/08/2010","41","HUILA","41799","TELLO","RURAL","1"
"20/08/2010","50","META","50001","VILLAVICENCIO","URBANA","1"
"16/08/2010","81","ARAUCA","81065","ARAUQUITA","RURAL","1"
"16/08/2010","52","NARIÑO","52215","CORDOBA","RURAL","1"
"14/08/2010","05","ANTIOQUIA","05154","CAUCASIA","URBANA","1"
"14/08/2010","41","HUILA","41001","NEIVA","RURAL","1"
"12/08/2010","11","BOGOTA D.C.","11001","BOGOTA D.C.","URBANA","1"
"11/08/2010","52","NARIÑO","52683","SANDONA","URBANA","1"
"11/08/2010","50","META","50001","VILLAVICENCIO","URBANA","1"
"06/08/2010","54","NORTE DE SANTANDER","54206","CONVENCION","RURAL","1"
"06/08/2010","05","ANTIOQUIA","05819","TOLEDO","URBANA","1"
"05/08/2010","68","SANTANDER","68001","BUCARAMANGA","URBANA","1"
"05/08/2010","18","CAQUETA","18150","CARTAGENA DEL CHAIRA","RURAL","1"
"05/08/2010","18","CAQUETA","18001","FLORENCIA","URBANA","1"
"04/08/2010","50","META","50711","VISTAHERMOSA","RURAL","1"
"02/08/2010","41","HUILA","41001","NEIVA","URBANA","1"
"01/08/2010","81","ARAUCA","81001","ARAUCA","URBANA","1"
"01/08/2010","73","TOLIMA","73168","CHAPARRAL","URBANA","1"
"31/07/2010","05","ANTIOQUIA","05001","MEDELLIN","URBANA","1"
"26/07/2010","81","ARAUCA","81001","ARAUCA","URBANA","1"
"26/07/2010","73","TOLIMA","73555","PLANADAS","URBANA","1"
"23/07/2010","05","ANTIOQUIA","05040","ANORI","RURAL","1"
"21/07/2010","05","ANTIOQUIA","05040","ANORI","RURAL","1"
"20/07/2010","41","HUILA","41001","NEIVA","URBANA","1"
"20/07/2010","41","HUILA","41001","NEIVA","URBANA","1"
"19/07/2010","41","HUILA","41016","AIPE","URBANA","1"
"16/07/2010","73","TOLIMA","73168","CHAPARRAL","URBANA","1"
"15/07/2010","18","CAQUETA","18753","SAN VICENTE DEL CAGUAN","URBANA","1"
"15/07/2010","18","CAQUETA","18753","SAN VICENTE DEL CAGUAN","URBANA","1"
"14/07/2010","41","HUILA","41770","SUAZA","RURAL","1"
"13/07/2010","81","ARAUCA","81736","SARAVENA","URBANA","1"
"12/07/2010","54","NORTE DE SANTANDER","54250","EL TARRA","RURAL","1"
"09/07/2010","19","CAUCA","19137","CALDONO","URBANA","1"
"08/07/2010","44","LA GUAJIRA","44001","RIOHACHA","URBANA","1"
"07/07/2010","05","ANTIOQUIA","05154","CAUCASIA","URBANA","1"
"05/07/2010","05","ANTIOQUIA","05315","GUADALUPE","URBANA","1"
"01/07/2010","41","HUILA","41524","PALERMO","RURAL","1"
"30/06/2010","41","HUILA","41001","NEIVA","URBANA","1"
"28/06/2010","41","HUILA","41020","ALGECIRAS","RURAL","1"
"28/06/2010","41","HUILA","41359","ISNOS","URBANA","1"
"27/06/2010","73","TOLIMA","73001","IBAGUE","URBANA","1"
"27/06/2010","73","TOLIMA","73411","LIBANO","URBANA","1"
"26/06/2010","27","CHOCO","27787","TADO","URBANA","1"
"24/06/2010","41","HUILA","41001","NEIVA","URBANA","1"
"24/06/2010","05","ANTIOQUIA","05887","YARUMAL","RURAL","1"
"22/06/2010","18","CAQUETA","18753","SAN VICENTE DEL CAGUAN","RURAL","1"
"21/06/2010","73","TOLIMA","73168","CHAPARRAL","URBANA","1"
"20/06/2010","41","HUILA","41551","PITALITO","RURAL","1"
"20/06/2010","52","NARIÑO","52678","SAMANIEGO","RURAL","1"
"20/06/2010","54","NORTE DE SANTANDER","54810","TIBU","RURAL","1"
"19/06/2010","73","TOLIMA","73555","PLANADAS","URBANA","1"
"19/06/2010","54","NORTE DE SANTANDER","54810","TIBU","RURAL","1"
"19/06/2010","05","ANTIOQUIA","05887","YARUMAL","RURAL","1"
"18/06/2010","19","CAUCA","19585","PURACE","RURAL","1"
"16/06/2010","05","ANTIOQUIA","05154","CAUCASIA","URBANA","1"
"14/06/2010","47","MAGDALENA","47001","SANTA MARTA","URBANA","1"
"11/06/2010","05","ANTIOQUIA","05045","APARTADO","URBANA","1"
"11/06/2010","86","PUTUMAYO","86568","PUERTO ASIS","RURAL","1"
"10/06/2010","73","TOLIMA","73268","ESPINAL","URBANA","1"
"10/06/2010","05","ANTIOQUIA","05686","SANTA ROSA DE OSOS","URBANA","1"
"09/06/2010","52","NARIÑO","52678","SAMANIEGO","URBANA","1"
"07/06/2010","05","ANTIOQUIA","05854","VALDIVIA","RURAL","1"
"07/06/2010","05","ANTIOQUIA","05154","CAUCASIA","URBANA","1"
"05/06/2010","05","ANTIOQUIA","05154","CAUCASIA","URBANA","1"
"03/06/2010","19","CAUCA","19001","POPAYAN","URBANA","1"
"02/06/2010","11","BOGOTA D.C.","11001","BOGOTA D.C.","URBANA","1"
"02/06/2010","05","ANTIOQUIA","05154","CAUCASIA","URBANA","1"
"31/05/2010","81","ARAUCA","81794","TAME","RURAL","1"
"30/05/2010","19","CAUCA","19256","EL TAMBO","RURAL","1"
"29/05/2010","05","ANTIOQUIA","05315","GUADALUPE","RURAL","1"
"29/05/2010","19","CAUCA","19548","PIENDAMO - TUNIA","RURAL","1"
"28/05/2010","86","PUTUMAYO","86569","PUERTO CAICEDO","RURAL","1"
"28/05/2010","66","RISARALDA","66001","PEREIRA","URBANA","1"
"26/05/2010","05","ANTIOQUIA","05790","TARAZA","RURAL","1"
"25/05/2010","52","NARIÑO","52001","PASTO","URBANA","1"
"25/05/2010","17","CALDAS","17001","MANIZALES","URBANA","1"
"24/05/2010","05","ANTIOQUIA","05154","CAUCASIA","URBANA","1"
"23/05/2010","05","ANTIOQUIA","05154","CAUCASIA","URBANA","1"
"23/05/2010","41","HUILA","41001","NEIVA","URBANA","1"
"22/05/2010","54","NORTE DE SANTANDER","54810","TIBU","RURAL","1"
"22/05/2010","50","META","50370","URIBE","RURAL","1"
"21/05/2010","23","CORDOBA","23807","TIERRALTA","URBANA","1"
"20/05/2010","05","ANTIOQUIA","05154","CAUCASIA","URBANA","1"
"20/05/2010","50","META","50711","VISTAHERMOSA","RURAL","1"
"19/05/2010","50","META","50711","VISTAHERMOSA","RURAL","1"
"18/05/2010","05","ANTIOQUIA","05154","CAUCASIA","URBANA","1"
"17/05/2010","27","CHOCO","27787","TADO","URBANA","1"
"17/05/2010","05","ANTIOQUIA","05819","TOLEDO","RURAL","1"
"17/05/2010","50","META","50711","VISTAHERMOSA","RURAL","1"
"15/05/2010","73","TOLIMA","73001","IBAGUE","URBANA","1"
"12/05/2010","05","ANTIOQUIA","05647","SAN ANDRES DE CUERQUIA","RURAL","1"
"10/05/2010","81","ARAUCA","81736","SARAVENA","URBANA","1"
"09/05/2010","81","ARAUCA","81065","ARAUQUITA","RURAL","1"
"09/05/2010","18","CAQUETA","18256","EL PAUJIL","URBANA","1"
"08/05/2010","41","HUILA","41001","NEIVA","URBANA","1"
"08/05/2010","05","ANTIOQUIA","05790","TARAZA","RURAL","1"
"06/05/2010","52","NARIÑO","52079","BARBACOAS","RURAL","1"
"05/05/2010","44","LA GUAJIRA","44090","DIBULLA","RURAL","1"
"05/05/2010","23","CORDOBA","23350","LA APARTADA","URBANA","1"
"02/05/2010","19","CAUCA","19318","GUAPI","URBANA","1"
"02/05/2010","73","TOLIMA","73001","IBAGUE","URBANA","1"
"02/05/2010","54","NORTE DE SANTANDER","54810","TIBU","RURAL","1"
"26/04/2010","19","CAUCA","19212","CORINTO","URBANA","1"
"26/04/2010","05","ANTIOQUIA","05790","TARAZA","RURAL","1"
"25/04/2010","54","NORTE DE SANTANDER","54800","TEORAMA","RURAL","1"
"22/04/2010","50","META","50577","PUERTO LLERAS","RURAL","1"
"22/04/2010","50","META","50711","VISTAHERMOSA","RURAL","1"
"21/04/2010","52","NARIÑO","52001","PASTO","URBANA","1"
"20/04/2010","73","TOLIMA","73168","CHAPARRAL","URBANA","1"
"19/04/2010","17","CALDAS","17001","MANIZALES","URBANA","1"
"18/04/2010","73","TOLIMA","73168","CHAPARRAL","URBANA","1"
"17/04/2010","05","ANTIOQUIA","05001","MEDELLIN","URBANA","1"
"16/04/2010","41","HUILA","41001","NEIVA","URBANA","1"
"13/04/2010","86","PUTUMAYO","86571","PUERTO GUZMAN","RURAL","1"
"12/04/2010","73","TOLIMA","73168","CHAPARRAL","URBANA","1"
"12/04/2010","05","ANTIOQUIA","05001","MEDELLIN","URBANA","1"
"09/04/2010","47","MAGDALENA","47189","CIENAGA","URBANA","1"
"09/04/2010","76","VALLE DEL CAUCA","76275","FLORIDA","RURAL","1"
"09/04/2010","73","TOLIMA","73001","IBAGUE","URBANA","1"
"08/04/2010","50","META","50251","EL CASTILLO","RURAL","1"
"08/04/2010","73","TOLIMA","73411","LIBANO","URBANA","1"
"05/04/2010","05","ANTIOQUIA","05154","CAUCASIA","URBANA","1"
"04/04/2010","54","NORTE DE SANTANDER","54206","CONVENCION","RURAL","1"
"04/04/2010","54","NORTE DE SANTANDER","54344","HACARI","RURAL","1"
"04/04/2010","44","LA GUAJIRA","44001","RIOHACHA","URBANA","1"
"04/04/2010","81","ARAUCA","81794","TAME","RURAL","1"
"03/04/2010","76","VALLE DEL CAUCA","76275","FLORIDA","RURAL","1"
"31/03/2010","05","ANTIOQUIA","05154","CAUCASIA","URBANA","1"
"29/03/2010","50","META","50001","VILLAVICENCIO","RURAL","1"
"28/03/2010","41","HUILA","41001","NEIVA","URBANA","1"
"28/03/2010","15","BOYACA","15755","SOCOTA","RURAL","1"
"25/03/2010","52","NARIÑO","52250","EL CHARCO","URBANA","1"
"25/03/2010","23","CORDOBA","23466","MONTELIBANO","URBANA","1"
"25/03/2010","66","RISARALDA","66001","PEREIRA","URBANA","1"
"24/03/2010","76","VALLE DEL CAUCA","76109","BUENAVENTURA","URBANA","1"
"24/03/2010","81","ARAUCA","81794","TAME","RURAL","1"
"22/03/2010","76","VALLE DEL CAUCA","76233","DAGUA","RURAL","1"
"13/03/2010","81","ARAUCA","81220","CRAVO NORTE","URBANA","1"
"13/03/2010","73","TOLIMA","73624","ROVIRA","RURAL","1"
"11/03/2010","05","ANTIOQUIA","05154","CAUCASIA","URBANA","1"
"11/03/2010","54","NORTE DE SANTANDER","54250","EL TARRA","URBANA","1"
"10/03/2010","73","TOLIMA","73001","IBAGUE","URBANA","1"
"10/03/2010","50","META","50711","VISTAHERMOSA","RURAL","1"
"07/03/2010","86","PUTUMAYO","86571","PUERTO GUZMAN","URBANA","1"
"07/03/2010","85","CASANARE","85400","TAMARA","RURAL","1"
"06/03/2010","05","ANTIOQUIA","05315","GUADALUPE","RURAL","1"
"06/03/2010","19","CAUCA","19698","SANTANDER DE QUILICHAO","URBANA","1"
"06/03/2010","81","ARAUCA","81736","SARAVENA","URBANA","1"
"05/03/2010","73","TOLIMA","73168","CHAPARRAL","URBANA","1"
"02/03/2010","41","HUILA","41001","NEIVA","URBANA","1"
"28/02/2010","54","NORTE DE SANTANDER","54720","SARDINATA","RURAL","1"
"28/02/2010","54","NORTE DE SANTANDER","54810","TIBU","RURAL","1"
"25/02/2010","41","HUILA","41001","NEIVA","URBANA","1"
"25/02/2010","19","CAUCA","19585","PURACE","RURAL","1"
"24/02/2010","44","LA GUAJIRA","44874","VILLANUEVA","URBANA","1"
"22/02/2010","76","VALLE DEL CAUCA","76001","CALI","URBANA","1"
"22/02/2010","76","VALLE DEL CAUCA","76001","CALI","URBANA","1"
"22/02/2010","73","TOLIMA","73001","IBAGUE","RURAL","1"
"18/02/2010","81","ARAUCA","81001","ARAUCA","URBANA","1"
"14/02/2010","68","SANTANDER","68655","SABANA DE TORRES","RURAL","1"
"14/02/2010","95","GUAVIARE","95001","SAN JOSE DEL GUAVIARE","RURAL","1"
"14/02/2010","41","HUILA","41872","VILLAVIEJA","RURAL","1"
"13/02/2010","95","GUAVIARE","95001","SAN JOSE DEL GUAVIARE","URBANA","1"
"12/02/2010","81","ARAUCA","81065","ARAUQUITA","RURAL","1"
"11/02/2010","41","HUILA","41001","NEIVA","URBANA","1"
"10/02/2010","05","ANTIOQUIA","05088","BELLO","URBANA","1"
"09/02/2010","50","META","50370","URIBE","RURAL","1"
"07/02/2010","52","NARIÑO","52678","SAMANIEGO","RURAL","1"
"06/02/2010","50","META","50370","URIBE","RURAL","1"
"05/02/2010","05","ANTIOQUIA","05154","CAUCASIA","URBANA","1"
"02/02/2010","05","ANTIOQUIA","05001","MEDELLIN","URBANA","1"
"02/02/2010","41","HUILA","41551","PITALITO","URBANA","1"
"31/01/2010","68","SANTANDER","68502","ONZAGA","RURAL","1"
"28/01/2010","05","ANTIOQUIA","05154","CAUCASIA","URBANA","1"
"25/01/2010","05","ANTIOQUIA","05315","GUADALUPE","RURAL","1"
"22/01/2010","86","PUTUMAYO","86568","PUERTO ASIS","URBANA","1"
"21/01/2010","19","CAUCA","19698","SANTANDER DE QUILICHAO","URBANA","1"
"21/01/2010","81","ARAUCA","81736","SARAVENA","URBANA","1"
"20/01/2010","76","VALLE DEL CAUCA","76109","BUENAVENTURA","URBANA","1"
"20/01/2010","41","HUILA","41001","NEIVA","URBANA","1"
"20/01/2010","05","ANTIOQUIA","05847","URRAO","RURAL","1"
"19/01/2010","50","META","50313","GRANADA","URBANA","1"
"19/01/2010","50","META","50330","MESETAS","URBANA","1"
"18/01/2010","73","TOLIMA","73001","IBAGUE","URBANA","1"
"18/01/2010","05","ANTIOQUIA","05001","MEDELLIN","URBANA","1"
"17/01/2010","44","LA GUAJIRA","44078","BARRANCAS","RURAL","1"
"15/01/2010","81","ARAUCA","81065","ARAUQUITA","RURAL","1"
"15/01/2010","50","META","50370","URIBE","RURAL","1"
"14/01/2010","76","VALLE DEL CAUCA","76109","BUENAVENTURA","URBANA","1"
"14/01/2010","50","META","50590","PUERTO RICO","RURAL","1"
"13/01/2010","86","PUTUMAYO","86001","MOCOA","RURAL","1"
"11/01/2010","50","META","50370","URIBE","RURAL","1"
"07/01/2010","81","ARAUCA","81300","FORTUL","URBANA","1"
"06/01/2010","81","ARAUCA","81794","TAME","RURAL","1"
"06/01/2010","50","META","50001","VILLAVICENCIO","URBANA","1"
"05/01/2010","86","PUTUMAYO","86001","MOCOA","RURAL","1"
"30/12/2009","50","META","50251","EL CASTILLO","RURAL","1"
"29/12/2009","44","LA GUAJIRA","44847","URIBIA","URBANA","1"
"28/12/2009","50","META","50683","SAN JUAN DE ARAMA","RURAL","1"
"27/12/2009","41","HUILA","41001","NEIVA","RURAL","1"
"27/12/2009","25","CUNDINAMARCA","25120","CABRERA","RURAL","1"
"27/12/2009","73","TOLIMA","73168","CHAPARRAL","URBANA","1"
"25/12/2009","05","ANTIOQUIA","05001","MEDELLIN","URBANA","1"
"24/12/2009","73","TOLIMA","73124","CAJAMARCA","URBANA","1"
"23/12/2009","19","CAUCA","19130","CAJIBIO","RURAL","1"
"23/12/2009","73","TOLIMA","73504","ORTEGA","URBANA","1"
"19/12/2009","52","NARIÑO","52699","SANTACRUZ","RURAL","1"
"18/12/2009","41","HUILA","41001","NEIVA","RURAL","1"
"17/12/2009","05","ANTIOQUIA","05001","MEDELLIN","URBANA","1"
"17/12/2009","81","ARAUCA","81736","SARAVENA","URBANA","1"
"16/12/2009","50","META","50577","PUERTO LLERAS","RURAL","1"
"14/12/2009","76","VALLE DEL CAUCA","76109","BUENAVENTURA","URBANA","1"
"14/12/2009","05","ANTIOQUIA","05212","COPACABANA","URBANA","1"
"14/12/2009","50","META","50370","URIBE","RURAL","1"
"13/12/2009","52","NARIÑO","52678","SAMANIEGO","URBANA","1"
"13/12/2009","68","SANTANDER","68307","GIRON","URBANA","1"
"08/12/2009","19","CAUCA","19318","GUAPI","URBANA","1"
"08/12/2009","41","HUILA","41799","TELLO","RURAL","1"
"07/12/2009","73","TOLIMA","73675","SAN ANTONIO","URBANA","1"
"07/12/2009","41","HUILA","41524","PALERMO","RURAL","1"
"06/12/2009","05","ANTIOQUIA","05154","CAUCASIA","URBANA","1"
"03/12/2009","50","META","50590","PUERTO RICO","URBANA","1"
"01/12/2009","73","TOLIMA","73319","GUAMO","URBANA","1"
"29/11/2009","11","BOGOTA D.C.","11001","BOGOTA D.C.","URBANA","1"
"28/11/2009","73","TOLIMA","73236","DOLORES","RURAL","1"
"27/11/2009","86","PUTUMAYO","86865","VALLE DEL GUAMUEZ","RURAL","1"
"27/11/2009","73","TOLIMA","73168","CHAPARRAL","RURAL","1"
"22/11/2009","05","ANTIOQUIA","05172","CHIGORODO","URBANA","1"
"21/11/2009","73","TOLIMA","73226","CUNDAY","RURAL","1"
"20/11/2009","52","NARIÑO","52612","RICAURTE","RURAL","1"
"19/11/2009","15","BOYACA","15518","PAJARITO","RURAL","1"
"15/11/2009","15","BOYACA","15755","SOCOTA","RURAL","1"
"14/11/2009","41","HUILA","41001","NEIVA","URBANA","1"
"13/11/2009","68","SANTANDER","68655","SABANA DE TORRES","RURAL","1"
"11/11/2009","18","CAQUETA","18001","FLORENCIA","URBANA","1"
"11/11/2009","76","VALLE DEL CAUCA","76109","BUENAVENTURA","URBANA","1"
"07/11/2009","05","ANTIOQUIA","05001","MEDELLIN","URBANA","1"
"03/11/2009","54","NORTE DE SANTANDER","54206","CONVENCION","URBANA","1"
"03/11/2009","44","LA GUAJIRA","44430","MAICAO","URBANA","1"
"01/11/2009","86","PUTUMAYO","86320","ORITO","RURAL","1"
"31/10/2009","91","AMAZONAS","91001","LETICIA","URBANA","1"
"31/10/2009","19","CAUCA","19821","TORIBIO","URBANA","1"
"27/10/2009","05","ANTIOQUIA","05001","MEDELLIN","URBANA","1"
"26/10/2009","95","GUAVIARE","95025","EL RETORNO","RURAL","1"
"20/10/2009","91","AMAZONAS","91001","LETICIA","URBANA","1"
"16/10/2009","05","ANTIOQUIA","05088","BELLO","URBANA","1"
"13/10/2009","54","NORTE DE SANTANDER","54810","TIBU","URBANA","1"
"11/10/2009","81","ARAUCA","81794","TAME","RURAL","1"
"07/10/2009","50","META","50001","VILLAVICENCIO","URBANA","1"
"07/10/2009","11","BOGOTA D.C.","11001","BOGOTA D.C.","URBANA","1"
"06/10/2009","41","HUILA","41206","COLOMBIA","RURAL","1"
"05/10/2009","15","BOYACA","15757","SOCHA","RURAL","1"
"05/10/2009","27","CHOCO","27001","QUIBDO","URBANA","1"
"04/10/2009","81","ARAUCA","81794","TAME","RURAL","1"
"03/10/2009","15","BOYACA","15368","JERICO","RURAL","1"
"03/10/2009","81","ARAUCA","81591","PUERTO RONDON","RURAL","1"
"02/10/2009","15","BOYACA","15755","SOCOTA","RURAL","1"
"02/10/2009","50","META","50001","VILLAVICENCIO","URBANA","1"
"01/10/2009","81","ARAUCA","81794","TAME","RURAL","1"
"30/09/2009","19","CAUCA","19130","CAJIBIO","RURAL","1"
"29/09/2009","11","BOGOTA D.C.","11001","BOGOTA D.C.","RURAL","1"
"27/09/2009","11","BOGOTA D.C.","11001","BOGOTA D.C.","URBANA","1"
"23/09/2009","86","PUTUMAYO","86885","VILLAGARZON","RURAL","1"
"21/09/2009","05","ANTIOQUIA","05172","CHIGORODO","RURAL","1"
"20/09/2009","50","META","50370","URIBE","URBANA","1"
"18/09/2009","44","LA GUAJIRA","44001","RIOHACHA","RURAL","1"
"16/09/2009","76","VALLE DEL CAUCA","76109","BUENAVENTURA","URBANA","1"
"15/09/2009","54","NORTE DE SANTANDER","54377","LABATECA","RURAL","1"
"15/09/2009","19","CAUCA","19142","CALOTO","URBANA","1"
"11/09/2009","73","TOLIMA","73001","IBAGUE","URBANA","1"
"06/09/2009","54","NORTE DE SANTANDER","54800","TEORAMA","URBANA","1"
"06/09/2009","44","LA GUAJIRA","44001","RIOHACHA","URBANA","1"
"06/09/2009","81","ARAUCA","81001","ARAUCA","URBANA","1"
"05/09/2009","50","META","50400","LEJANIAS","RURAL","1"
"04/09/2009","50","META","50001","VILLAVICENCIO","URBANA","1"
"04/09/2009","73","TOLIMA","73555","PLANADAS","URBANA","1"
"02/09/2009","44","LA GUAJIRA","44001","RIOHACHA","URBANA","1"
"30/08/2009","19","CAUCA","19548","PIENDAMO - TUNIA","URBANA","1"
"25/08/2009","18","CAQUETA","18753","SAN VICENTE DEL CAGUAN","URBANA","1"
"24/08/2009","08","ATLANTICO","08433","MALAMBO","URBANA","1"
"22/08/2009","05","ANTIOQUIA","05120","CACERES","RURAL","1"
"22/08/2009","18","CAQUETA","18410","LA MONTAÑITA","RURAL","1"
"20/08/2009","50","META","50370","URIBE","RURAL","1"
"19/08/2009","85","CASANARE","85125","HATO COROZAL","RURAL","1"
"19/08/2009","19","CAUCA","19698","SANTANDER DE QUILICHAO","URBANA","1"
"19/08/2009","19","CAUCA","19075","BALBOA","URBANA","1"
"18/08/2009","44","LA GUAJIRA","44279","FONSECA","RURAL","1"
"13/08/2009","86","PUTUMAYO","86569","PUERTO CAICEDO","RURAL","1"
"12/08/2009","68","SANTANDER","68001","BUCARAMANGA","URBANA","1"
"12/08/2009","44","LA GUAJIRA","44035","ALBANIA","RURAL","1"
"12/08/2009","44","LA GUAJIRA","44035","ALBANIA","RURAL","1"
"06/08/2009","86","PUTUMAYO","86568","PUERTO ASIS","URBANA","1"
"02/08/2009","50","META","50711","VISTAHERMOSA","RURAL","1"
"31/07/2009","86","PUTUMAYO","86755","SAN FRANCISCO","RURAL","1"
"30/07/2009","18","CAQUETA","18460","MILAN","URBANA","1"
"29/07/2009","11","BOGOTA D.C.","11001","BOGOTA D.C.","URBANA","1"
"28/07/2009","19","CAUCA","19573","PUERTO TEJADA","URBANA","1"
"25/07/2009","18","CAQUETA","18001","FLORENCIA","RURAL","1"
"24/07/2009","81","ARAUCA","81794","TAME","RURAL","1"
"23/07/2009","86","PUTUMAYO","86571","PUERTO GUZMAN","URBANA","1"
"23/07/2009","73","TOLIMA","73001","IBAGUE","RURAL","1"
"21/07/2009","50","META","50683","SAN JUAN DE ARAMA","RURAL","1"
"20/07/2009","81","ARAUCA","81794","TAME","RURAL","1"
"19/07/2009","50","META","50370","URIBE","RURAL","1"
"19/07/2009","19","CAUCA","19212","CORINTO","URBANA","1"
"17/07/2009","54","NORTE DE SANTANDER","54250","EL TARRA","RURAL","1"
"15/07/2009","86","PUTUMAYO","86568","PUERTO ASIS","RURAL","1"
"13/07/2009","54","NORTE DE SANTANDER","54800","TEORAMA","RURAL","1"
"12/07/2009","52","NARIÑO","52565","PROVIDENCIA","URBANA","1"
"11/07/2009","54","NORTE DE SANTANDER","54810","TIBU","URBANA","1"
"11/07/2009","08","ATLANTICO","08001","BARRANQUILLA","URBANA","1"
"11/07/2009","81","ARAUCA","81001","ARAUCA","URBANA","1"
"08/07/2009","05","ANTIOQUIA","05790","TARAZA","URBANA","1"
"07/07/2009","05","ANTIOQUIA","05120","CACERES","URBANA","1"
"05/07/2009","81","ARAUCA","81001","ARAUCA","URBANA","1"
"03/07/2009","05","ANTIOQUIA","05790","TARAZA","RURAL","1"
"03/07/2009","68","SANTANDER","68101","BOLIVAR","RURAL","1"
"30/06/2009","11","BOGOTA D.C.","11001","BOGOTA D.C.","URBANA","1"
"29/06/2009","17","CALDAS","17662","SAMANA","RURAL","1"
"28/06/2009","95","GUAVIARE","95001","SAN JOSE DEL GUAVIARE","RURAL","1"
"28/06/2009","11","BOGOTA D.C.","11001","BOGOTA D.C.","URBANA","1"
"27/06/2009","17","CALDAS","17042","ANSERMA","URBANA","1"
"26/06/2009","11","BOGOTA D.C.","11001","BOGOTA D.C.","URBANA","1"
"26/06/2009","73","TOLIMA","73168","CHAPARRAL","RURAL","1"
"26/06/2009","50","META","50370","URIBE","RURAL","1"
"25/06/2009","54","NORTE DE SANTANDER","54003","ABREGO","RURAL","1"
"24/06/2009","41","HUILA","41615","RIVERA","RURAL","1"
"23/06/2009","50","META","50330","MESETAS","RURAL","1"
"23/06/2009","05","ANTIOQUIA","05790","TARAZA","URBANA","1"
"20/06/2009","52","NARIÑO","52678","SAMANIEGO","RURAL","1"
"20/06/2009","50","META","50590","PUERTO RICO","RURAL","1"
"19/06/2009","05","ANTIOQUIA","05250","EL BAGRE","URBANA","1"
"18/06/2009","17","CALDAS","17001","MANIZALES","URBANA","1"
"10/06/2009","50","META","50711","VISTAHERMOSA","RURAL","1"
"10/06/2009","41","HUILA","41001","NEIVA","URBANA","1"
"07/06/2009","27","CHOCO","27001","QUIBDO","URBANA","1"
"07/06/2009","41","HUILA","41799","TELLO","RURAL","1"
"06/06/2009","44","LA GUAJIRA","44430","MAICAO","URBANA","1"
"05/06/2009","50","META","50370","URIBE","URBANA","1"
"01/06/2009","86","PUTUMAYO","86885","VILLAGARZON","RURAL","1"
"01/06/2009","50","META","50370","URIBE","RURAL","1"
"01/06/2009","86","PUTUMAYO","86568","PUERTO ASIS","RURAL","1"
"30/05/2009","50","META","50251","EL CASTILLO","RURAL","1"
"29/05/2009","50","META","50330","MESETAS","URBANA","1"
"29/05/2009","95","GUAVIARE","95200","MIRAFLORES","RURAL","1"
"28/05/2009","86","PUTUMAYO","86865","VALLE DEL GUAMUEZ","URBANA","1"
"27/05/2009","41","HUILA","41797","TESALIA","RURAL","1"
"24/05/2009","41","HUILA","41001","NEIVA","URBANA","1"
"22/05/2009","86","PUTUMAYO","86569","PUERTO CAICEDO","RURAL","1"
"21/05/2009","86","PUTUMAYO","86568","PUERTO ASIS","RURAL","1"
"20/05/2009","19","CAUCA","19318","GUAPI","URBANA","1"
"20/05/2009","81","ARAUCA","81065","ARAUQUITA","RURAL","1"
"19/05/2009","41","HUILA","41001","NEIVA","URBANA","1"
"19/05/2009","44","LA GUAJIRA","44001","RIOHACHA","URBANA","1"
"19/05/2009","54","NORTE DE SANTANDER","54498","OCAÑA","URBANA","1"
"18/05/2009","41","HUILA","41001","NEIVA","URBANA","1"
"15/05/2009","54","NORTE DE SANTANDER","54720","SARDINATA","URBANA","1"
"15/05/2009","54","NORTE DE SANTANDER","54720","SARDINATA","URBANA","1"
"15/05/2009","81","ARAUCA","81065","ARAUQUITA","RURAL","1"
"13/05/2009","19","CAUCA","19585","PURACE","RURAL","1"
"12/05/2009","95","GUAVIARE","95015","CALAMAR","RURAL","1"
"09/05/2009","52","NARIÑO","52678","SAMANIEGO","URBANA","1"
"08/05/2009","50","META","50370","URIBE","RURAL","1"
"07/05/2009","50","META","50370","URIBE","RURAL","1"
"05/05/2009","50","META","50350","LA MACARENA","RURAL","1"
"05/05/2009","68","SANTANDER","68101","BOLIVAR","RURAL","1"
"04/05/2009","27","CHOCO","27001","QUIBDO","URBANA","1"
"02/05/2009","50","META","50711","VISTAHERMOSA","RURAL","1"
"01/05/2009","73","TOLIMA","73411","LIBANO","URBANA","1"
"29/04/2009","50","META","50711","VISTAHERMOSA","RURAL","1"
"29/04/2009","18","CAQUETA","18150","CARTAGENA DEL CHAIRA","URBANA","1"
"29/04/2009","18","CAQUETA","18256","EL PAUJIL","RURAL","1"
"28/04/2009","50","META","50711","VISTAHERMOSA","RURAL","1"
"28/04/2009","27","CHOCO","27001","QUIBDO","URBANA","1"
"24/04/2009","27","CHOCO","27001","QUIBDO","URBANA","1"
"24/04/2009","18","CAQUETA","18256","EL PAUJIL","RURAL","1"
"21/04/2009","50","META","50711","VISTAHERMOSA","RURAL","1"
"19/04/2009","27","CHOCO","27001","QUIBDO","URBANA","1"
"18/04/2009","50","META","50350","LA MACARENA","URBANA","1"
"18/04/2009","41","HUILA","41001","NEIVA","URBANA","1"
"18/04/2009","41","HUILA","41001","NEIVA","URBANA","1"
"17/04/2009","05","ANTIOQUIA","05120","CACERES","URBANA","1"
"15/04/2009","17","CALDAS","17174","CHINCHINA","URBANA","1"
"13/04/2009","81","ARAUCA","81736","SARAVENA","RURAL","1"
"12/04/2009","18","CAQUETA","18150","CARTAGENA DEL CHAIRA","URBANA","1"
"12/04/2009","19","CAUCA","19548","PIENDAMO - TUNIA","RURAL","1"
"09/04/2009","85","CASANARE","85440","VILLANUEVA","RURAL","1"
"09/04/2009","81","ARAUCA","81065","ARAUQUITA","RURAL","1"
"08/04/2009","18","CAQUETA","18753","SAN VICENTE DEL CAGUAN","RURAL","1"
"07/04/2009","81","ARAUCA","81794","TAME","RURAL","1"
"06/04/2009","27","CHOCO","27001","QUIBDO","URBANA","1"
"06/04/2009","27","CHOCO","27001","QUIBDO","URBANA","1"
"06/04/2009","27","CHOCO","27001","QUIBDO","URBANA","1"
"06/04/2009","50","META","50330","MESETAS","RURAL","1"
"01/04/2009","81","ARAUCA","81065","ARAUQUITA","RURAL","1"
"31/03/2009","11","BOGOTA D.C.","11001","BOGOTA D.C.","URBANA","1"
"31/03/2009","18","CAQUETA","18592","PUERTO RICO","RURAL","1"
"30/03/2009","50","META","50400","LEJANIAS","RURAL","1"
"30/03/2009","68","SANTANDER","68679","SAN GIL","URBANA","1"
"30/03/2009","81","ARAUCA","81794","TAME","RURAL","1"
"29/03/2009","27","CHOCO","27001","QUIBDO","URBANA","1"
"29/03/2009","81","ARAUCA","81794","TAME","RURAL","1"
"28/03/2009","85","CASANARE","85315","SACAMA","RURAL","1"
"28/03/2009","05","ANTIOQUIA","05045","APARTADO","URBANA","1"
"27/03/2009","27","CHOCO","27245","EL CARMEN DE ATRATO","RURAL","1"
"27/03/2009","86","PUTUMAYO","86757","SAN MIGUEL","RURAL","1"
"26/03/2009","50","META","50330","MESETAS","URBANA","1"
"26/03/2009","18","CAQUETA","18256","EL PAUJIL","RURAL","1"
"26/03/2009","95","GUAVIARE","95025","EL RETORNO","RURAL","1"
"25/03/2009","05","ANTIOQUIA","05819","TOLEDO","RURAL","1"
"25/03/2009","52","NARIÑO","52356","IPIALES","URBANA","1"
"25/03/2009","50","META","50370","URIBE","RURAL","1"
"25/03/2009","44","LA GUAJIRA","44001","RIOHACHA","URBANA","1"
"25/03/2009","19","CAUCA","19130","CAJIBIO","RURAL","1"
"23/03/2009","18","CAQUETA","18094","BELEN DE LOS ANDAQUIES","RURAL","1"
"22/03/2009","19","CAUCA","19130","CAJIBIO","RURAL","1"
"22/03/2009","19","CAUCA","19473","MORALES","RURAL","1"
"21/03/2009","86","PUTUMAYO","86569","PUERTO CAICEDO","RURAL","1"
"21/03/2009","18","CAQUETA","18592","PUERTO RICO","RURAL","1"
"20/03/2009","54","NORTE DE SANTANDER","54820","TOLEDO","RURAL","1"
"19/03/2009","54","NORTE DE SANTANDER","54810","TIBU","URBANA","1"
"19/03/2009","27","CHOCO","27245","EL CARMEN DE ATRATO","RURAL","1"
"19/03/2009","18","CAQUETA","18753","SAN VICENTE DEL CAGUAN","RURAL","1"
"19/03/2009","41","HUILA","41132","CAMPOALEGRE","RURAL","1"
"19/03/2009","68","SANTANDER","68655","SABANA DE TORRES","RURAL","1"
"18/03/2009","54","NORTE DE SANTANDER","54239","DURANIA","URBANA","1"
"18/03/2009","54","NORTE DE SANTANDER","54810","TIBU","URBANA","1"
"17/03/2009","81","ARAUCA","81794","TAME","RURAL","1"
"17/03/2009","81","ARAUCA","81001","ARAUCA","RURAL","1"
"17/03/2009","81","ARAUCA","81794","TAME","RURAL","1"
"17/03/2009","41","HUILA","41132","CAMPOALEGRE","RURAL","1"
"16/03/2009","50","META","50711","VISTAHERMOSA","RURAL","1"
"16/03/2009","81","ARAUCA","81065","ARAUQUITA","RURAL","1"
"16/03/2009","81","ARAUCA","81794","TAME","URBANA","1"
"16/03/2009","18","CAQUETA","18205","CURILLO","RURAL","1"
"14/03/2009","50","META","50330","MESETAS","RURAL","1"
"13/03/2009","05","ANTIOQUIA","05854","VALDIVIA","RURAL","1"
"13/03/2009","86","PUTUMAYO","86569","PUERTO CAICEDO","RURAL","1"
"13/03/2009","50","META","50001","VILLAVICENCIO","RURAL","1"
"12/03/2009","50","META","50313","GRANADA","URBANA","1"
"12/03/2009","86","PUTUMAYO","86571","PUERTO GUZMAN","RURAL","1"
"12/03/2009","19","CAUCA","19142","CALOTO","URBANA","1"
"11/03/2009","18","CAQUETA","18150","CARTAGENA DEL CHAIRA","RURAL","1"
"10/03/2009","50","META","50001","VILLAVICENCIO","RURAL","1"
"10/03/2009","41","HUILA","41001","NEIVA","RURAL","1"
"09/03/2009","50","META","50001","VILLAVICENCIO","RURAL","1"
"09/03/2009","05","ANTIOQUIA","05318","GUARNE","URBANA","1"
"07/03/2009","41","HUILA","41001","NEIVA","URBANA","1"
"06/03/2009","50","META","50711","VISTAHERMOSA","RURAL","1"
"06/03/2009","66","RISARALDA","66001","PEREIRA","URBANA","1"
"06/03/2009","18","CAQUETA","18610","SAN JOSE DEL FRAGUA","RURAL","1"
"05/03/2009","50","META","50251","EL CASTILLO","RURAL","1"
"03/03/2009","05","ANTIOQUIA","05250","EL BAGRE","RURAL","1"
"02/03/2009","85","CASANARE","85001","YOPAL","URBANA","1"
"01/03/2009","50","META","50330","MESETAS","RURAL","1"
"01/03/2009","81","ARAUCA","81794","TAME","RURAL","1"
"28/02/2009","54","NORTE DE SANTANDER","54344","HACARI","RURAL","1"
"28/02/2009","50","META","50350","LA MACARENA","RURAL","1"
"27/02/2009","50","META","50370","URIBE","RURAL","1"
"26/02/2009","17","CALDAS","17665","SAN JOSE","URBANA","1"
"25/02/2009","50","META","50001","VILLAVICENCIO","URBANA","1"
"23/02/2009","50","META","50370","URIBE","RURAL","1"
"22/02/2009","18","CAQUETA","18150","CARTAGENA DEL CHAIRA","RURAL","1"
"19/02/2009","50","META","50370","URIBE","RURAL","1"
"19/02/2009","66","RISARALDA","66001","PEREIRA","URBANA","1"
"18/02/2009","73","TOLIMA","73504","ORTEGA","RURAL","1"
"18/02/2009","81","ARAUCA","81065","ARAUQUITA","RURAL","1"
"17/02/2009","54","NORTE DE SANTANDER","54720","SARDINATA","URBANA","1"
"16/02/2009","73","TOLIMA","73168","CHAPARRAL","RURAL","1"
"14/02/2009","73","TOLIMA","73168","CHAPARRAL","RURAL","1"
"14/02/2009","18","CAQUETA","18753","SAN VICENTE DEL CAGUAN","URBANA","1"
"13/02/2009","05","ANTIOQUIA","05660","SAN LUIS","RURAL","1"
"12/02/2009","54","NORTE DE SANTANDER","54206","CONVENCION","RURAL","1"
"11/02/2009","05","ANTIOQUIA","05315","GUADALUPE","RURAL","1"
"10/02/2009","50","META","50330","MESETAS","RURAL","1"
"10/02/2009","50","META","50683","SAN JUAN DE ARAMA","RURAL","1"
"09/02/2009","27","CHOCO","27001","QUIBDO","URBANA","1"
"08/02/2009","19","CAUCA","19050","ARGELIA","URBANA","1"
"06/02/2009","44","LA GUAJIRA","44001","RIOHACHA","URBANA","1"
"05/02/2009","95","GUAVIARE","95200","MIRAFLORES","RURAL","1"
"04/02/2009","52","NARIÑO","52079","BARBACOAS","RURAL","1"
"03/02/2009","95","GUAVIARE","95001","SAN JOSE DEL GUAVIARE","RURAL","1"
"03/02/2009","81","ARAUCA","81794","TAME","URBANA","1"
"01/02/2009","95","GUAVIARE","95001","SAN JOSE DEL GUAVIARE","RURAL","1"
"01/02/2009","76","VALLE DEL CAUCA","76001","CALI","URBANA","1"
"29/01/2009","05","ANTIOQUIA","05361","ITUANGO","RURAL","1"
"28/01/2009","05","ANTIOQUIA","05154","CAUCASIA","URBANA","1"
"27/01/2009","11","BOGOTA D.C.","11001","BOGOTA D.C.","URBANA","1"
"26/01/2009","18","CAQUETA","18592","PUERTO RICO","RURAL","1"
"25/01/2009","95","GUAVIARE","95200","MIRAFLORES","RURAL","1"
"24/01/2009","47","MAGDALENA","47288","FUNDACION","URBANA","1"
"22/01/2009","81","ARAUCA","81736","SARAVENA","RURAL","1"
"21/01/2009","81","ARAUCA","81736","SARAVENA","URBANA","1"
"20/01/2009","76","VALLE DEL CAUCA","76364","JAMUNDI","RURAL","1"
"17/01/2009","05","ANTIOQUIA","05001","MEDELLIN","URBANA","1"
"16/01/2009","41","HUILA","41001","NEIVA","URBANA","1"
"16/01/2009","41","HUILA","41001","NEIVA","URBANA","1"
"14/01/2009","81","ARAUCA","81736","SARAVENA","URBANA","1"
"13/01/2009","52","NARIÑO","52621","ROBERTO PAYAN","URBANA","1"
"13/01/2009","05","ANTIOQUIA","05001","MEDELLIN","URBANA","1"
"11/01/2009","54","NORTE DE SANTANDER","54810","TIBU","URBANA","1"
"11/01/2009","50","META","50350","LA MACARENA","URBANA","1"
"11/01/2009","95","GUAVIARE","95200","MIRAFLORES","RURAL","1"
"07/01/2009","76","VALLE DEL CAUCA","76109","BUENAVENTURA","URBANA","1"
"07/01/2009","18","CAQUETA","18001","FLORENCIA","RURAL","1"
"06/01/2009","11","BOGOTA D.C.","11001","BOGOTA D.C.","URBANA","1"
"06/01/2009","95","GUAVIARE","95200","MIRAFLORES","RURAL","1"
"04/01/2009","76","VALLE DEL CAUCA","76001","CALI","URBANA","1"
"04/01/2009","50","META","50350","LA MACARENA","RURAL","1"
"04/01/2009","95","GUAVIARE","95015","CALAMAR","RURAL","1"
"30/12/2008","18","CAQUETA","18753","SAN VICENTE DEL CAGUAN","URBANA","1"
"29/12/2008","11","BOGOTA D.C.","11001","BOGOTA D.C.","URBANA","1"
"28/12/2008","18","CAQUETA","18592","PUERTO RICO","RURAL","1"
"28/12/2008","68","SANTANDER","68001","BUCARAMANGA","URBANA","1"
"22/12/2008","50","META","50350","LA MACARENA","URBANA","1"
"20/12/2008","47","MAGDALENA","47001","SANTA MARTA","URBANA","1"
"20/12/2008","17","CALDAS","17174","CHINCHINA","URBANA","1"
"19/12/2008","95","GUAVIARE","95001","SAN JOSE DEL GUAVIARE","RURAL","1"
"19/12/2008","47","MAGDALENA","47001","SANTA MARTA","URBANA","1"
"17/12/2008","81","ARAUCA","81736","SARAVENA","RURAL","1"
"17/12/2008","66","RISARALDA","66170","DOSQUEBRADAS","URBANA","1"
"17/12/2008","41","HUILA","41799","TELLO","RURAL","1"
"14/12/2008","05","ANTIOQUIA","05667","SAN RAFAEL","URBANA","1"
"13/12/2008","66","RISARALDA","66682","SANTA ROSA DE CABAL","RURAL","1"
"12/12/2008","50","META","50350","LA MACARENA","URBANA","1"
"10/12/2008","76","VALLE DEL CAUCA","76001","CALI","URBANA","1"
"10/12/2008","68","SANTANDER","68276","FLORIDABLANCA","URBANA","1"
"08/12/2008","95","GUAVIARE","95001","SAN JOSE DEL GUAVIARE","RURAL","1"
"07/12/2008","18","CAQUETA","18753","SAN VICENTE DEL CAGUAN","RURAL","1"
"04/12/2008","18","CAQUETA","18150","CARTAGENA DEL CHAIRA","RURAL","1"
"02/12/2008","68","SANTANDER","68081","BARRANCABERMEJA","RURAL","1"
"01/12/2008","81","ARAUCA","81794","TAME","RURAL","1"
"29/11/2008","66","RISARALDA","66682","SANTA ROSA DE CABAL","RURAL","1"
"29/11/2008","86","PUTUMAYO","86568","PUERTO ASIS","RURAL","1"
"26/11/2008","68","SANTANDER","68001","BUCARAMANGA","URBANA","1"
"23/11/2008","18","CAQUETA","18410","LA MONTAÑITA","RURAL","1"
"19/11/2008","81","ARAUCA","81736","SARAVENA","URBANA","1"
"18/11/2008","95","GUAVIARE","95001","SAN JOSE DEL GUAVIARE","RURAL","1"
"17/11/2008","50","META","50590","PUERTO RICO","RURAL","1"
"14/11/2008","47","MAGDALENA","47001","SANTA MARTA","URBANA","1"
"14/11/2008","81","ARAUCA","81794","TAME","URBANA","1"
"13/11/2008","76","VALLE DEL CAUCA","76109","BUENAVENTURA","URBANA","1"
"11/11/2008","52","NARIÑO","52612","RICAURTE","RURAL","1"
"04/11/2008","54","NORTE DE SANTANDER","54810","TIBU","RURAL","1"
"03/11/2008","54","NORTE DE SANTANDER","54810","TIBU","RURAL","1"
"02/11/2008","18","CAQUETA","18001","FLORENCIA","URBANA","1"
"02/11/2008","18","CAQUETA","18001","FLORENCIA","URBANA","1"
"01/11/2008","86","PUTUMAYO","86571","PUERTO GUZMAN","RURAL","1"
"01/11/2008","50","META","50370","URIBE","RURAL","1"
"27/10/2008","50","META","50325","MAPIRIPAN","RURAL","1"
"27/10/2008","76","VALLE DEL CAUCA","76001","CALI","URBANA","1"
"26/10/2008","41","HUILA","41132","CAMPOALEGRE","URBANA","1"
"25/10/2008","41","HUILA","41001","NEIVA","URBANA","1"
"23/10/2008","05","ANTIOQUIA","05854","VALDIVIA","RURAL","1"
"23/10/2008","11","BOGOTA D.C.","11001","BOGOTA D.C.","URBANA","1"
"23/10/2008","11","BOGOTA D.C.","11001","BOGOTA D.C.","URBANA","1"
"23/10/2008","11","BOGOTA D.C.","11001","BOGOTA D.C.","URBANA","1"
"23/10/2008","11","BOGOTA D.C.","11001","BOGOTA D.C.","URBANA","1"
"23/10/2008","11","BOGOTA D.C.","11001","BOGOTA D.C.","URBANA","1"
"22/10/2008","41","HUILA","41001","NEIVA","URBANA","1"
"22/10/2008","05","ANTIOQUIA","05313","GRANADA","RURAL","1"
"21/10/2008","11","BOGOTA D.C.","11001","BOGOTA D.C.","URBANA","1"
"21/10/2008","11","BOGOTA D.C.","11001","BOGOTA D.C.","URBANA","1"
"21/10/2008","47","MAGDALENA","47288","FUNDACION","URBANA","1"
"19/10/2008","41","HUILA","41001","NEIVA","URBANA","1"
"17/10/2008","05","ANTIOQUIA","05790","TARAZA","RURAL","1"
"17/10/2008","76","VALLE DEL CAUCA","76109","BUENAVENTURA","URBANA","1"
"16/10/2008","05","ANTIOQUIA","05001","MEDELLIN","URBANA","1"
"15/10/2008","50","META","50001","VILLAVICENCIO","URBANA","1"
"14/10/2008","50","META","50577","PUERTO LLERAS","RURAL","1"
"13/10/2008","05","ANTIOQUIA","05847","URRAO","RURAL","1"
"13/10/2008","76","VALLE DEL CAUCA","76001","CALI","URBANA","1"
"12/10/2008","41","HUILA","41001","NEIVA","URBANA","1"
"12/10/2008","41","HUILA","41001","NEIVA","URBANA","1"
"10/10/2008","52","NARIÑO","52835","SAN ANDRES DE TUMACO","RURAL","1"
"08/10/2008","52","NARIÑO","52612","RICAURTE","RURAL","1"
"06/10/2008","50","META","50325","MAPIRIPAN","RURAL","1"
"04/10/2008","52","NARIÑO","52835","SAN ANDRES DE TUMACO","RURAL","1"
"03/10/2008","50","META","50325","MAPIRIPAN","RURAL","1"
"03/10/2008","11","BOGOTA D.C.","11001","BOGOTA D.C.","URBANA","1"
"02/10/2008","25","CUNDINAMARCA","25307","GIRARDOT","URBANA","1"
"01/10/2008","18","CAQUETA","18256","EL PAUJIL","URBANA","1"
"29/09/2008","95","GUAVIARE","95001","SAN JOSE DEL GUAVIARE","RURAL","1"
"29/09/2008","50","META","50330","MESETAS","RURAL","1"
"28/09/2008","50","META","50370","URIBE","URBANA","1"
"28/09/2008","50","META","50330","MESETAS","RURAL","1"
"27/09/2008","19","CAUCA","19355","INZA","RURAL","1"
"26/09/2008","50","META","50330","MESETAS","URBANA","1"
"25/09/2008","41","HUILA","41001","NEIVA","RURAL","1"
"20/09/2008","27","CHOCO","27001","QUIBDO","URBANA","1"
"19/09/2008","76","VALLE DEL CAUCA","76109","BUENAVENTURA","URBANA","1"
"19/09/2008","73","TOLIMA","73001","IBAGUE","RURAL","1"
"19/09/2008","95","GUAVIARE","95001","SAN JOSE DEL GUAVIARE","RURAL","1"
"18/09/2008","76","VALLE DEL CAUCA","76109","BUENAVENTURA","URBANA","1"
"18/09/2008","25","CUNDINAMARCA","25279","FOMEQUE","URBANA","1"
"17/09/2008","05","ANTIOQUIA","05887","YARUMAL","RURAL","1"
"17/09/2008","11","BOGOTA D.C.","11001","BOGOTA D.C.","URBANA","1"
"17/09/2008","52","NARIÑO","52356","IPIALES","URBANA","1"
"15/09/2008","19","CAUCA","19698","SANTANDER DE QUILICHAO","RURAL","1"
"15/09/2008","41","HUILA","41001","NEIVA","URBANA","1"
"14/09/2008","11","BOGOTA D.C.","11001","BOGOTA D.C.","URBANA","1"
"11/09/2008","18","CAQUETA","18592","PUERTO RICO","URBANA","1"
"10/09/2008","41","HUILA","41132","CAMPOALEGRE","URBANA","1"
"08/09/2008","41","HUILA","41298","GARZON","URBANA","1"
"05/09/2008","50","META","50370","URIBE","RURAL","1"
"05/09/2008","50","META","50590","PUERTO RICO","RURAL","1"
"04/09/2008","41","HUILA","41001","NEIVA","URBANA","1"
"02/09/2008","05","ANTIOQUIA","05790","TARAZA","RURAL","1"
"01/09/2008","76","VALLE DEL CAUCA","76001","CALI","URBANA","1"
"31/08/2008","66","RISARALDA","66682","SANTA ROSA DE CABAL","URBANA","1"
"30/08/2008","05","ANTIOQUIA","05148","EL CARMEN DE VIBORAL","URBANA","1"
"29/08/2008","17","CALDAS","17388","LA MERCED","RURAL","1"
"29/08/2008","85","CASANARE","85001","YOPAL","URBANA","1"
"26/08/2008","05","ANTIOQUIA","05736","SEGOVIA","URBANA","1"
"25/08/2008","41","HUILA","41298","GARZON","RURAL","1"
"23/08/2008","41","HUILA","41132","CAMPOALEGRE","RURAL","1"
"22/08/2008","95","GUAVIARE","95001","SAN JOSE DEL GUAVIARE","RURAL","1"
"22/08/2008","05","ANTIOQUIA","05667","SAN RAFAEL","URBANA","1"
"22/08/2008","41","HUILA","41020","ALGECIRAS","URBANA","1"
"21/08/2008","11","BOGOTA D.C.","11001","BOGOTA D.C.","URBANA","1"
"21/08/2008","85","CASANARE","85001","YOPAL","URBANA","1"
"21/08/2008","81","ARAUCA","81794","TAME","RURAL","1"
"20/08/2008","05","ANTIOQUIA","05887","YARUMAL","RURAL","1"
"16/08/2008","11","BOGOTA D.C.","11001","BOGOTA D.C.","URBANA","1"
"16/08/2008","11","BOGOTA D.C.","11001","BOGOTA D.C.","URBANA","1"
"14/08/2008","05","ANTIOQUIA","05361","ITUANGO","URBANA","1"
"14/08/2008","63","QUINDIO","63130","CALARCA","URBANA","1"
"13/08/2008","63","QUINDIO","63401","LA TEBAIDA","URBANA","1"
"13/08/2008","25","CUNDINAMARCA","25175","CHIA","URBANA","1"
"11/08/2008","95","GUAVIARE","95001","SAN JOSE DEL GUAVIARE","RURAL","1"
"11/08/2008","50","META","50001","VILLAVICENCIO","URBANA","1"
"10/08/2008","41","HUILA","41001","NEIVA","URBANA","1"
"09/08/2008","11","BOGOTA D.C.","11001","BOGOTA D.C.","URBANA","1"
"08/08/2008","50","META","50350","LA MACARENA","URBANA","1"
"07/08/2008","50","META","50711","VISTAHERMOSA","RURAL","1"
"06/08/2008","05","ANTIOQUIA","05361","ITUANGO","RURAL","1"
"06/08/2008","41","HUILA","41001","NEIVA","URBANA","1"
"05/08/2008","68","SANTANDER","68307","GIRON","RURAL","1"
"04/08/2008","50","META","50683","SAN JUAN DE ARAMA","RURAL","1"
"02/08/2008","05","ANTIOQUIA","05045","APARTADO","RURAL","1"
"01/08/2008","27","CHOCO","27787","TADO","RURAL","1"
"01/08/2008","76","VALLE DEL CAUCA","76109","BUENAVENTURA","URBANA","1"
"31/07/2008","76","VALLE DEL CAUCA","76109","BUENAVENTURA","URBANA","1"
"29/07/2008","44","LA GUAJIRA","44430","MAICAO","URBANA","1"
"27/07/2008","73","TOLIMA","73001","IBAGUE","URBANA","1"
"27/07/2008","41","HUILA","41349","HOBO","URBANA","1"
"26/07/2008","66","RISARALDA","66170","DOSQUEBRADAS","URBANA","1"
"25/07/2008","15","BOYACA","15001","TUNJA","URBANA","1"
"22/07/2008","81","ARAUCA","81794","TAME","RURAL","1"
"21/07/2008","08","ATLANTICO","08001","BARRANQUILLA","URBANA","1"
"17/07/2008","73","TOLIMA","73001","IBAGUE","RURAL","1"
"17/07/2008","68","SANTANDER","68276","FLORIDABLANCA","URBANA","1"
"10/07/2008","81","ARAUCA","81794","TAME","URBANA","1"
"08/07/2008","41","HUILA","41078","BARAYA","RURAL","1"
"07/07/2008","54","NORTE DE SANTANDER","54810","TIBU","RURAL","1"
"06/07/2008","76","VALLE DEL CAUCA","76109","BUENAVENTURA","URBANA","1"
"05/07/2008","76","VALLE DEL CAUCA","76109","BUENAVENTURA","URBANA","1"
"05/07/2008","76","VALLE DEL CAUCA","76109","BUENAVENTURA","URBANA","1"
"04/07/2008","68","SANTANDER","68001","BUCARAMANGA","URBANA","1"
"01/07/2008","19","CAUCA","19532","PATIA","RURAL","1"
"28/06/2008","81","ARAUCA","81794","TAME","URBANA","1"
"27/06/2008","05","ANTIOQUIA","05854","VALDIVIA","RURAL","1"
"27/06/2008","52","NARIÑO","52835","SAN ANDRES DE TUMACO","RURAL","1"
"25/06/2008","47","MAGDALENA","47189","CIENAGA","URBANA","1"
"24/06/2008","73","TOLIMA","73001","IBAGUE","URBANA","1"
"22/06/2008","50","META","50001","VILLAVICENCIO","URBANA","1"
"21/06/2008","18","CAQUETA","18592","PUERTO RICO","RURAL","1"
"21/06/2008","54","NORTE DE SANTANDER","54810","TIBU","RURAL","1"
"20/06/2008","05","ANTIOQUIA","05790","TARAZA","RURAL","1"
"19/06/2008","50","META","50711","VISTAHERMOSA","RURAL","1"
"18/06/2008","73","TOLIMA","73001","IBAGUE","RURAL","1"
"18/06/2008","05","ANTIOQUIA","05040","ANORI","RURAL","1"
"14/06/2008","05","ANTIOQUIA","05313","GRANADA","URBANA","1"
"14/06/2008","05","ANTIOQUIA","05790","TARAZA","RURAL","1"
"12/06/2008","50","META","50711","VISTAHERMOSA","RURAL","1"
"12/06/2008","11","BOGOTA D.C.","11001","BOGOTA D.C.","URBANA","1"
"12/06/2008","11","BOGOTA D.C.","11001","BOGOTA D.C.","URBANA","1"
"11/06/2008","27","CHOCO","27787","TADO","RURAL","1"
"11/06/2008","17","CALDAS","17174","CHINCHINA","URBANA","1"
"10/06/2008","73","TOLIMA","73026","ALVARADO","RURAL","1"
"10/06/2008","73","TOLIMA","73124","CAJAMARCA","RURAL","1"
"10/06/2008","11","BOGOTA D.C.","11001","BOGOTA D.C.","URBANA","1"
"10/06/2008","76","VALLE DEL CAUCA","76109","BUENAVENTURA","URBANA","1"
"10/06/2008","68","SANTANDER","68307","GIRON","URBANA","1"
"09/06/2008","54","NORTE DE SANTANDER","54680","SANTIAGO","RURAL","1"
"09/06/2008","11","BOGOTA D.C.","11001","BOGOTA D.C.","URBANA","1"
"09/06/2008","76","VALLE DEL CAUCA","76109","BUENAVENTURA","URBANA","1"
"09/06/2008","76","VALLE DEL CAUCA","76109","BUENAVENTURA","URBANA","1"
"09/06/2008","76","VALLE DEL CAUCA","76109","BUENAVENTURA","URBANA","1"
"08/06/2008","54","NORTE DE SANTANDER","54810","TIBU","RURAL","1"
"08/06/2008","76","VALLE DEL CAUCA","76109","BUENAVENTURA","URBANA","1"
"07/06/2008","19","CAUCA","19532","PATIA","RURAL","1"
"05/06/2008","19","CAUCA","19130","CAJIBIO","RURAL","1"
"04/06/2008","73","TOLIMA","73675","SAN ANTONIO","RURAL","1"
"04/06/2008","50","META","50590","PUERTO RICO","RURAL","1"
"03/06/2008","95","GUAVIARE","95001","SAN JOSE DEL GUAVIARE","RURAL","1"
"02/06/2008","73","TOLIMA","73563","PRADO","RURAL","1"
"02/06/2008","95","GUAVIARE","95001","SAN JOSE DEL GUAVIARE","RURAL","1"
"01/06/2008","50","META","50330","MESETAS","RURAL","1"
"01/06/2008","17","CALDAS","17013","AGUADAS","RURAL","1"
"30/05/2008","27","CHOCO","27205","CONDOTO","URBANA","1"
"29/05/2008","05","ANTIOQUIA","05040","ANORI","RURAL","1"
"29/05/2008","44","LA GUAJIRA","44430","MAICAO","RURAL","1"
"29/05/2008","19","CAUCA","19573","PUERTO TEJADA","RURAL","1"
"27/05/2008","44","LA GUAJIRA","44430","MAICAO","RURAL","1"
"25/05/2008","13","BOLIVAR","13430","MAGANGUE","URBANA","1"
"23/05/2008","15","BOYACA","15759","SOGAMOSO","RURAL","1"
"21/05/2008","50","META","50330","MESETAS","RURAL","1"
"20/05/2008","41","HUILA","41206","COLOMBIA","RURAL","1"
"19/05/2008","50","META","50330","MESETAS","RURAL","1"
"19/05/2008","50","META","50330","MESETAS","RURAL","1"
"18/05/2008","17","CALDAS","17001","MANIZALES","URBANA","1"
"18/05/2008","17","CALDAS","17001","MANIZALES","URBANA","1"
"17/05/2008","50","META","50330","MESETAS","RURAL","1"
"17/05/2008","44","LA GUAJIRA","44001","RIOHACHA","RURAL","1"
"17/05/2008","08","ATLANTICO","08001","BARRANQUILLA","URBANA","1"
"12/05/2008","85","CASANARE","85125","HATO COROZAL","RURAL","1"
"12/05/2008","76","VALLE DEL CAUCA","76001","CALI","URBANA","1"
"12/05/2008","76","VALLE DEL CAUCA","76001","CALI","URBANA","1"
"12/05/2008","41","HUILA","41001","NEIVA","URBANA","1"
"12/05/2008","85","CASANARE","85001","YOPAL","URBANA","1"
"11/05/2008","50","META","50001","VILLAVICENCIO","URBANA","1"
"11/05/2008","18","CAQUETA","18205","CURILLO","URBANA","1"
"11/05/2008","81","ARAUCA","81794","TAME","RURAL","1"
"10/05/2008","52","NARIÑO","52612","RICAURTE","RURAL","1"
"09/05/2008","95","GUAVIARE","95015","CALAMAR","RURAL","1"
"07/05/2008","54","NORTE DE SANTANDER","54810","TIBU","RURAL","1"
"05/05/2008","17","CALDAS","17541","PENSILVANIA","RURAL","1"
"04/05/2008","54","NORTE DE SANTANDER","54810","TIBU","RURAL","1"
"03/05/2008","47","MAGDALENA","47189","CIENAGA","URBANA","1"
"03/05/2008","41","HUILA","41001","NEIVA","URBANA","1"
"02/05/2008","41","HUILA","41132","CAMPOALEGRE","RURAL","1"
"02/05/2008","54","NORTE DE SANTANDER","54810","TIBU","RURAL","1"
"01/05/2008","54","NORTE DE SANTANDER","54810","TIBU","RURAL","1"
"01/05/2008","68","SANTANDER","68385","LANDAZURI","URBANA","1"
"01/05/2008","08","ATLANTICO","08001","BARRANQUILLA","URBANA","1"
"01/05/2008","41","HUILA","41001","NEIVA","RURAL","1"
"29/04/2008","41","HUILA","41770","SUAZA","RURAL","1"
"29/04/2008","54","NORTE DE SANTANDER","54810","TIBU","RURAL","1"
"28/04/2008","47","MAGDALENA","47189","CIENAGA","URBANA","1"
"28/04/2008","19","CAUCA","19110","BUENOS AIRES","RURAL","1"
"26/04/2008","05","ANTIOQUIA","05854","VALDIVIA","RURAL","1"
"26/04/2008","86","PUTUMAYO","86320","ORITO","RURAL","1"
"22/04/2008","17","CALDAS","17653","SALAMINA","RURAL","1"
"22/04/2008","41","HUILA","41001","NEIVA","URBANA","1"
"20/04/2008","85","CASANARE","85263","PORE","RURAL","1"
"20/04/2008","05","ANTIOQUIA","05647","SAN ANDRES DE CUERQUIA","RURAL","1"
"20/04/2008","08","ATLANTICO","08001","BARRANQUILLA","URBANA","1"
"20/04/2008","05","ANTIOQUIA","05790","TARAZA","URBANA","1"
"17/04/2008","11","BOGOTA D.C.","11001","BOGOTA D.C.","URBANA","1"
"17/04/2008","11","BOGOTA D.C.","11001","BOGOTA D.C.","URBANA","1"
"17/04/2008","19","CAUCA","19001","POPAYAN","RURAL","1"
"14/04/2008","50","META","50711","VISTAHERMOSA","RURAL","1"
"13/04/2008","19","CAUCA","19824","TOTORO","RURAL","1"
"13/04/2008","86","PUTUMAYO","86865","VALLE DEL GUAMUEZ","RURAL","1"
"10/04/2008","47","MAGDALENA","47001","SANTA MARTA","URBANA","1"
"09/04/2008","41","HUILA","41001","NEIVA","RURAL","1"
"08/04/2008","50","META","50590","PUERTO RICO","RURAL","1"
"08/04/2008","50","META","50370","URIBE","RURAL","1"
"08/04/2008","52","NARIÑO","52356","IPIALES","RURAL","1"
"06/04/2008","76","VALLE DEL CAUCA","76364","JAMUNDI","RURAL","1"
"06/04/2008","50","META","50330","MESETAS","RURAL","1"
"05/04/2008","50","META","50226","CUMARAL","RURAL","1"
"05/04/2008","41","HUILA","41132","CAMPOALEGRE","RURAL","1"
"05/04/2008","50","META","50330","MESETAS","RURAL","1"
"04/04/2008","41","HUILA","41001","NEIVA","RURAL","1"
"04/04/2008","50","META","50330","MESETAS","RURAL","1"
"02/04/2008","68","SANTANDER","68001","BUCARAMANGA","URBANA","1"
"01/04/2008","73","TOLIMA","73001","IBAGUE","URBANA","1"
"31/03/2008","05","ANTIOQUIA","05887","YARUMAL","URBANA","1"
"30/03/2008","50","META","50330","MESETAS","RURAL","1"
"26/03/2008","66","RISARALDA","66001","PEREIRA","URBANA","1"
"26/03/2008","50","META","50001","VILLAVICENCIO","URBANA","1"
"25/03/2008","73","TOLIMA","73001","IBAGUE","URBANA","1"
"22/03/2008","50","META","50370","URIBE","RURAL","1"
"20/03/2008","50","META","50370","URIBE","RURAL","1"
"19/03/2008","11","BOGOTA D.C.","11001","BOGOTA D.C.","URBANA","1"
"18/03/2008","27","CHOCO","27001","QUIBDO","URBANA","1"
"18/03/2008","05","ANTIOQUIA","05134","CAMPAMENTO","RURAL","1"
"17/03/2008","05","ANTIOQUIA","05854","VALDIVIA","RURAL","1"
"16/03/2008","50","META","50370","URIBE","RURAL","1"
"15/03/2008","50","META","50711","VISTAHERMOSA","RURAL","1"
"15/03/2008","50","META","50590","PUERTO RICO","RURAL","1"
"15/03/2008","73","TOLIMA","73001","IBAGUE","URBANA","1"
"14/03/2008","05","ANTIOQUIA","05854","VALDIVIA","RURAL","1"
"14/03/2008","05","ANTIOQUIA","05667","SAN RAFAEL","URBANA","1"
"13/03/2008","11","BOGOTA D.C.","11001","BOGOTA D.C.","URBANA","1"
"13/03/2008","41","HUILA","41001","NEIVA","URBANA","1"
"13/03/2008","41","HUILA","41001","NEIVA","URBANA","1"
"12/03/2008","81","ARAUCA","81794","TAME","RURAL","1"
"10/03/2008","19","CAUCA","19355","INZA","RURAL","1"
"10/03/2008","68","SANTANDER","68001","BUCARAMANGA","URBANA","1"
"09/03/2008","73","TOLIMA","73001","IBAGUE","URBANA","1"
"07/03/2008","50","META","50330","MESETAS","URBANA","1"
"06/03/2008","05","ANTIOQUIA","05495","NECHI","RURAL","1"
"06/03/2008","54","NORTE DE SANTANDER","54720","SARDINATA","RURAL","1"
"06/03/2008","63","QUINDIO","63001","ARMENIA","URBANA","1"
"06/03/2008","19","CAUCA","19573","PUERTO TEJADA","RURAL","1"
"06/03/2008","95","GUAVIARE","95001","SAN JOSE DEL GUAVIARE","RURAL","1"
"05/03/2008","17","CALDAS","17662","SAMANA","RURAL","1"
"05/03/2008","11","BOGOTA D.C.","11001","BOGOTA D.C.","URBANA","1"
"01/03/2008","41","HUILA","41524","PALERMO","RURAL","1"
"29/02/2008","50","META","50001","VILLAVICENCIO","URBANA","1"
"28/02/2008","50","META","50330","MESETAS","RURAL","1"
"27/02/2008","86","PUTUMAYO","86757","SAN MIGUEL","RURAL","1"
"26/02/2008","25","CUNDINAMARCA","25845","UNE","RURAL","1"
"26/02/2008","18","CAQUETA","18001","FLORENCIA","RURAL","1"
"24/02/2008","68","SANTANDER","68001","BUCARAMANGA","URBANA","1"
"23/02/2008","54","NORTE DE SANTANDER","54810","TIBU","RURAL","1"
"23/02/2008","05","ANTIOQUIA","05790","TARAZA","RURAL","1"
"21/02/2008","50","META","50330","MESETAS","RURAL","1"
"18/02/2008","86","PUTUMAYO","86760","SANTIAGO","RURAL","1"
"17/02/2008","19","CAUCA","19450","MERCADERES","RURAL","1"
"17/02/2008","05","ANTIOQUIA","05887","YARUMAL","RURAL","1"
"16/02/2008","19","CAUCA","19001","POPAYAN","URBANA","1"
"16/02/2008","19","CAUCA","19824","TOTORO","RURAL","1"
"15/02/2008","68","SANTANDER","68755","SOCORRO","URBANA","1"
"14/02/2008","19","CAUCA","19110","BUENOS AIRES","RURAL","1"
"14/02/2008","50","META","50330","MESETAS","RURAL","1"
"14/02/2008","50","META","50330","MESETAS","RURAL","1"
"14/02/2008","44","LA GUAJIRA","44430","MAICAO","URBANA","1"
"13/02/2008","05","ANTIOQUIA","05790","TARAZA","RURAL","1"
"12/02/2008","73","TOLIMA","73001","IBAGUE","URBANA","1"
"11/02/2008","25","CUNDINAMARCA","25845","UNE","RURAL","1"
"10/02/2008","08","ATLANTICO","08001","BARRANQUILLA","URBANA","1"
"08/02/2008","73","TOLIMA","73124","CAJAMARCA","URBANA","1"
"08/02/2008","68","SANTANDER","68745","SIMACOTA","RURAL","1"
"08/02/2008","05","ANTIOQUIA","05854","VALDIVIA","RURAL","1"
"07/02/2008","50","META","50590","PUERTO RICO","RURAL","1"
"07/02/2008","63","QUINDIO","63130","CALARCA","URBANA","1"
"01/02/2008","50","META","50711","VISTAHERMOSA","RURAL","1"
"01/02/2008","50","META","50330","MESETAS","RURAL","1"
"31/01/2008","81","ARAUCA","81794","TAME","RURAL","1"
"29/01/2008","17","CALDAS","17662","SAMANA","RURAL","1"
"28/01/2008","11","BOGOTA D.C.","11001","BOGOTA D.C.","URBANA","1"
"26/01/2008","81","ARAUCA","81065","ARAUQUITA","RURAL","1"
"25/01/2008","19","CAUCA","19573","PUERTO TEJADA","RURAL","1"
"24/01/2008","52","NARIÑO","52835","SAN ANDRES DE TUMACO","RURAL","1"
"24/01/2008","52","NARIÑO","52612","RICAURTE","RURAL","1"
"23/01/2008","76","VALLE DEL CAUCA","76001","CALI","URBANA","1"
"23/01/2008","76","VALLE DEL CAUCA","76001","CALI","URBANA","1"
"23/01/2008","76","VALLE DEL CAUCA","76001","CALI","URBANA","1"
"22/01/2008","05","ANTIOQUIA","05361","ITUANGO","RURAL","1"
"18/01/2008","81","ARAUCA","81065","ARAUQUITA","RURAL","1"
"15/01/2008","52","NARIÑO","52835","SAN ANDRES DE TUMACO","RURAL","1"
"15/01/2008","19","CAUCA","19532","PATIA","RURAL","1"
"15/01/2008","50","META","50350","LA MACARENA","RURAL","1"
"12/01/2008","76","VALLE DEL CAUCA","76130","CANDELARIA","URBANA","1"
"12/01/2008","17","CALDAS","17541","PENSILVANIA","RURAL","1"
"12/01/2008","73","TOLIMA","73001","IBAGUE","URBANA","1"
"11/01/2008","19","CAUCA","19130","CAJIBIO","RURAL","1"
"08/01/2008","50","META","50001","VILLAVICENCIO","URBANA","1"
"04/01/2008","19","CAUCA","19548","PIENDAMO - TUNIA","RURAL","1"
"04/01/2008","95","GUAVIARE","95001","SAN JOSE DEL GUAVIARE","RURAL","1"
"02/01/2008","19","CAUCA","19548","PIENDAMO - TUNIA","URBANA","1"
"02/01/2008","50","META","50001","VILLAVICENCIO","URBANA","1"
"02/01/2008","19","CAUCA","19548","PIENDAMO - TUNIA","RURAL","1"
"01/01/2008","68","SANTANDER","68547","PIEDECUESTA","URBANA","1"
"30/12/2007","73","TOLIMA","73001","IBAGUE","URBANA","1"
"30/12/2007","41","HUILA","41001","NEIVA","URBANA","1"
"30/12/2007","41","HUILA","41132","CAMPOALEGRE","RURAL","1"
"29/12/2007","76","VALLE DEL CAUCA","76001","CALI","URBANA","1"
"27/12/2007","50","META","50711","VISTAHERMOSA","URBANA","1"
"22/12/2007","05","ANTIOQUIA","05134","CAMPAMENTO","RURAL","1"
"22/12/2007","41","HUILA","41001","NEIVA","URBANA","1"
"19/12/2007","15","BOYACA","15759","SOGAMOSO","URBANA","1"
"17/12/2007","05","ANTIOQUIA","05040","ANORI","RURAL","1"
"13/12/2007","76","VALLE DEL CAUCA","76001","CALI","URBANA","1"
"10/12/2007","17","CALDAS","17873","VILLAMARIA","URBANA","1"
"09/12/2007","19","CAUCA","19532","PATIA","RURAL","1"
"07/12/2007","05","ANTIOQUIA","05690","SANTO DOMINGO","RURAL","1"
"07/12/2007","18","CAQUETA","18753","SAN VICENTE DEL CAGUAN","RURAL","1"
"06/12/2007","41","HUILA","41306","GIGANTE","RURAL","1"
"05/12/2007","41","HUILA","41551","PITALITO","URBANA","1"
"04/12/2007","50","META","50001","VILLAVICENCIO","URBANA","1"
"01/12/2007","52","NARIÑO","52835","SAN ANDRES DE TUMACO","RURAL","1"
"01/12/2007","18","CAQUETA","18592","PUERTO RICO","RURAL","1"
"26/11/2007","05","ANTIOQUIA","05240","EBEJICO","RURAL","1"
"22/11/2007","19","CAUCA","19450","MERCADERES","RURAL","1"
"20/11/2007","50","META","50001","VILLAVICENCIO","URBANA","1"
"20/11/2007","05","ANTIOQUIA","05197","COCORNA","RURAL","1"
"20/11/2007","05","ANTIOQUIA","05670","SAN ROQUE","RURAL","1"
"19/11/2007","19","CAUCA","19001","POPAYAN","URBANA","1"
"13/11/2007","50","META","50001","VILLAVICENCIO","URBANA","1"
"08/11/2007","50","META","50350","LA MACARENA","URBANA","1"
"07/11/2007","05","ANTIOQUIA","05134","CAMPAMENTO","RURAL","1"
"02/11/2007","05","ANTIOQUIA","05206","CONCEPCION","RURAL","1"
"29/10/2007","86","PUTUMAYO","86571","PUERTO GUZMAN","RURAL","1"
"28/10/2007","73","TOLIMA","73001","IBAGUE","URBANA","1"
"28/10/2007","50","META","50001","VILLAVICENCIO","URBANA","1"
"28/10/2007","52","NARIÑO","52612","RICAURTE","RURAL","1"
"28/10/2007","23","CORDOBA","23189","CIENAGA DE ORO","URBANA","1"
"28/10/2007","76","VALLE DEL CAUCA","76001","CALI","RURAL","1"
"27/10/2007","50","META","50568","PUERTO GAITAN","URBANA","1"
"26/10/2007","86","PUTUMAYO","86569","PUERTO CAICEDO","RURAL","1"
"26/10/2007","52","NARIÑO","52001","PASTO","URBANA","1"
"26/10/2007","76","VALLE DEL CAUCA","76109","BUENAVENTURA","RURAL","1"
"24/10/2007","41","HUILA","41298","GARZON","RURAL","1"
"23/10/2007","76","VALLE DEL CAUCA","76109","BUENAVENTURA","URBANA","1"
"22/10/2007","86","PUTUMAYO","86568","PUERTO ASIS","URBANA","1"
"22/10/2007","05","ANTIOQUIA","05649","SAN CARLOS","RURAL","1"
"21/10/2007","11","BOGOTA D.C.","11001","BOGOTA D.C.","URBANA","1"
"21/10/2007","73","TOLIMA","73268","ESPINAL","URBANA","1"
"21/10/2007","18","CAQUETA","18460","MILAN","RURAL","1"
"20/10/2007","73","TOLIMA","73001","IBAGUE","URBANA","1"
"18/10/2007","17","CALDAS","17662","SAMANA","RURAL","1"
"16/10/2007","54","NORTE DE SANTANDER","54800","TEORAMA","RURAL","1"
"16/10/2007","86","PUTUMAYO","86865","VALLE DEL GUAMUEZ","RURAL","1"
"16/10/2007","41","HUILA","41001","NEIVA","URBANA","1"
"15/10/2007","68","SANTANDER","68001","BUCARAMANGA","URBANA","1"
"15/10/2007","66","RISARALDA","66001","PEREIRA","URBANA","1"
"15/10/2007","66","RISARALDA","66001","PEREIRA","URBANA","1"
"15/10/2007","50","META","50001","VILLAVICENCIO","URBANA","1"
"12/10/2007","50","META","50001","VILLAVICENCIO","URBANA","1"
"12/10/2007","18","CAQUETA","18256","EL PAUJIL","RURAL","1"
"12/10/2007","41","HUILA","41001","NEIVA","URBANA","1"
"12/10/2007","19","CAUCA","19001","POPAYAN","URBANA","1"
"11/10/2007","11","BOGOTA D.C.","11001","BOGOTA D.C.","URBANA","1"
"11/10/2007","11","BOGOTA D.C.","11001","BOGOTA D.C.","URBANA","1"
"11/10/2007","66","RISARALDA","66001","PEREIRA","RURAL","1"
"11/10/2007","50","META","50001","VILLAVICENCIO","URBANA","1"
"11/10/2007","73","TOLIMA","73675","SAN ANTONIO","RURAL","1"
"09/10/2007","41","HUILA","41791","TARQUI","RURAL","1"
"08/10/2007","50","META","50350","LA MACARENA","URBANA","1"
"08/10/2007","76","VALLE DEL CAUCA","76109","BUENAVENTURA","URBANA","1"
"07/10/2007","76","VALLE DEL CAUCA","76109","BUENAVENTURA","URBANA","1"
"06/10/2007","41","HUILA","41001","NEIVA","URBANA","1"
"02/10/2007","50","META","50001","VILLAVICENCIO","URBANA","1"
"02/10/2007","05","ANTIOQUIA","05756","SONSON","RURAL","1"
"01/10/2007","11","BOGOTA D.C.","11001","BOGOTA D.C.","URBANA","1"
"30/09/2007","50","META","50001","VILLAVICENCIO","URBANA","1"
"29/09/2007","50","META","50001","VILLAVICENCIO","URBANA","1"
"27/09/2007","50","META","50370","URIBE","URBANA","1"
"26/09/2007","73","TOLIMA","73585","PURIFICACION","URBANA","1"
"25/09/2007","54","NORTE DE SANTANDER","54670","SAN CALIXTO","RURAL","1"
"25/09/2007","50","META","50450","PUERTO CONCORDIA","RURAL","1"
"25/09/2007","17","CALDAS","17001","MANIZALES","URBANA","1"
"22/09/2007","52","NARIÑO","52612","RICAURTE","RURAL","1"
"22/09/2007","68","SANTANDER","68655","SABANA DE TORRES","RURAL","1"
"21/09/2007","05","ANTIOQUIA","05756","SONSON","RURAL","1"
"21/09/2007","73","TOLIMA","73001","IBAGUE","URBANA","1"
"19/09/2007","11","BOGOTA D.C.","11001","BOGOTA D.C.","URBANA","1"
"19/09/2007","05","ANTIOQUIA","05790","TARAZA","URBANA","1"
"19/09/2007","05","ANTIOQUIA","05756","SONSON","RURAL","1"
"16/09/2007","68","SANTANDER","68081","BARRANCABERMEJA","URBANA","1"
"15/09/2007","73","TOLIMA","73024","ALPUJARRA","RURAL","1"
"14/09/2007","17","CALDAS","17662","SAMANA","RURAL","1"
"12/09/2007","50","META","50001","VILLAVICENCIO","URBANA","1"
"12/09/2007","85","CASANARE","85250","PAZ DE ARIPORO","URBANA","1"
"12/09/2007","54","NORTE DE SANTANDER","54810","TIBU","URBANA","1"
"11/09/2007","54","NORTE DE SANTANDER","54810","TIBU","URBANA","1"
"11/09/2007","52","NARIÑO","52356","IPIALES","URBANA","1"
"10/09/2007","73","TOLIMA","73555","PLANADAS","RURAL","1"
"09/09/2007","50","META","50001","VILLAVICENCIO","URBANA","1"
"09/09/2007","50","META","50001","VILLAVICENCIO","URBANA","1"
"07/09/2007","47","MAGDALENA","47189","CIENAGA","URBANA","1"
"30/08/2007","86","PUTUMAYO","86885","VILLAGARZON","RURAL","1"
"30/08/2007","19","CAUCA","19845","VILLA RICA","RURAL","1"
"30/08/2007","19","CAUCA","19824","TOTORO","URBANA","1"
"28/08/2007","47","MAGDALENA","47001","SANTA MARTA","URBANA","1"
"27/08/2007","52","NARIÑO","52612","RICAURTE","RURAL","1"
"27/08/2007","52","NARIÑO","52612","RICAURTE","RURAL","1"
"25/08/2007","05","ANTIOQUIA","05756","SONSON","RURAL","1"
"24/08/2007","50","META","50001","VILLAVICENCIO","URBANA","1"
"24/08/2007","08","ATLANTICO","08421","LURUACO","URBANA","1"
"24/08/2007","41","HUILA","41001","NEIVA","URBANA","1"
"24/08/2007","95","GUAVIARE","95015","CALAMAR","RURAL","1"
"23/08/2007","19","CAUCA","19130","CAJIBIO","RURAL","1"
"21/08/2007","11","BOGOTA D.C.","11001","BOGOTA D.C.","URBANA","1"
"18/08/2007","52","NARIÑO","52835","SAN ANDRES DE TUMACO","RURAL","1"
"17/08/2007","17","CALDAS","17653","SALAMINA","RURAL","1"
"17/08/2007","41","HUILA","41001","NEIVA","URBANA","1"
"14/08/2007","54","NORTE DE SANTANDER","54250","EL TARRA","RURAL","1"
"13/08/2007","86","PUTUMAYO","86001","MOCOA","URBANA","1"
"07/08/2007","66","RISARALDA","66001","PEREIRA","URBANA","1"
"06/08/2007","19","CAUCA","19548","PIENDAMO - TUNIA","RURAL","1"
"04/08/2007","41","HUILA","41001","NEIVA","URBANA","1"
"03/08/2007","41","HUILA","41006","ACEVEDO","RURAL","1"
"01/08/2007","17","CALDAS","17653","SALAMINA","RURAL","1"
"31/07/2007","19","CAUCA","19698","SANTANDER DE QUILICHAO","RURAL","1"
"30/07/2007","41","HUILA","41001","NEIVA","RURAL","1"
"28/07/2007","50","META","50001","VILLAVICENCIO","URBANA","1"
"27/07/2007","52","NARIÑO","52227","CUMBAL","URBANA","1"
"26/07/2007","05","ANTIOQUIA","05361","ITUANGO","RURAL","1"
"26/07/2007","19","CAUCA","19824","TOTORO","RURAL","1"
"25/07/2007","86","PUTUMAYO","86885","VILLAGARZON","URBANA","1"
"23/07/2007","66","RISARALDA","66001","PEREIRA","RURAL","1"
"20/07/2007","54","NORTE DE SANTANDER","54250","EL TARRA","URBANA","1"
"19/07/2007","25","CUNDINAMARCA","25438","MEDINA","RURAL","1"
"18/07/2007","52","NARIÑO","52001","PASTO","URBANA","1"
"17/07/2007","50","META","50001","VILLAVICENCIO","URBANA","1"
"16/07/2007","08","ATLANTICO","08001","BARRANQUILLA","URBANA","1"
"14/07/2007","05","ANTIOQUIA","05045","APARTADO","URBANA","1"
"14/07/2007","63","QUINDIO","63001","ARMENIA","URBANA","1"
"14/07/2007","41","HUILA","41001","NEIVA","URBANA","1"
"12/07/2007","68","SANTANDER","68655","SABANA DE TORRES","RURAL","1"
"09/07/2007","50","META","50001","VILLAVICENCIO","URBANA","1"
"09/07/2007","95","GUAVIARE","95015","CALAMAR","RURAL","1"
"07/07/2007","05","ANTIOQUIA","05837","TURBO","URBANA","1"
"05/07/2007","81","ARAUCA","81736","SARAVENA","URBANA","1"
"04/07/2007","95","GUAVIARE","95001","SAN JOSE DEL GUAVIARE","RURAL","1"
"02/07/2007","95","GUAVIARE","95200","MIRAFLORES","RURAL","1"
"01/07/2007","13","BOLIVAR","13744","SIMITI","RURAL","1"
"29/06/2007","54","NORTE DE SANTANDER","54800","TEORAMA","RURAL","1"
"27/06/2007","41","HUILA","41551","PITALITO","URBANA","1"
"24/06/2007","19","CAUCA","19824","TOTORO","RURAL","1"
"24/06/2007","76","VALLE DEL CAUCA","76109","BUENAVENTURA","RURAL","1"
"23/06/2007","54","NORTE DE SANTANDER","54670","SAN CALIXTO","RURAL","1"
"23/06/2007","68","SANTANDER","68307","GIRON","URBANA","1"
"23/06/2007","73","TOLIMA","73001","IBAGUE","URBANA","1"
"22/06/2007","19","CAUCA","19548","PIENDAMO - TUNIA","RURAL","1"
"22/06/2007","76","VALLE DEL CAUCA","76109","BUENAVENTURA","URBANA","1"
"22/06/2007","76","VALLE DEL CAUCA","76109","BUENAVENTURA","URBANA","1"
"22/06/2007","76","VALLE DEL CAUCA","76109","BUENAVENTURA","URBANA","1"
"22/06/2007","76","VALLE DEL CAUCA","76109","BUENAVENTURA","URBANA","1"
"22/06/2007","76","VALLE DEL CAUCA","76109","BUENAVENTURA","URBANA","1"
"20/06/2007","73","TOLIMA","73268","ESPINAL","URBANA","1"
"20/06/2007","86","PUTUMAYO","86001","MOCOA","URBANA","1"
"19/06/2007","73","TOLIMA","73585","PURIFICACION","URBANA","1"
"18/06/2007","86","PUTUMAYO","86001","MOCOA","URBANA","1"
"18/06/2007","50","META","50711","VISTAHERMOSA","RURAL","1"
"15/06/2007","66","RISARALDA","66170","DOSQUEBRADAS","URBANA","1"
"15/06/2007","86","PUTUMAYO","86885","VILLAGARZON","RURAL","1"
"15/06/2007","63","QUINDIO","63001","ARMENIA","URBANA","1"
"15/06/2007","73","TOLIMA","73504","ORTEGA","URBANA","1"
"13/06/2007","63","QUINDIO","63302","GENOVA","URBANA","1"
"13/06/2007","41","HUILA","41001","NEIVA","URBANA","1"
"12/06/2007","52","NARIÑO","52215","CORDOBA","RURAL","1"
"11/06/2007","27","CHOCO","27001","QUIBDO","RURAL","1"
"10/06/2007","54","NORTE DE SANTANDER","54800","TEORAMA","URBANA","1"
"10/06/2007","95","GUAVIARE","95015","CALAMAR","RURAL","1"
"10/06/2007","41","HUILA","41319","GUADALUPE","URBANA","1"
"10/06/2007","81","ARAUCA","81065","ARAUQUITA","URBANA","1"
"05/06/2007","11","BOGOTA D.C.","11001","BOGOTA D.C.","URBANA","1"
"05/06/2007","17","CALDAS","17653","SALAMINA","RURAL","1"
"04/06/2007","05","ANTIOQUIA","05125","CAICEDO","RURAL","1"
"04/06/2007","11","BOGOTA D.C.","11001","BOGOTA D.C.","URBANA","1"
"04/06/2007","27","CHOCO","27787","TADO","RURAL","1"
"04/06/2007","18","CAQUETA","18592","PUERTO RICO","RURAL","1"
"03/06/2007","68","SANTANDER","68307","GIRON","RURAL","1"
"03/06/2007","41","HUILA","41001","NEIVA","URBANA","1"
"02/06/2007","50","META","50001","VILLAVICENCIO","URBANA","1"
"02/06/2007","54","NORTE DE SANTANDER","54172","CHINACOTA","URBANA","1"
"02/06/2007","73","TOLIMA","73001","IBAGUE","URBANA","1"
"02/06/2007","52","NARIÑO","52573","PUERRES","RURAL","1"
"01/06/2007","68","SANTANDER","68655","SABANA DE TORRES","RURAL","1"
"31/05/2007","19","CAUCA","19355","INZA","RURAL","1"
"30/05/2007","66","RISARALDA","66001","PEREIRA","URBANA","1"
"30/05/2007","66","RISARALDA","66001","PEREIRA","URBANA","1"
"29/05/2007","54","NORTE DE SANTANDER","54250","EL TARRA","RURAL","1"
"29/05/2007","18","CAQUETA","18150","CARTAGENA DEL CHAIRA","URBANA","1"
"27/05/2007","73","TOLIMA","73236","DOLORES","RURAL","1"
"26/05/2007","50","META","50001","VILLAVICENCIO","URBANA","1"
"26/05/2007","44","LA GUAJIRA","44078","BARRANCAS","RURAL","1"
"24/05/2007","52","NARIÑO","52079","BARBACOAS","RURAL","1"
"24/05/2007","05","ANTIOQUIA","05001","MEDELLIN","URBANA","1"
"24/05/2007","66","RISARALDA","66001","PEREIRA","URBANA","1"
"22/05/2007","73","TOLIMA","73001","IBAGUE","URBANA","1"
"22/05/2007","19","CAUCA","19110","BUENOS AIRES","RURAL","1"
"22/05/2007","05","ANTIOQUIA","05001","MEDELLIN","URBANA","1"
"21/05/2007","50","META","50711","VISTAHERMOSA","RURAL","1"
"21/05/2007","41","HUILA","41551","PITALITO","URBANA","1"
"20/05/2007","47","MAGDALENA","47798","TENERIFE","RURAL","1"
"20/05/2007","05","ANTIOQUIA","05197","COCORNA","RURAL","1"
"19/05/2007","05","ANTIOQUIA","05148","EL CARMEN DE VIBORAL","RURAL","1"
"18/05/2007","54","NORTE DE SANTANDER","54250","EL TARRA","RURAL","1"
"17/05/2007","73","TOLIMA","73001","IBAGUE","URBANA","1"
"13/05/2007","81","ARAUCA","81065","ARAUQUITA","URBANA","1"
"12/05/2007","17","CALDAS","17662","SAMANA","RURAL","1"
"12/05/2007","86","PUTUMAYO","86885","VILLAGARZON","URBANA","1"
"12/05/2007","08","ATLANTICO","08001","BARRANQUILLA","URBANA","1"
"09/05/2007","68","SANTANDER","68101","BOLIVAR","RURAL","1"
"09/05/2007","41","HUILA","41001","NEIVA","URBANA","1"
"07/05/2007","50","META","50350","LA MACARENA","RURAL","1"
"05/05/2007","11","BOGOTA D.C.","11001","BOGOTA D.C.","URBANA","1"
"05/05/2007","86","PUTUMAYO","86885","VILLAGARZON","URBANA","1"
"05/05/2007","50","META","50001","VILLAVICENCIO","URBANA","1"
"02/05/2007","08","ATLANTICO","08001","BARRANQUILLA","URBANA","1"
"01/05/2007","86","PUTUMAYO","86885","VILLAGARZON","URBANA","1"
"01/05/2007","41","HUILA","41551","PITALITO","URBANA","1"
"28/04/2007","05","ANTIOQUIA","05044","ANZA","RURAL","1"
"26/04/2007","44","LA GUAJIRA","44001","RIOHACHA","RURAL","1"
"24/04/2007","86","PUTUMAYO","86001","MOCOA","RURAL","1"
"23/04/2007","08","ATLANTICO","08001","BARRANQUILLA","URBANA","1"
"23/04/2007","19","CAUCA","19824","TOTORO","URBANA","1"
"22/04/2007","50","META","50313","GRANADA","URBANA","1"
"22/04/2007","50","META","50450","PUERTO CONCORDIA","RURAL","1"
"21/04/2007","17","CALDAS","17662","SAMANA","RURAL","1"
"19/04/2007","50","META","50606","RESTREPO","URBANA","1"
"19/04/2007","18","CAQUETA","18753","SAN VICENTE DEL CAGUAN","URBANA","1"
"17/04/2007","17","CALDAS","17662","SAMANA","RURAL","1"
"14/04/2007","86","PUTUMAYO","86865","VALLE DEL GUAMUEZ","RURAL","1"
"12/04/2007","41","HUILA","41001","NEIVA","URBANA","1"
"09/04/2007","41","HUILA","41551","PITALITO","URBANA","1"
"09/04/2007","76","VALLE DEL CAUCA","76001","CALI","URBANA","1"
"08/04/2007","17","CALDAS","17013","AGUADAS","RURAL","1"
"29/03/2007","68","SANTANDER","68001","BUCARAMANGA","URBANA","1"
"26/03/2007","76","VALLE DEL CAUCA","76109","BUENAVENTURA","URBANA","1"
"25/03/2007","76","VALLE DEL CAUCA","76001","CALI","URBANA","1"
"25/03/2007","76","VALLE DEL CAUCA","76109","BUENAVENTURA","URBANA","1"
"24/03/2007","52","NARIÑO","52356","IPIALES","URBANA","1"
"23/03/2007","50","META","50568","PUERTO GAITAN","RURAL","1"
"21/03/2007","50","META","50001","VILLAVICENCIO","URBANA","1"
"19/03/2007","85","CASANARE","85250","PAZ DE ARIPORO","RURAL","1"
"18/03/2007","41","HUILA","41020","ALGECIRAS","URBANA","1"
"16/03/2007","73","TOLIMA","73124","CAJAMARCA","URBANA","1"
"16/03/2007","66","RISARALDA","66170","DOSQUEBRADAS","URBANA","1"
"16/03/2007","76","VALLE DEL CAUCA","76109","BUENAVENTURA","URBANA","1"
"15/03/2007","66","RISARALDA","66001","PEREIRA","URBANA","1"
"14/03/2007","54","NORTE DE SANTANDER","54800","TEORAMA","URBANA","1"
"14/03/2007","19","CAUCA","19532","PATIA","RURAL","1"
"13/03/2007","54","NORTE DE SANTANDER","54810","TIBU","URBANA","1"
"13/03/2007","52","NARIÑO","52233","CUMBITARA","RURAL","1"
"13/03/2007","17","CALDAS","17001","MANIZALES","URBANA","1"
"12/03/2007","76","VALLE DEL CAUCA","76109","BUENAVENTURA","URBANA","1"
"11/03/2007","18","CAQUETA","18753","SAN VICENTE DEL CAGUAN","RURAL","1"
"11/03/2007","05","ANTIOQUIA","05679","SANTA BARBARA","RURAL","1"
"11/03/2007","73","TOLIMA","73616","RIOBLANCO","URBANA","1"
"10/03/2007","86","PUTUMAYO","86757","SAN MIGUEL","RURAL","1"
"10/03/2007","19","CAUCA","19300","GUACHENE","RURAL","1"
"10/03/2007","76","VALLE DEL CAUCA","76001","CALI","URBANA","1"
"10/03/2007","76","VALLE DEL CAUCA","76001","CALI","URBANA","1"
"08/03/2007","50","META","50350","LA MACARENA","URBANA","1"
"08/03/2007","05","ANTIOQUIA","05756","SONSON","RURAL","1"
"08/03/2007","86","PUTUMAYO","86569","PUERTO CAICEDO","RURAL","1"
"05/03/2007","54","NORTE DE SANTANDER","54344","HACARI","RURAL","1"
"04/03/2007","54","NORTE DE SANTANDER","54398","LA PLAYA","RURAL","1"
"03/03/2007","41","HUILA","41001","NEIVA","URBANA","1"
"02/03/2007","54","NORTE DE SANTANDER","54810","TIBU","URBANA","1"
"02/03/2007","54","NORTE DE SANTANDER","54810","TIBU","URBANA","1"
"02/03/2007","47","MAGDALENA","47555","PLATO","RURAL","1"
"01/03/2007","05","ANTIOQUIA","05667","SAN RAFAEL","RURAL","1"
"01/03/2007","41","HUILA","41001","NEIVA","URBANA","1"
"28/02/2007","52","NARIÑO","52427","MAGÜI","URBANA","1"
"27/02/2007","50","META","50711","VISTAHERMOSA","RURAL","1"
"26/02/2007","05","ANTIOQUIA","05134","CAMPAMENTO","RURAL","1"
"24/02/2007","19","CAUCA","19355","INZA","RURAL","1"
"24/02/2007","18","CAQUETA","18150","CARTAGENA DEL CHAIRA","RURAL","1"
"23/02/2007","05","ANTIOQUIA","05055","ARGELIA","RURAL","1"
"23/02/2007","66","RISARALDA","66001","PEREIRA","URBANA","1"
"22/02/2007","76","VALLE DEL CAUCA","76892","YUMBO","URBANA","1"
"21/02/2007","66","RISARALDA","66001","PEREIRA","URBANA","1"
"19/02/2007","68","SANTANDER","68655","SABANA DE TORRES","RURAL","1"
"18/02/2007","18","CAQUETA","18753","SAN VICENTE DEL CAGUAN","URBANA","1"
"17/02/2007","54","NORTE DE SANTANDER","54670","SAN CALIXTO","RURAL","1"
"17/02/2007","50","META","50001","VILLAVICENCIO","URBANA","1"
"13/02/2007","68","SANTANDER","68081","BARRANCABERMEJA","URBANA","1"
"13/02/2007","52","NARIÑO","52612","RICAURTE","RURAL","1"
"13/02/2007","41","HUILA","41001","NEIVA","URBANA","1"
"13/02/2007","76","VALLE DEL CAUCA","76001","CALI","URBANA","1"
"12/02/2007","68","SANTANDER","68307","GIRON","URBANA","1"
"11/02/2007","86","PUTUMAYO","86001","MOCOA","URBANA","1"
"10/02/2007","19","CAUCA","19821","TORIBIO","RURAL","1"
"08/02/2007","05","ANTIOQUIA","05040","ANORI","RURAL","1"
"08/02/2007","76","VALLE DEL CAUCA","76109","BUENAVENTURA","URBANA","1"
"07/02/2007","76","VALLE DEL CAUCA","76130","CANDELARIA","URBANA","1"
"05/02/2007","68","SANTANDER","68081","BARRANCABERMEJA","URBANA","1"
"03/02/2007","19","CAUCA","19110","BUENOS AIRES","RURAL","1"
"02/02/2007","17","CALDAS","17001","MANIZALES","URBANA","1"
"01/02/2007","18","CAQUETA","18753","SAN VICENTE DEL CAGUAN","RURAL","1"
"31/01/2007","19","CAUCA","19573","PUERTO TEJADA","RURAL","1"
"28/01/2007","50","META","50590","PUERTO RICO","RURAL","1"
"26/01/2007","86","PUTUMAYO","86885","VILLAGARZON","URBANA","1"
"21/01/2007","41","HUILA","41001","NEIVA","URBANA","1"
"21/01/2007","76","VALLE DEL CAUCA","76109","BUENAVENTURA","URBANA","1"
"17/01/2007","18","CAQUETA","18247","EL DONCELLO","URBANA","1"
"16/01/2007","73","TOLIMA","73616","RIOBLANCO","RURAL","1"
"15/01/2007","18","CAQUETA","18753","SAN VICENTE DEL CAGUAN","RURAL","1"
"14/01/2007","86","PUTUMAYO","86568","PUERTO ASIS","RURAL","1"
"13/01/2007","19","CAUCA","19473","MORALES","RURAL","1"
"12/01/2007","85","CASANARE","85001","YOPAL","URBANA","1"
"11/01/2007","68","SANTANDER","68081","BARRANCABERMEJA","URBANA","1"
"09/01/2007","76","VALLE DEL CAUCA","76109","BUENAVENTURA","URBANA","1"
"04/01/2007","17","CALDAS","17662","SAMANA","RURAL","1"
"02/01/2007","15","BOYACA","15176","CHIQUINQUIRA","URBANA","1"
"01/01/2007","52","NARIÑO","52356","IPIALES","RURAL","1"
"27/12/2006","41","HUILA","41020","ALGECIRAS","URBANA","1"
"21/12/2006","17","CALDAS","17001","MANIZALES","URBANA","1"
"21/12/2006","76","VALLE DEL CAUCA","76001","CALI","URBANA","1"
"20/12/2006","76","VALLE DEL CAUCA","76001","CALI","URBANA","1"
"20/12/2006","50","META","50001","VILLAVICENCIO","URBANA","1"
"20/12/2006","76","VALLE DEL CAUCA","76001","CALI","URBANA","1"
"19/12/2006","18","CAQUETA","18460","MILAN","RURAL","1"
"19/12/2006","86","PUTUMAYO","86569","PUERTO CAICEDO","URBANA","1"
"18/12/2006","19","CAUCA","19698","SANTANDER DE QUILICHAO","RURAL","1"
"17/12/2006","54","NORTE DE SANTANDER","54250","EL TARRA","URBANA","1"
"15/12/2006","63","QUINDIO","63001","ARMENIA","URBANA","1"
"14/12/2006","66","RISARALDA","66001","PEREIRA","URBANA","1"
"13/12/2006","76","VALLE DEL CAUCA","76001","CALI","URBANA","1"
"12/12/2006","41","HUILA","41001","NEIVA","URBANA","1"
"12/12/2006","41","HUILA","41001","NEIVA","URBANA","1"
"11/12/2006","68","SANTANDER","68307","GIRON","URBANA","1"
"11/12/2006","76","VALLE DEL CAUCA","76001","CALI","URBANA","1"
"11/12/2006","76","VALLE DEL CAUCA","76001","CALI","URBANA","1"
"10/12/2006","66","RISARALDA","66170","DOSQUEBRADAS","URBANA","1"
"10/12/2006","19","CAUCA","19130","CAJIBIO","URBANA","1"
"09/12/2006","41","HUILA","41001","NEIVA","URBANA","1"
"07/12/2006","11","BOGOTA D.C.","11001","BOGOTA D.C.","URBANA","1"
"05/12/2006","17","CALDAS","17541","PENSILVANIA","RURAL","1"
"01/12/2006","54","NORTE DE SANTANDER","54673","SAN CAYETANO","URBANA","1"
"01/12/2006","68","SANTANDER","68655","SABANA DE TORRES","RURAL","1"
"26/11/2006","23","CORDOBA","23672","SAN ANTERO","URBANA","1"
"26/11/2006","41","HUILA","41001","NEIVA","URBANA","1"
"26/11/2006","23","CORDOBA","23672","SAN ANTERO","URBANA","1"
"24/11/2006","15","BOYACA","15790","TASCO","RURAL","1"
"22/11/2006","73","TOLIMA","73678","SAN LUIS","RURAL","1"
"21/11/2006","05","ANTIOQUIA","05361","ITUANGO","URBANA","1"
"21/11/2006","19","CAUCA","19001","POPAYAN","URBANA","1"
"21/11/2006","76","VALLE DEL CAUCA","76001","CALI","URBANA","1"
"21/11/2006","76","VALLE DEL CAUCA","76001","CALI","URBANA","1"
"20/11/2006","76","VALLE DEL CAUCA","76001","CALI","URBANA","1"
"20/11/2006","76","VALLE DEL CAUCA","76001","CALI","URBANA","1"
"19/11/2006","76","VALLE DEL CAUCA","76001","CALI","URBANA","1"
"18/11/2006","54","NORTE DE SANTANDER","54810","TIBU","URBANA","1"
"18/11/2006","76","VALLE DEL CAUCA","76001","CALI","URBANA","1"
"18/11/2006","73","TOLIMA","73585","PURIFICACION","URBANA","1"
"16/11/2006","18","CAQUETA","18001","FLORENCIA","URBANA","1"
"16/11/2006","19","CAUCA","19110","BUENOS AIRES","URBANA","1"
"14/11/2006","50","META","50251","EL CASTILLO","RURAL","1"
"11/11/2006","15","BOYACA","15403","LA UVITA","RURAL","1"
"11/11/2006","86","PUTUMAYO","86865","VALLE DEL GUAMUEZ","RURAL","1"
"10/11/2006","05","ANTIOQUIA","05649","SAN CARLOS","RURAL","1"
"09/11/2006","73","TOLIMA","73347","HERVEO","URBANA","1"
"08/11/2006","41","HUILA","41001","NEIVA","URBANA","1"
"08/11/2006","68","SANTANDER","68655","SABANA DE TORRES","RURAL","1"
"08/11/2006","68","SANTANDER","68655","SABANA DE TORRES","RURAL","1"
"07/11/2006","20","CESAR","20001","VALLEDUPAR","URBANA","1"
"06/11/2006","17","CALDAS","17446","MARULANDA","RURAL","1"
"03/11/2006","25","CUNDINAMARCA","25594","QUETAME","RURAL","1"
"03/11/2006","50","META","50001","VILLAVICENCIO","RURAL","1"
"02/11/2006","05","ANTIOQUIA","05315","GUADALUPE","RURAL","1"
"02/11/2006","25","CUNDINAMARCA","25290","FUSAGASUGA","URBANA","1"
"02/11/2006","50","META","50711","VISTAHERMOSA","RURAL","1"
"02/11/2006","76","VALLE DEL CAUCA","76364","JAMUNDI","URBANA","1"
"01/11/2006","23","CORDOBA","23466","MONTELIBANO","RURAL","1"
"29/10/2006","54","NORTE DE SANTANDER","54498","OCAÑA","RURAL","1"
"29/10/2006","54","NORTE DE SANTANDER","54680","SANTIAGO","RURAL","1"
"29/10/2006","54","NORTE DE SANTANDER","54810","TIBU","URBANA","1"
"29/10/2006","54","NORTE DE SANTANDER","54810","TIBU","RURAL","1"
"29/10/2006","54","NORTE DE SANTANDER","54810","TIBU","RURAL","1"
"29/10/2006","76","VALLE DEL CAUCA","76001","CALI","URBANA","1"
"28/10/2006","50","META","50001","VILLAVICENCIO","URBANA","1"
"27/10/2006","76","VALLE DEL CAUCA","76001","CALI","URBANA","1"
"25/10/2006","44","LA GUAJIRA","44650","SAN JUAN DEL CESAR","RURAL","1"
"23/10/2006","68","SANTANDER","68077","BARBOSA","URBANA","1"
"23/10/2006","18","CAQUETA","18410","LA MONTAÑITA","RURAL","1"
"19/10/2006","11","BOGOTA D.C.","11001","BOGOTA D.C.","URBANA","1"
"19/10/2006","15","BOYACA","15806","TIBASOSA","URBANA","1"
"19/10/2006","68","SANTANDER","68615","RIONEGRO","RURAL","1"
"17/10/2006","73","TOLIMA","73001","IBAGUE","RURAL","1"
"17/10/2006","47","MAGDALENA","47053","ARACATACA","RURAL","1"
"17/10/2006","41","HUILA","41001","NEIVA","URBANA","1"
"14/10/2006","17","CALDAS","17662","SAMANA","RURAL","1"
"14/10/2006","17","CALDAS","17662","SAMANA","RURAL","1"
"14/10/2006","50","META","50711","VISTAHERMOSA","RURAL","1"
"13/10/2006","18","CAQUETA","18753","SAN VICENTE DEL CAGUAN","URBANA","1"
"12/10/2006","50","META","50711","VISTAHERMOSA","RURAL","1"
"12/10/2006","76","VALLE DEL CAUCA","76001","CALI","URBANA","1"
"11/10/2006","17","CALDAS","17001","MANIZALES","URBANA","1"
"09/10/2006","50","META","50350","LA MACARENA","RURAL","1"
"08/10/2006","47","MAGDALENA","47001","SANTA MARTA","URBANA","1"
"08/10/2006","68","SANTANDER","68406","LEBRIJA","RURAL","1"
"06/10/2006","19","CAUCA","19137","CALDONO","RURAL","1"
"05/10/2006","17","CALDAS","17446","MARULANDA","RURAL","1"
"05/10/2006","76","VALLE DEL CAUCA","76109","BUENAVENTURA","URBANA","1"
"04/10/2006","68","SANTANDER","68655","SABANA DE TORRES","RURAL","1"
"04/10/2006","76","VALLE DEL CAUCA","76001","CALI","URBANA","1"
"04/10/2006","50","META","50683","SAN JUAN DE ARAMA","RURAL","1"
"03/10/2006","86","PUTUMAYO","86568","PUERTO ASIS","RURAL","1"
"03/10/2006","73","TOLIMA","73411","LIBANO","RURAL","1"
"03/10/2006","76","VALLE DEL CAUCA","76147","CARTAGO","URBANA","1"
"01/10/2006","19","CAUCA","19001","POPAYAN","RURAL","1"
"29/09/2006","18","CAQUETA","18410","LA MONTAÑITA","RURAL","1"
"28/09/2006","66","RISARALDA","66572","PUEBLO RICO","RURAL","1"
"22/09/2006","41","HUILA","41349","HOBO","RURAL","1"
"21/09/2006","17","CALDAS","17433","MANZANARES","URBANA","1"
"19/09/2006","17","CALDAS","17662","SAMANA","RURAL","1"
"17/09/2006","68","SANTANDER","68276","FLORIDABLANCA","URBANA","1"
"17/09/2006","68","SANTANDER","68276","FLORIDABLANCA","URBANA","1"
"16/09/2006","41","HUILA","41359","ISNOS","RURAL","1"
"15/09/2006","19","CAUCA","19573","PUERTO TEJADA","RURAL","1"
"15/09/2006","17","CALDAS","17174","CHINCHINA","URBANA","1"
"14/09/2006","54","NORTE DE SANTANDER","54800","TEORAMA","RURAL","1"
"13/09/2006","54","NORTE DE SANTANDER","54206","CONVENCION","URBANA","1"
"13/09/2006","41","HUILA","41551","PITALITO","RURAL","1"
"12/09/2006","19","CAUCA","19513","PADILLA","RURAL","1"
"10/09/2006","19","CAUCA","19698","SANTANDER DE QUILICHAO","URBANA","1"
"10/09/2006","17","CALDAS","17541","PENSILVANIA","RURAL","1"
"09/09/2006","13","BOLIVAR","13873","VILLANUEVA","RURAL","1"
"07/09/2006","19","CAUCA","19473","MORALES","RURAL","1"
"05/09/2006","85","CASANARE","85162","MONTERREY","RURAL","1"
"31/08/2006","17","CALDAS","17662","SAMANA","RURAL","1"
"27/08/2006","81","ARAUCA","81794","TAME","URBANA","1"
"27/08/2006","41","HUILA","41396","LA PLATA","RURAL","1"
"27/08/2006","76","VALLE DEL CAUCA","76109","BUENAVENTURA","URBANA","1"
"26/08/2006","73","TOLIMA","73616","RIOBLANCO","URBANA","1"
"26/08/2006","54","NORTE DE SANTANDER","54206","CONVENCION","RURAL","1"
"25/08/2006","27","CHOCO","27001","QUIBDO","RURAL","1"
"23/08/2006","54","NORTE DE SANTANDER","54800","TEORAMA","RURAL","1"
"22/08/2006","54","NORTE DE SANTANDER","54206","CONVENCION","RURAL","1"
"22/08/2006","54","NORTE DE SANTANDER","54344","HACARI","URBANA","1"
"22/08/2006","11","BOGOTA D.C.","11001","BOGOTA D.C.","URBANA","1"
"21/08/2006","85","CASANARE","85410","TAURAMENA","RURAL","1"
"21/08/2006","17","CALDAS","17486","NEIRA","RURAL","1"
"21/08/2006","81","ARAUCA","81001","ARAUCA","URBANA","1"
"20/08/2006","18","CAQUETA","18001","FLORENCIA","URBANA","1"
"20/08/2006","86","PUTUMAYO","86571","PUERTO GUZMAN","URBANA","1"
"18/08/2006","76","VALLE DEL CAUCA","76109","BUENAVENTURA","URBANA","1"
"16/08/2006","54","NORTE DE SANTANDER","54800","TEORAMA","RURAL","1"
"15/08/2006","54","NORTE DE SANTANDER","54680","SANTIAGO","RURAL","1"
"14/08/2006","54","NORTE DE SANTANDER","54810","TIBU","RURAL","1"
"14/08/2006","44","LA GUAJIRA","44430","MAICAO","RURAL","1"
"14/08/2006","05","ANTIOQUIA","05148","EL CARMEN DE VIBORAL","RURAL","1"
"14/08/2006","66","RISARALDA","66383","LA CELIA","URBANA","1"
"13/08/2006","76","VALLE DEL CAUCA","76109","BUENAVENTURA","URBANA","1"
"13/08/2006","76","VALLE DEL CAUCA","76109","BUENAVENTURA","URBANA","1"
"12/08/2006","20","CESAR","20228","CURUMANI","URBANA","1"
"12/08/2006","05","ANTIOQUIA","05604","REMEDIOS","RURAL","1"
"11/08/2006","54","NORTE DE SANTANDER","54680","SANTIAGO","RURAL","1"
"11/08/2006","54","NORTE DE SANTANDER","54720","SARDINATA","RURAL","1"
"11/08/2006","54","NORTE DE SANTANDER","54720","SARDINATA","RURAL","1"
"11/08/2006","54","NORTE DE SANTANDER","54720","SARDINATA","URBANA","1"
"11/08/2006","54","NORTE DE SANTANDER","54720","SARDINATA","RURAL","1"
"11/08/2006","54","NORTE DE SANTANDER","54810","TIBU","URBANA","1"
"11/08/2006","54","NORTE DE SANTANDER","54498","OCAÑA","RURAL","1"
"10/08/2006","54","NORTE DE SANTANDER","54810","TIBU","URBANA","1"
"10/08/2006","19","CAUCA","19698","SANTANDER DE QUILICHAO","URBANA","1"
"10/08/2006","19","CAUCA","19622","ROSAS","RURAL","1"
"09/08/2006","54","NORTE DE SANTANDER","54313","GRAMALOTE","RURAL","1"
"09/08/2006","54","NORTE DE SANTANDER","54680","SANTIAGO","RURAL","1"
"09/08/2006","54","NORTE DE SANTANDER","54800","TEORAMA","RURAL","1"
"08/08/2006","52","NARIÑO","52079","BARBACOAS","URBANA","1"
"08/08/2006","52","NARIÑO","52079","BARBACOAS","RURAL","1"
"08/08/2006","76","VALLE DEL CAUCA","76109","BUENAVENTURA","RURAL","1"
"07/08/2006","17","CALDAS","17662","SAMANA","RURAL","1"
"07/08/2006","76","VALLE DEL CAUCA","76001","CALI","URBANA","1"
"07/08/2006","76","VALLE DEL CAUCA","76109","BUENAVENTURA","RURAL","1"
"06/08/2006","95","GUAVIARE","95001","SAN JOSE DEL GUAVIARE","RURAL","1"
"06/08/2006","19","CAUCA","19698","SANTANDER DE QUILICHAO","URBANA","1"
"06/08/2006","86","PUTUMAYO","86885","VILLAGARZON","RURAL","1"
"06/08/2006","86","PUTUMAYO","86885","VILLAGARZON","RURAL","1"
"06/08/2006","86","PUTUMAYO","86885","VILLAGARZON","RURAL","1"
"05/08/2006","73","TOLIMA","73675","SAN ANTONIO","URBANA","1"
"05/08/2006","76","VALLE DEL CAUCA","76109","BUENAVENTURA","URBANA","1"
"04/08/2006","19","CAUCA","19137","CALDONO","URBANA","1"
"04/08/2006","50","META","50711","VISTAHERMOSA","RURAL","1"
"04/08/2006","76","VALLE DEL CAUCA","76109","BUENAVENTURA","URBANA","1"
"04/08/2006","76","VALLE DEL CAUCA","76109","BUENAVENTURA","URBANA","1"
"04/08/2006","76","VALLE DEL CAUCA","76001","CALI","URBANA","1"
"03/08/2006","52","NARIÑO","52250","EL CHARCO","URBANA","1"
"03/08/2006","52","NARIÑO","52390","LA TOLA","URBANA","1"
"03/08/2006","52","NARIÑO","52835","SAN ANDRES DE TUMACO","RURAL","1"
"02/08/2006","52","NARIÑO","52612","RICAURTE","RURAL","1"
"02/08/2006","50","META","50590","PUERTO RICO","RURAL","1"
"01/08/2006","76","VALLE DEL CAUCA","76001","CALI","URBANA","1"
"01/08/2006","54","NORTE DE SANTANDER","54405","LOS PATIOS","RURAL","1"
"31/07/2006","13","BOLIVAR","13688","SANTA ROSA DEL SUR","URBANA","1"
"31/07/2006","13","BOLIVAR","13670","SAN PABLO","RURAL","1"
"31/07/2006","11","BOGOTA D.C.","11001","BOGOTA D.C.","URBANA","1"
"31/07/2006","18","CAQUETA","18001","FLORENCIA","RURAL","1"
"30/07/2006","52","NARIÑO","52835","SAN ANDRES DE TUMACO","RURAL","1"
"27/07/2006","13","BOLIVAR","13670","SAN PABLO","RURAL","1"
"27/07/2006","19","CAUCA","19824","TOTORO","RURAL","1"
"26/07/2006","54","NORTE DE SANTANDER","54810","TIBU","RURAL","1"
"25/07/2006","27","CHOCO","27245","EL CARMEN DE ATRATO","RURAL","1"
"24/07/2006","54","NORTE DE SANTANDER","54250","EL TARRA","RURAL","1"
"24/07/2006","50","META","50350","LA MACARENA","RURAL","1"
"22/07/2006","17","CALDAS","17662","SAMANA","RURAL","1"
"22/07/2006","17","CALDAS","17662","SAMANA","RURAL","1"
"21/07/2006","52","NARIÑO","52001","PASTO","URBANA","1"
"20/07/2006","52","NARIÑO","52001","PASTO","URBANA","1"
"20/07/2006","52","NARIÑO","52427","MAGÜI","URBANA","1"
"19/07/2006","66","RISARALDA","66001","PEREIRA","URBANA","1"
"17/07/2006","52","NARIÑO","52356","IPIALES","URBANA","1"
"15/07/2006","41","HUILA","41001","NEIVA","URBANA","1"
"14/07/2006","50","META","50711","VISTAHERMOSA","RURAL","1"
"13/07/2006","05","ANTIOQUIA","05134","CAMPAMENTO","RURAL","1"
"13/07/2006","05","ANTIOQUIA","05887","YARUMAL","RURAL","1"
"10/07/2006","19","CAUCA","19001","POPAYAN","URBANA","1"
"10/07/2006","15","BOYACA","15238","DUITAMA","RURAL","1"
"10/07/2006","50","META","50313","GRANADA","URBANA","1"
"09/07/2006","50","META","50350","LA MACARENA","RURAL","1"
"07/07/2006","52","NARIÑO","52612","RICAURTE","URBANA","1"
"06/07/2006","73","TOLIMA","73001","IBAGUE","URBANA","1"
"04/07/2006","13","BOLIVAR","13688","SANTA ROSA DEL SUR","URBANA","1"
"03/07/2006","54","NORTE DE SANTANDER","54099","BOCHALEMA","URBANA","1"
"03/07/2006","50","META","50683","SAN JUAN DE ARAMA","RURAL","1"
"30/06/2006","66","RISARALDA","66572","PUEBLO RICO","RURAL","1"
"29/06/2006","44","LA GUAJIRA","44078","BARRANCAS","RURAL","1"
"29/06/2006","50","META","50568","PUERTO GAITAN","RURAL","1"
"28/06/2006","05","ANTIOQUIA","05004","ABRIAQUI","RURAL","1"
"27/06/2006","50","META","50590","PUERTO RICO","URBANA","1"
"24/06/2006","52","NARIÑO","52835","SAN ANDRES DE TUMACO","URBANA","1"
"23/06/2006","44","LA GUAJIRA","44090","DIBULLA","RURAL","1"
"22/06/2006","54","NORTE DE SANTANDER","54206","CONVENCION","URBANA","1"
"22/06/2006","54","NORTE DE SANTANDER","54810","TIBU","URBANA","1"
"21/06/2006","52","NARIÑO","52079","BARBACOAS","RURAL","1"
"20/06/2006","50","META","50450","PUERTO CONCORDIA","RURAL","1"
"17/06/2006","19","CAUCA","19212","CORINTO","RURAL","1"
"15/06/2006","50","META","50590","PUERTO RICO","RURAL","1"
"14/06/2006","50","META","50568","PUERTO GAITAN","RURAL","1"
"12/06/2006","54","NORTE DE SANTANDER","54250","EL TARRA","URBANA","1"
"12/06/2006","41","HUILA","41016","AIPE","URBANA","1"
"11/06/2006","54","NORTE DE SANTANDER","54003","ABREGO","RURAL","1"
"11/06/2006","54","NORTE DE SANTANDER","54810","TIBU","RURAL","1"
"11/06/2006","54","NORTE DE SANTANDER","54003","ABREGO","URBANA","1"
"11/06/2006","50","META","50590","PUERTO RICO","RURAL","1"
"10/06/2006","54","NORTE DE SANTANDER","54250","EL TARRA","RURAL","1"
"08/06/2006","54","NORTE DE SANTANDER","54003","ABREGO","RURAL","1"
"05/06/2006","73","TOLIMA","73226","CUNDAY","RURAL","1"
"04/06/2006","76","VALLE DEL CAUCA","76109","BUENAVENTURA","URBANA","1"
"03/06/2006","54","NORTE DE SANTANDER","54660","SALAZAR","URBANA","1"
"03/06/2006","54","NORTE DE SANTANDER","54680","SANTIAGO","RURAL","1"
"03/06/2006","54","NORTE DE SANTANDER","54810","TIBU","RURAL","1"
"02/06/2006","73","TOLIMA","73001","IBAGUE","URBANA","1"
"01/06/2006","68","SANTANDER","68081","BARRANCABERMEJA","URBANA","1"
"01/06/2006","85","CASANARE","85440","VILLANUEVA","URBANA","1"
"31/05/2006","76","VALLE DEL CAUCA","76109","BUENAVENTURA","URBANA","1"
"29/05/2006","54","NORTE DE SANTANDER","54206","CONVENCION","RURAL","1"
"28/05/2006","54","NORTE DE SANTANDER","54670","SAN CALIXTO","URBANA","1"
"28/05/2006","54","NORTE DE SANTANDER","54720","SARDINATA","URBANA","1"
"28/05/2006","68","SANTANDER","68307","GIRON","RURAL","1"
"27/05/2006","73","TOLIMA","73024","ALPUJARRA","RURAL","1"
"27/05/2006","73","TOLIMA","73226","CUNDAY","RURAL","1"
"27/05/2006","15","BOYACA","15238","DUITAMA","RURAL","1"
"27/05/2006","05","ANTIOQUIA","05134","CAMPAMENTO","RURAL","1"
"27/05/2006","20","CESAR","20443","MANAURE BALCON DEL CESAR","RURAL","1"
"27/05/2006","08","ATLANTICO","08758","SOLEDAD","URBANA","1"
"27/05/2006","76","VALLE DEL CAUCA","76109","BUENAVENTURA","URBANA","1"
"27/05/2006","81","ARAUCA","81794","TAME","RURAL","1"
"26/05/2006","50","META","50450","PUERTO CONCORDIA","RURAL","1"
"26/05/2006","44","LA GUAJIRA","44090","DIBULLA","RURAL","1"
"26/05/2006","44","LA GUAJIRA","44090","DIBULLA","RURAL","1"
"26/05/2006","81","ARAUCA","81065","ARAUQUITA","RURAL","1"
"26/05/2006","18","CAQUETA","18001","FLORENCIA","RURAL","1"
"26/05/2006","85","CASANARE","85010","AGUAZUL","RURAL","1"
"25/05/2006","50","META","50590","PUERTO RICO","RURAL","1"
"25/05/2006","05","ANTIOQUIA","05134","CAMPAMENTO","RURAL","1"
"25/05/2006","50","META","50568","PUERTO GAITAN","URBANA","1"
"25/05/2006","68","SANTANDER","68684","SAN JOSE DE MIRANDA","RURAL","1"
"24/05/2006","50","META","50001","VILLAVICENCIO","URBANA","1"
"24/05/2006","54","NORTE DE SANTANDER","54206","CONVENCION","RURAL","1"
"24/05/2006","13","BOLIVAR","13683","SANTA ROSA","RURAL","1"
"24/05/2006","17","CALDAS","17614","RIOSUCIO","RURAL","1"
"22/05/2006","76","VALLE DEL CAUCA","76109","BUENAVENTURA","URBANA","1"
"21/05/2006","19","CAUCA","19473","MORALES","RURAL","1"
"21/05/2006","99","VICHADA","99773","CUMARIBO","RURAL","1"
"21/05/2006","47","MAGDALENA","47001","SANTA MARTA","URBANA","1"
"20/05/2006","41","HUILA","41797","TESALIA","URBANA","1"
"19/05/2006","76","VALLE DEL CAUCA","76109","BUENAVENTURA","URBANA","1"
"18/05/2006","66","RISARALDA","66001","PEREIRA","URBANA","1"
"18/05/2006","76","VALLE DEL CAUCA","76109","BUENAVENTURA","URBANA","1"
"18/05/2006","76","VALLE DEL CAUCA","76109","BUENAVENTURA","URBANA","1"
"18/05/2006","76","VALLE DEL CAUCA","76109","BUENAVENTURA","URBANA","1"
"18/05/2006","76","VALLE DEL CAUCA","76109","BUENAVENTURA","URBANA","1"
"18/05/2006","76","VALLE DEL CAUCA","76109","BUENAVENTURA","URBANA","1"
"18/05/2006","76","VALLE DEL CAUCA","76109","BUENAVENTURA","URBANA","1"
"17/05/2006","54","NORTE DE SANTANDER","54800","TEORAMA","RURAL","1"
"17/05/2006","52","NARIÑO","52786","TAMINANGO","RURAL","1"
"17/05/2006","76","VALLE DEL CAUCA","76109","BUENAVENTURA","URBANA","1"
"17/05/2006","76","VALLE DEL CAUCA","76109","BUENAVENTURA","URBANA","1"
"17/05/2006","76","VALLE DEL CAUCA","76109","BUENAVENTURA","URBANA","1"
"17/05/2006","76","VALLE DEL CAUCA","76109","BUENAVENTURA","URBANA","1"
"13/05/2006","68","SANTANDER","68655","SABANA DE TORRES","RURAL","1"
"13/05/2006","81","ARAUCA","81065","ARAUQUITA","RURAL","1"
"10/05/2006","44","LA GUAJIRA","44001","RIOHACHA","RURAL","1"
"09/05/2006","81","ARAUCA","81300","FORTUL","URBANA","1"
"07/05/2006","44","LA GUAJIRA","44001","RIOHACHA","RURAL","1"
"07/05/2006","68","SANTANDER","68307","GIRON","URBANA","1"
"07/05/2006","52","NARIÑO","52612","RICAURTE","RURAL","1"
"04/05/2006","66","RISARALDA","66572","PUEBLO RICO","RURAL","1"
"03/05/2006","11","BOGOTA D.C.","11001","BOGOTA D.C.","URBANA","1"
"01/05/2006","44","LA GUAJIRA","44874","VILLANUEVA","URBANA","1"
"01/05/2006","50","META","50568","PUERTO GAITAN","RURAL","1"
"30/04/2006","81","ARAUCA","81300","FORTUL","URBANA","1"
"29/04/2006","50","META","50001","VILLAVICENCIO","URBANA","1"
"27/04/2006","54","NORTE DE SANTANDER","54405","LOS PATIOS","RURAL","1"
"27/04/2006","13","BOLIVAR","13248","EL GUAMO","URBANA","1"
"27/04/2006","68","SANTANDER","68081","BARRANCABERMEJA","URBANA","1"
"25/04/2006","54","NORTE DE SANTANDER","54680","SANTIAGO","RURAL","1"
"25/04/2006","54","NORTE DE SANTANDER","54720","SARDINATA","RURAL","1"
"24/04/2006","81","ARAUCA","81736","SARAVENA","RURAL","1"
"24/04/2006","41","HUILA","41524","PALERMO","URBANA","1"
"23/04/2006","17","CALDAS","17433","MANZANARES","RURAL","1"
"23/04/2006","20","CESAR","20001","VALLEDUPAR","URBANA","1"
"22/04/2006","17","CALDAS","17446","MARULANDA","RURAL","1"
"22/04/2006","54","NORTE DE SANTANDER","54810","TIBU","RURAL","1"
"22/04/2006","76","VALLE DEL CAUCA","76275","FLORIDA","URBANA","1"
"21/04/2006","13","BOLIVAR","13473","MORALES","URBANA","1"
"21/04/2006","85","CASANARE","85410","TAURAMENA","URBANA","1"
"21/04/2006","18","CAQUETA","18410","LA MONTAÑITA","RURAL","1"
"20/04/2006","27","CHOCO","27001","QUIBDO","URBANA","1"
"20/04/2006","54","NORTE DE SANTANDER","54344","HACARI","RURAL","1"
"20/04/2006","13","BOLIVAR","13001","CARTAGENA DE INDIAS","URBANA","1"
"20/04/2006","81","ARAUCA","81794","TAME","RURAL","1"
"19/04/2006","54","NORTE DE SANTANDER","54810","TIBU","RURAL","1"
"19/04/2006","11","BOGOTA D.C.","11001","BOGOTA D.C.","URBANA","1"
"18/04/2006","41","HUILA","41524","PALERMO","RURAL","1"
"18/04/2006","50","META","50683","SAN JUAN DE ARAMA","RURAL","1"
"16/04/2006","11","BOGOTA D.C.","11001","BOGOTA D.C.","URBANA","1"
"16/04/2006","73","TOLIMA","73001","IBAGUE","URBANA","1"
"12/04/2006","52","NARIÑO","52227","CUMBAL","URBANA","1"
"11/04/2006","68","SANTANDER","68081","BARRANCABERMEJA","URBANA","1"
"11/04/2006","73","TOLIMA","73347","HERVEO","RURAL","1"
"10/04/2006","52","NARIÑO","52227","CUMBAL","RURAL","1"
"10/04/2006","52","NARIÑO","52356","IPIALES","URBANA","1"
"10/04/2006","50","META","50683","SAN JUAN DE ARAMA","URBANA","1"
"10/04/2006","18","CAQUETA","18410","LA MONTAÑITA","RURAL","1"
"09/04/2006","41","HUILA","41615","RIVERA","RURAL","1"
"06/04/2006","11","BOGOTA D.C.","11001","BOGOTA D.C.","URBANA","1"
"06/04/2006","11","BOGOTA D.C.","11001","BOGOTA D.C.","URBANA","1"
"06/04/2006","05","ANTIOQUIA","05895","ZARAGOZA","RURAL","1"
"05/04/2006","13","BOLIVAR","13248","EL GUAMO","RURAL","1"
"05/04/2006","41","HUILA","41298","GARZON","URBANA","1"
"05/04/2006","52","NARIÑO","52001","PASTO","RURAL","1"
"05/04/2006","41","HUILA","41615","RIVERA","RURAL","1"
"04/04/2006","73","TOLIMA","73001","IBAGUE","URBANA","1"
"04/04/2006","05","ANTIOQUIA","05649","SAN CARLOS","RURAL","1"
"04/04/2006","05","ANTIOQUIA","05890","YOLOMBO","RURAL","1"
"04/04/2006","76","VALLE DEL CAUCA","76111","GUADALAJARA DE BUGA","RURAL","1"
"03/04/2006","08","ATLANTICO","08758","SOLEDAD","URBANA","1"
"03/04/2006","81","ARAUCA","81794","TAME","RURAL","1"
"03/04/2006","05","ANTIOQUIA","05895","ZARAGOZA","RURAL","1"
"02/04/2006","05","ANTIOQUIA","05134","CAMPAMENTO","RURAL","1"
"02/04/2006","05","ANTIOQUIA","05134","CAMPAMENTO","RURAL","1"
"02/04/2006","13","BOLIVAR","13160","CANTAGALLO","RURAL","1"
"29/03/2006","50","META","50590","PUERTO RICO","RURAL","1"
"25/03/2006","23","CORDOBA","23001","MONTERIA","RURAL","1"
"25/03/2006","18","CAQUETA","18753","SAN VICENTE DEL CAGUAN","RURAL","1"
"21/03/2006","18","CAQUETA","18247","EL DONCELLO","RURAL","1"
"20/03/2006","19","CAUCA","19743","SILVIA","RURAL","1"
"19/03/2006","18","CAQUETA","18592","PUERTO RICO","RURAL","1"
"19/03/2006","05","ANTIOQUIA","05660","SAN LUIS","RURAL","1"
"18/03/2006","05","ANTIOQUIA","05660","SAN LUIS","RURAL","1"
"18/03/2006","19","CAUCA","19130","CAJIBIO","RURAL","1"
"18/03/2006","18","CAQUETA","18592","PUERTO RICO","RURAL","1"
"15/03/2006","81","ARAUCA","81591","PUERTO RONDON","RURAL","1"
"15/03/2006","50","META","50370","URIBE","RURAL","1"
"13/03/2006","81","ARAUCA","81001","ARAUCA","URBANA","1"
"13/03/2006","85","CASANARE","85315","SACAMA","RURAL","1"
"12/03/2006","73","TOLIMA","73026","ALVARADO","RURAL","1"
"12/03/2006","11","BOGOTA D.C.","11001","BOGOTA D.C.","URBANA","1"
"12/03/2006","11","BOGOTA D.C.","11001","BOGOTA D.C.","URBANA","1"
"12/03/2006","11","BOGOTA D.C.","11001","BOGOTA D.C.","URBANA","1"
"12/03/2006","11","BOGOTA D.C.","11001","BOGOTA D.C.","URBANA","1"
"12/03/2006","19","CAUCA","19698","SANTANDER DE QUILICHAO","RURAL","1"
"12/03/2006","76","VALLE DEL CAUCA","76275","FLORIDA","URBANA","1"
"12/03/2006","52","NARIÑO","52001","PASTO","URBANA","1"
"12/03/2006","52","NARIÑO","52001","PASTO","URBANA","1"
"12/03/2006","52","NARIÑO","52079","BARBACOAS","RURAL","1"
"12/03/2006","81","ARAUCA","81736","SARAVENA","URBANA","1"
"11/03/2006","73","TOLIMA","73124","CAJAMARCA","RURAL","1"
"11/03/2006","54","NORTE DE SANTANDER","54003","ABREGO","RURAL","1"
"11/03/2006","54","NORTE DE SANTANDER","54680","SANTIAGO","RURAL","1"
"10/03/2006","63","QUINDIO","63690","SALENTO","RURAL","1"
"10/03/2006","44","LA GUAJIRA","44110","EL MOLINO","RURAL","1"
"10/03/2006","54","NORTE DE SANTANDER","54051","ARBOLEDAS","URBANA","1"
"10/03/2006","73","TOLIMA","73319","GUAMO","URBANA","1"
"10/03/2006","54","NORTE DE SANTANDER","54810","TIBU","RURAL","1"
"10/03/2006","54","NORTE DE SANTANDER","54810","TIBU","URBANA","1"
"09/03/2006","08","ATLANTICO","08606","REPELON","RURAL","1"
"09/03/2006","13","BOLIVAR","13222","CLEMENCIA","RURAL","1"
"09/03/2006","81","ARAUCA","81065","ARAUQUITA","URBANA","1"
"08/03/2006","05","ANTIOQUIA","05887","YARUMAL","URBANA","1"
"07/03/2006","08","ATLANTICO","08758","SOLEDAD","URBANA","1"
"07/03/2006","17","CALDAS","17433","MANZANARES","RURAL","1"
"06/03/2006","86","PUTUMAYO","86757","SAN MIGUEL","RURAL","1"
"06/03/2006","13","BOLIVAR","13894","ZAMBRANO","RURAL","1"
"06/03/2006","95","GUAVIARE","95001","SAN JOSE DEL GUAVIARE","URBANA","1"
"06/03/2006","18","CAQUETA","18753","SAN VICENTE DEL CAGUAN","URBANA","1"
"06/03/2006","05","ANTIOQUIA","05197","COCORNA","RURAL","1"
"05/03/2006","19","CAUCA","19698","SANTANDER DE QUILICHAO","URBANA","1"
"05/03/2006","17","CALDAS","17042","ANSERMA","RURAL","1"
"05/03/2006","50","META","50711","VISTAHERMOSA","RURAL","1"
"05/03/2006","05","ANTIOQUIA","05667","SAN RAFAEL","RURAL","1"
"04/03/2006","73","TOLIMA","73347","HERVEO","URBANA","1"
"04/03/2006","73","TOLIMA","73563","PRADO","RURAL","1"
"04/03/2006","17","CALDAS","17433","MANZANARES","RURAL","1"
"04/03/2006","81","ARAUCA","81065","ARAUQUITA","RURAL","1"
"04/03/2006","86","PUTUMAYO","86571","PUERTO GUZMAN","RURAL","1"
"04/03/2006","18","CAQUETA","18256","EL PAUJIL","RURAL","1"
"03/03/2006","73","TOLIMA","73483","NATAGAIMA","URBANA","1"
"03/03/2006","86","PUTUMAYO","86320","ORITO","RURAL","1"
"03/03/2006","27","CHOCO","27245","EL CARMEN DE ATRATO","RURAL","1"
"03/03/2006","17","CALDAS","17446","MARULANDA","URBANA","1"
"03/03/2006","52","NARIÑO","52317","GUACHUCAL","URBANA","1"
"03/03/2006","05","ANTIOQUIA","05667","SAN RAFAEL","RURAL","1"
"02/03/2006","70","SUCRE","70418","LOS PALMITOS","URBANA","1"
"02/03/2006","13","BOLIVAR","13654","SAN JACINTO","RURAL","1"
"01/03/2006","05","ANTIOQUIA","05038","ANGOSTURA","URBANA","1"
"01/03/2006","05","ANTIOQUIA","05854","VALDIVIA","URBANA","1"
"01/03/2006","05","ANTIOQUIA","05854","VALDIVIA","URBANA","1"
"01/03/2006","13","BOLIVAR","13244","EL CARMEN DE BOLIVAR","RURAL","1"
"01/03/2006","27","CHOCO","27787","TADO","RURAL","1"
"28/02/2006","44","LA GUAJIRA","44090","DIBULLA","RURAL","1"
"28/02/2006","44","LA GUAJIRA","44001","RIOHACHA","RURAL","1"
"28/02/2006","05","ANTIOQUIA","05887","YARUMAL","RURAL","1"
"28/02/2006","13","BOLIVAR","13222","CLEMENCIA","RURAL","1"
"28/02/2006","17","CALDAS","17662","SAMANA","RURAL","1"
"28/02/2006","17","CALDAS","17662","SAMANA","RURAL","1"
"28/02/2006","50","META","50683","SAN JUAN DE ARAMA","RURAL","1"
"28/02/2006","81","ARAUCA","81065","ARAUQUITA","RURAL","1"
"26/02/2006","95","GUAVIARE","95001","SAN JOSE DEL GUAVIARE","URBANA","1"
"26/02/2006","41","HUILA","41020","ALGECIRAS","URBANA","1"
"26/02/2006","99","VICHADA","99773","CUMARIBO","RURAL","1"
"25/02/2006","50","META","50683","SAN JUAN DE ARAMA","RURAL","1"
"24/02/2006","86","PUTUMAYO","86757","SAN MIGUEL","RURAL","1"
"24/02/2006","50","META","50370","URIBE","RURAL","1"
"24/02/2006","81","ARAUCA","81065","ARAUQUITA","RURAL","1"
"24/02/2006","81","ARAUCA","81794","TAME","RURAL","1"
"23/02/2006","81","ARAUCA","81300","FORTUL","RURAL","1"
"23/02/2006","54","NORTE DE SANTANDER","54498","OCAÑA","RURAL","1"
"23/02/2006","54","NORTE DE SANTANDER","54810","TIBU","URBANA","1"
"22/02/2006","54","NORTE DE SANTANDER","54810","TIBU","URBANA","1"
"22/02/2006","50","META","50683","SAN JUAN DE ARAMA","RURAL","1"
"22/02/2006","18","CAQUETA","18001","FLORENCIA","RURAL","1"
"21/02/2006","18","CAQUETA","18001","FLORENCIA","RURAL","1"
"21/02/2006","86","PUTUMAYO","86001","MOCOA","RURAL","1"
"20/02/2006","54","NORTE DE SANTANDER","54385","LA ESPERANZA","RURAL","1"
"20/02/2006","50","META","50683","SAN JUAN DE ARAMA","RURAL","1"
"20/02/2006","50","META","50711","VISTAHERMOSA","RURAL","1"
"20/02/2006","86","PUTUMAYO","86001","MOCOA","RURAL","1"
"19/02/2006","54","NORTE DE SANTANDER","54206","CONVENCION","RURAL","1"
"19/02/2006","20","CESAR","20001","VALLEDUPAR","URBANA","1"
"19/02/2006","50","META","50568","PUERTO GAITAN","RURAL","1"
"19/02/2006","41","HUILA","41359","ISNOS","RURAL","1"
"19/02/2006","81","ARAUCA","81065","ARAUQUITA","URBANA","1"
"19/02/2006","86","PUTUMAYO","86001","MOCOA","RURAL","1"
"17/02/2006","86","PUTUMAYO","86865","VALLE DEL GUAMUEZ","RURAL","1"
"17/02/2006","54","NORTE DE SANTANDER","54800","TEORAMA","RURAL","1"
"17/02/2006","18","CAQUETA","18753","SAN VICENTE DEL CAGUAN","RURAL","1"
"17/02/2006","81","ARAUCA","81065","ARAUQUITA","URBANA","1"
"17/02/2006","50","META","50577","PUERTO LLERAS","RURAL","1"
"16/02/2006","18","CAQUETA","18001","FLORENCIA","RURAL","1"
"16/02/2006","18","CAQUETA","18247","EL DONCELLO","RURAL","1"
"16/02/2006","86","PUTUMAYO","86569","PUERTO CAICEDO","RURAL","1"
"16/02/2006","76","VALLE DEL CAUCA","76001","CALI","URBANA","1"
"15/02/2006","86","PUTUMAYO","86757","SAN MIGUEL","URBANA","1"
"15/02/2006","18","CAQUETA","18001","FLORENCIA","RURAL","1"
"14/02/2006","52","NARIÑO","52001","PASTO","URBANA","1"
"13/02/2006","76","VALLE DEL CAUCA","76001","CALI","URBANA","1"
"11/02/2006","54","NORTE DE SANTANDER","54810","TIBU","RURAL","1"
"10/02/2006","86","PUTUMAYO","86320","ORITO","RURAL","1"
"10/02/2006","50","META","50683","SAN JUAN DE ARAMA","RURAL","1"
"08/02/2006","05","ANTIOQUIA","05125","CAICEDO","RURAL","1"
"08/02/2006","50","META","50683","SAN JUAN DE ARAMA","RURAL","1"
"08/02/2006","52","NARIÑO","52250","EL CHARCO","URBANA","1"
"07/02/2006","44","LA GUAJIRA","44874","VILLANUEVA","URBANA","1"
"06/02/2006","81","ARAUCA","81300","FORTUL","RURAL","1"
"06/02/2006","50","META","50683","SAN JUAN DE ARAMA","RURAL","1"
"06/02/2006","63","QUINDIO","63130","CALARCA","RURAL","1"
"06/02/2006","86","PUTUMAYO","86001","MOCOA","RURAL","1"
"05/02/2006","54","NORTE DE SANTANDER","54344","HACARI","URBANA","1"
"05/02/2006","54","NORTE DE SANTANDER","54344","HACARI","URBANA","1"
"05/02/2006","05","ANTIOQUIA","05055","ARGELIA","RURAL","1"
"05/02/2006","54","NORTE DE SANTANDER","54001","CUCUTA","RURAL","1"
"04/02/2006","73","TOLIMA","73001","IBAGUE","URBANA","1"
"04/02/2006","25","CUNDINAMARCA","25851","UTICA","URBANA","1"
"03/02/2006","54","NORTE DE SANTANDER","54670","SAN CALIXTO","URBANA","1"
"03/02/2006","73","TOLIMA","73268","ESPINAL","URBANA","1"
"03/02/2006","73","TOLIMA","73001","IBAGUE","URBANA","1"
"02/02/2006","13","BOLIVAR","13657","SAN JUAN NEPOMUCENO","RURAL","1"
"02/02/2006","81","ARAUCA","81591","PUERTO RONDON","RURAL","1"
"02/02/2006","81","ARAUCA","81794","TAME","RURAL","1"
"01/02/2006","54","NORTE DE SANTANDER","54680","SANTIAGO","RURAL","1"
"01/02/2006","19","CAUCA","19573","PUERTO TEJADA","RURAL","1"
"31/01/2006","54","NORTE DE SANTANDER","54800","TEORAMA","RURAL","1"
"31/01/2006","54","NORTE DE SANTANDER","54206","CONVENCION","RURAL","1"
"30/01/2006","05","ANTIOQUIA","05667","SAN RAFAEL","URBANA","1"
"29/01/2006","70","SUCRE","70215","COROZAL","URBANA","1"
"27/01/2006","54","NORTE DE SANTANDER","54810","TIBU","URBANA","1"
"26/01/2006","76","VALLE DEL CAUCA","76248","EL CERRITO","RURAL","1"
"26/01/2006","18","CAQUETA","18460","MILAN","RURAL","1"
"22/01/2006","50","META","50711","VISTAHERMOSA","RURAL","1"
"21/01/2006","52","NARIÑO","52835","SAN ANDRES DE TUMACO","RURAL","1"
"21/01/2006","54","NORTE DE SANTANDER","54810","TIBU","URBANA","1"
"21/01/2006","54","NORTE DE SANTANDER","54810","TIBU","URBANA","1"
"20/01/2006","11","BOGOTA D.C.","11001","BOGOTA D.C.","URBANA","1"
"20/01/2006","11","BOGOTA D.C.","11001","BOGOTA D.C.","URBANA","1"
"20/01/2006","50","META","50711","VISTAHERMOSA","RURAL","1"
"20/01/2006","50","META","50711","VISTAHERMOSA","RURAL","1"
"17/01/2006","05","ANTIOQUIA","05756","SONSON","RURAL","1"
"16/01/2006","86","PUTUMAYO","86001","MOCOA","RURAL","1"
"15/01/2006","08","ATLANTICO","08001","BARRANQUILLA","URBANA","1"
"15/01/2006","50","META","50711","VISTAHERMOSA","RURAL","1"
"13/01/2006","86","PUTUMAYO","86320","ORITO","RURAL","1"
"13/01/2006","50","META","50711","VISTAHERMOSA","RURAL","1"
"10/01/2006","81","ARAUCA","81794","TAME","RURAL","1"
"09/01/2006","86","PUTUMAYO","86568","PUERTO ASIS","RURAL","1"
"09/01/2006","76","VALLE DEL CAUCA","76275","FLORIDA","URBANA","1"
"08/01/2006","86","PUTUMAYO","86757","SAN MIGUEL","RURAL","1"
"06/01/2006","86","PUTUMAYO","86320","ORITO","RURAL","1"
"06/01/2006","86","PUTUMAYO","86568","PUERTO ASIS","RURAL","1"
"06/01/2006","86","PUTUMAYO","86757","SAN MIGUEL","RURAL","1"
"05/01/2006","50","META","50711","VISTAHERMOSA","RURAL","1"
"05/01/2006","81","ARAUCA","81736","SARAVENA","URBANA","1"
"04/01/2006","05","ANTIOQUIA","05313","GRANADA","RURAL","1"
"04/01/2006","50","META","50711","VISTAHERMOSA","RURAL","1"
"04/01/2006","86","PUTUMAYO","86760","SANTIAGO","RURAL","1"
"04/01/2006","86","PUTUMAYO","86760","SANTIAGO","RURAL","1"
"03/01/2006","86","PUTUMAYO","86865","VALLE DEL GUAMUEZ","RURAL","1"
"03/01/2006","05","ANTIOQUIA","05002","ABEJORRAL","RURAL","1"
"03/01/2006","81","ARAUCA","81794","TAME","RURAL","1"
"01/01/2006","86","PUTUMAYO","86569","PUERTO CAICEDO","URBANA","1"
"31/12/2005","52","NARIÑO","52573","PUERRES","RURAL","1"
"31/12/2005","86","PUTUMAYO","86320","ORITO","RURAL","1"
"31/12/2005","76","VALLE DEL CAUCA","76001","CALI","URBANA","1"
"30/12/2005","76","VALLE DEL CAUCA","76001","CALI","URBANA","1"
"30/12/2005","86","PUTUMAYO","86569","PUERTO CAICEDO","RURAL","1"
"25/12/2005","52","NARIÑO","52001","PASTO","URBANA","1"
"23/12/2005","54","NORTE DE SANTANDER","54680","SANTIAGO","RURAL","1"
"23/12/2005","54","NORTE DE SANTANDER","54810","TIBU","URBANA","1"
"23/12/2005","81","ARAUCA","81001","ARAUCA","URBANA","1"
"23/12/2005","81","ARAUCA","81065","ARAUQUITA","URBANA","1"
"23/12/2005","18","CAQUETA","18001","FLORENCIA","URBANA","1"
"23/12/2005","86","PUTUMAYO","86885","VILLAGARZON","URBANA","1"
"22/12/2005","54","NORTE DE SANTANDER","54810","TIBU","RURAL","1"
"20/12/2005","81","ARAUCA","81001","ARAUCA","URBANA","1"
"18/12/2005","54","NORTE DE SANTANDER","54810","TIBU","URBANA","1"
"18/12/2005","54","NORTE DE SANTANDER","54001","CUCUTA","RURAL","1"
"17/12/2005","81","ARAUCA","81794","TAME","RURAL","1"
"17/12/2005","08","ATLANTICO","08433","MALAMBO","URBANA","1"
"16/12/2005","54","NORTE DE SANTANDER","54250","EL TARRA","RURAL","1"
"16/12/2005","19","CAUCA","19473","MORALES","URBANA","1"
"16/12/2005","54","NORTE DE SANTANDER","54810","TIBU","RURAL","1"
"16/12/2005","54","NORTE DE SANTANDER","54810","TIBU","URBANA","1"
"16/12/2005","54","NORTE DE SANTANDER","54810","TIBU","RURAL","1"
"15/12/2005","54","NORTE DE SANTANDER","54003","ABREGO","RURAL","1"
"15/12/2005","54","NORTE DE SANTANDER","54099","BOCHALEMA","RURAL","1"
"15/12/2005","54","NORTE DE SANTANDER","54239","DURANIA","URBANA","1"
"15/12/2005","54","NORTE DE SANTANDER","54680","SANTIAGO","RURAL","1"
"15/12/2005","54","NORTE DE SANTANDER","54099","BOCHALEMA","RURAL","1"
"13/12/2005","54","NORTE DE SANTANDER","54206","CONVENCION","RURAL","1"
"12/12/2005","19","CAUCA","19473","MORALES","RURAL","1"
"11/12/2005","05","ANTIOQUIA","05756","SONSON","RURAL","1"
"10/12/2005","73","TOLIMA","73483","NATAGAIMA","RURAL","1"
"09/12/2005","05","ANTIOQUIA","05001","MEDELLIN","URBANA","1"
"08/12/2005","05","ANTIOQUIA","05313","GRANADA","RURAL","1"
"06/12/2005","08","ATLANTICO","08758","SOLEDAD","RURAL","1"
"05/12/2005","05","ANTIOQUIA","05667","SAN RAFAEL","RURAL","1"
"04/12/2005","50","META","50683","SAN JUAN DE ARAMA","URBANA","1"
"04/12/2005","05","ANTIOQUIA","05667","SAN RAFAEL","RURAL","1"
"03/12/2005","18","CAQUETA","18001","FLORENCIA","URBANA","1"
"02/12/2005","05","ANTIOQUIA","05055","ARGELIA","RURAL","1"
"29/11/2005","81","ARAUCA","81300","FORTUL","RURAL","1"
"29/11/2005","54","NORTE DE SANTANDER","54250","EL TARRA","URBANA","1"
"28/11/2005","95","GUAVIARE","95001","SAN JOSE DEL GUAVIARE","RURAL","1"
"27/11/2005","08","ATLANTICO","08296","GALAPA","RURAL","1"
"27/11/2005","05","ANTIOQUIA","05045","APARTADO","RURAL","1"
"27/11/2005","76","VALLE DEL CAUCA","76126","CALIMA","URBANA","1"
"26/11/2005","17","CALDAS","17001","MANIZALES","URBANA","1"
"26/11/2005","76","VALLE DEL CAUCA","76109","BUENAVENTURA","URBANA","1"
"26/11/2005","54","NORTE DE SANTANDER","54810","TIBU","URBANA","1"
"25/11/2005","54","NORTE DE SANTANDER","54810","TIBU","URBANA","1"
"25/11/2005","05","ANTIOQUIA","05483","NARIÑO","RURAL","1"
"25/11/2005","18","CAQUETA","18001","FLORENCIA","URBANA","1"
"24/11/2005","76","VALLE DEL CAUCA","76109","BUENAVENTURA","URBANA","1"
"23/11/2005","76","VALLE DEL CAUCA","76109","BUENAVENTURA","URBANA","1"
"22/11/2005","05","ANTIOQUIA","05002","ABEJORRAL","RURAL","1"
"22/11/2005","13","BOLIVAR","13244","EL CARMEN DE BOLIVAR","URBANA","1"
"21/11/2005","76","VALLE DEL CAUCA","76109","BUENAVENTURA","URBANA","1"
"20/11/2005","54","NORTE DE SANTANDER","54003","ABREGO","URBANA","1"
"19/11/2005","76","VALLE DEL CAUCA","76111","GUADALAJARA DE BUGA","URBANA","1"
"19/11/2005","86","PUTUMAYO","86569","PUERTO CAICEDO","RURAL","1"
"18/11/2005","63","QUINDIO","63690","SALENTO","RURAL","1"
"18/11/2005","18","CAQUETA","18753","SAN VICENTE DEL CAGUAN","URBANA","1"
"16/11/2005","05","ANTIOQUIA","05854","VALDIVIA","RURAL","1"
"15/11/2005","95","GUAVIARE","95001","SAN JOSE DEL GUAVIARE","URBANA","1"
"14/11/2005","15","BOYACA","15001","TUNJA","URBANA","1"
"14/11/2005","50","META","50683","SAN JUAN DE ARAMA","RURAL","1"
"14/11/2005","66","RISARALDA","66001","PEREIRA","URBANA","1"
"12/11/2005","11","BOGOTA D.C.","11001","BOGOTA D.C.","URBANA","1"
"06/11/2005","13","BOLIVAR","13244","EL CARMEN DE BOLIVAR","RURAL","1"
"05/11/2005","23","CORDOBA","23580","PUERTO LIBERTADOR","RURAL","1"
"05/11/2005","05","ANTIOQUIA","05756","SONSON","RURAL","1"
"05/11/2005","15","BOYACA","15001","TUNJA","RURAL","1"
"03/11/2005","50","META","50711","VISTAHERMOSA","RURAL","1"
"03/11/2005","05","ANTIOQUIA","05667","SAN RAFAEL","RURAL","1"
"03/11/2005","05","ANTIOQUIA","05652","SAN FRANCISCO","RURAL","1"
"02/11/2005","50","META","50711","VISTAHERMOSA","RURAL","1"
"01/11/2005","50","META","50711","VISTAHERMOSA","RURAL","1"
"01/11/2005","76","VALLE DEL CAUCA","76306","GINEBRA","URBANA","1"
"01/11/2005","05","ANTIOQUIA","05756","SONSON","RURAL","1"
"30/10/2005","85","CASANARE","85440","VILLANUEVA","URBANA","1"
"29/10/2005","70","SUCRE","70001","SINCELEJO","URBANA","1"
"28/10/2005","70","SUCRE","70233","EL ROBLE","RURAL","1"
"28/10/2005","81","ARAUCA","81001","ARAUCA","URBANA","1"
"28/10/2005","54","NORTE DE SANTANDER","54518","PAMPLONA","URBANA","1"
"27/10/2005","81","ARAUCA","81065","ARAUQUITA","URBANA","1"
"26/10/2005","81","ARAUCA","81736","SARAVENA","RURAL","1"
"25/10/2005","86","PUTUMAYO","86760","SANTIAGO","RURAL","1"
"25/10/2005","85","CASANARE","85263","PORE","URBANA","1"
"25/10/2005","76","VALLE DEL CAUCA","76001","CALI","URBANA","1"
"24/10/2005","54","NORTE DE SANTANDER","54810","TIBU","RURAL","1"
"24/10/2005","52","NARIÑO","52585","PUPIALES","URBANA","1"
"24/10/2005","15","BOYACA","15806","TIBASOSA","RURAL","1"
"23/10/2005","86","PUTUMAYO","86757","SAN MIGUEL","RURAL","1"
"23/10/2005","86","PUTUMAYO","86757","SAN MIGUEL","URBANA","1"
"22/10/2005","76","VALLE DEL CAUCA","76834","TULUA","RURAL","1"
"20/10/2005","54","NORTE DE SANTANDER","54810","TIBU","URBANA","1"
"20/10/2005","05","ANTIOQUIA","05142","CARACOLI","RURAL","1"
"20/10/2005","41","HUILA","41001","NEIVA","URBANA","1"
"20/10/2005","05","ANTIOQUIA","05400","LA UNION","RURAL","1"
"19/10/2005","76","VALLE DEL CAUCA","76001","CALI","URBANA","1"
"18/10/2005","54","NORTE DE SANTANDER","54820","TOLEDO","URBANA","1"
"17/10/2005","41","HUILA","41001","NEIVA","URBANA","1"
"16/10/2005","81","ARAUCA","81794","TAME","RURAL","1"
"16/10/2005","81","ARAUCA","81794","TAME","RURAL","1"
"15/10/2005","54","NORTE DE SANTANDER","54810","TIBU","URBANA","1"
"13/10/2005","86","PUTUMAYO","86320","ORITO","RURAL","1"
"13/10/2005","54","NORTE DE SANTANDER","54810","TIBU","RURAL","1"
"12/10/2005","73","TOLIMA","73026","ALVARADO","URBANA","1"
"12/10/2005","70","SUCRE","70702","SAN JUAN DE BETULIA","RURAL","1"
"12/10/2005","54","NORTE DE SANTANDER","54810","TIBU","URBANA","1"
"11/10/2005","54","NORTE DE SANTANDER","54673","SAN CAYETANO","RURAL","1"
"11/10/2005","54","NORTE DE SANTANDER","54660","SALAZAR","RURAL","1"
"11/10/2005","68","SANTANDER","68655","SABANA DE TORRES","RURAL","1"
"11/10/2005","54","NORTE DE SANTANDER","54344","HACARI","RURAL","1"
"10/10/2005","11","BOGOTA D.C.","11001","BOGOTA D.C.","URBANA","1"
"10/10/2005","18","CAQUETA","18410","LA MONTAÑITA","RURAL","1"
"10/10/2005","50","META","50711","VISTAHERMOSA","RURAL","1"
"10/10/2005","50","META","50711","VISTAHERMOSA","URBANA","1"
"09/10/2005","86","PUTUMAYO","86568","PUERTO ASIS","RURAL","1"
"09/10/2005","05","ANTIOQUIA","05480","MUTATA","URBANA","1"
"09/10/2005","63","QUINDIO","63001","ARMENIA","URBANA","1"
"08/10/2005","81","ARAUCA","81794","TAME","RURAL","1"
"07/10/2005","15","BOYACA","15299","GARAGOA","RURAL","1"
"06/10/2005","05","ANTIOQUIA","05055","ARGELIA","RURAL","1"
"06/10/2005","54","NORTE DE SANTANDER","54800","TEORAMA","RURAL","1"
"06/10/2005","41","HUILA","41020","ALGECIRAS","URBANA","1"
"05/10/2005","81","ARAUCA","81001","ARAUCA","RURAL","1"
"04/10/2005","81","ARAUCA","81001","ARAUCA","RURAL","1"
"03/10/2005","27","CHOCO","27745","SIPI","URBANA","1"
"03/10/2005","76","VALLE DEL CAUCA","76275","FLORIDA","RURAL","1"
"03/10/2005","41","HUILA","41001","NEIVA","URBANA","1"
"02/10/2005","81","ARAUCA","81065","ARAUQUITA","RURAL","1"
"01/10/2005","81","ARAUCA","81736","SARAVENA","RURAL","1"
"28/09/2005","81","ARAUCA","81794","TAME","URBANA","1"
"27/09/2005","27","CHOCO","27050","ATRATO","RURAL","1"
"27/09/2005","08","ATLANTICO","08758","SOLEDAD","URBANA","1"
"26/09/2005","54","NORTE DE SANTANDER","54810","TIBU","URBANA","1"
"26/09/2005","70","SUCRE","70001","SINCELEJO","URBANA","1"
"26/09/2005","05","ANTIOQUIA","05361","ITUANGO","RURAL","1"
"25/09/2005","86","PUTUMAYO","86568","PUERTO ASIS","RURAL","1"
"25/09/2005","81","ARAUCA","81065","ARAUQUITA","URBANA","1"
"23/09/2005","76","VALLE DEL CAUCA","76001","CALI","URBANA","1"
"23/09/2005","81","ARAUCA","81591","PUERTO RONDON","URBANA","1"
"21/09/2005","17","CALDAS","17662","SAMANA","RURAL","1"
"20/09/2005","70","SUCRE","70235","GALERAS","RURAL","1"
"20/09/2005","50","META","50590","PUERTO RICO","RURAL","1"
"19/09/2005","50","META","50683","SAN JUAN DE ARAMA","RURAL","1"
"18/09/2005","05","ANTIOQUIA","05040","ANORI","RURAL","1"
"15/09/2005","63","QUINDIO","63130","CALARCA","RURAL","1"
"15/09/2005","47","MAGDALENA","47001","SANTA MARTA","URBANA","1"
"14/09/2005","05","ANTIOQUIA","05649","SAN CARLOS","RURAL","1"
"14/09/2005","05","ANTIOQUIA","05649","SAN CARLOS","RURAL","1"
"14/09/2005","25","CUNDINAMARCA","25524","PANDI","RURAL","1"
"13/09/2005","73","TOLIMA","73001","IBAGUE","URBANA","1"
"12/09/2005","05","ANTIOQUIA","05649","SAN CARLOS","RURAL","1"
"11/09/2005","54","NORTE DE SANTANDER","54001","CUCUTA","URBANA","1"
"10/09/2005","63","QUINDIO","63130","CALARCA","URBANA","1"
"10/09/2005","13","BOLIVAR","13244","EL CARMEN DE BOLIVAR","URBANA","1"
"09/09/2005","41","HUILA","41016","AIPE","RURAL","1"
"08/09/2005","52","NARIÑO","52612","RICAURTE","RURAL","1"
"07/09/2005","76","VALLE DEL CAUCA","76109","BUENAVENTURA","URBANA","1"
"06/09/2005","19","CAUCA","19743","SILVIA","RURAL","1"
"05/09/2005","76","VALLE DEL CAUCA","76109","BUENAVENTURA","URBANA","1"
"05/09/2005","76","VALLE DEL CAUCA","76109","BUENAVENTURA","URBANA","1"
"05/09/2005","19","CAUCA","19824","TOTORO","RURAL","1"
"05/09/2005","76","VALLE DEL CAUCA","76109","BUENAVENTURA","RURAL","1"
"05/09/2005","19","CAUCA","19137","CALDONO","RURAL","1"
"05/09/2005","52","NARIÑO","52001","PASTO","URBANA","1"
"02/09/2005","05","ANTIOQUIA","05690","SANTO DOMINGO","RURAL","1"
"31/08/2005","23","CORDOBA","23807","TIERRALTA","RURAL","1"
"30/08/2005","76","VALLE DEL CAUCA","76001","CALI","URBANA","1"
"29/08/2005","05","ANTIOQUIA","05361","ITUANGO","RURAL","1"
"28/08/2005","41","HUILA","41132","CAMPOALEGRE","RURAL","1"
"27/08/2005","05","ANTIOQUIA","05197","COCORNA","RURAL","1"
"26/08/2005","63","QUINDIO","63690","SALENTO","RURAL","1"
"24/08/2005","76","VALLE DEL CAUCA","76892","YUMBO","RURAL","1"
"22/08/2005","81","ARAUCA","81794","TAME","URBANA","1"
"21/08/2005","15","BOYACA","15238","DUITAMA","URBANA","1"
"21/08/2005","05","ANTIOQUIA","05318","GUARNE","RURAL","1"
"15/08/2005","50","META","50370","URIBE","RURAL","1"
"15/08/2005","47","MAGDALENA","47001","SANTA MARTA","URBANA","1"
"12/08/2005","18","CAQUETA","18410","LA MONTAÑITA","RURAL","1"
"11/08/2005","18","CAQUETA","18150","CARTAGENA DEL CHAIRA","RURAL","1"
"10/08/2005","41","HUILA","41668","SAN AGUSTIN","RURAL","1"
"10/08/2005","08","ATLANTICO","08001","BARRANQUILLA","URBANA","1"
"09/08/2005","41","HUILA","41016","AIPE","RURAL","1"
"09/08/2005","73","TOLIMA","73411","LIBANO","URBANA","1"
"09/08/2005","18","CAQUETA","18410","LA MONTAÑITA","RURAL","1"
"08/08/2005","97","VAUPES","97161","CARURU","RURAL","1"
"08/08/2005","15","BOYACA","15377","LABRANZAGRANDE","RURAL","1"
"06/08/2005","81","ARAUCA","81001","ARAUCA","URBANA","1"
"06/08/2005","50","META","50711","VISTAHERMOSA","RURAL","1"
"06/08/2005","05","ANTIOQUIA","05690","SANTO DOMINGO","RURAL","1"
"05/08/2005","81","ARAUCA","81065","ARAUQUITA","RURAL","1"
"05/08/2005","95","GUAVIARE","95001","SAN JOSE DEL GUAVIARE","URBANA","1"
"05/08/2005","95","GUAVIARE","95001","SAN JOSE DEL GUAVIARE","URBANA","1"
"04/08/2005","70","SUCRE","70742","SAN LUIS DE SINCE","RURAL","1"
"04/08/2005","15","BOYACA","15469","MONIQUIRA","RURAL","1"
"04/08/2005","15","BOYACA","15753","SOATA","URBANA","1"
"03/08/2005","13","BOLIVAR","13244","EL CARMEN DE BOLIVAR","RURAL","1"
"03/08/2005","86","PUTUMAYO","86865","VALLE DEL GUAMUEZ","RURAL","1"
"03/08/2005","86","PUTUMAYO","86001","MOCOA","RURAL","1"
"02/08/2005","95","GUAVIARE","95001","SAN JOSE DEL GUAVIARE","URBANA","1"
"01/08/2005","85","CASANARE","85410","TAURAMENA","URBANA","1"
"01/08/2005","20","CESAR","20001","VALLEDUPAR","RURAL","1"
"31/07/2005","54","NORTE DE SANTANDER","54498","OCAÑA","RURAL","1"
"29/07/2005","44","LA GUAJIRA","44430","MAICAO","RURAL","1"
"29/07/2005","08","ATLANTICO","08001","BARRANQUILLA","URBANA","1"
"28/07/2005","15","BOYACA","15764","SORACA","RURAL","1"
"28/07/2005","86","PUTUMAYO","86885","VILLAGARZON","RURAL","1"
"27/07/2005","41","HUILA","41020","ALGECIRAS","RURAL","1"
"27/07/2005","86","PUTUMAYO","86001","MOCOA","RURAL","1"
"27/07/2005","86","PUTUMAYO","86885","VILLAGARZON","RURAL","1"
"27/07/2005","54","NORTE DE SANTANDER","54001","CUCUTA","URBANA","1"
"27/07/2005","81","ARAUCA","81794","TAME","RURAL","1"
"26/07/2005","15","BOYACA","15367","JENESANO","RURAL","1"
"25/07/2005","86","PUTUMAYO","86568","PUERTO ASIS","RURAL","1"
"25/07/2005","86","PUTUMAYO","86885","VILLAGARZON","RURAL","1"
"24/07/2005","86","PUTUMAYO","86865","VALLE DEL GUAMUEZ","URBANA","1"
"24/07/2005","81","ARAUCA","81065","ARAUQUITA","URBANA","1"
"23/07/2005","81","ARAUCA","81736","SARAVENA","RURAL","1"
"22/07/2005","05","ANTIOQUIA","05313","GRANADA","RURAL","1"
"21/07/2005","86","PUTUMAYO","86320","ORITO","RURAL","1"
"21/07/2005","63","QUINDIO","63690","SALENTO","RURAL","1"
"20/07/2005","95","GUAVIARE","95001","SAN JOSE DEL GUAVIARE","URBANA","1"
"20/07/2005","86","PUTUMAYO","86755","SAN FRANCISCO","RURAL","1"
"19/07/2005","86","PUTUMAYO","86885","VILLAGARZON","RURAL","1"
"18/07/2005","18","CAQUETA","18001","FLORENCIA","RURAL","1"
"17/07/2005","05","ANTIOQUIA","05055","ARGELIA","RURAL","1"
"16/07/2005","70","SUCRE","70235","GALERAS","RURAL","1"
"15/07/2005","05","ANTIOQUIA","05756","SONSON","RURAL","1"
"15/07/2005","86","PUTUMAYO","86320","ORITO","RURAL","1"
"15/07/2005","50","META","50711","VISTAHERMOSA","RURAL","1"
"15/07/2005","86","PUTUMAYO","86569","PUERTO CAICEDO","RURAL","1"
"15/07/2005","11","BOGOTA D.C.","11001","BOGOTA D.C.","URBANA","1"
"14/07/2005","63","QUINDIO","63001","ARMENIA","URBANA","1"
"12/07/2005","63","QUINDIO","63001","ARMENIA","URBANA","1"
"12/07/2005","05","ANTIOQUIA","05197","COCORNA","RURAL","1"
"09/07/2005","19","CAUCA","19137","CALDONO","RURAL","1"
"09/07/2005","73","TOLIMA","73001","IBAGUE","URBANA","1"
"08/07/2005","41","HUILA","41001","NEIVA","URBANA","1"
"08/07/2005","68","SANTANDER","68001","BUCARAMANGA","URBANA","1"
"07/07/2005","73","TOLIMA","73001","IBAGUE","URBANA","1"
"07/07/2005","41","HUILA","41001","NEIVA","URBANA","1"
"05/07/2005","66","RISARALDA","66045","APIA","RURAL","1"
"05/07/2005","50","META","50711","VISTAHERMOSA","RURAL","1"
"05/07/2005","18","CAQUETA","18256","EL PAUJIL","RURAL","1"
"05/07/2005","73","TOLIMA","73001","IBAGUE","URBANA","1"
"03/07/2005","41","HUILA","41298","GARZON","URBANA","1"
"02/07/2005","54","NORTE DE SANTANDER","54810","TIBU","URBANA","1"
"02/07/2005","05","ANTIOQUIA","05667","SAN RAFAEL","RURAL","1"
"01/07/2005","54","NORTE DE SANTANDER","54810","TIBU","URBANA","1"
"01/07/2005","81","ARAUCA","81794","TAME","URBANA","1"
"29/06/2005","47","MAGDALENA","47189","CIENAGA","URBANA","1"
"28/06/2005","50","META","50711","VISTAHERMOSA","RURAL","1"
"26/06/2005","52","NARIÑO","52612","RICAURTE","RURAL","1"
"25/06/2005","86","PUTUMAYO","86568","PUERTO ASIS","RURAL","1"
"25/06/2005","86","PUTUMAYO","86757","SAN MIGUEL","RURAL","1"
"24/06/2005","81","ARAUCA","81736","SARAVENA","URBANA","1"
"24/06/2005","63","QUINDIO","63001","ARMENIA","URBANA","1"
"23/06/2005","52","NARIÑO","52435","MALLAMA","RURAL","1"
"23/06/2005","27","CHOCO","27787","TADO","RURAL","1"
"23/06/2005","05","ANTIOQUIA","05310","GOMEZ PLATA","RURAL","1"
"22/06/2005","41","HUILA","41001","NEIVA","RURAL","1"
"21/06/2005","18","CAQUETA","18410","LA MONTAÑITA","RURAL","1"
"20/06/2005","95","GUAVIARE","95001","SAN JOSE DEL GUAVIARE","RURAL","1"
"18/06/2005","54","NORTE DE SANTANDER","54670","SAN CALIXTO","URBANA","1"
"17/06/2005","41","HUILA","41396","LA PLATA","RURAL","1"
"17/06/2005","05","ANTIOQUIA","05649","SAN CARLOS","RURAL","1"
"16/06/2005","41","HUILA","41001","NEIVA","RURAL","1"
"16/06/2005","50","META","50711","VISTAHERMOSA","RURAL","1"
"16/06/2005","63","QUINDIO","63001","ARMENIA","URBANA","1"
"16/06/2005","41","HUILA","41001","NEIVA","RURAL","1"
"14/06/2005","85","CASANARE","85010","AGUAZUL","RURAL","1"
"13/06/2005","17","CALDAS","17442","MARMATO","RURAL","1"
"11/06/2005","05","ANTIOQUIA","05038","ANGOSTURA","RURAL","1"
"11/06/2005","50","META","50711","VISTAHERMOSA","URBANA","1"
"10/06/2005","05","ANTIOQUIA","05134","CAMPAMENTO","RURAL","1"
"10/06/2005","18","CAQUETA","18592","PUERTO RICO","RURAL","1"
"10/06/2005","18","CAQUETA","18753","SAN VICENTE DEL CAGUAN","RURAL","1"
"09/06/2005","85","CASANARE","85410","TAURAMENA","URBANA","1"
"08/06/2005","08","ATLANTICO","08758","SOLEDAD","URBANA","1"
"06/06/2005","73","TOLIMA","73624","ROVIRA","RURAL","1"
"06/06/2005","66","RISARALDA","66001","PEREIRA","URBANA","1"
"06/06/2005","76","VALLE DEL CAUCA","76892","YUMBO","RURAL","1"
"05/06/2005","81","ARAUCA","81065","ARAUQUITA","RURAL","1"
"04/06/2005","63","QUINDIO","63001","ARMENIA","URBANA","1"
"02/06/2005","08","ATLANTICO","08433","MALAMBO","RURAL","1"
"02/06/2005","50","META","50711","VISTAHERMOSA","URBANA","1"
"01/06/2005","18","CAQUETA","18256","EL PAUJIL","URBANA","1"
"31/05/2005","05","ANTIOQUIA","05649","SAN CARLOS","RURAL","1"
"31/05/2005","76","VALLE DEL CAUCA","76109","BUENAVENTURA","URBANA","1"
"28/05/2005","54","NORTE DE SANTANDER","54810","TIBU","RURAL","1"
"27/05/2005","05","ANTIOQUIA","05038","ANGOSTURA","RURAL","1"
"27/05/2005","05","ANTIOQUIA","05649","SAN CARLOS","RURAL","1"
"26/05/2005","50","META","50001","VILLAVICENCIO","URBANA","1"
"26/05/2005","47","MAGDALENA","47555","PLATO","URBANA","1"
"26/05/2005","44","LA GUAJIRA","44090","DIBULLA","RURAL","1"
"24/05/2005","47","MAGDALENA","47555","PLATO","RURAL","1"
"24/05/2005","73","TOLIMA","73001","IBAGUE","URBANA","1"
"23/05/2005","54","NORTE DE SANTANDER","54810","TIBU","URBANA","1"
"21/05/2005","50","META","50450","PUERTO CONCORDIA","RURAL","1"
"20/05/2005","18","CAQUETA","18410","LA MONTAÑITA","RURAL","1"
"19/05/2005","17","CALDAS","17001","MANIZALES","RURAL","1"
"19/05/2005","73","TOLIMA","73001","IBAGUE","URBANA","1"
"18/05/2005","50","META","50450","PUERTO CONCORDIA","RURAL","1"
"18/05/2005","73","TOLIMA","73001","IBAGUE","URBANA","1"
"18/05/2005","50","META","50450","PUERTO CONCORDIA","URBANA","1"
"17/05/2005","70","SUCRE","70508","OVEJAS","RURAL","1"
"16/05/2005","70","SUCRE","70235","GALERAS","RURAL","1"
"16/05/2005","66","RISARALDA","66318","GUATICA","RURAL","1"
"16/05/2005","50","META","50400","LEJANIAS","RURAL","1"
"15/05/2005","73","TOLIMA","73001","IBAGUE","URBANA","1"
"14/05/2005","81","ARAUCA","81065","ARAUQUITA","URBANA","1"
"14/05/2005","50","META","50683","SAN JUAN DE ARAMA","RURAL","1"
"13/05/2005","76","VALLE DEL CAUCA","76001","CALI","URBANA","1"
"12/05/2005","41","HUILA","41001","NEIVA","URBANA","1"
"11/05/2005","85","CASANARE","85410","TAURAMENA","URBANA","1"
"11/05/2005","81","ARAUCA","81065","ARAUQUITA","RURAL","1"
"11/05/2005","76","VALLE DEL CAUCA","76520","PALMIRA","URBANA","1"
"09/05/2005","54","NORTE DE SANTANDER","54810","TIBU","RURAL","1"
"07/05/2005","50","META","50251","EL CASTILLO","RURAL","1"
"05/05/2005","17","CALDAS","17433","MANZANARES","RURAL","1"
"05/05/2005","50","META","50370","URIBE","URBANA","1"
"04/05/2005","19","CAUCA","19698","SANTANDER DE QUILICHAO","RURAL","1"
"03/05/2005","41","HUILA","41306","GIGANTE","RURAL","1"
"03/05/2005","50","META","50251","EL CASTILLO","RURAL","1"
"03/05/2005","19","CAUCA","19137","CALDONO","RURAL","1"
"02/05/2005","73","TOLIMA","73001","IBAGUE","RURAL","1"
"02/05/2005","50","META","50711","VISTAHERMOSA","RURAL","1"
"02/05/2005","19","CAUCA","19137","CALDONO","RURAL","1"
"02/05/2005","54","NORTE DE SANTANDER","54250","EL TARRA","URBANA","1"
"01/05/2005","08","ATLANTICO","08001","BARRANQUILLA","URBANA","1"
"01/05/2005","50","META","50711","VISTAHERMOSA","RURAL","1"
"30/04/2005","81","ARAUCA","81736","SARAVENA","URBANA","1"
"29/04/2005","81","ARAUCA","81065","ARAUQUITA","URBANA","1"
"29/04/2005","95","GUAVIARE","95025","EL RETORNO","RURAL","1"
"28/04/2005","76","VALLE DEL CAUCA","76001","CALI","URBANA","1"
"28/04/2005","05","ANTIOQUIA","05361","ITUANGO","RURAL","1"
"27/04/2005","52","NARIÑO","52612","RICAURTE","RURAL","1"
"27/04/2005","76","VALLE DEL CAUCA","76520","PALMIRA","RURAL","1"
"27/04/2005","85","CASANARE","85162","MONTERREY","URBANA","1"
"24/04/2005","81","ARAUCA","81300","FORTUL","RURAL","1"
"22/04/2005","52","NARIÑO","52427","MAGÜI","RURAL","1"
"22/04/2005","19","CAUCA","19698","SANTANDER DE QUILICHAO","URBANA","1"
"21/04/2005","81","ARAUCA","81065","ARAUQUITA","RURAL","1"
"20/04/2005","52","NARIÑO","52250","EL CHARCO","URBANA","1"
"17/04/2005","50","META","50711","VISTAHERMOSA","RURAL","1"
"16/04/2005","86","PUTUMAYO","86320","ORITO","URBANA","1"
"15/04/2005","50","META","50400","LEJANIAS","RURAL","1"
"14/04/2005","41","HUILA","41016","AIPE","URBANA","1"
"14/04/2005","54","NORTE DE SANTANDER","54810","TIBU","RURAL","1"
"13/04/2005","05","ANTIOQUIA","05045","APARTADO","RURAL","1"
"11/04/2005","68","SANTANDER","68307","GIRON","RURAL","1"
"08/04/2005","63","QUINDIO","63130","CALARCA","RURAL","1"
"08/04/2005","76","VALLE DEL CAUCA","76001","CALI","URBANA","1"
"07/04/2005","08","ATLANTICO","08001","BARRANQUILLA","URBANA","1"
"06/04/2005","81","ARAUCA","81001","ARAUCA","URBANA","1"
"06/04/2005","81","ARAUCA","81794","TAME","RURAL","1"
"03/04/2005","95","GUAVIARE","95001","SAN JOSE DEL GUAVIARE","URBANA","1"
"03/04/2005","52","NARIÑO","52079","BARBACOAS","RURAL","1"
"02/04/2005","27","CHOCO","27787","TADO","RURAL","1"
"02/04/2005","05","ANTIOQUIA","05480","MUTATA","URBANA","1"
"02/04/2005","54","NORTE DE SANTANDER","54206","CONVENCION","RURAL","1"
"02/04/2005","66","RISARALDA","66572","PUEBLO RICO","RURAL","1"
"31/03/2005","70","SUCRE","70717","SAN PEDRO","URBANA","1"
"30/03/2005","27","CHOCO","27787","TADO","RURAL","1"
"29/03/2005","50","META","50577","PUERTO LLERAS","RURAL","1"
"28/03/2005","20","CESAR","20013","AGUSTIN CODAZZI","RURAL","1"
"28/03/2005","95","GUAVIARE","95025","EL RETORNO","URBANA","1"
"27/03/2005","86","PUTUMAYO","86568","PUERTO ASIS","URBANA","1"
"26/03/2005","54","NORTE DE SANTANDER","54003","ABREGO","URBANA","1"
"24/03/2005","27","CHOCO","27787","TADO","RURAL","1"
"23/03/2005","86","PUTUMAYO","86320","ORITO","RURAL","1"
"22/03/2005","20","CESAR","20175","CHIMICHAGUA","RURAL","1"
"21/03/2005","05","ANTIOQUIA","05790","TARAZA","RURAL","1"
"20/03/2005","18","CAQUETA","18001","FLORENCIA","RURAL","1"
"20/03/2005","18","CAQUETA","18001","FLORENCIA","RURAL","1"
"20/03/2005","54","NORTE DE SANTANDER","54810","TIBU","URBANA","1"
"19/03/2005","50","META","50330","MESETAS","RURAL","1"
"19/03/2005","05","ANTIOQUIA","05055","ARGELIA","RURAL","1"
"19/03/2005","05","ANTIOQUIA","05652","SAN FRANCISCO","RURAL","1"
"19/03/2005","19","CAUCA","19698","SANTANDER DE QUILICHAO","URBANA","1"
"19/03/2005","73","TOLIMA","73168","CHAPARRAL","RURAL","1"
"18/03/2005","86","PUTUMAYO","86757","SAN MIGUEL","RURAL","1"
"17/03/2005","18","CAQUETA","18001","FLORENCIA","RURAL","1"
"17/03/2005","17","CALDAS","17042","ANSERMA","URBANA","1"
"16/03/2005","73","TOLIMA","73001","IBAGUE","RURAL","1"
"15/03/2005","18","CAQUETA","18001","FLORENCIA","RURAL","1"
"14/03/2005","73","TOLIMA","73001","IBAGUE","URBANA","1"
"13/03/2005","18","CAQUETA","18001","FLORENCIA","RURAL","1"
"12/03/2005","81","ARAUCA","81794","TAME","RURAL","1"
"11/03/2005","41","HUILA","41001","NEIVA","URBANA","1"
"10/03/2005","25","CUNDINAMARCA","25506","VENECIA","URBANA","1"
"09/03/2005","54","NORTE DE SANTANDER","54001","CUCUTA","URBANA","1"
"08/03/2005","05","ANTIOQUIA","05679","SANTA BARBARA","RURAL","1"
"07/03/2005","86","PUTUMAYO","86757","SAN MIGUEL","RURAL","1"
"06/03/2005","86","PUTUMAYO","86320","ORITO","RURAL","1"
"06/03/2005","50","META","50400","LEJANIAS","RURAL","1"
"06/03/2005","50","META","50400","LEJANIAS","RURAL","1"
"05/03/2005","25","CUNDINAMARCA","25099","BOJACA","RURAL","1"
"05/03/2005","81","ARAUCA","81736","SARAVENA","RURAL","1"
"05/03/2005","63","QUINDIO","63130","CALARCA","URBANA","1"
"05/03/2005","85","CASANARE","85001","YOPAL","URBANA","1"
"04/03/2005","86","PUTUMAYO","86865","VALLE DEL GUAMUEZ","RURAL","1"
"02/03/2005","86","PUTUMAYO","86568","PUERTO ASIS","RURAL","1"
"02/03/2005","05","ANTIOQUIA","05045","APARTADO","RURAL","1"
"02/03/2005","05","ANTIOQUIA","05055","ARGELIA","RURAL","1"
"02/03/2005","18","CAQUETA","18001","FLORENCIA","RURAL","1"
"02/03/2005","18","CAQUETA","18001","FLORENCIA","RURAL","1"
"02/03/2005","86","PUTUMAYO","86001","MOCOA","RURAL","1"
"01/03/2005","41","HUILA","41298","GARZON","URBANA","1"
"28/02/2005","76","VALLE DEL CAUCA","76001","CALI","URBANA","1"
"28/02/2005","50","META","50251","EL CASTILLO","RURAL","1"
"27/02/2005","70","SUCRE","70702","SAN JUAN DE BETULIA","RURAL","1"
"25/02/2005","86","PUTUMAYO","86320","ORITO","RURAL","1"
"24/02/2005","50","META","50577","PUERTO LLERAS","RURAL","1"
"24/02/2005","68","SANTANDER","68368","JESUS MARIA","RURAL","1"
"23/02/2005","05","ANTIOQUIA","05004","ABRIAQUI","RURAL","1"
"23/02/2005","86","PUTUMAYO","86320","ORITO","RURAL","1"
"20/02/2005","50","META","50590","PUERTO RICO","RURAL","1"
"20/02/2005","50","META","50590","PUERTO RICO","URBANA","1"
"20/02/2005","76","VALLE DEL CAUCA","76001","CALI","URBANA","1"
"20/02/2005","81","ARAUCA","81065","ARAUQUITA","RURAL","1"
"19/02/2005","50","META","50450","PUERTO CONCORDIA","URBANA","1"
"19/02/2005","86","PUTUMAYO","86320","ORITO","RURAL","1"
"19/02/2005","73","TOLIMA","73483","NATAGAIMA","URBANA","1"
"18/02/2005","86","PUTUMAYO","86320","ORITO","RURAL","1"
"18/02/2005","08","ATLANTICO","08001","BARRANQUILLA","URBANA","1"
"17/02/2005","63","QUINDIO","63130","CALARCA","RURAL","1"
"16/02/2005","86","PUTUMAYO","86568","PUERTO ASIS","RURAL","1"
"16/02/2005","44","LA GUAJIRA","44001","RIOHACHA","RURAL","1"
"13/02/2005","50","META","50711","VISTAHERMOSA","RURAL","1"
"12/02/2005","54","NORTE DE SANTANDER","54810","TIBU","RURAL","1"
"11/02/2005","50","META","50590","PUERTO RICO","URBANA","1"
"11/02/2005","81","ARAUCA","81794","TAME","RURAL","1"
"11/02/2005","97","VAUPES","97161","CARURU","RURAL","1"
"10/02/2005","47","MAGDALENA","47001","SANTA MARTA","URBANA","1"
"09/02/2005","86","PUTUMAYO","86865","VALLE DEL GUAMUEZ","URBANA","1"
"08/02/2005","86","PUTUMAYO","86568","PUERTO ASIS","RURAL","1"
"07/02/2005","81","ARAUCA","81001","ARAUCA","RURAL","1"
"07/02/2005","41","HUILA","41001","NEIVA","URBANA","1"
"06/02/2005","86","PUTUMAYO","86568","PUERTO ASIS","RURAL","1"
"05/02/2005","85","CASANARE","85315","SACAMA","RURAL","1"
"05/02/2005","20","CESAR","20001","VALLEDUPAR","URBANA","1"
"05/02/2005","63","QUINDIO","63130","CALARCA","URBANA","1"
"04/02/2005","18","CAQUETA","18001","FLORENCIA","URBANA","1"
"03/02/2005","50","META","50590","PUERTO RICO","RURAL","1"
"02/02/2005","86","PUTUMAYO","86568","PUERTO ASIS","RURAL","1"
"01/02/2005","81","ARAUCA","81065","ARAUQUITA","RURAL","1"
"31/01/2005","50","META","50400","LEJANIAS","RURAL","1"
"31/01/2005","50","META","50683","SAN JUAN DE ARAMA","RURAL","1"
"29/01/2005","86","PUTUMAYO","86568","PUERTO ASIS","RURAL","1"
"28/01/2005","50","META","50330","MESETAS","RURAL","1"
"27/01/2005","41","HUILA","41306","GIGANTE","RURAL","1"
"27/01/2005","86","PUTUMAYO","86568","PUERTO ASIS","RURAL","1"
"27/01/2005","81","ARAUCA","81736","SARAVENA","RURAL","1"
"25/01/2005","86","PUTUMAYO","86320","ORITO","RURAL","1"
"25/01/2005","73","TOLIMA","73001","IBAGUE","URBANA","1"
"24/01/2005","70","SUCRE","70742","SAN LUIS DE SINCE","RURAL","1"
"24/01/2005","81","ARAUCA","81065","ARAUQUITA","RURAL","1"
"24/01/2005","81","ARAUCA","81794","TAME","RURAL","1"
"23/01/2005","81","ARAUCA","81065","ARAUQUITA","RURAL","1"
"22/01/2005","70","SUCRE","70742","SAN LUIS DE SINCE","RURAL","1"
"22/01/2005","70","SUCRE","70742","SAN LUIS DE SINCE","RURAL","1"
"22/01/2005","81","ARAUCA","81001","ARAUCA","URBANA","1"
"21/01/2005","95","GUAVIARE","95200","MIRAFLORES","URBANA","1"
"20/01/2005","86","PUTUMAYO","86320","ORITO","RURAL","1"
"20/01/2005","86","PUTUMAYO","86569","PUERTO CAICEDO","RURAL","1"
"19/01/2005","41","HUILA","41306","GIGANTE","URBANA","1"
"18/01/2005","73","TOLIMA","73504","ORTEGA","RURAL","1"
"16/01/2005","95","GUAVIARE","95001","SAN JOSE DEL GUAVIARE","URBANA","1"
"16/01/2005","86","PUTUMAYO","86320","ORITO","RURAL","1"
"16/01/2005","86","PUTUMAYO","86865","VALLE DEL GUAMUEZ","RURAL","1"
"16/01/2005","52","NARIÑO","52001","PASTO","URBANA","1"
"16/01/2005","52","NARIÑO","52001","PASTO","URBANA","1"
"16/01/2005","19","CAUCA","19100","BOLIVAR","RURAL","1"
"16/01/2005","15","BOYACA","15176","CHIQUINQUIRA","URBANA","1"
"15/01/2005","50","META","50568","PUERTO GAITAN","RURAL","1"
"13/01/2005","41","HUILA","41132","CAMPOALEGRE","URBANA","1"
"13/01/2005","50","META","50711","VISTAHERMOSA","URBANA","1"
"10/01/2005","50","META","50590","PUERTO RICO","RURAL","1"
"10/01/2005","86","PUTUMAYO","86757","SAN MIGUEL","URBANA","1"
"09/01/2005","41","HUILA","41020","ALGECIRAS","URBANA","1"
"04/01/2005","50","META","50683","SAN JUAN DE ARAMA","RURAL","1"
"03/01/2005","81","ARAUCA","81065","ARAUQUITA","RURAL","1"
"31/12/2004","81","ARAUCA","81794","TAME","RURAL","1"
"31/12/2004","66","RISARALDA","66440","MARSELLA","URBANA","1"
"28/12/2004","81","ARAUCA","81300","FORTUL","RURAL","1"
"28/12/2004","81","ARAUCA","81001","ARAUCA","URBANA","1"
"27/12/2004","11","BOGOTA D.C.","11001","BOGOTA D.C.","URBANA","1"
"25/12/2004","18","CAQUETA","18410","LA MONTAÑITA","RURAL","1"
"25/12/2004","50","META","50683","SAN JUAN DE ARAMA","RURAL","1"
"22/12/2004","18","CAQUETA","18256","EL PAUJIL","RURAL","1"
"22/12/2004","86","PUTUMAYO","86865","VALLE DEL GUAMUEZ","RURAL","1"
"22/12/2004","18","CAQUETA","18410","LA MONTAÑITA","RURAL","1"
"20/12/2004","41","HUILA","41001","NEIVA","URBANA","1"
"18/12/2004","81","ARAUCA","81065","ARAUQUITA","RURAL","1"
"18/12/2004","05","ANTIOQUIA","05113","BURITICA","RURAL","1"
"17/12/2004","81","ARAUCA","81065","ARAUQUITA","RURAL","1"
"15/12/2004","41","HUILA","41001","NEIVA","URBANA","1"
"13/12/2004","81","ARAUCA","81736","SARAVENA","RURAL","1"
"13/12/2004","11","BOGOTA D.C.","11001","BOGOTA D.C.","URBANA","1"
"12/12/2004","18","CAQUETA","18753","SAN VICENTE DEL CAGUAN","RURAL","1"
"10/12/2004","08","ATLANTICO","08001","BARRANQUILLA","URBANA","1"
"08/12/2004","50","META","50711","VISTAHERMOSA","RURAL","1"
"08/12/2004","41","HUILA","41001","NEIVA","URBANA","1"
"08/12/2004","41","HUILA","41001","NEIVA","URBANA","1"
"03/12/2004","86","PUTUMAYO","86320","ORITO","RURAL","1"
"02/12/2004","86","PUTUMAYO","86320","ORITO","RURAL","1"
"02/12/2004","81","ARAUCA","81065","ARAUQUITA","RURAL","1"
"01/12/2004","68","SANTANDER","68001","BUCARAMANGA","URBANA","1"
"28/11/2004","11","BOGOTA D.C.","11001","BOGOTA D.C.","URBANA","1"
"26/11/2004","50","META","50683","SAN JUAN DE ARAMA","RURAL","1"
"25/11/2004","11","BOGOTA D.C.","11001","BOGOTA D.C.","URBANA","1"
"22/11/2004","18","CAQUETA","18410","LA MONTAÑITA","RURAL","1"
"18/11/2004","52","NARIÑO","52612","RICAURTE","RURAL","1"
"18/11/2004","86","PUTUMAYO","86320","ORITO","URBANA","1"
"18/11/2004","50","META","50683","SAN JUAN DE ARAMA","RURAL","1"
"17/11/2004","41","HUILA","41001","NEIVA","RURAL","1"
"17/11/2004","08","ATLANTICO","08758","SOLEDAD","URBANA","1"
"14/11/2004","81","ARAUCA","81591","PUERTO RONDON","URBANA","1"
"12/11/2004","50","META","50568","PUERTO GAITAN","RURAL","1"
"11/11/2004","50","META","50568","PUERTO GAITAN","RURAL","1"
"11/11/2004","81","ARAUCA","81736","SARAVENA","URBANA","1"
"09/11/2004","70","SUCRE","70508","OVEJAS","URBANA","1"
"08/11/2004","73","TOLIMA","73483","NATAGAIMA","URBANA","1"
"07/11/2004","52","NARIÑO","52001","PASTO","URBANA","1"
"06/11/2004","81","ARAUCA","81065","ARAUQUITA","URBANA","1"
"06/11/2004","86","PUTUMAYO","86568","PUERTO ASIS","URBANA","1"
"06/11/2004","50","META","50350","LA MACARENA","URBANA","1"
"05/11/2004","81","ARAUCA","81736","SARAVENA","URBANA","1"
"03/11/2004","86","PUTUMAYO","86755","SAN FRANCISCO","RURAL","1"
"01/11/2004","50","META","50683","SAN JUAN DE ARAMA","RURAL","1"
"01/11/2004","20","CESAR","20013","AGUSTIN CODAZZI","RURAL","1"
"31/10/2004","50","META","50683","SAN JUAN DE ARAMA","RURAL","1"
"31/10/2004","54","NORTE DE SANTANDER","54250","EL TARRA","URBANA","1"
"30/10/2004","81","ARAUCA","81794","TAME","RURAL","1"
"29/10/2004","11","BOGOTA D.C.","11001","BOGOTA D.C.","URBANA","1"
"28/10/2004","50","META","50683","SAN JUAN DE ARAMA","RURAL","1"
"28/10/2004","05","ANTIOQUIA","05055","ARGELIA","RURAL","1"
"28/10/2004","68","SANTANDER","68001","BUCARAMANGA","URBANA","1"
"27/10/2004","86","PUTUMAYO","86569","PUERTO CAICEDO","RURAL","1"
"26/10/2004","25","CUNDINAMARCA","25086","BELTRAN","URBANA","1"
"26/10/2004","25","CUNDINAMARCA","25168","CHAGUANI","URBANA","1"
"25/10/2004","66","RISARALDA","66572","PUEBLO RICO","RURAL","1"
"24/10/2004","05","ANTIOQUIA","05361","ITUANGO","RURAL","1"
"24/10/2004","25","CUNDINAMARCA","25875","VILLETA","URBANA","1"
"24/10/2004","41","HUILA","41001","NEIVA","URBANA","1"
"21/10/2004","86","PUTUMAYO","86320","ORITO","RURAL","1"
"20/10/2004","86","PUTUMAYO","86320","ORITO","RURAL","1"
"19/10/2004","76","VALLE DEL CAUCA","76041","ANSERMANUEVO","RURAL","1"
"19/10/2004","81","ARAUCA","81300","FORTUL","RURAL","1"
"19/10/2004","05","ANTIOQUIA","05001","MEDELLIN","URBANA","1"
"18/10/2004","50","META","50683","SAN JUAN DE ARAMA","RURAL","1"
"15/10/2004","05","ANTIOQUIA","05652","SAN FRANCISCO","RURAL","1"
"14/10/2004","54","NORTE DE SANTANDER","54810","TIBU","RURAL","1"
"13/10/2004","81","ARAUCA","81794","TAME","RURAL","1"
"11/10/2004","41","HUILA","41001","NEIVA","URBANA","1"
"11/10/2004","18","CAQUETA","18410","LA MONTAÑITA","RURAL","1"
"09/10/2004","52","NARIÑO","52215","CORDOBA","URBANA","1"
"09/10/2004","18","CAQUETA","18753","SAN VICENTE DEL CAGUAN","URBANA","1"
"08/10/2004","05","ANTIOQUIA","05660","SAN LUIS","RURAL","1"
"08/10/2004","95","GUAVIARE","95025","EL RETORNO","URBANA","1"
"08/10/2004","86","PUTUMAYO","86320","ORITO","RURAL","1"
"07/10/2004","05","ANTIOQUIA","05483","NARIÑO","RURAL","1"
"06/10/2004","41","HUILA","41872","VILLAVIEJA","RURAL","1"
"05/10/2004","81","ARAUCA","81794","TAME","RURAL","1"
"05/10/2004","18","CAQUETA","18460","MILAN","RURAL","1"
"03/10/2004","41","HUILA","41020","ALGECIRAS","RURAL","1"
"02/10/2004","41","HUILA","41001","NEIVA","URBANA","1"
"01/10/2004","70","SUCRE","70265","GUARANDA","URBANA","1"
"01/10/2004","05","ANTIOQUIA","05361","ITUANGO","RURAL","1"
"01/10/2004","54","NORTE DE SANTANDER","54810","TIBU","RURAL","1"
"30/09/2004","41","HUILA","41001","NEIVA","URBANA","1"
"29/09/2004","86","PUTUMAYO","86757","SAN MIGUEL","RURAL","1"
"28/09/2004","25","CUNDINAMARCA","25394","LA PALMA","RURAL","1"
"27/09/2004","81","ARAUCA","81065","ARAUQUITA","RURAL","1"
"27/09/2004","52","NARIÑO","52573","PUERRES","RURAL","1"
"25/09/2004","18","CAQUETA","18001","FLORENCIA","URBANA","1"
"24/09/2004","86","PUTUMAYO","86320","ORITO","RURAL","1"
"22/09/2004","76","VALLE DEL CAUCA","76111","GUADALAJARA DE BUGA","URBANA","1"
"21/09/2004","76","VALLE DEL CAUCA","76001","CALI","URBANA","1"
"19/09/2004","05","ANTIOQUIA","05649","SAN CARLOS","RURAL","1"
"19/09/2004","86","PUTUMAYO","86320","ORITO","RURAL","1"
"19/09/2004","86","PUTUMAYO","86320","ORITO","RURAL","1"
"18/09/2004","86","PUTUMAYO","86320","ORITO","RURAL","1"
"18/09/2004","76","VALLE DEL CAUCA","76001","CALI","URBANA","1"
"18/09/2004","52","NARIÑO","52001","PASTO","URBANA","1"
"17/09/2004","11","BOGOTA D.C.","11001","BOGOTA D.C.","URBANA","1"
"16/09/2004","11","BOGOTA D.C.","11001","BOGOTA D.C.","URBANA","1"
"15/09/2004","08","ATLANTICO","08001","BARRANQUILLA","URBANA","1"
"14/09/2004","70","SUCRE","70235","GALERAS","RURAL","1"
"14/09/2004","52","NARIÑO","52001","PASTO","URBANA","1"
"13/09/2004","86","PUTUMAYO","86320","ORITO","RURAL","1"
"12/09/2004","86","PUTUMAYO","86320","ORITO","RURAL","1"
"12/09/2004","86","PUTUMAYO","86568","PUERTO ASIS","RURAL","1"
"11/09/2004","52","NARIÑO","52001","PASTO","RURAL","1"
"10/09/2004","70","SUCRE","70233","EL ROBLE","RURAL","1"
"09/09/2004","95","GUAVIARE","95025","EL RETORNO","RURAL","1"
"07/09/2004","86","PUTUMAYO","86320","ORITO","URBANA","1"
"06/09/2004","81","ARAUCA","81736","SARAVENA","URBANA","1"
"05/09/2004","05","ANTIOQUIA","05055","ARGELIA","RURAL","1"
"03/09/2004","86","PUTUMAYO","86001","MOCOA","RURAL","1"
"03/09/2004","05","ANTIOQUIA","05361","ITUANGO","RURAL","1"
"02/09/2004","18","CAQUETA","18410","LA MONTAÑITA","RURAL","1"
"02/09/2004","86","PUTUMAYO","86320","ORITO","RURAL","1"
"01/09/2004","18","CAQUETA","18753","SAN VICENTE DEL CAGUAN","RURAL","1"
"31/08/2004","17","CALDAS","17541","PENSILVANIA","RURAL","1"
"30/08/2004","81","ARAUCA","81591","PUERTO RONDON","RURAL","1"
"28/08/2004","18","CAQUETA","18753","SAN VICENTE DEL CAGUAN","RURAL","1"
"28/08/2004","05","ANTIOQUIA","05038","ANGOSTURA","RURAL","1"
"28/08/2004","52","NARIÑO","52378","LA CRUZ","URBANA","1"
"27/08/2004","41","HUILA","41001","NEIVA","URBANA","1"
"26/08/2004","11","BOGOTA D.C.","11001","BOGOTA D.C.","URBANA","1"
"25/08/2004","63","QUINDIO","63130","CALARCA","RURAL","1"
"24/08/2004","41","HUILA","41001","NEIVA","URBANA","1"
"22/08/2004","20","CESAR","20045","BECERRIL","RURAL","1"
"22/08/2004","50","META","50270","EL DORADO","RURAL","1"
"18/08/2004","18","CAQUETA","18753","SAN VICENTE DEL CAGUAN","URBANA","1"
"14/08/2004","05","ANTIOQUIA","05313","GRANADA","RURAL","1"
"13/08/2004","50","META","50270","EL DORADO","RURAL","1"
"13/08/2004","63","QUINDIO","63470","MONTENEGRO","URBANA","1"
"12/08/2004","97","VAUPES","97161","CARURU","URBANA","1"
"12/08/2004","63","QUINDIO","63001","ARMENIA","URBANA","1"
"11/08/2004","86","PUTUMAYO","86568","PUERTO ASIS","RURAL","1"
"11/08/2004","41","HUILA","41001","NEIVA","URBANA","1"
"09/08/2004","81","ARAUCA","81300","FORTUL","RURAL","1"
"07/08/2004","70","SUCRE","70823","SAN JOSE DE TOLUVIEJO","RURAL","1"
"07/08/2004","54","NORTE DE SANTANDER","54003","ABREGO","URBANA","1"
"07/08/2004","54","NORTE DE SANTANDER","54206","CONVENCION","RURAL","1"
"07/08/2004","54","NORTE DE SANTANDER","54206","CONVENCION","URBANA","1"
"07/08/2004","54","NORTE DE SANTANDER","54239","DURANIA","URBANA","1"
"07/08/2004","54","NORTE DE SANTANDER","54810","TIBU","RURAL","1"
"06/08/2004","54","NORTE DE SANTANDER","54670","SAN CALIXTO","RURAL","1"
"06/08/2004","47","MAGDALENA","47058","ARIGUANI","RURAL","1"
"04/08/2004","50","META","50683","SAN JUAN DE ARAMA","RURAL","1"
"03/08/2004","50","META","50370","URIBE","URBANA","1"
"03/08/2004","81","ARAUCA","81300","FORTUL","RURAL","1"
"03/08/2004","05","ANTIOQUIA","05652","SAN FRANCISCO","RURAL","1"
"28/07/2004","47","MAGDALENA","47189","CIENAGA","URBANA","1"
"27/07/2004","73","TOLIMA","73001","IBAGUE","RURAL","1"
"27/07/2004","41","HUILA","41020","ALGECIRAS","URBANA","1"
"27/07/2004","41","HUILA","41001","NEIVA","URBANA","1"
"27/07/2004","50","META","50245","EL CALVARIO","RURAL","1"
"26/07/2004","54","NORTE DE SANTANDER","54250","EL TARRA","URBANA","1"
"25/07/2004","05","ANTIOQUIA","05042","SANTA FE DE ANTIOQUIA","RURAL","1"
"24/07/2004","81","ARAUCA","81591","PUERTO RONDON","RURAL","1"
"21/07/2004","52","NARIÑO","52001","PASTO","RURAL","1"
"20/07/2004","05","ANTIOQUIA","05197","COCORNA","RURAL","1"
"20/07/2004","41","HUILA","41548","PITAL","RURAL","1"
"18/07/2004","86","PUTUMAYO","86568","PUERTO ASIS","RURAL","1"
"16/07/2004","54","NORTE DE SANTANDER","54810","TIBU","URBANA","1"
"14/07/2004","50","META","50590","PUERTO RICO","RURAL","1"
"13/07/2004","76","VALLE DEL CAUCA","76001","CALI","URBANA","1"
"13/07/2004","11","BOGOTA D.C.","11001","BOGOTA D.C.","URBANA","1"
"11/07/2004","05","ANTIOQUIA","05649","SAN CARLOS","RURAL","1"
"09/07/2004","54","NORTE DE SANTANDER","54001","CUCUTA","URBANA","1"
"07/07/2004","76","VALLE DEL CAUCA","76001","CALI","URBANA","1"
"07/07/2004","05","ANTIOQUIA","05001","MEDELLIN","URBANA","1"
"07/07/2004","19","CAUCA","19290","FLORENCIA","URBANA","1"
"06/07/2004","18","CAQUETA","18256","EL PAUJIL","RURAL","1"
"06/07/2004","95","GUAVIARE","95001","SAN JOSE DEL GUAVIARE","URBANA","1"
"06/07/2004","81","ARAUCA","81736","SARAVENA","RURAL","1"
"05/07/2004","17","CALDAS","17662","SAMANA","RURAL","1"
"05/07/2004","86","PUTUMAYO","86568","PUERTO ASIS","URBANA","1"
"04/07/2004","81","ARAUCA","81794","TAME","RURAL","1"
"04/07/2004","41","HUILA","41001","NEIVA","URBANA","1"
"04/07/2004","41","HUILA","41001","NEIVA","URBANA","1"
"04/07/2004","81","ARAUCA","81065","ARAUQUITA","RURAL","1"
"03/07/2004","18","CAQUETA","18001","FLORENCIA","URBANA","1"
"02/07/2004","54","NORTE DE SANTANDER","54810","TIBU","URBANA","1"
"02/07/2004","05","ANTIOQUIA","05652","SAN FRANCISCO","RURAL","1"
"01/07/2004","63","QUINDIO","63001","ARMENIA","URBANA","1"
"01/07/2004","05","ANTIOQUIA","05001","MEDELLIN","URBANA","1"
"01/07/2004","81","ARAUCA","81001","ARAUCA","URBANA","1"
"30/06/2004","18","CAQUETA","18410","LA MONTAÑITA","RURAL","1"
"30/06/2004","76","VALLE DEL CAUCA","76001","CALI","URBANA","1"
"29/06/2004","05","ANTIOQUIA","05652","SAN FRANCISCO","RURAL","1"
"29/06/2004","05","ANTIOQUIA","05652","SAN FRANCISCO","RURAL","1"
"28/06/2004","05","ANTIOQUIA","05756","SONSON","RURAL","1"
"28/06/2004","05","ANTIOQUIA","05652","SAN FRANCISCO","RURAL","1"
"27/06/2004","68","SANTANDER","68547","PIEDECUESTA","URBANA","1"
"25/06/2004","18","CAQUETA","18410","LA MONTAÑITA","RURAL","1"
"25/06/2004","81","ARAUCA","81794","TAME","RURAL","1"
"25/06/2004","54","NORTE DE SANTANDER","54810","TIBU","RURAL","1"
"23/06/2004","95","GUAVIARE","95001","SAN JOSE DEL GUAVIARE","URBANA","1"
"22/06/2004","86","PUTUMAYO","86001","MOCOA","RURAL","1"
"22/06/2004","11","BOGOTA D.C.","11001","BOGOTA D.C.","URBANA","1"
"21/06/2004","41","HUILA","41001","NEIVA","URBANA","1"
"20/06/2004","18","CAQUETA","18205","CURILLO","URBANA","1"
"20/06/2004","18","CAQUETA","18410","LA MONTAÑITA","RURAL","1"
"20/06/2004","50","META","50350","LA MACARENA","URBANA","1"
"20/06/2004","05","ANTIOQUIA","05649","SAN CARLOS","RURAL","1"
"18/06/2004","18","CAQUETA","18001","FLORENCIA","RURAL","1"
"17/06/2004","18","CAQUETA","18001","FLORENCIA","RURAL","1"
"16/06/2004","18","CAQUETA","18205","CURILLO","URBANA","1"
"16/06/2004","86","PUTUMAYO","86320","ORITO","URBANA","1"
"14/06/2004","86","PUTUMAYO","86320","ORITO","RURAL","1"
"14/06/2004","18","CAQUETA","18592","PUERTO RICO","URBANA","1"
"14/06/2004","05","ANTIOQUIA","05652","SAN FRANCISCO","RURAL","1"
"14/06/2004","81","ARAUCA","81001","ARAUCA","URBANA","1"
"13/06/2004","05","ANTIOQUIA","05660","SAN LUIS","RURAL","1"
"12/06/2004","05","ANTIOQUIA","05055","ARGELIA","RURAL","1"
"12/06/2004","18","CAQUETA","18205","CURILLO","RURAL","1"
"11/06/2004","95","GUAVIARE","95025","EL RETORNO","URBANA","1"
"10/06/2004","18","CAQUETA","18860","VALPARAISO","RURAL","1"
"10/06/2004","18","CAQUETA","18860","VALPARAISO","RURAL","1"
"10/06/2004","18","CAQUETA","18860","VALPARAISO","RURAL","1"
"07/06/2004","17","CALDAS","17042","ANSERMA","RURAL","1"
"07/06/2004","76","VALLE DEL CAUCA","76001","CALI","URBANA","1"
"07/06/2004","05","ANTIOQUIA","05001","MEDELLIN","URBANA","1"
"06/06/2004","19","CAUCA","19824","TOTORO","RURAL","1"
"06/06/2004","50","META","50370","URIBE","RURAL","1"
"06/06/2004","50","META","50711","VISTAHERMOSA","RURAL","1"
"05/06/2004","86","PUTUMAYO","86320","ORITO","URBANA","1"
"05/06/2004","76","VALLE DEL CAUCA","76001","CALI","URBANA","1"
"05/06/2004","52","NARIÑO","52573","PUERRES","RURAL","1"
"04/06/2004","41","HUILA","41001","NEIVA","URBANA","1"
"04/06/2004","52","NARIÑO","52001","PASTO","URBANA","1"
"03/06/2004","18","CAQUETA","18001","FLORENCIA","URBANA","1"
"03/06/2004","17","CALDAS","17042","ANSERMA","RURAL","1"
"02/06/2004","19","CAUCA","19807","TIMBIO","URBANA","1"
"01/06/2004","41","HUILA","41001","NEIVA","URBANA","1"
"01/06/2004","18","CAQUETA","18592","PUERTO RICO","URBANA","1"
"01/06/2004","17","CALDAS","17541","PENSILVANIA","RURAL","1"
"01/06/2004","47","MAGDALENA","47001","SANTA MARTA","RURAL","1"
"01/06/2004","86","PUTUMAYO","86569","PUERTO CAICEDO","RURAL","1"
"01/06/2004","86","PUTUMAYO","86320","ORITO","RURAL","1"
"01/06/2004","05","ANTIOQUIA","05055","ARGELIA","RURAL","1"
"01/06/2004","68","SANTANDER","68081","BARRANCABERMEJA","URBANA","1"
"31/05/2004","86","PUTUMAYO","86757","SAN MIGUEL","RURAL","1"
"30/05/2004","86","PUTUMAYO","86865","VALLE DEL GUAMUEZ","URBANA","1"
"30/05/2004","47","MAGDALENA","47980","ZONA BANANERA","RURAL","1"
"29/05/2004","18","CAQUETA","18410","LA MONTAÑITA","RURAL","1"
"29/05/2004","47","MAGDALENA","47980","ZONA BANANERA","RURAL","1"
"29/05/2004","76","VALLE DEL CAUCA","76130","CANDELARIA","URBANA","1"
"29/05/2004","05","ANTIOQUIA","05055","ARGELIA","RURAL","1"
"29/05/2004","27","CHOCO","27001","QUIBDO","RURAL","1"
"28/05/2004","50","META","50450","PUERTO CONCORDIA","URBANA","1"
"28/05/2004","13","BOLIVAR","13222","CLEMENCIA","URBANA","1"
"28/05/2004","13","BOLIVAR","13244","EL CARMEN DE BOLIVAR","RURAL","1"
"28/05/2004","13","BOLIVAR","13683","SANTA ROSA","RURAL","1"
"28/05/2004","13","BOLIVAR","13894","ZAMBRANO","RURAL","1"
"28/05/2004","41","HUILA","41001","NEIVA","URBANA","1"
"28/05/2004","86","PUTUMAYO","86568","PUERTO ASIS","RURAL","1"
"27/05/2004","05","ANTIOQUIA","05667","SAN RAFAEL","RURAL","1"
"27/05/2004","76","VALLE DEL CAUCA","76001","CALI","URBANA","1"
"26/05/2004","50","META","50370","URIBE","RURAL","1"
"25/05/2004","81","ARAUCA","81300","FORTUL","URBANA","1"
"25/05/2004","70","SUCRE","70473","MORROA","RURAL","1"
"25/05/2004","70","SUCRE","70508","OVEJAS","RURAL","1"
"25/05/2004","52","NARIÑO","52079","BARBACOAS","RURAL","1"
"25/05/2004","47","MAGDALENA","47555","PLATO","URBANA","1"
"24/05/2004","95","GUAVIARE","95015","CALAMAR","RURAL","1"
"24/05/2004","70","SUCRE","70702","SAN JUAN DE BETULIA","RURAL","1"
"24/05/2004","52","NARIÑO","52287","FUNES","RURAL","1"
"24/05/2004","50","META","50568","PUERTO GAITAN","RURAL","1"
"23/05/2004","05","ANTIOQUIA","05045","APARTADO","URBANA","1"
"23/05/2004","76","VALLE DEL CAUCA","76001","CALI","URBANA","1"
"22/05/2004","05","ANTIOQUIA","05649","SAN CARLOS","URBANA","1"
"22/05/2004","76","VALLE DEL CAUCA","76001","CALI","URBANA","1"
"21/05/2004","41","HUILA","41020","ALGECIRAS","URBANA","1"
"21/05/2004","17","CALDAS","17541","PENSILVANIA","RURAL","1"
"20/05/2004","05","ANTIOQUIA","05001","MEDELLIN","URBANA","1"
"20/05/2004","95","GUAVIARE","95025","EL RETORNO","URBANA","1"
"20/05/2004","05","ANTIOQUIA","05145","CARAMANTA","RURAL","1"
"20/05/2004","76","VALLE DEL CAUCA","76001","CALI","URBANA","1"
"20/05/2004","76","VALLE DEL CAUCA","76001","CALI","URBANA","1"
"20/05/2004","76","VALLE DEL CAUCA","76001","CALI","URBANA","1"
"20/05/2004","19","CAUCA","19110","BUENOS AIRES","RURAL","1"
"19/05/2004","41","HUILA","41001","NEIVA","URBANA","1"
"19/05/2004","05","ANTIOQUIA","05321","GUATAPE","RURAL","1"
"19/05/2004","50","META","50683","SAN JUAN DE ARAMA","RURAL","1"
"15/05/2004","05","ANTIOQUIA","05667","SAN RAFAEL","URBANA","1"
"14/05/2004","18","CAQUETA","18150","CARTAGENA DEL CHAIRA","RURAL","1"
"13/05/2004","76","VALLE DEL CAUCA","76109","BUENAVENTURA","RURAL","1"
"12/05/2004","63","QUINDIO","63130","CALARCA","URBANA","1"
"10/05/2004","05","ANTIOQUIA","05361","ITUANGO","RURAL","1"
"09/05/2004","05","ANTIOQUIA","05361","ITUANGO","RURAL","1"
"09/05/2004","76","VALLE DEL CAUCA","76001","CALI","URBANA","1"
"09/05/2004","68","SANTANDER","68081","BARRANCABERMEJA","URBANA","1"
"08/05/2004","05","ANTIOQUIA","05042","SANTA FE DE ANTIOQUIA","RURAL","1"
"07/05/2004","18","CAQUETA","18592","PUERTO RICO","URBANA","1"
"05/05/2004","76","VALLE DEL CAUCA","76001","CALI","URBANA","1"
"04/05/2004","81","ARAUCA","81794","TAME","URBANA","1"
"03/05/2004","50","META","50711","VISTAHERMOSA","RURAL","1"
"03/05/2004","81","ARAUCA","81300","FORTUL","RURAL","1"
"03/05/2004","73","TOLIMA","73770","SUAREZ","RURAL","1"
"02/05/2004","50","META","50711","VISTAHERMOSA","RURAL","1"
"02/05/2004","11","BOGOTA D.C.","11001","BOGOTA D.C.","URBANA","1"
"02/05/2004","76","VALLE DEL CAUCA","76001","CALI","URBANA","1"
"30/04/2004","76","VALLE DEL CAUCA","76233","DAGUA","RURAL","1"
"30/04/2004","76","VALLE DEL CAUCA","76001","CALI","URBANA","1"
"30/04/2004","76","VALLE DEL CAUCA","76001","CALI","URBANA","1"
"30/04/2004","76","VALLE DEL CAUCA","76001","CALI","URBANA","1"
"30/04/2004","68","SANTANDER","68307","GIRON","URBANA","1"
"29/04/2004","81","ARAUCA","81065","ARAUQUITA","URBANA","1"
"27/04/2004","50","META","50270","EL DORADO","RURAL","1"
"25/04/2004","86","PUTUMAYO","86885","VILLAGARZON","URBANA","1"
"25/04/2004","41","HUILA","41001","NEIVA","URBANA","1"
"24/04/2004","18","CAQUETA","18001","FLORENCIA","RURAL","1"
"24/04/2004","17","CALDAS","17495","NORCASIA","RURAL","1"
"23/04/2004","50","META","50683","SAN JUAN DE ARAMA","RURAL","1"
"23/04/2004","81","ARAUCA","81065","ARAUQUITA","URBANA","1"
"23/04/2004","86","PUTUMAYO","86569","PUERTO CAICEDO","RURAL","1"
"22/04/2004","50","META","50450","PUERTO CONCORDIA","URBANA","1"
"22/04/2004","50","META","50251","EL CASTILLO","URBANA","1"
"22/04/2004","05","ANTIOQUIA","05042","SANTA FE DE ANTIOQUIA","RURAL","1"
"20/04/2004","76","VALLE DEL CAUCA","76001","CALI","URBANA","1"
"20/04/2004","76","VALLE DEL CAUCA","76001","CALI","URBANA","1"
"20/04/2004","76","VALLE DEL CAUCA","76001","CALI","URBANA","1"
"18/04/2004","18","CAQUETA","18592","PUERTO RICO","RURAL","1"
"17/04/2004","81","ARAUCA","81794","TAME","RURAL","1"
"17/04/2004","54","NORTE DE SANTANDER","54810","TIBU","URBANA","1"
"16/04/2004","68","SANTANDER","68190","CIMITARRA","RURAL","1"
"15/04/2004","54","NORTE DE SANTANDER","54810","TIBU","URBANA","1"
"15/04/2004","54","NORTE DE SANTANDER","54810","TIBU","RURAL","1"
"14/04/2004","73","TOLIMA","73026","ALVARADO","RURAL","1"
"14/04/2004","50","META","50683","SAN JUAN DE ARAMA","RURAL","1"
"11/04/2004","41","HUILA","41799","TELLO","RURAL","1"
"11/04/2004","86","PUTUMAYO","86568","PUERTO ASIS","URBANA","1"
"10/04/2004","19","CAUCA","19130","CAJIBIO","RURAL","1"
"08/04/2004","05","ANTIOQUIA","05125","CAICEDO","RURAL","1"
"07/04/2004","73","TOLIMA","73585","PURIFICACION","RURAL","1"
"07/04/2004","41","HUILA","41349","HOBO","RURAL","1"
"05/04/2004","08","ATLANTICO","08001","BARRANQUILLA","URBANA","1"
"05/04/2004","08","ATLANTICO","08001","BARRANQUILLA","URBANA","1"
"03/04/2004","05","ANTIOQUIA","05313","GRANADA","RURAL","1"
"02/04/2004","18","CAQUETA","18410","LA MONTAÑITA","RURAL","1"
"02/04/2004","81","ARAUCA","81065","ARAUQUITA","RURAL","1"
"01/04/2004","17","CALDAS","17662","SAMANA","RURAL","1"
"31/03/2004","95","GUAVIARE","95200","MIRAFLORES","URBANA","1"
"30/03/2004","50","META","50400","LEJANIAS","RURAL","1"
"29/03/2004","15","BOYACA","15550","PISBA","RURAL","1"
"29/03/2004","15","BOYACA","15533","PAYA","URBANA","1"
"28/03/2004","86","PUTUMAYO","86320","ORITO","RURAL","1"
"26/03/2004","70","SUCRE","70823","SAN JOSE DE TOLUVIEJO","URBANA","1"
"24/03/2004","86","PUTUMAYO","86320","ORITO","RURAL","1"
"24/03/2004","11","BOGOTA D.C.","11001","BOGOTA D.C.","URBANA","1"
"22/03/2004","18","CAQUETA","18753","SAN VICENTE DEL CAGUAN","URBANA","1"
"22/03/2004","81","ARAUCA","81794","TAME","RURAL","1"
"22/03/2004","86","PUTUMAYO","86865","VALLE DEL GUAMUEZ","RURAL","1"
"22/03/2004","50","META","50711","VISTAHERMOSA","RURAL","1"
"22/03/2004","81","ARAUCA","81794","TAME","RURAL","1"
"21/03/2004","18","CAQUETA","18410","LA MONTAÑITA","RURAL","1"
"21/03/2004","50","META","50711","VISTAHERMOSA","RURAL","1"
"20/03/2004","19","CAUCA","19548","PIENDAMO - TUNIA","RURAL","1"
"20/03/2004","50","META","50330","MESETAS","RURAL","1"
"20/03/2004","68","SANTANDER","68001","BUCARAMANGA","URBANA","1"
"19/03/2004","15","BOYACA","15550","PISBA","URBANA","1"
"19/03/2004","68","SANTANDER","68250","EL PEÑON","RURAL","1"
"18/03/2004","15","BOYACA","15550","PISBA","URBANA","1"
"18/03/2004","50","META","50450","PUERTO CONCORDIA","RURAL","1"
"18/03/2004","27","CHOCO","27787","TADO","RURAL","1"
"17/03/2004","19","CAUCA","19137","CALDONO","RURAL","1"
"17/03/2004","70","SUCRE","70823","SAN JOSE DE TOLUVIEJO","RURAL","1"
"17/03/2004","05","ANTIOQUIA","05001","MEDELLIN","URBANA","1"
"16/03/2004","15","BOYACA","15550","PISBA","URBANA","1"
"16/03/2004","19","CAUCA","19698","SANTANDER DE QUILICHAO","RURAL","1"
"16/03/2004","97","VAUPES","97001","MITU","URBANA","1"
"15/03/2004","50","META","50711","VISTAHERMOSA","RURAL","1"
"14/03/2004","63","QUINDIO","63130","CALARCA","RURAL","1"
"12/03/2004","81","ARAUCA","81300","FORTUL","RURAL","1"
"12/03/2004","20","CESAR","20383","LA GLORIA","URBANA","1"
"08/03/2004","81","ARAUCA","81794","TAME","RURAL","1"
"07/03/2004","18","CAQUETA","18753","SAN VICENTE DEL CAGUAN","URBANA","1"
"07/03/2004","50","META","50330","MESETAS","RURAL","1"
"06/03/2004","81","ARAUCA","81794","TAME","RURAL","1"
"05/03/2004","08","ATLANTICO","08001","BARRANQUILLA","URBANA","1"
"04/03/2004","70","SUCRE","70678","SAN BENITO ABAD","RURAL","1"
"04/03/2004","08","ATLANTICO","08001","BARRANQUILLA","URBANA","1"
"03/03/2004","19","CAUCA","19256","EL TAMBO","RURAL","1"
"02/03/2004","81","ARAUCA","81065","ARAUQUITA","URBANA","1"
"02/03/2004","05","ANTIOQUIA","05042","SANTA FE DE ANTIOQUIA","RURAL","1"
"02/03/2004","81","ARAUCA","81794","TAME","URBANA","1"
"02/03/2004","73","TOLIMA","73349","HONDA","URBANA","1"
"02/03/2004","05","ANTIOQUIA","05790","TARAZA","RURAL","1"
"27/02/2004","86","PUTUMAYO","86569","PUERTO CAICEDO","RURAL","1"
"25/02/2004","52","NARIÑO","52356","IPIALES","URBANA","1"
"24/02/2004","41","HUILA","41001","NEIVA","URBANA","1"
"24/02/2004","50","META","50683","SAN JUAN DE ARAMA","RURAL","1"
"22/02/2004","50","META","50590","PUERTO RICO","RURAL","1"
"22/02/2004","86","PUTUMAYO","86001","MOCOA","RURAL","1"
"22/02/2004","50","META","50590","PUERTO RICO","URBANA","1"
"22/02/2004","81","ARAUCA","81300","FORTUL","RURAL","1"
"21/02/2004","41","HUILA","41551","PITALITO","RURAL","1"
"21/02/2004","13","BOLIVAR","13244","EL CARMEN DE BOLIVAR","RURAL","1"
"21/02/2004","05","ANTIOQUIA","05002","ABEJORRAL","RURAL","1"
"20/02/2004","41","HUILA","41001","NEIVA","URBANA","1"
"20/02/2004","52","NARIÑO","52079","BARBACOAS","URBANA","1"
"18/02/2004","50","META","50590","PUERTO RICO","URBANA","1"
"18/02/2004","13","BOLIVAR","13244","EL CARMEN DE BOLIVAR","RURAL","1"
"17/02/2004","54","NORTE DE SANTANDER","54261","EL ZULIA","RURAL","1"
"16/02/2004","05","ANTIOQUIA","05467","MONTEBELLO","RURAL","1"
"16/02/2004","52","NARIÑO","52001","PASTO","URBANA","1"
"15/02/2004","85","CASANARE","85136","LA SALINA","URBANA","1"
"15/02/2004","85","CASANARE","85315","SACAMA","URBANA","1"
"14/02/2004","05","ANTIOQUIA","05038","ANGOSTURA","RURAL","1"
"14/02/2004","81","ARAUCA","81794","TAME","RURAL","1"
"11/02/2004","81","ARAUCA","81065","ARAUQUITA","RURAL","1"
"11/02/2004","20","CESAR","20400","LA JAGUA DE IBIRICO","URBANA","1"
"11/02/2004","13","BOLIVAR","13894","ZAMBRANO","RURAL","1"
"11/02/2004","68","SANTANDER","68444","MATANZA","RURAL","1"
"11/02/2004","86","PUTUMAYO","86757","SAN MIGUEL","RURAL","1"
"10/02/2004","81","ARAUCA","81736","SARAVENA","RURAL","1"
"09/02/2004","15","BOYACA","15550","PISBA","URBANA","1"
"08/02/2004","73","TOLIMA","73124","CAJAMARCA","RURAL","1"
"07/02/2004","50","META","50251","EL CASTILLO","RURAL","1"
"07/02/2004","68","SANTANDER","68167","CHARALA","RURAL","1"
"06/02/2004","50","META","50573","PUERTO LOPEZ","RURAL","1"
"05/02/2004","15","BOYACA","15533","PAYA","URBANA","1"
"03/02/2004","76","VALLE DEL CAUCA","76001","CALI","URBANA","1"
"03/02/2004","25","CUNDINAMARCA","25718","SASAIMA","URBANA","1"
"03/02/2004","73","TOLIMA","73001","IBAGUE","RURAL","1"
"01/02/2004","50","META","50330","MESETAS","RURAL","1"
"31/01/2004","81","ARAUCA","81300","FORTUL","RURAL","1"
"31/01/2004","86","PUTUMAYO","86320","ORITO","RURAL","1"
"28/01/2004","05","ANTIOQUIA","05088","BELLO","URBANA","1"
"28/01/2004","05","ANTIOQUIA","05001","MEDELLIN","URBANA","1"
"28/01/2004","18","CAQUETA","18256","EL PAUJIL","RURAL","1"
"27/01/2004","15","BOYACA","15550","PISBA","URBANA","1"
"27/01/2004","18","CAQUETA","18756","SOLANO","URBANA","1"
"26/01/2004","86","PUTUMAYO","86571","PUERTO GUZMAN","URBANA","1"
"26/01/2004","50","META","50330","MESETAS","RURAL","1"
"25/01/2004","81","ARAUCA","81794","TAME","RURAL","1"
"24/01/2004","76","VALLE DEL CAUCA","76001","CALI","URBANA","1"
"24/01/2004","81","ARAUCA","81065","ARAUQUITA","URBANA","1"
"24/01/2004","54","NORTE DE SANTANDER","54810","TIBU","URBANA","1"
"24/01/2004","81","ARAUCA","81794","TAME","RURAL","1"
"23/01/2004","86","PUTUMAYO","86320","ORITO","RURAL","1"
"22/01/2004","54","NORTE DE SANTANDER","54810","TIBU","RURAL","1"
"20/01/2004","19","CAUCA","19212","CORINTO","RURAL","1"
"19/01/2004","63","QUINDIO","63130","CALARCA","URBANA","1"
"19/01/2004","47","MAGDALENA","47001","SANTA MARTA","URBANA","1"
"18/01/2004","50","META","50711","VISTAHERMOSA","RURAL","1"
"18/01/2004","81","ARAUCA","81065","ARAUQUITA","RURAL","1"
"18/01/2004","81","ARAUCA","81065","ARAUQUITA","RURAL","1"
"17/01/2004","76","VALLE DEL CAUCA","76001","CALI","URBANA","1"
"17/01/2004","81","ARAUCA","81001","ARAUCA","RURAL","1"
"17/01/2004","81","ARAUCA","81736","SARAVENA","RURAL","1"
"16/01/2004","68","SANTANDER","68307","GIRON","URBANA","1"
"16/01/2004","47","MAGDALENA","47555","PLATO","URBANA","1"
"16/01/2004","15","BOYACA","15550","PISBA","URBANA","1"
"15/01/2004","68","SANTANDER","68655","SABANA DE TORRES","RURAL","1"
"14/01/2004","81","ARAUCA","81065","ARAUQUITA","RURAL","1"
"13/01/2004","81","ARAUCA","81065","ARAUQUITA","RURAL","1"
"13/01/2004","86","PUTUMAYO","86001","MOCOA","RURAL","1"
"12/01/2004","41","HUILA","41001","NEIVA","RURAL","1"
"12/01/2004","81","ARAUCA","81065","ARAUQUITA","URBANA","1"
"12/01/2004","68","SANTANDER","68001","BUCARAMANGA","URBANA","1"
"10/01/2004","68","SANTANDER","68001","BUCARAMANGA","URBANA","1"
"10/01/2004","11","BOGOTA D.C.","11001","BOGOTA D.C.","URBANA","1"
"10/01/2004","81","ARAUCA","81065","ARAUQUITA","RURAL","1"
"10/01/2004","70","SUCRE","70678","SAN BENITO ABAD","RURAL","1"
"09/01/2004","76","VALLE DEL CAUCA","76001","CALI","URBANA","1"
"09/01/2004","05","ANTIOQUIA","05001","MEDELLIN","URBANA","1"
"08/01/2004","50","META","50270","EL DORADO","URBANA","1"
"08/01/2004","50","META","50683","SAN JUAN DE ARAMA","RURAL","1"
"08/01/2004","70","SUCRE","70742","SAN LUIS DE SINCE","RURAL","1"
"07/01/2004","41","HUILA","41020","ALGECIRAS","URBANA","1"
"07/01/2004","08","ATLANTICO","08001","BARRANQUILLA","URBANA","1"
"06/01/2004","81","ARAUCA","81065","ARAUQUITA","RURAL","1"
"05/01/2004","76","VALLE DEL CAUCA","76001","CALI","URBANA","1"
"05/01/2004","50","META","50577","PUERTO LLERAS","URBANA","1"
"05/01/2004","19","CAUCA","19001","POPAYAN","URBANA","1"
"05/01/2004","81","ARAUCA","81794","TAME","RURAL","1"
"05/01/2004","81","ARAUCA","81001","ARAUCA","RURAL","1"
"05/01/2004","81","ARAUCA","81065","ARAUQUITA","URBANA","1"
"03/01/2004","50","META","50683","SAN JUAN DE ARAMA","RURAL","1"
"03/01/2004","54","NORTE DE SANTANDER","54810","TIBU","RURAL","1"
"03/01/2004","81","ARAUCA","81065","ARAUQUITA","URBANA","1"
"03/01/2004","81","ARAUCA","81300","FORTUL","URBANA","1"
"03/01/2004","81","ARAUCA","81300","FORTUL","URBANA","1"
"01/01/2004","86","PUTUMAYO","86757","SAN MIGUEL","RURAL","1"
"30/12/2003","50","META","50590","PUERTO RICO","RURAL","1"
"30/12/2003","81","ARAUCA","81736","SARAVENA","RURAL","1"
"30/12/2003","81","ARAUCA","81736","SARAVENA","RURAL","1"
"28/12/2003","13","BOLIVAR","13458","MONTECRISTO","RURAL","1"
"27/12/2003","05","ANTIOQUIA","05660","SAN LUIS","RURAL","1"
"26/12/2003","20","CESAR","20228","CURUMANI","URBANA","1"
"25/12/2003","86","PUTUMAYO","86568","PUERTO ASIS","URBANA","1"
"25/12/2003","50","META","50313","GRANADA","RURAL","1"
"24/12/2003","76","VALLE DEL CAUCA","76001","CALI","URBANA","1"
"23/12/2003","70","SUCRE","70204","COLOSO","URBANA","1"
"23/12/2003","97","VAUPES","97001","MITU","URBANA","1"
"21/12/2003","86","PUTUMAYO","86571","PUERTO GUZMAN","URBANA","1"
"21/12/2003","86","PUTUMAYO","86865","VALLE DEL GUAMUEZ","RURAL","1"
"21/12/2003","19","CAUCA","19001","POPAYAN","URBANA","1"
"20/12/2003","76","VALLE DEL CAUCA","76001","CALI","URBANA","1"
"19/12/2003","18","CAQUETA","18150","CARTAGENA DEL CHAIRA","URBANA","1"
"19/12/2003","81","ARAUCA","81736","SARAVENA","URBANA","1"
"18/12/2003","50","META","50400","LEJANIAS","RURAL","1"
"18/12/2003","41","HUILA","41349","HOBO","RURAL","1"
"17/12/2003","76","VALLE DEL CAUCA","76001","CALI","URBANA","1"
"17/12/2003","19","CAUCA","19050","ARGELIA","URBANA","1"
"16/12/2003","08","ATLANTICO","08001","BARRANQUILLA","URBANA","1"
"16/12/2003","08","ATLANTICO","08001","BARRANQUILLA","URBANA","1"
"16/12/2003","08","ATLANTICO","08001","BARRANQUILLA","URBANA","1"
"16/12/2003","81","ARAUCA","81065","ARAUQUITA","URBANA","1"
"15/12/2003","52","NARIÑO","52427","MAGÜI","URBANA","1"
"14/12/2003","18","CAQUETA","18001","FLORENCIA","URBANA","1"
"13/12/2003","76","VALLE DEL CAUCA","76892","YUMBO","URBANA","1"
"13/12/2003","05","ANTIOQUIA","05209","CONCORDIA","RURAL","1"
"12/12/2003","50","META","50711","VISTAHERMOSA","URBANA","1"
"12/12/2003","18","CAQUETA","18150","CARTAGENA DEL CHAIRA","URBANA","1"
"11/12/2003","50","META","50251","EL CASTILLO","URBANA","1"
"11/12/2003","95","GUAVIARE","95015","CALAMAR","URBANA","1"
"10/12/2003","47","MAGDALENA","47555","PLATO","URBANA","1"
"10/12/2003","05","ANTIOQUIA","05660","SAN LUIS","RURAL","1"
"10/12/2003","19","CAUCA","19698","SANTANDER DE QUILICHAO","URBANA","1"
"08/12/2003","05","ANTIOQUIA","05313","GRANADA","RURAL","1"
"08/12/2003","18","CAQUETA","18150","CARTAGENA DEL CHAIRA","URBANA","1"
"08/12/2003","66","RISARALDA","66318","GUATICA","RURAL","1"
"06/12/2003","05","ANTIOQUIA","05197","COCORNA","URBANA","1"
"05/12/2003","66","RISARALDA","66170","DOSQUEBRADAS","RURAL","1"
"05/12/2003","76","VALLE DEL CAUCA","76001","CALI","URBANA","1"
"04/12/2003","86","PUTUMAYO","86568","PUERTO ASIS","URBANA","1"
"04/12/2003","13","BOLIVAR","13654","SAN JACINTO","RURAL","1"
"03/12/2003","86","PUTUMAYO","86569","PUERTO CAICEDO","URBANA","1"
"03/12/2003","68","SANTANDER","68755","SOCORRO","URBANA","1"
"02/12/2003","86","PUTUMAYO","86320","ORITO","RURAL","1"
"02/12/2003","68","SANTANDER","68276","FLORIDABLANCA","URBANA","1"
"01/12/2003","05","ANTIOQUIA","05361","ITUANGO","RURAL","1"
"01/12/2003","05","ANTIOQUIA","05042","SANTA FE DE ANTIOQUIA","RURAL","1"
"01/12/2003","70","SUCRE","70235","GALERAS","RURAL","1"
"01/12/2003","19","CAUCA","19743","SILVIA","URBANA","1"
"30/11/2003","44","LA GUAJIRA","44430","MAICAO","RURAL","1"
"29/11/2003","41","HUILA","41001","NEIVA","URBANA","1"
"29/11/2003","95","GUAVIARE","95015","CALAMAR","URBANA","1"
"28/11/2003","86","PUTUMAYO","86757","SAN MIGUEL","URBANA","1"
"27/11/2003","86","PUTUMAYO","86757","SAN MIGUEL","RURAL","1"
"27/11/2003","86","PUTUMAYO","86865","VALLE DEL GUAMUEZ","URBANA","1"
"27/11/2003","81","ARAUCA","81794","TAME","RURAL","1"
"26/11/2003","86","PUTUMAYO","86320","ORITO","URBANA","1"
"26/11/2003","81","ARAUCA","81300","FORTUL","RURAL","1"
"25/11/2003","86","PUTUMAYO","86865","VALLE DEL GUAMUEZ","URBANA","1"
"24/11/2003","70","SUCRE","70235","GALERAS","RURAL","1"
"24/11/2003","76","VALLE DEL CAUCA","76001","CALI","URBANA","1"
"23/11/2003","05","ANTIOQUIA","05313","GRANADA","RURAL","1"
"23/11/2003","66","RISARALDA","66001","PEREIRA","URBANA","1"
"21/11/2003","05","ANTIOQUIA","05001","MEDELLIN","URBANA","1"
"21/11/2003","66","RISARALDA","66456","MISTRATO","RURAL","1"
"21/11/2003","86","PUTUMAYO","86320","ORITO","URBANA","1"
"21/11/2003","05","ANTIOQUIA","05190","CISNEROS","URBANA","1"
"19/11/2003","86","PUTUMAYO","86320","ORITO","RURAL","1"
"19/11/2003","86","PUTUMAYO","86569","PUERTO CAICEDO","URBANA","1"
"19/11/2003","86","PUTUMAYO","86865","VALLE DEL GUAMUEZ","RURAL","1"
"18/11/2003","86","PUTUMAYO","86568","PUERTO ASIS","URBANA","1"
"18/11/2003","15","BOYACA","15667","SAN LUIS DE GACENO","URBANA","1"
"17/11/2003","50","META","50350","LA MACARENA","URBANA","1"
"15/11/2003","05","ANTIOQUIA","05125","CAICEDO","RURAL","1"
"15/11/2003","81","ARAUCA","81736","SARAVENA","URBANA","1"
"15/11/2003","11","BOGOTA D.C.","11001","BOGOTA D.C.","URBANA","1"
"13/11/2003","54","NORTE DE SANTANDER","54810","TIBU","URBANA","1"
"12/11/2003","81","ARAUCA","81065","ARAUQUITA","RURAL","1"
"12/11/2003","54","NORTE DE SANTANDER","54810","TIBU","URBANA","1"
"11/11/2003","05","ANTIOQUIA","05001","MEDELLIN","URBANA","1"
"10/11/2003","05","ANTIOQUIA","05001","MEDELLIN","URBANA","1"
"09/11/2003","05","ANTIOQUIA","05361","ITUANGO","URBANA","1"
"08/11/2003","76","VALLE DEL CAUCA","76001","CALI","URBANA","1"
"07/11/2003","05","ANTIOQUIA","05649","SAN CARLOS","RURAL","1"
"06/11/2003","11","BOGOTA D.C.","11001","BOGOTA D.C.","URBANA","1"
"06/11/2003","41","HUILA","41026","ALTAMIRA","RURAL","1"
"04/11/2003","05","ANTIOQUIA","05001","MEDELLIN","URBANA","1"
"04/11/2003","50","META","50711","VISTAHERMOSA","RURAL","1"
"01/11/2003","05","ANTIOQUIA","05042","SANTA FE DE ANTIOQUIA","RURAL","1"
"01/11/2003","18","CAQUETA","18001","FLORENCIA","URBANA","1"
"31/10/2003","76","VALLE DEL CAUCA","76001","CALI","URBANA","1"
"30/10/2003","95","GUAVIARE","95001","SAN JOSE DEL GUAVIARE","RURAL","1"
"29/10/2003","05","ANTIOQUIA","05038","ANGOSTURA","RURAL","1"
"29/10/2003","05","ANTIOQUIA","05001","MEDELLIN","URBANA","1"
"29/10/2003","76","VALLE DEL CAUCA","76001","CALI","URBANA","1"
"29/10/2003","47","MAGDALENA","47555","PLATO","URBANA","1"
"28/10/2003","54","NORTE DE SANTANDER","54003","ABREGO","URBANA","1"
"28/10/2003","23","CORDOBA","23500","MOÑITOS","URBANA","1"
"28/10/2003","44","LA GUAJIRA","44035","ALBANIA","RURAL","1"
"28/10/2003","44","LA GUAJIRA","44035","ALBANIA","RURAL","1"
"27/10/2003","41","HUILA","41001","NEIVA","RURAL","1"
"27/10/2003","52","NARIÑO","52079","BARBACOAS","RURAL","1"
"26/10/2003","50","META","50350","LA MACARENA","URBANA","1"
"26/10/2003","44","LA GUAJIRA","44650","SAN JUAN DEL CESAR","RURAL","1"
"26/10/2003","54","NORTE DE SANTANDER","54003","ABREGO","URBANA","1"
"26/10/2003","54","NORTE DE SANTANDER","54398","LA PLAYA","URBANA","1"
"26/10/2003","54","NORTE DE SANTANDER","54670","SAN CALIXTO","URBANA","1"
"26/10/2003","54","NORTE DE SANTANDER","54670","SAN CALIXTO","URBANA","1"
"26/10/2003","05","ANTIOQUIA","05113","BURITICA","RURAL","1"
"26/10/2003","19","CAUCA","19807","TIMBIO","URBANA","1"
"26/10/2003","73","TOLIMA","73026","ALVARADO","RURAL","1"
"26/10/2003","73","TOLIMA","73026","ALVARADO","RURAL","1"
"26/10/2003","73","TOLIMA","73236","DOLORES","RURAL","1"
"26/10/2003","73","TOLIMA","73001","IBAGUE","RURAL","1"
"26/10/2003","66","RISARALDA","66456","MISTRATO","RURAL","1"
"26/10/2003","70","SUCRE","70742","SAN LUIS DE SINCE","RURAL","1"
"26/10/2003","44","LA GUAJIRA","44650","SAN JUAN DEL CESAR","RURAL","1"
"26/10/2003","54","NORTE DE SANTANDER","54245","EL CARMEN","URBANA","1"
"26/10/2003","54","NORTE DE SANTANDER","54245","EL CARMEN","URBANA","1"
"26/10/2003","54","NORTE DE SANTANDER","54245","EL CARMEN","URBANA","1"
"26/10/2003","50","META","50577","PUERTO LLERAS","RURAL","1"
"25/10/2003","05","ANTIOQUIA","05197","COCORNA","RURAL","1"
"25/10/2003","05","ANTIOQUIA","05649","SAN CARLOS","RURAL","1"
"25/10/2003","54","NORTE DE SANTANDER","54206","CONVENCION","URBANA","1"
"25/10/2003","54","NORTE DE SANTANDER","54206","CONVENCION","URBANA","1"
"25/10/2003","54","NORTE DE SANTANDER","54206","CONVENCION","URBANA","1"
"25/10/2003","76","VALLE DEL CAUCA","76109","BUENAVENTURA","RURAL","1"
"25/10/2003","63","QUINDIO","63548","PIJAO","URBANA","1"
"25/10/2003","54","NORTE DE SANTANDER","54206","CONVENCION","URBANA","1"
"25/10/2003","54","NORTE DE SANTANDER","54670","SAN CALIXTO","URBANA","1"
"25/10/2003","05","ANTIOQUIA","05042","SANTA FE DE ANTIOQUIA","RURAL","1"
"25/10/2003","05","ANTIOQUIA","05038","ANGOSTURA","RURAL","1"
"25/10/2003","05","ANTIOQUIA","05040","ANORI","RURAL","1"
"25/10/2003","05","ANTIOQUIA","05887","YARUMAL","URBANA","1"
"25/10/2003","15","BOYACA","15377","LABRANZAGRANDE","URBANA","1"
"25/10/2003","73","TOLIMA","73504","ORTEGA","URBANA","1"
"25/10/2003","15","BOYACA","15518","PAJARITO","URBANA","1"
"25/10/2003","73","TOLIMA","73555","PLANADAS","RURAL","1"
"25/10/2003","73","TOLIMA","73555","PLANADAS","RURAL","1"
"25/10/2003","73","TOLIMA","73555","PLANADAS","RURAL","1"
"25/10/2003","73","TOLIMA","73563","PRADO","RURAL","1"
"25/10/2003","73","TOLIMA","73585","PURIFICACION","RURAL","1"
"25/10/2003","73","TOLIMA","73616","RIOBLANCO","RURAL","1"
"25/10/2003","73","TOLIMA","73624","ROVIRA","RURAL","1"
"25/10/2003","73","TOLIMA","73861","VENADILLO","RURAL","1"
"25/10/2003","73","TOLIMA","73001","IBAGUE","RURAL","1"
"25/10/2003","73","TOLIMA","73001","IBAGUE","RURAL","1"
"25/10/2003","73","TOLIMA","73861","VENADILLO","RURAL","1"
"25/10/2003","73","TOLIMA","73001","IBAGUE","RURAL","1"
"25/10/2003","20","CESAR","20001","VALLEDUPAR","RURAL","1"
"25/10/2003","73","TOLIMA","73067","ATACO","URBANA","1"
"25/10/2003","73","TOLIMA","73001","IBAGUE","URBANA","1"
"25/10/2003","73","TOLIMA","73001","IBAGUE","RURAL","1"
"25/10/2003","73","TOLIMA","73001","IBAGUE","URBANA","1"
"25/10/2003","73","TOLIMA","73001","IBAGUE","RURAL","1"
"25/10/2003","20","CESAR","20013","AGUSTIN CODAZZI","RURAL","1"
"25/10/2003","73","TOLIMA","73024","ALPUJARRA","RURAL","1"
"25/10/2003","73","TOLIMA","73026","ALVARADO","URBANA","1"
"25/10/2003","73","TOLIMA","73067","ATACO","RURAL","1"
"25/10/2003","73","TOLIMA","73067","ATACO","RURAL","1"
"25/10/2003","73","TOLIMA","73067","ATACO","RURAL","1"
"25/10/2003","73","TOLIMA","73067","ATACO","RURAL","1"
"24/10/2003","54","NORTE DE SANTANDER","54670","SAN CALIXTO","URBANA","1"
"24/10/2003","54","NORTE DE SANTANDER","54670","SAN CALIXTO","URBANA","1"
"24/10/2003","76","VALLE DEL CAUCA","76606","RESTREPO","RURAL","1"
"24/10/2003","08","ATLANTICO","08001","BARRANQUILLA","URBANA","1"
"24/10/2003","95","GUAVIARE","95001","SAN JOSE DEL GUAVIARE","RURAL","1"
"24/10/2003","50","META","50711","VISTAHERMOSA","RURAL","1"
"24/10/2003","81","ARAUCA","81065","ARAUQUITA","RURAL","1"
"24/10/2003","52","NARIÑO","52001","PASTO","URBANA","1"
"24/10/2003","54","NORTE DE SANTANDER","54810","TIBU","URBANA","1"
"24/10/2003","47","MAGDALENA","47980","ZONA BANANERA","RURAL","1"
"24/10/2003","54","NORTE DE SANTANDER","54001","CUCUTA","URBANA","1"
"24/10/2003","05","ANTIOQUIA","05313","GRANADA","RURAL","1"
"24/10/2003","52","NARIÑO","52001","PASTO","URBANA","1"
"24/10/2003","52","NARIÑO","52001","PASTO","URBANA","1"
"23/10/2003","73","TOLIMA","73124","CAJAMARCA","RURAL","1"
"23/10/2003","11","BOGOTA D.C.","11001","BOGOTA D.C.","URBANA","1"
"23/10/2003","11","BOGOTA D.C.","11001","BOGOTA D.C.","URBANA","1"
"23/10/2003","81","ARAUCA","81300","FORTUL","URBANA","1"
"23/10/2003","15","BOYACA","15425","MACANAL","RURAL","1"
"22/10/2003","50","META","50330","MESETAS","RURAL","1"
"22/10/2003","05","ANTIOQUIA","05360","ITAGUI","URBANA","1"
"22/10/2003","20","CESAR","20001","VALLEDUPAR","RURAL","1"
"22/10/2003","86","PUTUMAYO","86865","VALLE DEL GUAMUEZ","URBANA","1"
"22/10/2003","08","ATLANTICO","08001","BARRANQUILLA","URBANA","1"
"22/10/2003","11","BOGOTA D.C.","11001","BOGOTA D.C.","URBANA","1"
"22/10/2003","76","VALLE DEL CAUCA","76001","CALI","URBANA","1"
"20/10/2003","41","HUILA","41020","ALGECIRAS","URBANA","1"
"20/10/2003","66","RISARALDA","66318","GUATICA","RURAL","1"
"19/10/2003","25","CUNDINAMARCA","25662","SAN JUAN DE RIOSECO","RURAL","1"
"19/10/2003","68","SANTANDER","68190","CIMITARRA","URBANA","1"
"19/10/2003","18","CAQUETA","18753","SAN VICENTE DEL CAGUAN","URBANA","1"
"18/10/2003","50","META","50711","VISTAHERMOSA","RURAL","1"
"18/10/2003","54","NORTE DE SANTANDER","54810","TIBU","URBANA","1"
"17/10/2003","41","HUILA","41001","NEIVA","URBANA","1"
"17/10/2003","44","LA GUAJIRA","44001","RIOHACHA","RURAL","1"
"17/10/2003","25","CUNDINAMARCA","25438","MEDINA","RURAL","1"
"17/10/2003","54","NORTE DE SANTANDER","54001","CUCUTA","URBANA","1"
"16/10/2003","05","ANTIOQUIA","05001","MEDELLIN","URBANA","1"
"16/10/2003","05","ANTIOQUIA","05001","MEDELLIN","URBANA","1"
"16/10/2003","25","CUNDINAMARCA","25530","PARATEBUENO","RURAL","1"
"16/10/2003","81","ARAUCA","81300","FORTUL","RURAL","1"
"16/10/2003","11","BOGOTA D.C.","11001","BOGOTA D.C.","URBANA","1"
"15/10/2003","25","CUNDINAMARCA","25506","VENECIA","RURAL","1"
"15/10/2003","19","CAUCA","19130","CAJIBIO","RURAL","1"
"15/10/2003","73","TOLIMA","73026","ALVARADO","RURAL","1"
"14/10/2003","44","LA GUAJIRA","44430","MAICAO","URBANA","1"
"14/10/2003","19","CAUCA","19532","PATIA","RURAL","1"
"14/10/2003","20","CESAR","20750","SAN DIEGO","RURAL","1"
"14/10/2003","81","ARAUCA","81736","SARAVENA","URBANA","1"
"14/10/2003","05","ANTIOQUIA","05649","SAN CARLOS","URBANA","1"
"13/10/2003","05","ANTIOQUIA","05649","SAN CARLOS","URBANA","1"
"12/10/2003","05","ANTIOQUIA","05642","SALGAR","RURAL","1"
"12/10/2003","54","NORTE DE SANTANDER","54206","CONVENCION","RURAL","1"
"11/10/2003","05","ANTIOQUIA","05847","URRAO","RURAL","1"
"11/10/2003","41","HUILA","41001","NEIVA","URBANA","1"
"11/10/2003","66","RISARALDA","66318","GUATICA","RURAL","1"
"10/10/2003","05","ANTIOQUIA","05212","COPACABANA","URBANA","1"
"09/10/2003","13","BOLIVAR","13244","EL CARMEN DE BOLIVAR","RURAL","1"
"08/10/2003","50","META","50330","MESETAS","RURAL","1"
"08/10/2003","50","META","50683","SAN JUAN DE ARAMA","RURAL","1"
"08/10/2003","54","NORTE DE SANTANDER","54810","TIBU","RURAL","1"
"08/10/2003","13","BOLIVAR","13894","ZAMBRANO","RURAL","1"
"08/10/2003","11","BOGOTA D.C.","11001","BOGOTA D.C.","URBANA","1"
"06/10/2003","66","RISARALDA","66456","MISTRATO","RURAL","1"
"04/10/2003","81","ARAUCA","81300","FORTUL","RURAL","1"
"04/10/2003","18","CAQUETA","18753","SAN VICENTE DEL CAGUAN","URBANA","1"
"04/10/2003","54","NORTE DE SANTANDER","54820","TOLEDO","URBANA","1"
"03/10/2003","18","CAQUETA","18460","MILAN","RURAL","1"
"02/10/2003","54","NORTE DE SANTANDER","54800","TEORAMA","URBANA","1"
"02/10/2003","11","BOGOTA D.C.","11001","BOGOTA D.C.","URBANA","1"
"01/10/2003","81","ARAUCA","81065","ARAUQUITA","RURAL","1"
"30/09/2003","05","ANTIOQUIA","05847","URRAO","RURAL","1"
"30/09/2003","05","ANTIOQUIA","05847","URRAO","RURAL","1"
"28/09/2003","95","GUAVIARE","95015","CALAMAR","URBANA","1"
"28/09/2003","95","GUAVIARE","95015","CALAMAR","URBANA","1"
"28/09/2003","50","META","50450","PUERTO CONCORDIA","URBANA","1"
"28/09/2003","18","CAQUETA","18001","FLORENCIA","URBANA","1"
"26/09/2003","18","CAQUETA","18753","SAN VICENTE DEL CAGUAN","URBANA","1"
"25/09/2003","81","ARAUCA","81736","SARAVENA","RURAL","1"
"24/09/2003","05","ANTIOQUIA","05360","ITAGUI","URBANA","1"
"24/09/2003","05","ANTIOQUIA","05360","ITAGUI","URBANA","1"
"24/09/2003","05","ANTIOQUIA","05360","ITAGUI","URBANA","1"
"24/09/2003","05","ANTIOQUIA","05001","MEDELLIN","URBANA","1"
"24/09/2003","05","ANTIOQUIA","05001","MEDELLIN","URBANA","1"
"24/09/2003","05","ANTIOQUIA","05001","MEDELLIN","URBANA","1"
"24/09/2003","13","BOLIVAR","13894","ZAMBRANO","RURAL","1"
"23/09/2003","50","META","50330","MESETAS","RURAL","1"
"23/09/2003","50","META","50450","PUERTO CONCORDIA","URBANA","1"
"23/09/2003","52","NARIÑO","52287","FUNES","RURAL","1"
"22/09/2003","52","NARIÑO","52287","FUNES","RURAL","1"
"21/09/2003","05","ANTIOQUIA","05055","ARGELIA","RURAL","1"
"21/09/2003","95","GUAVIARE","95001","SAN JOSE DEL GUAVIARE","URBANA","1"
"21/09/2003","13","BOLIVAR","13244","EL CARMEN DE BOLIVAR","RURAL","1"
"21/09/2003","18","CAQUETA","18001","FLORENCIA","URBANA","1"
"20/09/2003","05","ANTIOQUIA","05040","ANORI","RURAL","1"
"20/09/2003","05","ANTIOQUIA","05150","CAROLINA","RURAL","1"
"20/09/2003","70","SUCRE","70508","OVEJAS","RURAL","1"
"20/09/2003","47","MAGDALENA","47288","FUNDACION","RURAL","1"
"20/09/2003","47","MAGDALENA","47980","ZONA BANANERA","URBANA","1"
"20/09/2003","13","BOLIVAR","13894","ZAMBRANO","RURAL","1"
"19/09/2003","44","LA GUAJIRA","44035","ALBANIA","RURAL","1"
"19/09/2003","44","LA GUAJIRA","44650","SAN JUAN DEL CESAR","RURAL","1"
"19/09/2003","81","ARAUCA","81065","ARAUQUITA","URBANA","1"
"19/09/2003","13","BOLIVAR","13222","CLEMENCIA","RURAL","1"
"19/09/2003","13","BOLIVAR","13001","CARTAGENA DE INDIAS","URBANA","1"
"19/09/2003","13","BOLIVAR","13001","CARTAGENA DE INDIAS","URBANA","1"
"19/09/2003","13","BOLIVAR","13873","VILLANUEVA","RURAL","1"
"18/09/2003","81","ARAUCA","81300","FORTUL","RURAL","1"
"18/09/2003","81","ARAUCA","81736","SARAVENA","RURAL","1"
"18/09/2003","05","ANTIOQUIA","05674","SAN VICENTE FERRER","RURAL","1"
"18/09/2003","05","ANTIOQUIA","05674","SAN VICENTE FERRER","URBANA","1"
"18/09/2003","50","META","50251","EL CASTILLO","RURAL","1"
"17/09/2003","19","CAUCA","19698","SANTANDER DE QUILICHAO","URBANA","1"
"17/09/2003","18","CAQUETA","18001","FLORENCIA","URBANA","1"
"16/09/2003","18","CAQUETA","18410","LA MONTAÑITA","RURAL","1"
"16/09/2003","81","ARAUCA","81065","ARAUQUITA","RURAL","1"
"15/09/2003","70","SUCRE","70742","SAN LUIS DE SINCE","RURAL","1"
"15/09/2003","81","ARAUCA","81065","ARAUQUITA","RURAL","1"
"15/09/2003","05","ANTIOQUIA","05670","SAN ROQUE","RURAL","1"
"14/09/2003","76","VALLE DEL CAUCA","76001","CALI","URBANA","1"
"13/09/2003","50","META","50590","PUERTO RICO","RURAL","1"
"13/09/2003","52","NARIÑO","52399","LA UNION","URBANA","1"
"13/09/2003","52","NARIÑO","52001","PASTO","URBANA","1"
"12/09/2003","05","ANTIOQUIA","05649","SAN CARLOS","RURAL","1"
"12/09/2003","52","NARIÑO","52001","PASTO","URBANA","1"
"10/09/2003","15","BOYACA","15183","CHITA","URBANA","1"
"10/09/2003","18","CAQUETA","18410","LA MONTAÑITA","URBANA","1"
"10/09/2003","18","CAQUETA","18460","MILAN","URBANA","1"
"10/09/2003","05","ANTIOQUIA","05660","SAN LUIS","RURAL","1"
"09/09/2003","05","ANTIOQUIA","05649","SAN CARLOS","RURAL","1"
"09/09/2003","19","CAUCA","19137","CALDONO","RURAL","1"
"09/09/2003","81","ARAUCA","81065","ARAUQUITA","RURAL","1"
"08/09/2003","54","NORTE DE SANTANDER","54810","TIBU","RURAL","1"
"07/09/2003","17","CALDAS","17388","LA MERCED","RURAL","1"
"07/09/2003","81","ARAUCA","81736","SARAVENA","RURAL","1"
"06/09/2003","05","ANTIOQUIA","05887","YARUMAL","URBANA","1"
"06/09/2003","54","NORTE DE SANTANDER","54810","TIBU","URBANA","1"
"05/09/2003","76","VALLE DEL CAUCA","76001","CALI","URBANA","1"
"05/09/2003","76","VALLE DEL CAUCA","76001","CALI","URBANA","1"
"04/09/2003","05","ANTIOQUIA","05001","MEDELLIN","URBANA","1"
"04/09/2003","54","NORTE DE SANTANDER","54800","TEORAMA","URBANA","1"
"03/09/2003","05","ANTIOQUIA","05667","SAN RAFAEL","RURAL","1"
"03/09/2003","18","CAQUETA","18256","EL PAUJIL","RURAL","1"
"02/09/2003","05","ANTIOQUIA","05313","GRANADA","URBANA","1"
"02/09/2003","54","NORTE DE SANTANDER","54810","TIBU","URBANA","1"
"01/09/2003","68","SANTANDER","68780","SURATA","RURAL","1"
"31/08/2003","81","ARAUCA","81001","ARAUCA","URBANA","1"
"29/08/2003","05","ANTIOQUIA","05361","ITUANGO","RURAL","1"
"28/08/2003","05","ANTIOQUIA","05134","CAMPAMENTO","RURAL","1"
"28/08/2003","41","HUILA","41306","GIGANTE","RURAL","1"
"28/08/2003","11","BOGOTA D.C.","11001","BOGOTA D.C.","URBANA","1"
"27/08/2003","20","CESAR","20517","PAILITAS","RURAL","1"
"27/08/2003","41","HUILA","41349","HOBO","RURAL","1"
"27/08/2003","52","NARIÑO","52001","PASTO","URBANA","1"
"27/08/2003","52","NARIÑO","52001","PASTO","URBANA","1"
"26/08/2003","05","ANTIOQUIA","05361","ITUANGO","URBANA","1"
"26/08/2003","54","NORTE DE SANTANDER","54810","TIBU","URBANA","1"
"26/08/2003","54","NORTE DE SANTANDER","54810","TIBU","URBANA","1"
"26/08/2003","52","NARIÑO","52540","POLICARPA","RURAL","1"
"26/08/2003","05","ANTIOQUIA","05652","SAN FRANCISCO","RURAL","1"
"26/08/2003","41","HUILA","41551","PITALITO","URBANA","1"
"26/08/2003","81","ARAUCA","81736","SARAVENA","URBANA","1"
"26/08/2003","54","NORTE DE SANTANDER","54810","TIBU","URBANA","1"
"25/08/2003","41","HUILA","41396","LA PLATA","RURAL","1"
"25/08/2003","18","CAQUETA","18001","FLORENCIA","RURAL","1"
"25/08/2003","18","CAQUETA","18753","SAN VICENTE DEL CAGUAN","URBANA","1"
"25/08/2003","81","ARAUCA","81736","SARAVENA","URBANA","1"
"24/08/2003","05","ANTIOQUIA","05361","ITUANGO","RURAL","1"
"24/08/2003","50","META","50590","PUERTO RICO","URBANA","1"
"23/08/2003","05","ANTIOQUIA","05313","GRANADA","RURAL","1"
"23/08/2003","81","ARAUCA","81065","ARAUQUITA","RURAL","1"
"23/08/2003","15","BOYACA","15667","SAN LUIS DE GACENO","RURAL","1"
"22/08/2003","05","ANTIOQUIA","05313","GRANADA","RURAL","1"
"22/08/2003","50","META","50370","URIBE","RURAL","1"
"22/08/2003","05","ANTIOQUIA","05001","MEDELLIN","URBANA","1"
"22/08/2003","81","ARAUCA","81065","ARAUQUITA","URBANA","1"
"22/08/2003","73","TOLIMA","73411","LIBANO","URBANA","1"
"22/08/2003","18","CAQUETA","18756","SOLANO","URBANA","1"
"22/08/2003","52","NARIÑO","52540","POLICARPA","URBANA","1"
"21/08/2003","76","VALLE DEL CAUCA","76001","CALI","URBANA","1"
"20/08/2003","18","CAQUETA","18001","FLORENCIA","URBANA","1"
"19/08/2003","18","CAQUETA","18205","CURILLO","URBANA","1"
"18/08/2003","76","VALLE DEL CAUCA","76109","BUENAVENTURA","URBANA","1"
"18/08/2003","86","PUTUMAYO","86885","VILLAGARZON","URBANA","1"
"16/08/2003","81","ARAUCA","81065","ARAUQUITA","RURAL","1"
"16/08/2003","15","BOYACA","15790","TASCO","RURAL","1"
"14/08/2003","81","ARAUCA","81001","ARAUCA","RURAL","1"
"14/08/2003","86","PUTUMAYO","86568","PUERTO ASIS","URBANA","1"
"14/08/2003","81","ARAUCA","81736","SARAVENA","URBANA","1"
"13/08/2003","05","ANTIOQUIA","05088","BELLO","URBANA","1"
"13/08/2003","19","CAUCA","19137","CALDONO","RURAL","1"
"13/08/2003","86","PUTUMAYO","86865","VALLE DEL GUAMUEZ","RURAL","1"
"13/08/2003","18","CAQUETA","18001","FLORENCIA","RURAL","1"
"13/08/2003","05","ANTIOQUIA","05690","SANTO DOMINGO","RURAL","1"
"13/08/2003","17","CALDAS","17388","LA MERCED","RURAL","1"
"12/08/2003","86","PUTUMAYO","86320","ORITO","RURAL","1"
"12/08/2003","85","CASANARE","85001","YOPAL","URBANA","1"
"11/08/2003","95","GUAVIARE","95001","SAN JOSE DEL GUAVIARE","RURAL","1"
"11/08/2003","25","CUNDINAMARCA","25040","ANOLAIMA","RURAL","1"
"11/08/2003","25","CUNDINAMARCA","25815","TOCAIMA","RURAL","1"
"11/08/2003","05","ANTIOQUIA","05055","ARGELIA","RURAL","1"
"11/08/2003","81","ARAUCA","81065","ARAUQUITA","RURAL","1"
"11/08/2003","86","PUTUMAYO","86320","ORITO","URBANA","1"
"10/08/2003","73","TOLIMA","73055","ARMERO","URBANA","1"
"10/08/2003","68","SANTANDER","68276","FLORIDABLANCA","URBANA","1"
"10/08/2003","50","META","50287","FUENTE DE ORO","RURAL","1"
"09/08/2003","25","CUNDINAMARCA","25178","CHIPAQUE","RURAL","1"
"09/08/2003","81","ARAUCA","81065","ARAUQUITA","RURAL","1"
"09/08/2003","11","BOGOTA D.C.","11001","BOGOTA D.C.","URBANA","1"
"09/08/2003","05","ANTIOQUIA","05615","RIONEGRO","URBANA","1"
"08/08/2003","85","CASANARE","85010","AGUAZUL","URBANA","1"
"08/08/2003","81","ARAUCA","81736","SARAVENA","URBANA","1"
"08/08/2003","73","TOLIMA","73870","VILLAHERMOSA","URBANA","1"
"08/08/2003","41","HUILA","41349","HOBO","RURAL","1"
"07/08/2003","81","ARAUCA","81300","FORTUL","URBANA","1"
"07/08/2003","70","SUCRE","70001","SINCELEJO","RURAL","1"
"06/08/2003","81","ARAUCA","81065","ARAUQUITA","RURAL","1"
"06/08/2003","15","BOYACA","15804","TIBANA","RURAL","1"
"05/08/2003","25","CUNDINAMARCA","25307","GIRARDOT","URBANA","1"
"05/08/2003","25","CUNDINAMARCA","25120","CABRERA","URBANA","1"
"05/08/2003","86","PUTUMAYO","86320","ORITO","RURAL","1"
"04/08/2003","25","CUNDINAMARCA","25151","CAQUEZA","RURAL","1"
"04/08/2003","15","BOYACA","15425","MACANAL","RURAL","1"
"04/08/2003","18","CAQUETA","18756","SOLANO","URBANA","1"
"04/08/2003","76","VALLE DEL CAUCA","76109","BUENAVENTURA","URBANA","1"
"03/08/2003","15","BOYACA","15755","SOCOTA","RURAL","1"
"03/08/2003","11","BOGOTA D.C.","11001","BOGOTA D.C.","URBANA","1"
"02/08/2003","85","CASANARE","85250","PAZ DE ARIPORO","URBANA","1"
"02/08/2003","86","PUTUMAYO","86320","ORITO","RURAL","1"
"01/08/2003","81","ARAUCA","81794","TAME","RURAL","1"
"01/08/2003","81","ARAUCA","81794","TAME","RURAL","1"
"01/08/2003","81","ARAUCA","81001","ARAUCA","RURAL","1"
"01/08/2003","81","ARAUCA","81736","SARAVENA","RURAL","1"
"31/07/2003","81","ARAUCA","81065","ARAUQUITA","RURAL","1"
"31/07/2003","81","ARAUCA","81736","SARAVENA","URBANA","1"
"31/07/2003","41","HUILA","41001","NEIVA","URBANA","1"
"31/07/2003","41","HUILA","41001","NEIVA","RURAL","1"
"31/07/2003","15","BOYACA","15757","SOCHA","URBANA","1"
"30/07/2003","54","NORTE DE SANTANDER","54670","SAN CALIXTO","URBANA","1"
"30/07/2003","11","BOGOTA D.C.","11001","BOGOTA D.C.","URBANA","1"
"30/07/2003","76","VALLE DEL CAUCA","76001","CALI","URBANA","1"
"30/07/2003","50","META","50573","PUERTO LOPEZ","URBANA","1"
"29/07/2003","25","CUNDINAMARCA","25754","SOACHA","URBANA","1"
"29/07/2003","81","ARAUCA","81736","SARAVENA","URBANA","1"
"29/07/2003","25","CUNDINAMARCA","25823","TOPAIPI","RURAL","1"
"29/07/2003","81","ARAUCA","81794","TAME","RURAL","1"
"27/07/2003","73","TOLIMA","73148","CARMEN DE APICALA","URBANA","1"
"27/07/2003","81","ARAUCA","81794","TAME","RURAL","1"
"27/07/2003","17","CALDAS","17495","NORCASIA","RURAL","1"
"26/07/2003","81","ARAUCA","81065","ARAUQUITA","URBANA","1"
"26/07/2003","13","BOLIVAR","13654","SAN JACINTO","RURAL","1"
"25/07/2003","05","ANTIOQUIA","05197","COCORNA","RURAL","1"
"25/07/2003","05","ANTIOQUIA","05125","CAICEDO","RURAL","1"
"25/07/2003","41","HUILA","41615","RIVERA","RURAL","1"
"25/07/2003","52","NARIÑO","52540","POLICARPA","URBANA","1"
"24/07/2003","50","META","50400","LEJANIAS","RURAL","1"
"24/07/2003","05","ANTIOQUIA","05480","MUTATA","RURAL","1"
"24/07/2003","68","SANTANDER","68444","MATANZA","URBANA","1"
"23/07/2003","18","CAQUETA","18756","SOLANO","URBANA","1"
"22/07/2003","05","ANTIOQUIA","05649","SAN CARLOS","RURAL","1"
"22/07/2003","81","ARAUCA","81736","SARAVENA","URBANA","1"
"22/07/2003","20","CESAR","20400","LA JAGUA DE IBIRICO","RURAL","1"
"22/07/2003","81","ARAUCA","81736","SARAVENA","URBANA","1"
"21/07/2003","05","ANTIOQUIA","05887","YARUMAL","RURAL","1"
"21/07/2003","81","ARAUCA","81736","SARAVENA","URBANA","1"
"21/07/2003","70","SUCRE","70742","SAN LUIS DE SINCE","RURAL","1"
"21/07/2003","81","ARAUCA","81794","TAME","RURAL","1"
"20/07/2003","81","ARAUCA","81736","SARAVENA","RURAL","1"
"19/07/2003","41","HUILA","41001","NEIVA","RURAL","1"
"19/07/2003","81","ARAUCA","81736","SARAVENA","URBANA","1"
"19/07/2003","05","ANTIOQUIA","05197","COCORNA","URBANA","1"
"19/07/2003","05","ANTIOQUIA","05649","SAN CARLOS","RURAL","1"
"18/07/2003","17","CALDAS","17001","MANIZALES","URBANA","1"
"18/07/2003","81","ARAUCA","81300","FORTUL","RURAL","1"
"18/07/2003","81","ARAUCA","81736","SARAVENA","URBANA","1"
"17/07/2003","05","ANTIOQUIA","05649","SAN CARLOS","RURAL","1"
"17/07/2003","81","ARAUCA","81001","ARAUCA","URBANA","1"
"17/07/2003","81","ARAUCA","81065","ARAUQUITA","RURAL","1"
"17/07/2003","81","ARAUCA","81736","SARAVENA","URBANA","1"
"17/07/2003","11","BOGOTA D.C.","11001","BOGOTA D.C.","URBANA","1"
"17/07/2003","73","TOLIMA","73347","HERVEO","RURAL","1"
"16/07/2003","50","META","50251","EL CASTILLO","RURAL","1"
"16/07/2003","05","ANTIOQUIA","05660","SAN LUIS","URBANA","1"
"16/07/2003","81","ARAUCA","81065","ARAUQUITA","RURAL","1"
"16/07/2003","81","ARAUCA","81736","SARAVENA","URBANA","1"
"14/07/2003","68","SANTANDER","68101","BOLIVAR","RURAL","1"
"11/07/2003","85","CASANARE","85001","YOPAL","URBANA","1"
"10/07/2003","50","META","50270","EL DORADO","RURAL","1"
"10/07/2003","81","ARAUCA","81065","ARAUQUITA","URBANA","1"
"10/07/2003","81","ARAUCA","81065","ARAUQUITA","RURAL","1"
"08/07/2003","05","ANTIOQUIA","05001","MEDELLIN","URBANA","1"
"08/07/2003","81","ARAUCA","81736","SARAVENA","RURAL","1"
"06/07/2003","18","CAQUETA","18256","EL PAUJIL","URBANA","1"
"06/07/2003","18","CAQUETA","18410","LA MONTAÑITA","RURAL","1"
"06/07/2003","18","CAQUETA","18410","LA MONTAÑITA","URBANA","1"
"06/07/2003","41","HUILA","41001","NEIVA","URBANA","1"
"05/07/2003","76","VALLE DEL CAUCA","76109","BUENAVENTURA","URBANA","1"
"05/07/2003","05","ANTIOQUIA","05042","SANTA FE DE ANTIOQUIA","RURAL","1"
"05/07/2003","18","CAQUETA","18753","SAN VICENTE DEL CAGUAN","URBANA","1"
"05/07/2003","81","ARAUCA","81794","TAME","RURAL","1"
"05/07/2003","44","LA GUAJIRA","44874","VILLANUEVA","RURAL","1"
"05/07/2003","81","ARAUCA","81736","SARAVENA","URBANA","1"
"04/07/2003","17","CALDAS","17001","MANIZALES","URBANA","1"
"04/07/2003","05","ANTIOQUIA","05887","YARUMAL","RURAL","1"
"03/07/2003","05","ANTIOQUIA","05887","YARUMAL","RURAL","1"
"03/07/2003","81","ARAUCA","81736","SARAVENA","URBANA","1"
"02/07/2003","86","PUTUMAYO","86568","PUERTO ASIS","RURAL","1"
"02/07/2003","19","CAUCA","19743","SILVIA","RURAL","1"
"02/07/2003","81","ARAUCA","81736","SARAVENA","URBANA","1"
"02/07/2003","41","HUILA","41359","ISNOS","URBANA","1"
"02/07/2003","18","CAQUETA","18205","CURILLO","URBANA","1"
"29/06/2003","05","ANTIOQUIA","05483","NARIÑO","URBANA","1"
"28/06/2003","86","PUTUMAYO","86749","SIBUNDOY","URBANA","1"
"27/06/2003","05","ANTIOQUIA","05031","AMALFI","URBANA","1"
"27/06/2003","13","BOLIVAR","13244","EL CARMEN DE BOLIVAR","RURAL","1"
"27/06/2003","86","PUTUMAYO","86001","MOCOA","URBANA","1"
"27/06/2003","68","SANTANDER","68655","SABANA DE TORRES","RURAL","1"
"24/06/2003","66","RISARALDA","66318","GUATICA","RURAL","1"
"24/06/2003","05","ANTIOQUIA","05480","MUTATA","RURAL","1"
"24/06/2003","05","ANTIOQUIA","05001","MEDELLIN","URBANA","1"
"24/06/2003","20","CESAR","20001","VALLEDUPAR","RURAL","1"
"23/06/2003","05","ANTIOQUIA","05649","SAN CARLOS","RURAL","1"
"23/06/2003","81","ARAUCA","81065","ARAUQUITA","URBANA","1"
"22/06/2003","68","SANTANDER","68655","SABANA DE TORRES","RURAL","1"
"21/06/2003","81","ARAUCA","81065","ARAUQUITA","RURAL","1"
"19/06/2003","50","META","50711","VISTAHERMOSA","RURAL","1"
"19/06/2003","05","ANTIOQUIA","05649","SAN CARLOS","RURAL","1"
"19/06/2003","81","ARAUCA","81065","ARAUQUITA","RURAL","1"
"19/06/2003","68","SANTANDER","68655","SABANA DE TORRES","URBANA","1"
"18/06/2003","86","PUTUMAYO","86320","ORITO","RURAL","1"
"16/06/2003","86","PUTUMAYO","86749","SIBUNDOY","RURAL","1"
"15/06/2003","11","BOGOTA D.C.","11001","BOGOTA D.C.","URBANA","1"
"15/06/2003","68","SANTANDER","68780","SURATA","RURAL","1"
"15/06/2003","86","PUTUMAYO","86865","VALLE DEL GUAMUEZ","URBANA","1"
"13/06/2003","54","NORTE DE SANTANDER","54810","TIBU","URBANA","1"
"12/06/2003","05","ANTIOQUIA","05197","COCORNA","RURAL","1"
"12/06/2003","05","ANTIOQUIA","05197","COCORNA","RURAL","1"
"12/06/2003","11","BOGOTA D.C.","11001","BOGOTA D.C.","URBANA","1"
"12/06/2003","13","BOLIVAR","13894","ZAMBRANO","RURAL","1"
"10/06/2003","68","SANTANDER","68276","FLORIDABLANCA","URBANA","1"
"09/06/2003","50","META","50251","EL CASTILLO","RURAL","1"
"08/06/2003","25","CUNDINAMARCA","25324","GUATAQUI","RURAL","1"
"08/06/2003","05","ANTIOQUIA","05315","GUADALUPE","RURAL","1"
"08/06/2003","05","ANTIOQUIA","05197","COCORNA","URBANA","1"
"08/06/2003","86","PUTUMAYO","86749","SIBUNDOY","URBANA","1"
"07/06/2003","81","ARAUCA","81736","SARAVENA","RURAL","1"
"06/06/2003","70","SUCRE","70418","LOS PALMITOS","RURAL","1"
"06/06/2003","52","NARIÑO","52001","PASTO","URBANA","1"
"05/06/2003","05","ANTIOQUIA","05313","GRANADA","RURAL","1"
"04/06/2003","70","SUCRE","70204","COLOSO","RURAL","1"
"03/06/2003","05","ANTIOQUIA","05652","SAN FRANCISCO","URBANA","1"
"03/06/2003","18","CAQUETA","18001","FLORENCIA","URBANA","1"
"03/06/2003","81","ARAUCA","81736","SARAVENA","URBANA","1"
"02/06/2003","05","ANTIOQUIA","05313","GRANADA","URBANA","1"
"31/05/2003","50","META","50251","EL CASTILLO","RURAL","1"
"31/05/2003","05","ANTIOQUIA","05321","GUATAPE","RURAL","1"
"30/05/2003","05","ANTIOQUIA","05313","GRANADA","URBANA","1"
"30/05/2003","19","CAUCA","19256","EL TAMBO","RURAL","1"
"30/05/2003","41","HUILA","41006","ACEVEDO","RURAL","1"
"29/05/2003","11","BOGOTA D.C.","11001","BOGOTA D.C.","URBANA","1"
"29/05/2003","86","PUTUMAYO","86568","PUERTO ASIS","RURAL","1"
"29/05/2003","05","ANTIOQUIA","05890","YOLOMBO","RURAL","1"
"29/05/2003","11","BOGOTA D.C.","11001","BOGOTA D.C.","URBANA","1"
"29/05/2003","17","CALDAS","17001","MANIZALES","URBANA","1"
"28/05/2003","05","ANTIOQUIA","05197","COCORNA","URBANA","1"
"28/05/2003","54","NORTE DE SANTANDER","54810","TIBU","URBANA","1"
"27/05/2003","18","CAQUETA","18753","SAN VICENTE DEL CAGUAN","URBANA","1"
"27/05/2003","76","VALLE DEL CAUCA","76364","JAMUNDI","RURAL","1"
"26/05/2003","11","BOGOTA D.C.","11001","BOGOTA D.C.","URBANA","1"
"25/05/2003","44","LA GUAJIRA","44090","DIBULLA","RURAL","1"
"24/05/2003","70","SUCRE","70473","MORROA","RURAL","1"
"24/05/2003","95","GUAVIARE","95015","CALAMAR","URBANA","1"
"22/05/2003","81","ARAUCA","81065","ARAUQUITA","RURAL","1"
"22/05/2003","52","NARIÑO","52079","BARBACOAS","RURAL","1"
"21/05/2003","81","ARAUCA","81065","ARAUQUITA","RURAL","1"
"21/05/2003","19","CAUCA","19743","SILVIA","URBANA","1"
"20/05/2003","05","ANTIOQUIA","05667","SAN RAFAEL","RURAL","1"
"20/05/2003","05","ANTIOQUIA","05001","MEDELLIN","URBANA","1"
"20/05/2003","73","TOLIMA","73563","PRADO","RURAL","1"
"20/05/2003","25","CUNDINAMARCA","25394","LA PALMA","RURAL","1"
"19/05/2003","81","ARAUCA","81220","CRAVO NORTE","RURAL","1"
"19/05/2003","44","LA GUAJIRA","44110","EL MOLINO","RURAL","1"
"19/05/2003","63","QUINDIO","63302","GENOVA","RURAL","1"
"19/05/2003","11","BOGOTA D.C.","11001","BOGOTA D.C.","URBANA","1"
"18/05/2003","86","PUTUMAYO","86320","ORITO","URBANA","1"
"18/05/2003","73","TOLIMA","73236","DOLORES","URBANA","1"
"17/05/2003","05","ANTIOQUIA","05321","GUATAPE","RURAL","1"
"17/05/2003","05","ANTIOQUIA","05649","SAN CARLOS","RURAL","1"
"17/05/2003","11","BOGOTA D.C.","11001","BOGOTA D.C.","URBANA","1"
"16/05/2003","50","META","50577","PUERTO LLERAS","RURAL","1"
"16/05/2003","73","TOLIMA","73236","DOLORES","RURAL","1"
"16/05/2003","19","CAUCA","19137","CALDONO","RURAL","1"
"15/05/2003","81","ARAUCA","81065","ARAUQUITA","URBANA","1"
"15/05/2003","81","ARAUCA","81736","SARAVENA","URBANA","1"
"14/05/2003","19","CAUCA","19532","PATIA","RURAL","1"
"13/05/2003","05","ANTIOQUIA","05649","SAN CARLOS","RURAL","1"
"13/05/2003","05","ANTIOQUIA","05667","SAN RAFAEL","RURAL","1"
"13/05/2003","05","ANTIOQUIA","05667","SAN RAFAEL","RURAL","1"
"13/05/2003","52","NARIÑO","52435","MALLAMA","RURAL","1"
"13/05/2003","05","ANTIOQUIA","05134","CAMPAMENTO","RURAL","1"
"13/05/2003","68","SANTANDER","68655","SABANA DE TORRES","RURAL","1"
"12/05/2003","19","CAUCA","19110","BUENOS AIRES","RURAL","1"
"11/05/2003","50","META","50350","LA MACARENA","URBANA","1"
"10/05/2003","86","PUTUMAYO","86571","PUERTO GUZMAN","RURAL","1"
"10/05/2003","05","ANTIOQUIA","05842","URAMITA","RURAL","1"
"10/05/2003","41","HUILA","41020","ALGECIRAS","URBANA","1"
"10/05/2003","41","HUILA","41020","ALGECIRAS","URBANA","1"
"10/05/2003","76","VALLE DEL CAUCA","76001","CALI","URBANA","1"
"09/05/2003","63","QUINDIO","63130","CALARCA","RURAL","1"
"09/05/2003","52","NARIÑO","52427","MAGÜI","RURAL","1"
"09/05/2003","19","CAUCA","19001","POPAYAN","RURAL","1"
"09/05/2003","52","NARIÑO","52612","RICAURTE","URBANA","1"
"09/05/2003","73","TOLIMA","73624","ROVIRA","RURAL","1"
"09/05/2003","76","VALLE DEL CAUCA","76275","FLORIDA","RURAL","1"
"09/05/2003","76","VALLE DEL CAUCA","76834","TULUA","RURAL","1"
"09/05/2003","41","HUILA","41206","COLOMBIA","RURAL","1"
"09/05/2003","95","GUAVIARE","95015","CALAMAR","URBANA","1"
"09/05/2003","41","HUILA","41001","NEIVA","URBANA","1"
"09/05/2003","73","TOLIMA","73001","IBAGUE","URBANA","1"
"09/05/2003","19","CAUCA","19473","MORALES","URBANA","1"
"09/05/2003","76","VALLE DEL CAUCA","76520","PALMIRA","RURAL","1"
"08/05/2003","81","ARAUCA","81736","SARAVENA","URBANA","1"
"08/05/2003","76","VALLE DEL CAUCA","76001","CALI","URBANA","1"
"08/05/2003","76","VALLE DEL CAUCA","76001","CALI","URBANA","1"
"08/05/2003","76","VALLE DEL CAUCA","76001","CALI","URBANA","1"
"08/05/2003","76","VALLE DEL CAUCA","76001","CALI","URBANA","1"
"07/05/2003","50","META","50330","MESETAS","RURAL","1"
"07/05/2003","63","QUINDIO","63212","CORDOBA","RURAL","1"
"07/05/2003","25","CUNDINAMARCA","25649","SAN BERNARDO","URBANA","1"
"06/05/2003","25","CUNDINAMARCA","25823","TOPAIPI","RURAL","1"
"06/05/2003","11","BOGOTA D.C.","11001","BOGOTA D.C.","URBANA","1"
"04/05/2003","05","ANTIOQUIA","05360","ITAGUI","URBANA","1"
"04/05/2003","86","PUTUMAYO","86749","SIBUNDOY","URBANA","1"
"02/05/2003","05","ANTIOQUIA","05001","MEDELLIN","URBANA","1"
"02/05/2003","17","CALDAS","17541","PENSILVANIA","RURAL","1"
"01/05/2003","05","ANTIOQUIA","05055","ARGELIA","URBANA","1"
"01/05/2003","50","META","50400","LEJANIAS","RURAL","1"
"01/05/2003","95","GUAVIARE","95200","MIRAFLORES","URBANA","1"
"01/05/2003","54","NORTE DE SANTANDER","54398","LA PLAYA","RURAL","1"
"01/05/2003","20","CESAR","20238","EL COPEY","RURAL","1"
"01/05/2003","05","ANTIOQUIA","05284","FRONTINO","RURAL","1"
"01/05/2003","18","CAQUETA","18001","FLORENCIA","URBANA","1"
"30/04/2003","47","MAGDALENA","47189","CIENAGA","RURAL","1"
"30/04/2003","52","NARIÑO","52356","IPIALES","URBANA","1"
"29/04/2003","05","ANTIOQUIA","05858","VEGACHI","URBANA","1"
"29/04/2003","18","CAQUETA","18256","EL PAUJIL","URBANA","1"
"29/04/2003","18","CAQUETA","18001","FLORENCIA","URBANA","1"
"28/04/2003","81","ARAUCA","81065","ARAUQUITA","RURAL","1"
"28/04/2003","18","CAQUETA","18753","SAN VICENTE DEL CAGUAN","URBANA","1"
"27/04/2003","81","ARAUCA","81065","ARAUQUITA","RURAL","1"
"27/04/2003","81","ARAUCA","81736","SARAVENA","URBANA","1"
"26/04/2003","52","NARIÑO","52001","PASTO","URBANA","1"
"26/04/2003","05","ANTIOQUIA","05887","YARUMAL","RURAL","1"
"25/04/2003","86","PUTUMAYO","86320","ORITO","RURAL","1"
"25/04/2003","68","SANTANDER","68001","BUCARAMANGA","URBANA","1"
"25/04/2003","13","BOLIVAR","13657","SAN JUAN NEPOMUCENO","RURAL","1"
"25/04/2003","05","ANTIOQUIA","05660","SAN LUIS","RURAL","1"
"24/04/2003","05","ANTIOQUIA","05541","PEÑOL","URBANA","1"
"24/04/2003","52","NARIÑO","52001","PASTO","RURAL","1"
"24/04/2003","73","TOLIMA","73585","PURIFICACION","RURAL","1"
"24/04/2003","54","NORTE DE SANTANDER","54810","TIBU","RURAL","1"
"23/04/2003","17","CALDAS","17662","SAMANA","RURAL","1"
"22/04/2003","81","ARAUCA","81065","ARAUQUITA","URBANA","1"
"22/04/2003","13","BOLIVAR","13894","ZAMBRANO","URBANA","1"
"22/04/2003","50","META","50577","PUERTO LLERAS","RURAL","1"
"21/04/2003","05","ANTIOQUIA","05649","SAN CARLOS","RURAL","1"
"21/04/2003","86","PUTUMAYO","86757","SAN MIGUEL","URBANA","1"
"21/04/2003","18","CAQUETA","18001","FLORENCIA","URBANA","1"
"21/04/2003","41","HUILA","41503","OPORAPA","RURAL","1"
"21/04/2003","41","HUILA","41551","PITALITO","URBANA","1"
"20/04/2003","86","PUTUMAYO","86320","ORITO","RURAL","1"
"20/04/2003","86","PUTUMAYO","86320","ORITO","RURAL","1"
"20/04/2003","81","ARAUCA","81736","SARAVENA","URBANA","1"
"20/04/2003","81","ARAUCA","81794","TAME","RURAL","1"
"19/04/2003","41","HUILA","41020","ALGECIRAS","URBANA","1"
"19/04/2003","73","TOLIMA","73236","DOLORES","RURAL","1"
"19/04/2003","73","TOLIMA","73236","DOLORES","RURAL","1"
"18/04/2003","05","ANTIOQUIA","05038","ANGOSTURA","RURAL","1"
"18/04/2003","50","META","50450","PUERTO CONCORDIA","RURAL","1"
"18/04/2003","81","ARAUCA","81065","ARAUQUITA","RURAL","1"
"18/04/2003","73","TOLIMA","73236","DOLORES","URBANA","1"
"17/04/2003","25","CUNDINAMARCA","25662","SAN JUAN DE RIOSECO","RURAL","1"
"17/04/2003","81","ARAUCA","81065","ARAUQUITA","URBANA","1"
"17/04/2003","81","ARAUCA","81300","FORTUL","RURAL","1"
"17/04/2003","05","ANTIOQUIA","05660","SAN LUIS","RURAL","1"
"16/04/2003","41","HUILA","41132","CAMPOALEGRE","RURAL","1"
"16/04/2003","54","NORTE DE SANTANDER","54250","EL TARRA","RURAL","1"
"16/04/2003","76","VALLE DEL CAUCA","76001","CALI","URBANA","1"
"15/04/2003","70","SUCRE","70204","COLOSO","RURAL","1"
"14/04/2003","54","NORTE DE SANTANDER","54810","TIBU","RURAL","1"
"14/04/2003","05","ANTIOQUIA","05134","CAMPAMENTO","URBANA","1"
"13/04/2003","81","ARAUCA","81065","ARAUQUITA","RURAL","1"
"13/04/2003","19","CAUCA","19743","SILVIA","RURAL","1"
"12/04/2003","08","ATLANTICO","08296","GALAPA","URBANA","1"
"12/04/2003","52","NARIÑO","52001","PASTO","URBANA","1"
"12/04/2003","17","CALDAS","17777","SUPIA","RURAL","1"
"10/04/2003","76","VALLE DEL CAUCA","76233","DAGUA","RURAL","1"
"10/04/2003","11","BOGOTA D.C.","11001","BOGOTA D.C.","URBANA","1"
"10/04/2003","11","BOGOTA D.C.","11001","BOGOTA D.C.","URBANA","1"
"10/04/2003","05","ANTIOQUIA","05649","SAN CARLOS","RURAL","1"
"09/04/2003","68","SANTANDER","68547","PIEDECUESTA","URBANA","1"
"09/04/2003","11","BOGOTA D.C.","11001","BOGOTA D.C.","URBANA","1"
"09/04/2003","68","SANTANDER","68547","PIEDECUESTA","URBANA","1"
"08/04/2003","11","BOGOTA D.C.","11001","BOGOTA D.C.","URBANA","1"
"08/04/2003","41","HUILA","41799","TELLO","RURAL","1"
"07/04/2003","68","SANTANDER","68001","BUCARAMANGA","URBANA","1"
"06/04/2003","05","ANTIOQUIA","05021","ALEJANDRIA","RURAL","1"
"06/04/2003","11","BOGOTA D.C.","11001","BOGOTA D.C.","URBANA","1"
"05/04/2003","41","HUILA","41001","NEIVA","URBANA","1"
"05/04/2003","05","ANTIOQUIA","05234","DABEIBA","RURAL","1"
"04/04/2003","27","CHOCO","27245","EL CARMEN DE ATRATO","RURAL","1"
"04/04/2003","81","ARAUCA","81001","ARAUCA","URBANA","1"
"04/04/2003","52","NARIÑO","52612","RICAURTE","URBANA","1"
"04/04/2003","41","HUILA","41807","TIMANA","RURAL","1"
"03/04/2003","50","META","50683","SAN JUAN DE ARAMA","RURAL","1"
"03/04/2003","18","CAQUETA","18479","MORELIA","URBANA","1"
"03/04/2003","18","CAQUETA","18610","SAN JOSE DEL FRAGUA","URBANA","1"
"03/04/2003","18","CAQUETA","18479","MORELIA","URBANA","1"
"02/04/2003","54","NORTE DE SANTANDER","54810","TIBU","URBANA","1"
"02/04/2003","68","SANTANDER","68780","SURATA","RURAL","1"
"02/04/2003","54","NORTE DE SANTANDER","54810","TIBU","RURAL","1"
"01/04/2003","05","ANTIOQUIA","05113","BURITICA","URBANA","1"
"01/04/2003","11","BOGOTA D.C.","11001","BOGOTA D.C.","URBANA","1"
"01/04/2003","15","BOYACA","15248","EL ESPINO","URBANA","1"
"29/03/2003","70","SUCRE","70265","GUARANDA","RURAL","1"
"29/03/2003","52","NARIÑO","52696","SANTA BARBARA","URBANA","1"
"28/03/2003","52","NARIÑO","52250","EL CHARCO","URBANA","1"
"28/03/2003","54","NORTE DE SANTANDER","54810","TIBU","RURAL","1"
"28/03/2003","52","NARIÑO","52696","SANTA BARBARA","URBANA","1"
"28/03/2003","54","NORTE DE SANTANDER","54810","TIBU","RURAL","1"
"28/03/2003","54","NORTE DE SANTANDER","54810","TIBU","URBANA","1"
"28/03/2003","54","NORTE DE SANTANDER","54810","TIBU","RURAL","1"
"28/03/2003","54","NORTE DE SANTANDER","54810","TIBU","RURAL","1"
"27/03/2003","52","NARIÑO","52356","IPIALES","RURAL","1"
"27/03/2003","05","ANTIOQUIA","05541","PEÑOL","RURAL","1"
"27/03/2003","52","NARIÑO","52356","IPIALES","URBANA","1"
"26/03/2003","18","CAQUETA","18247","EL DONCELLO","RURAL","1"
"25/03/2003","41","HUILA","41001","NEIVA","URBANA","1"
"25/03/2003","15","BOYACA","15001","TUNJA","URBANA","1"
"24/03/2003","81","ARAUCA","81736","SARAVENA","URBANA","1"
"24/03/2003","20","CESAR","20011","AGUACHICA","URBANA","1"
"24/03/2003","05","ANTIOQUIA","05038","ANGOSTURA","RURAL","1"
"24/03/2003","11","BOGOTA D.C.","11001","BOGOTA D.C.","URBANA","1"
"24/03/2003","54","NORTE DE SANTANDER","54001","CUCUTA","URBANA","1"
"24/03/2003","18","CAQUETA","18592","PUERTO RICO","URBANA","1"
"24/03/2003","18","CAQUETA","18592","PUERTO RICO","URBANA","1"
"23/03/2003","81","ARAUCA","81736","SARAVENA","URBANA","1"
"22/03/2003","54","NORTE DE SANTANDER","54810","TIBU","URBANA","1"
"22/03/2003","41","HUILA","41551","PITALITO","URBANA","1"
"22/03/2003","05","ANTIOQUIA","05660","SAN LUIS","RURAL","1"
"21/03/2003","81","ARAUCA","81736","SARAVENA","URBANA","1"
"21/03/2003","54","NORTE DE SANTANDER","54810","TIBU","URBANA","1"
"20/03/2003","68","SANTANDER","68773","SUCRE","URBANA","1"
"20/03/2003","05","ANTIOQUIA","05660","SAN LUIS","RURAL","1"
"20/03/2003","18","CAQUETA","18756","SOLANO","URBANA","1"
"19/03/2003","05","ANTIOQUIA","05318","GUARNE","RURAL","1"
"19/03/2003","86","PUTUMAYO","86885","VILLAGARZON","RURAL","1"
"18/03/2003","13","BOLIVAR","13244","EL CARMEN DE BOLIVAR","RURAL","1"
"16/03/2003","68","SANTANDER","68385","LANDAZURI","URBANA","1"
"16/03/2003","86","PUTUMAYO","86569","PUERTO CAICEDO","RURAL","1"
"16/03/2003","25","CUNDINAMARCA","25426","MACHETA","RURAL","1"
"16/03/2003","41","HUILA","41349","HOBO","URBANA","1"
"15/03/2003","81","ARAUCA","81736","SARAVENA","URBANA","1"
"15/03/2003","05","ANTIOQUIA","05660","SAN LUIS","URBANA","1"
"15/03/2003","68","SANTANDER","68101","BOLIVAR","RURAL","1"
"15/03/2003","54","NORTE DE SANTANDER","54001","CUCUTA","URBANA","1"
"15/03/2003","05","ANTIOQUIA","05440","MARINILLA","RURAL","1"
"14/03/2003","52","NARIÑO","52687","SAN LORENZO","URBANA","1"
"13/03/2003","52","NARIÑO","52687","SAN LORENZO","URBANA","1"
"13/03/2003","81","ARAUCA","81736","SARAVENA","URBANA","1"
"13/03/2003","27","CHOCO","27001","QUIBDO","URBANA","1"
"13/03/2003","25","CUNDINAMARCA","25489","NIMAIMA","URBANA","1"
"13/03/2003","47","MAGDALENA","47001","SANTA MARTA","RURAL","1"
"12/03/2003","81","ARAUCA","81220","CRAVO NORTE","RURAL","1"
"12/03/2003","19","CAUCA","19256","EL TAMBO","URBANA","1"
"12/03/2003","81","ARAUCA","81736","SARAVENA","URBANA","1"
"12/03/2003","81","ARAUCA","81736","SARAVENA","URBANA","1"
"12/03/2003","05","ANTIOQUIA","05148","EL CARMEN DE VIBORAL","URBANA","1"
"11/03/2003","11","BOGOTA D.C.","11001","BOGOTA D.C.","URBANA","1"
"11/03/2003","73","TOLIMA","73026","ALVARADO","RURAL","1"
"11/03/2003","81","ARAUCA","81001","ARAUCA","RURAL","1"
"11/03/2003","86","PUTUMAYO","86320","ORITO","RURAL","1"
"11/03/2003","17","CALDAS","17614","RIOSUCIO","RURAL","1"
"11/03/2003","11","BOGOTA D.C.","11001","BOGOTA D.C.","URBANA","1"
"11/03/2003","54","NORTE DE SANTANDER","54250","EL TARRA","RURAL","1"
"10/03/2003","44","LA GUAJIRA","44090","DIBULLA","RURAL","1"
"10/03/2003","44","LA GUAJIRA","44855","URUMITA","RURAL","1"
"10/03/2003","54","NORTE DE SANTANDER","54250","EL TARRA","RURAL","1"
"10/03/2003","11","BOGOTA D.C.","11001","BOGOTA D.C.","URBANA","1"
"10/03/2003","11","BOGOTA D.C.","11001","BOGOTA D.C.","URBANA","1"
"10/03/2003","05","ANTIOQUIA","05670","SAN ROQUE","RURAL","1"
"09/03/2003","52","NARIÑO","52001","PASTO","RURAL","1"
"09/03/2003","41","HUILA","41001","NEIVA","URBANA","1"
"08/03/2003","41","HUILA","41132","CAMPOALEGRE","URBANA","1"
"07/03/2003","18","CAQUETA","18001","FLORENCIA","RURAL","1"
"07/03/2003","81","ARAUCA","81300","FORTUL","URBANA","1"
"06/03/2003","08","ATLANTICO","08001","BARRANQUILLA","URBANA","1"
"06/03/2003","95","GUAVIARE","95001","SAN JOSE DEL GUAVIARE","RURAL","1"
"05/03/2003","66","RISARALDA","66456","MISTRATO","URBANA","1"
"05/03/2003","81","ARAUCA","81736","SARAVENA","URBANA","1"
"05/03/2003","05","ANTIOQUIA","05467","MONTEBELLO","RURAL","1"
"05/03/2003","54","NORTE DE SANTANDER","54001","CUCUTA","URBANA","1"
"04/03/2003","13","BOLIVAR","13873","VILLANUEVA","RURAL","1"
"03/03/2003","86","PUTUMAYO","86320","ORITO","RURAL","1"
"03/03/2003","86","PUTUMAYO","86865","VALLE DEL GUAMUEZ","RURAL","1"
"03/03/2003","86","PUTUMAYO","86757","SAN MIGUEL","RURAL","1"
"03/03/2003","41","HUILA","41349","HOBO","RURAL","1"
"02/03/2003","11","BOGOTA D.C.","11001","BOGOTA D.C.","URBANA","1"
"02/03/2003","05","ANTIOQUIA","05467","MONTEBELLO","RURAL","1"
"01/03/2003","86","PUTUMAYO","86568","PUERTO ASIS","URBANA","1"
"01/03/2003","86","PUTUMAYO","86568","PUERTO ASIS","RURAL","1"
"01/03/2003","25","CUNDINAMARCA","25743","SILVANIA","RURAL","1"
"01/03/2003","18","CAQUETA","18001","FLORENCIA","RURAL","1"
"01/03/2003","25","CUNDINAMARCA","25718","SASAIMA","RURAL","1"
"28/02/2003","63","QUINDIO","63130","CALARCA","RURAL","1"
"28/02/2003","13","BOLIVAR","13244","EL CARMEN DE BOLIVAR","URBANA","1"
"28/02/2003","13","BOLIVAR","13244","EL CARMEN DE BOLIVAR","URBANA","1"
"28/02/2003","11","BOGOTA D.C.","11001","BOGOTA D.C.","URBANA","1"
"28/02/2003","05","ANTIOQUIA","05674","SAN VICENTE FERRER","RURAL","1"
"27/02/2003","81","ARAUCA","81065","ARAUQUITA","URBANA","1"
"27/02/2003","54","NORTE DE SANTANDER","54800","TEORAMA","RURAL","1"
"27/02/2003","66","RISARALDA","66400","LA VIRGINIA","RURAL","1"
"26/02/2003","81","ARAUCA","81065","ARAUQUITA","URBANA","1"
"26/02/2003","81","ARAUCA","81300","FORTUL","RURAL","1"
"26/02/2003","86","PUTUMAYO","86865","VALLE DEL GUAMUEZ","RURAL","1"
"26/02/2003","05","ANTIOQUIA","05134","CAMPAMENTO","RURAL","1"
"25/02/2003","41","HUILA","41359","ISNOS","RURAL","1"
"25/02/2003","41","HUILA","41770","SUAZA","RURAL","1"
"25/02/2003","41","HUILA","41551","PITALITO","RURAL","1"
"25/02/2003","76","VALLE DEL CAUCA","76834","TULUA","URBANA","1"
"25/02/2003","05","ANTIOQUIA","05847","URRAO","RURAL","1"
"23/02/2003","05","ANTIOQUIA","05001","MEDELLIN","URBANA","1"
"23/02/2003","19","CAUCA","19585","PURACE","RURAL","1"
"22/02/2003","13","BOLIVAR","13244","EL CARMEN DE BOLIVAR","RURAL","1"
"22/02/2003","66","RISARALDA","66594","QUINCHIA","RURAL","1"
"22/02/2003","81","ARAUCA","81736","SARAVENA","URBANA","1"
"22/02/2003","68","SANTANDER","68001","BUCARAMANGA","URBANA","1"
"21/02/2003","13","BOLIVAR","13244","EL CARMEN DE BOLIVAR","RURAL","1"
"21/02/2003","25","CUNDINAMARCA","25245","EL COLEGIO","RURAL","1"
"21/02/2003","41","HUILA","41006","ACEVEDO","RURAL","1"
"20/02/2003","86","PUTUMAYO","86320","ORITO","RURAL","1"
"19/02/2003","86","PUTUMAYO","86865","VALLE DEL GUAMUEZ","URBANA","1"
"19/02/2003","68","SANTANDER","68001","BUCARAMANGA","URBANA","1"
"19/02/2003","05","ANTIOQUIA","05847","URRAO","RURAL","1"
"18/02/2003","81","ARAUCA","81065","ARAUQUITA","URBANA","1"
"18/02/2003","76","VALLE DEL CAUCA","76318","GUACARI","RURAL","1"
"18/02/2003","17","CALDAS","17001","MANIZALES","URBANA","1"
"17/02/2003","52","NARIÑO","52356","IPIALES","URBANA","1"
"17/02/2003","86","PUTUMAYO","86569","PUERTO CAICEDO","RURAL","1"
"17/02/2003","86","PUTUMAYO","86569","PUERTO CAICEDO","RURAL","1"
"17/02/2003","54","NORTE DE SANTANDER","54810","TIBU","RURAL","1"
"17/02/2003","52","NARIÑO","52356","IPIALES","URBANA","1"
"16/02/2003","73","TOLIMA","73349","HONDA","URBANA","1"
"16/02/2003","18","CAQUETA","18410","LA MONTAÑITA","URBANA","1"
"16/02/2003","18","CAQUETA","18610","SAN JOSE DEL FRAGUA","URBANA","1"
"16/02/2003","81","ARAUCA","81736","SARAVENA","RURAL","1"
"15/02/2003","85","CASANARE","85010","AGUAZUL","RURAL","1"
"15/02/2003","81","ARAUCA","81736","SARAVENA","RURAL","1"
"15/02/2003","27","CHOCO","27245","EL CARMEN DE ATRATO","URBANA","1"
"15/02/2003","47","MAGDALENA","47189","CIENAGA","RURAL","1"
"15/02/2003","25","CUNDINAMARCA","25754","SOACHA","URBANA","1"
"15/02/2003","11","BOGOTA D.C.","11001","BOGOTA D.C.","URBANA","1"
"14/02/2003","85","CASANARE","85010","AGUAZUL","RURAL","1"
"14/02/2003","81","ARAUCA","81001","ARAUCA","URBANA","1"
"14/02/2003","81","ARAUCA","81065","ARAUQUITA","URBANA","1"
"14/02/2003","47","MAGDALENA","47001","SANTA MARTA","URBANA","1"
"14/02/2003","47","MAGDALENA","47001","SANTA MARTA","URBANA","1"
"14/02/2003","54","NORTE DE SANTANDER","54344","HACARI","URBANA","1"
"14/02/2003","81","ARAUCA","81736","SARAVENA","RURAL","1"
"14/02/2003","41","HUILA","41001","NEIVA","URBANA","1"
"13/02/2003","81","ARAUCA","81065","ARAUQUITA","URBANA","1"
"13/02/2003","18","CAQUETA","18205","CURILLO","URBANA","1"
"12/02/2003","81","ARAUCA","81001","ARAUCA","RURAL","1"
"12/02/2003","18","CAQUETA","18247","EL DONCELLO","URBANA","1"
"12/02/2003","86","PUTUMAYO","86568","PUERTO ASIS","RURAL","1"
"12/02/2003","81","ARAUCA","81736","SARAVENA","URBANA","1"
"12/02/2003","11","BOGOTA D.C.","11001","BOGOTA D.C.","URBANA","1"
"12/02/2003","85","CASANARE","85010","AGUAZUL","URBANA","1"
"12/02/2003","81","ARAUCA","81736","SARAVENA","URBANA","1"
"11/02/2003","81","ARAUCA","81001","ARAUCA","RURAL","1"
"11/02/2003","52","NARIÑO","52110","BUESACO","URBANA","1"
"11/02/2003","13","BOLIVAR","13222","CLEMENCIA","RURAL","1"
"11/02/2003","25","CUNDINAMARCA","25151","CAQUEZA","RURAL","1"
"11/02/2003","05","ANTIOQUIA","05890","YOLOMBO","RURAL","1"
"10/02/2003","81","ARAUCA","81736","SARAVENA","RURAL","1"
"10/02/2003","85","CASANARE","85001","YOPAL","RURAL","1"
"10/02/2003","85","CASANARE","85010","AGUAZUL","URBANA","1"
"10/02/2003","81","ARAUCA","81736","SARAVENA","URBANA","1"
"10/02/2003","85","CASANARE","85001","YOPAL","RURAL","1"
"10/02/2003","85","CASANARE","85001","YOPAL","URBANA","1"
"10/02/2003","05","ANTIOQUIA","05483","NARIÑO","URBANA","1"
"10/02/2003","66","RISARALDA","66001","PEREIRA","URBANA","1"
"10/02/2003","68","SANTANDER","68547","PIEDECUESTA","URBANA","1"
"09/02/2003","81","ARAUCA","81736","SARAVENA","URBANA","1"
"09/02/2003","11","BOGOTA D.C.","11001","BOGOTA D.C.","URBANA","1"
"08/02/2003","13","BOLIVAR","13244","EL CARMEN DE BOLIVAR","RURAL","1"
"08/02/2003","18","CAQUETA","18256","EL PAUJIL","RURAL","1"
"07/02/2003","11","BOGOTA D.C.","11001","BOGOTA D.C.","URBANA","1"
"07/02/2003","18","CAQUETA","18001","FLORENCIA","RURAL","1"
"07/02/2003","73","TOLIMA","73624","ROVIRA","RURAL","1"
"07/02/2003","54","NORTE DE SANTANDER","54250","EL TARRA","RURAL","1"
"07/02/2003","47","MAGDALENA","47189","CIENAGA","RURAL","1"
"06/02/2003","18","CAQUETA","18001","FLORENCIA","URBANA","1"
"06/02/2003","18","CAQUETA","18001","FLORENCIA","RURAL","1"
"06/02/2003","81","ARAUCA","81736","SARAVENA","URBANA","1"
"06/02/2003","27","CHOCO","27787","TADO","URBANA","1"
"06/02/2003","85","CASANARE","85010","AGUAZUL","RURAL","1"
"06/02/2003","54","NORTE DE SANTANDER","54810","TIBU","URBANA","1"
"05/02/2003","85","CASANARE","85010","AGUAZUL","URBANA","1"
"05/02/2003","81","ARAUCA","81736","SARAVENA","URBANA","1"
"05/02/2003","05","ANTIOQUIA","05660","SAN LUIS","RURAL","1"
"04/02/2003","50","META","50330","MESETAS","RURAL","1"
"03/02/2003","76","VALLE DEL CAUCA","76233","DAGUA","URBANA","1"
"03/02/2003","81","ARAUCA","81736","SARAVENA","URBANA","1"
"02/02/2003","08","ATLANTICO","08001","BARRANQUILLA","URBANA","1"
"02/02/2003","17","CALDAS","17001","MANIZALES","URBANA","1"
"01/02/2003","81","ARAUCA","81001","ARAUCA","RURAL","1"
"01/02/2003","81","ARAUCA","81065","ARAUQUITA","RURAL","1"
"01/02/2003","05","ANTIOQUIA","05847","URRAO","RURAL","1"
"01/02/2003","66","RISARALDA","66170","DOSQUEBRADAS","URBANA","1"
"01/02/2003","05","ANTIOQUIA","05660","SAN LUIS","RURAL","1"
"01/02/2003","18","CAQUETA","18753","SAN VICENTE DEL CAGUAN","URBANA","1"
"31/01/2003","86","PUTUMAYO","86569","PUERTO CAICEDO","URBANA","1"
"31/01/2003","47","MAGDALENA","47288","FUNDACION","URBANA","1"
"31/01/2003","54","NORTE DE SANTANDER","54800","TEORAMA","RURAL","1"
"30/01/2003","85","CASANARE","85263","PORE","URBANA","1"
"30/01/2003","81","ARAUCA","81065","ARAUQUITA","URBANA","1"
"30/01/2003","08","ATLANTICO","08078","BARANOA","URBANA","1"
"30/01/2003","05","ANTIOQUIA","05660","SAN LUIS","RURAL","1"
"29/01/2003","17","CALDAS","17001","MANIZALES","RURAL","1"
"28/01/2003","81","ARAUCA","81001","ARAUCA","URBANA","1"
"28/01/2003","41","HUILA","41001","NEIVA","URBANA","1"
"27/01/2003","13","BOLIVAR","13244","EL CARMEN DE BOLIVAR","RURAL","1"
"27/01/2003","13","BOLIVAR","13244","EL CARMEN DE BOLIVAR","RURAL","1"
"26/01/2003","18","CAQUETA","18753","SAN VICENTE DEL CAGUAN","URBANA","1"
"26/01/2003","81","ARAUCA","81794","TAME","RURAL","1"
"26/01/2003","23","CORDOBA","23855","VALENCIA","RURAL","1"
"26/01/2003","81","ARAUCA","81001","ARAUCA","URBANA","1"
"26/01/2003","68","SANTANDER","68615","RIONEGRO","RURAL","1"
"25/01/2003","18","CAQUETA","18753","SAN VICENTE DEL CAGUAN","URBANA","1"
"24/01/2003","18","CAQUETA","18247","EL DONCELLO","URBANA","1"
"24/01/2003","52","NARIÑO","52612","RICAURTE","RURAL","1"
"24/01/2003","81","ARAUCA","81736","SARAVENA","RURAL","1"
"24/01/2003","47","MAGDALENA","47001","SANTA MARTA","URBANA","1"
"23/01/2003","81","ARAUCA","81736","SARAVENA","URBANA","1"
"22/01/2003","81","ARAUCA","81065","ARAUQUITA","RURAL","1"
"22/01/2003","05","ANTIOQUIA","05002","ABEJORRAL","RURAL","1"
"21/01/2003","81","ARAUCA","81736","SARAVENA","URBANA","1"
"21/01/2003","70","SUCRE","70429","MAJAGUAL","RURAL","1"
"20/01/2003","05","ANTIOQUIA","05660","SAN LUIS","URBANA","1"
"20/01/2003","41","HUILA","41807","TIMANA","URBANA","1"
"20/01/2003","08","ATLANTICO","08001","BARRANQUILLA","URBANA","1"
"19/01/2003","54","NORTE DE SANTANDER","54250","EL TARRA","RURAL","1"
"19/01/2003","18","CAQUETA","18001","FLORENCIA","RURAL","1"
"18/01/2003","63","QUINDIO","63001","ARMENIA","URBANA","1"
"18/01/2003","54","NORTE DE SANTANDER","54800","TEORAMA","RURAL","1"
"17/01/2003","18","CAQUETA","18205","CURILLO","URBANA","1"
"17/01/2003","41","HUILA","41001","NEIVA","URBANA","1"
"16/01/2003","05","ANTIOQUIA","05697","EL SANTUARIO","RURAL","1"
"16/01/2003","54","NORTE DE SANTANDER","54001","CUCUTA","URBANA","1"
"16/01/2003","81","ARAUCA","81001","ARAUCA","URBANA","1"
"15/01/2003","68","SANTANDER","68276","FLORIDABLANCA","URBANA","1"
"14/01/2003","94","GUAINIA","94001","INIRIDA","URBANA","1"
"14/01/2003","54","NORTE DE SANTANDER","54670","SAN CALIXTO","RURAL","1"
"14/01/2003","54","NORTE DE SANTANDER","54206","CONVENCION","RURAL","1"
"14/01/2003","54","NORTE DE SANTANDER","54261","EL ZULIA","RURAL","1"
"14/01/2003","05","ANTIOQUIA","05649","SAN CARLOS","URBANA","1"
"13/01/2003","05","ANTIOQUIA","05649","SAN CARLOS","RURAL","1"
"13/01/2003","18","CAQUETA","18479","MORELIA","RURAL","1"
"12/01/2003","81","ARAUCA","81001","ARAUCA","RURAL","1"
"12/01/2003","11","BOGOTA D.C.","11001","BOGOTA D.C.","URBANA","1"
"12/01/2003","54","NORTE DE SANTANDER","54001","CUCUTA","URBANA","1"
"11/01/2003","73","TOLIMA","73001","IBAGUE","RURAL","1"
"11/01/2003","81","ARAUCA","81794","TAME","URBANA","1"
"11/01/2003","25","CUNDINAMARCA","25394","LA PALMA","RURAL","1"
"10/01/2003","63","QUINDIO","63001","ARMENIA","URBANA","1"
"10/01/2003","18","CAQUETA","18592","PUERTO RICO","URBANA","1"
"10/01/2003","68","SANTANDER","68001","BUCARAMANGA","URBANA","1"
"09/01/2003","18","CAQUETA","18247","EL DONCELLO","URBANA","1"
"09/01/2003","81","ARAUCA","81300","FORTUL","RURAL","1"
"09/01/2003","18","CAQUETA","18753","SAN VICENTE DEL CAGUAN","URBANA","1"
"09/01/2003","18","CAQUETA","18753","SAN VICENTE DEL CAGUAN","URBANA","1"
"08/01/2003","81","ARAUCA","81065","ARAUQUITA","RURAL","1"
"08/01/2003","18","CAQUETA","18247","EL DONCELLO","URBANA","1"
"08/01/2003","05","ANTIOQUIA","05660","SAN LUIS","RURAL","1"
"07/01/2003","05","ANTIOQUIA","05197","COCORNA","RURAL","1"
"07/01/2003","68","SANTANDER","68547","PIEDECUESTA","URBANA","1"
"07/01/2003","68","SANTANDER","68547","PIEDECUESTA","URBANA","1"
"06/01/2003","81","ARAUCA","81736","SARAVENA","URBANA","1"
"06/01/2003","11","BOGOTA D.C.","11001","BOGOTA D.C.","URBANA","1"
"06/01/2003","17","CALDAS","17777","SUPIA","RURAL","1"
"05/01/2003","81","ARAUCA","81065","ARAUQUITA","RURAL","1"
"05/01/2003","73","TOLIMA","73124","CAJAMARCA","RURAL","1"
"05/01/2003","05","ANTIOQUIA","05649","SAN CARLOS","RURAL","1"
"05/01/2003","76","VALLE DEL CAUCA","76001","CALI","URBANA","1"
"05/01/2003","19","CAUCA","19532","PATIA","URBANA","1"
"04/01/2003","52","NARIÑO","52356","IPIALES","URBANA","1"
"04/01/2003","52","NARIÑO","52356","IPIALES","URBANA","1"
"04/01/2003","05","ANTIOQUIA","05660","SAN LUIS","RURAL","1"
"03/01/2003","05","ANTIOQUIA","05266","ENVIGADO","URBANA","1"
"02/01/2003","41","HUILA","41001","NEIVA","URBANA","1"
"02/01/2003","66","RISARALDA","66001","PEREIRA","URBANA","1"
"01/01/2003","52","NARIÑO","52356","IPIALES","URBANA","1"
"01/01/2003","05","ANTIOQUIA","05660","SAN LUIS","RURAL","1"
"01/01/2003","52","NARIÑO","52356","IPIALES","URBANA","1"
