{
"type": "FeatureCollection",
"name": "Buenaventura",
"crs": { "type": "name", "properties": { "name": "urn:ogc:def:crs:OGC:1.3:CRS84" } },
"features": [
{ "type": "Feature", "properties": { "MpCodigo": "76109", "MpNombre": "Buenaventura", "MpArea": 6295.93503203, "MpNorma": "Acto Legislativo 2 de 2007, Art.1", "MpCategor": 2, "SHAPE_Leng": 720161.07419700001, "SHAPE_Area": 6295935032.0299997, "MpAltitud": 6, "Restriccio": "“No es apropiada su aplicación para la ubicación exacta de puntos ni para el cálculo de áreas y distancias", "Depto": "Valle del Cauca", "Ley617": "2" }, "geometry": { "type": "MultiPolygon", "coordinates": [ [ [ [ -77.255983603736041, 4.234510914880597 ], [ -77.253485169973089, 4.2341539986992 ], [ -77.251129503126947, 4.232869087216028 ], [ -77.250308588423437, 4.231798330075033 ], [ -77.249487674397628, 4.230049426425554 ], [ -77.248845220936616, 4.227372532433903 ], [ -77.248416917642629, 4.224195952345987 ], [ -77.248416918130175, 4.219484620440782 ], [ -77.24895229662593, 4.213488380212098 ], [ -77.249559058960003, 4.208991196149388 ], [ -77.25002305376951, 4.204494016900422 ], [ -77.250487048510479, 4.200032524561817 ], [ -77.250272897093808, 4.194571661958772 ], [ -77.250237205638626, 4.191787693330286 ], [ -77.250201514012474, 4.189788947830176 ], [ -77.249880285716628, 4.187718815206432 ], [ -77.248416917688729, 4.184435162254865 ], [ -77.246061250439382, 4.180794584769288 ], [ -77.243848352337125, 4.177939230010665 ], [ -77.24060038772167, 4.174370038050436 ], [ -77.237352423788096, 4.171336226277141 ], [ -77.234604147110474, 4.169230405097286 ], [ -77.231784484853776, 4.166803351713543 ], [ -77.229464510659483, 4.164733220550164 ], [ -77.227679914662005, 4.16266309212328 ], [ -77.226180854861795, 4.160557266978107 ], [ -77.224717485761744, 4.158558519579701 ], [ -77.223182733627297, 4.15720222922568 ], [ -77.221826440622067, 4.156345622141273 ], [ -77.220041844687785, 4.155667477228143 ], [ -77.218471400937304, 4.155489015211994 ], [ -77.217293567703862, 4.155738859108794 ], [ -77.215937274455271, 4.155881626345936 ], [ -77.215044976502867, 4.155953011018758 ], [ -77.21379575960421, 4.15677392396775 ], [ -77.212582234382367, 4.157844682691726 ], [ -77.210906937400338, 4.159307323629496 ], [ -77.210043671757191, 4.16051135315224 ], [ -77.209384862460794, 4.161874405224886 ], [ -77.208748771947796, 4.163828114558934 ], [ -77.208135398369691, 4.166054431564062 ], [ -77.207885505954408, 4.167599225229535 ], [ -77.207840070767219, 4.168530641567741 ], [ -77.207544743141099, 4.169348473673113 ], [ -77.207067674962104, 4.169916412845001 ], [ -77.206454301627673, 4.170620654833431 ], [ -77.205954515600752, 4.171438485642119 ], [ -77.205477448023657, 4.172279034079279 ], [ -77.204954944868334, 4.172733385550334 ], [ -77.203841785376767, 4.17309686574771 ], [ -77.202001665747332, 4.173505781787806 ], [ -77.199616324526502, 4.173732958729814 ], [ -77.197526311479294, 4.173732959342546 ], [ -77.195118252465065, 4.173483063682148 ], [ -77.193073675435571, 4.173074149391025 ], [ -77.191483447887379, 4.172756103057049 ], [ -77.189666045390965, 4.172574364626107 ], [ -77.188916366398871, 4.172574365025515 ], [ -77.186849071918743, 4.173187736349725 ], [ -77.184122967439649, 4.174459920210699 ], [ -77.181305994052835, 4.176141014606856 ], [ -77.177444013490458, 4.178503638031915 ], [ -77.174808780024136, 4.180366477385356 ], [ -77.171719195557699, 4.181820399052666 ], [ -77.169947227559334, 4.182501923963713 ], [ -77.167084818807112, 4.18372867037007 ], [ -77.164495020650264, 4.184251173661504 ], [ -77.162995663833811, 4.184364761402728 ], [ -77.161382719076215, 4.184183023084063 ], [ -77.159565315309308, 4.183728670274021 ], [ -77.158088676559132, 4.182978992755811 ], [ -77.156680189308034, 4.18184311518096 ], [ -77.154908221484433, 4.180184736149783 ], [ -77.153363429889197, 4.178253745021341 ], [ -77.152250270921371, 4.176390909755924 ], [ -77.150705478461362, 4.173437632193109 ], [ -77.149410579349521, 4.170893266377397 ], [ -77.148115679542997, 4.168621513198961 ], [ -77.147070674135975, 4.167144872264615 ], [ -77.145798492014677, 4.165441057299486 ], [ -77.144549027934389, 4.164009852902127 ], [ -77.143685761519805, 4.163237459691127 ], [ -77.142830594824517, 4.162783112783418 ], [ -77.143098285886509, 4.161377737186825 ], [ -77.143171214962948, 4.160794887274356 ], [ -77.14305367068566, 4.160373897299234 ], [ -77.142726493004645, 4.159987231257229 ], [ -77.142109316319491, 4.159548514272396 ], [ -77.141127783646212, 4.159191592888645 ], [ -77.140644762732023, 4.159125087178475 ], [ -77.140397793889832, 4.159107015556435 ], [ -77.139976139482442, 4.159046778189491 ], [ -77.13940389400571, 4.158968474205427 ], [ -77.139060546371283, 4.158866069379211 ], [ -77.138699128478251, 4.158679338611623 ], [ -77.138450874011554, 4.158485186051591 ], [ -77.138313615759202, 4.158323941277253 ], [ -77.138187119970851, 4.158119138842865 ], [ -77.138096765084327, 4.157769767050579 ], [ -77.138030504983362, 4.157522798233628 ], [ -77.137970268620919, 4.157305946776397 ], [ -77.137855818819958, 4.156986694611643 ], [ -77.137669086496288, 4.156721656086678 ], [ -77.137307667444304, 4.156348187997802 ], [ -77.136886013297229, 4.155992794283319 ], [ -77.136596878849602, 4.155769920841995 ], [ -77.13639809847939, 4.155667516889972 ], [ -77.136060776166062, 4.155607281950316 ], [ -77.135621049796129, 4.155613308324594 ], [ -77.135295773750769, 4.155685588040837 ], [ -77.135078922888098, 4.155800037388355 ], [ -77.134916285131837, 4.15600484336362 ], [ -77.134771717034894, 4.156263857101833 ], [ -77.134603054599751, 4.15663732274074 ], [ -77.134470535092092, 4.156992720373167 ], [ -77.134338014637478, 4.157167403944111 ], [ -77.134157305993384, 4.157293901311063 ], [ -77.133964549518183, 4.157324017599541 ], [ -77.133687462768791, 4.157317993767335 ], [ -77.133149105798907, 4.15722852639424 ], [ -77.132569108625347, 4.157057500870654 ], [ -77.131847830426551, 4.156633657407885 ], [ -77.131520652795103, 4.156380838757622 ], [ -77.131446294884597, 4.156224684695987 ], [ -77.131505781030739, 4.156053660045917 ], [ -77.13189244549794, 4.155310073631987 ], [ -77.132100650138554, 4.154804436423389 ], [ -77.132227059439913, 4.154269053744287 ], [ -77.132256802894318, 4.153874953731533 ], [ -77.132167572946912, 4.153532905789507 ], [ -77.131974240559074, 4.153220598959805 ], [ -77.131654498541849, 4.152945471157444 ], [ -77.130940655819231, 4.152529066079892 ], [ -77.130628349457922, 4.15215727274362 ], [ -77.130568862666664, 4.151837527746938 ], [ -77.130665529130937, 4.151458299844016 ], [ -77.130903476647944, 4.150922917316951 ], [ -77.131245525942035, 4.150261129207908 ], [ -77.131349627917132, 4.149658820998007 ], [ -77.131342191793365, 4.14936882600586 ], [ -77.131267834159303, 4.148915235008953 ], [ -77.13103732182654, 4.148558314936404 ], [ -77.130524247425313, 4.148015497956881 ], [ -77.129973993599137, 4.14745037136894 ], [ -77.129810405123962, 4.147197553721504 ], [ -77.12974348239095, 4.146981911666162 ], [ -77.129743482847445, 4.146587812316014 ], [ -77.129721174499068, 4.145814481642743 ], [ -77.129661687594634, 4.145301409676406 ], [ -77.129505534624684, 4.144937050294069 ], [ -77.129289894680767, 4.1446470522414 ], [ -77.128866050567495, 4.144327310017387 ], [ -77.128241439043734, 4.144015004442644 ], [ -77.127889996107314, 4.143756301974386 ], [ -77.12755687034435, 4.143435075575026 ], [ -77.126962005784222, 4.1427450308498 ], [ -77.126117296629062, 4.141769452406279 ], [ -77.125546226763987, 4.141269764952309 ], [ -77.125022745171037, 4.140924745274035 ], [ -77.124725312953288, 4.140698697369236 ], [ -77.1244992638551, 4.140389363795598 ], [ -77.124142345169361, 4.139937266879579 ], [ -77.123606966016183, 4.139354298790798 ], [ -77.122797949146175, 4.138652357835795 ], [ -77.121929445530128, 4.137974212942822 ], [ -77.12170339683405, 4.137688675850902 ], [ -77.121513039999172, 4.137391244905934 ], [ -77.121215607958533, 4.137117605832182 ], [ -77.120941969391893, 4.136939149119981 ], [ -77.118360253337741, 4.135023681065879 ], [ -77.117384675172516, 4.134357432291002 ], [ -77.116777913097209, 4.133845849653593 ], [ -77.116325815027764, 4.133346162373948 ], [ -77.11625443068688, 4.133215290370074 ], [ -77.116290122918969, 4.133120111203798 ], [ -77.116516171785449, 4.132917857443293 ], [ -77.117384674798188, 4.132108840122603 ], [ -77.119740341790575, 4.129895943028456 ], [ -77.120477974677272, 4.12905123267768 ], [ -77.121215607687773, 4.128063757021246 ], [ -77.122191186725587, 4.126314852614536 ], [ -77.122690872568739, 4.125339273635338 ], [ -77.12289312745466, 4.124815791624454 ], [ -77.123012100935071, 4.124042467125876 ], [ -77.122968042911694, 4.123191367746712 ], [ -77.122879103786502, 4.122435386859611 ], [ -77.122727907504682, 4.121777238035769 ], [ -77.122496667012896, 4.121056834368421 ], [ -77.122191186708065, 4.120413788848587 ], [ -77.121798575350468, 4.119890307925004 ], [ -77.121394066855558, 4.119521490665831 ], [ -77.120692125485959, 4.11923595664477 ], [ -77.120311412063927, 4.118986113275255 ], [ -77.120085363464582, 4.118724374322658 ], [ -77.119990185156084, 4.118450736383422 ], [ -77.120037773702123, 4.117320489646016 ], [ -77.12013295297497, 4.116844597903073 ], [ -77.120025876947679, 4.116570960147734 ], [ -77.119883108732964, 4.116440091684374 ], [ -77.119383423198826, 4.116095066685536 ], [ -77.118883735443646, 4.115869019133964 ], [ -77.11698016652015, 4.115297951038393 ], [ -77.115671462659051, 4.115238464759454 ], [ -77.115195570844122, 4.115286051124342 ], [ -77.114921932648627, 4.115214669756051 ], [ -77.114683987031455, 4.114941030617375 ], [ -77.114588808461392, 4.114822058577377 ], [ -77.11458880892684, 4.114643595750061 ], [ -77.114624500740646, 4.114417547788281 ], [ -77.114814857849993, 4.113822684578193 ], [ -77.114886241131572, 4.113620428050032 ], [ -77.114767267427126, 4.113441968841944 ], [ -77.114517424381219, 4.113239715728171 ], [ -77.113982045388099, 4.112894691855083 ], [ -77.112625752543465, 4.112014293731696 ], [ -77.112090374605643, 4.11183583239383 ], [ -77.11110289737347, 4.111609783054218 ], [ -77.110186805818913, 4.111538401552768 ], [ -77.109461069931953, 4.111407530197082 ], [ -77.108985178122808, 4.111133891078732 ], [ -77.10819995595439, 4.110800766604149 ], [ -77.107474219426464, 4.110515233011351 ], [ -77.107105403477959, 4.110170213447564 ], [ -77.106784176443028, 4.10961103626766 ], [ -77.106355873826161, 4.108992376346062 ], [ -77.105499267831306, 4.108159564785611 ], [ -77.104833018407433, 4.107731263283332 ], [ -77.104476098913679, 4.107624186277403 ], [ -77.104357126088161, 4.107647981655273 ], [ -77.104263457597412, 4.107703082334235 ], [ -77.10409716288315, 4.107882576412999 ], [ -77.10394611658748, 4.108033620685524 ], [ -77.103744723578473, 4.108335711344597 ], [ -77.103573538537816, 4.108537104973175 ], [ -77.103422493869743, 4.108718361195857 ], [ -77.103241238894796, 4.108899613605094 ], [ -77.103130472908731, 4.109030523172652 ], [ -77.102929079100022, 4.109171494812503 ], [ -77.102626987339931, 4.109352751729941 ], [ -77.102284618554506, 4.109564212669429 ], [ -77.101972457730909, 4.109735398308462 ], [ -77.10162001893174, 4.109967002586713 ], [ -77.101448834747842, 4.110138184715519 ], [ -77.101348137439459, 4.110329508790124 ], [ -77.101277649314468, 4.110661810979892 ], [ -77.101207162193688, 4.111084736338944 ], [ -77.101187022710036, 4.11131633924139 ], [ -77.101116534913999, 4.111477453601666 ], [ -77.100985629048466, 4.11169898776877 ], [ -77.100814443704493, 4.111870172975442 ], [ -77.100451936055165, 4.112182335292529 ], [ -77.100039077885384, 4.112544840686434 ], [ -77.099747057109809, 4.112826793934604 ], [ -77.099535593803949, 4.112987906891177 ], [ -77.099243572932906, 4.113249719261519 ], [ -77.098891133733403, 4.113551809696672 ], [ -77.098639391947231, 4.113773342580533 ], [ -77.09827451448092, 4.114134019388318 ], [ -77.098230013826551, 4.114191500018214 ], [ -77.097385305383199, 4.115309845991722 ], [ -77.097006158668023, 4.11587101314885 ], [ -77.096532558919407, 4.116570648895076 ], [ -77.096317285748441, 4.116850504731558 ], [ -77.096166594933479, 4.116990434238735 ], [ -77.095929794702968, 4.117130357848473 ], [ -77.095542303593092, 4.117205705236016 ], [ -77.09484266632694, 4.117270286131173 ], [ -77.093981575666433, 4.117345634402633 ], [ -77.093572558159281, 4.117420975737431 ], [ -77.093292703166185, 4.117539377745477 ], [ -77.093077429336944, 4.117636249131003 ], [ -77.092894447327623, 4.117797704327238 ], [ -77.092819102401677, 4.117937631574746 ], [ -77.092765284839786, 4.11817443078527 ], [ -77.092722229334271, 4.118852542893952 ], [ -77.092657647639328, 4.119132394681878 ], [ -77.092593066018537, 4.119261559036579 ], [ -77.092453138857252, 4.119390722278344 ], [ -77.092227102590428, 4.119444540663341 ], [ -77.091602810349087, 4.119541416048261 ], [ -77.091301428334802, 4.119605997444977 ], [ -77.09101081119897, 4.119778213968304 ], [ -77.090838593048503, 4.120036541323838 ], [ -77.090741719721834, 4.120294869969898 ], [ -77.090494155654625, 4.120671598183558 ], [ -77.090160483348001, 4.120951449924348 ], [ -77.089740702003056, 4.121145195772253 ], [ -77.089396264745631, 4.121188250270202 ], [ -77.089030300990686, 4.121188249755525 ], [ -77.088621282478016, 4.121177488285855 ], [ -77.08829837411821, 4.121199015335156 ], [ -77.087996991417057, 4.121328178355755 ], [ -77.087404991420001, 4.121747960365048 ], [ -77.086888336898966, 4.122167742147345 ], [ -77.086683827469457, 4.122372251385766 ], [ -77.086533136418609, 4.122501413700165 ], [ -77.086328628040121, 4.122587524089195 ], [ -77.086188700171988, 4.122609050587346 ], [ -77.086070300104453, 4.122565995837407 ], [ -77.085994954916075, 4.122490653194459 ], [ -77.085919608554676, 4.122307668774817 ], [ -77.08591960836641, 4.122060104550227 ], [ -77.085865790997403, 4.12171567144564 ], [ -77.085715099753827, 4.121295889103201 ], [ -77.085467535439761, 4.120833049724889 ], [ -77.085123099817991, 4.120251816241496 ], [ -77.084918590847124, 4.11983203501655 ], [ -77.084703317722557, 4.119283085756103 ], [ -77.084649499753581, 4.118960178074176 ], [ -77.084671026762578, 4.118669560274613 ], [ -77.084703317806046, 4.118475815977915 ], [ -77.084864773074514, 4.118142142870475 ], [ -77.08518768215346, 4.117657775584117 ], [ -77.085413717499094, 4.117216466884895 ], [ -77.085736626747106, 4.116699814842653 ], [ -77.085876554952634, 4.116549120570927 ], [ -77.085908845538242, 4.116463012048541 ], [ -77.085919608741847, 4.116355376246434 ], [ -77.085893604349806, 4.11619341961525 ], [ -77.085790445783971, 4.115860248290406 ], [ -77.085650517879472, 4.115623448371574 ], [ -77.085327609078377, 4.11533282992082 ], [ -77.084961645115783, 4.114913047895936 ], [ -77.0846172085391, 4.114353339284303 ], [ -77.084035971606852, 4.113459955906648 ], [ -77.083670007751138, 4.112835668325612 ], [ -77.083487026961166, 4.112501994837996 ], [ -77.083228698736932, 4.112114500569304 ], [ -77.083034953408585, 4.111877702755165 ], [ -77.082755098980655, 4.111651665831828 ], [ -77.082625934374178, 4.11147944864646 ], [ -77.082518298682061, 4.111285701007521 ], [ -77.082518298450523, 4.111048901100807 ], [ -77.082561352404412, 4.110747521428785 ], [ -77.082561353206444, 4.110478429853109 ], [ -77.082518299081102, 4.110230864554352 ], [ -77.082367607972429, 4.11005864838855 ], [ -77.081947826012907, 4.109875664855852 ], [ -77.081721790126053, 4.109821845850012 ], [ -77.081377352676185, 4.109746501785132 ], [ -77.080210550911801, 4.109689617815993 ], [ -77.079881206543462, 4.109671155164468 ], [ -77.079655171144211, 4.109628100803033 ], [ -77.079407607109459, 4.109520464909648 ], [ -77.079192334164745, 4.109337482013635 ], [ -77.078923242842663, 4.10897152060766 ], [ -77.078621860556424, 4.108562500226347 ], [ -77.078417351550513, 4.108271881876838 ], [ -77.078255896706679, 4.108013556436906 ], [ -77.078191314750427, 4.107873627106479 ], [ -77.078115969452625, 4.107819811594742 ], [ -77.078029860776141, 4.107744464378071 ], [ -77.077943751635146, 4.107722937207176 ], [ -77.077825351621783, 4.107722936809018 ], [ -77.077229246485771, 4.107777625217293 ], [ -77.076749652788138, 4.107837575786588 ], [ -77.076464893477791, 4.107912510806838 ], [ -77.076195123192804, 4.107927498418232 ], [ -77.07601527486085, 4.107852561812712 ], [ -77.075775477773945, 4.107612765001227 ], [ -77.07555066903339, 4.107432917008806 ], [ -77.075235936117224, 4.107357980664605 ], [ -77.0748162907676, 4.107268056787603 ], [ -77.074426621092343, 4.107223094845716 ], [ -77.073872090554474, 4.10704325044692 ], [ -77.073422472057729, 4.106803452392843 ], [ -77.073002828190198, 4.106533679152048 ], [ -77.072882929545756, 4.106158999168615 ], [ -77.072793005538841, 4.105679403712168 ], [ -77.072598170861426, 4.105169836900513 ], [ -77.072508246599284, 4.104660267361461 ], [ -77.072508247035998, 4.104225637815151 ], [ -77.07253822193087, 4.103701079856425 ], [ -77.072763031099427, 4.103206499217213 ], [ -77.072822979469322, 4.10299667865993 ], [ -77.072822979864654, 4.102696932979347 ], [ -77.072778019090066, 4.102127413324198 ], [ -77.072578265569547, 4.101492420068771 ], [ -77.072292730127415, 4.100635812430636 ], [ -77.072050024482991, 4.100093297356333 ], [ -77.071750213026505, 4.099579333136592 ], [ -77.070807947204685, 4.099022537013996 ], [ -77.070136939146394, 4.098836941048317 ], [ -77.069637251869764, 4.098608511196915 ], [ -77.069151841695671, 4.098308701369673 ], [ -77.068580770859072, 4.097780457670516 ], [ -77.068223851882678, 4.097195111892227 ], [ -77.068109637902268, 4.096752530624712 ], [ -77.068081083479129, 4.096495548857606 ], [ -77.0680810841381, 4.096195738198385 ], [ -77.067981147086883, 4.096010139130262 ], [ -77.067795548423163, 4.09611007697455 ], [ -77.067524289419737, 4.096309952971835 ], [ -77.067310138508191, 4.096509825697562 ], [ -77.067067433638456, 4.096723977981058 ], [ -77.066796175072767, 4.096795363755245 ], [ -77.066510639624099, 4.096752530771321 ], [ -77.066253657338834, 4.096524106301173 ], [ -77.066053782617487, 4.096295676592594 ], [ -77.065853908902838, 4.096210013743423 ], [ -77.065611203872621, 4.096267121376741 ], [ -77.065382774991363, 4.096424166831991 ], [ -77.065240007473278, 4.096566934190309 ], [ -77.065225730487612, 4.096766808028192 ], [ -77.065082962556005, 4.097080898390834 ], [ -77.064883088583727, 4.097195112356025 ], [ -77.064554722971479, 4.097209389299564 ], [ -77.06421208085807, 4.097366432186007 ], [ -77.064040758800658, 4.097666243827251 ], [ -77.063897991963159, 4.098208763100131 ], [ -77.063869437517099, 4.098765555380099 ], [ -77.063869438149283, 4.099250966433584 ], [ -77.063840885005959, 4.099664991377677 ], [ -77.063698117202918, 4.099950530310558 ], [ -77.063398304342044, 4.100050464305111 ], [ -77.062984278410497, 4.100164677730451 ], [ -77.062398930425189, 4.100393107079372 ], [ -77.061856413824557, 4.100592984117436 ], [ -77.061156852988375, 4.100978455924092 ], [ -77.060671442370989, 4.101520971973361 ], [ -77.060428738204067, 4.101934997195356 ], [ -77.060271692768382, 4.102463238415328 ], [ -77.060071817841319, 4.102563174739468 ], [ -77.059743453196148, 4.102420408118242 ], [ -77.059300873123121, 4.102349022592243 ], [ -77.058772632967376, 4.102249087646807 ], [ -77.05841571408871, 4.102191979320539 ], [ -77.058173008727849, 4.102263363641016 ], [ -77.05785891978708, 4.102477513609461 ], [ -77.057587660983145, 4.102477513817684 ], [ -77.057273571830322, 4.102306192732399 ], [ -77.057045144129617, 4.101892168407383 ], [ -77.056873822380382, 4.101335373183741 ], [ -77.056574010695925, 4.100136124884611 ], [ -77.056416965679077, 4.099764928949086 ], [ -77.055974386825199, 4.099536499764559 ], [ -77.055603190507966, 4.099607885867571 ], [ -77.055417592408318, 4.099793481578531 ], [ -77.055246271734021, 4.099993358104944 ], [ -77.05508922701911, 4.100064741126303 ], [ -77.054875075446517, 4.100036187097123 ], [ -77.054703753904107, 4.100079019795447 ], [ -77.054403941912483, 4.099979081915263 ], [ -77.054032745700127, 4.099764929409858 ], [ -77.053647273614047, 4.09937945609561 ], [ -77.053233248174948, 4.098722725769654 ], [ -77.052919158587542, 4.098180209591836 ], [ -77.052348087486749, 4.097466369982912 ], [ -77.051991168411888, 4.096952406893566 ], [ -77.051791293787062, 4.096581210993455 ], [ -77.051777016990613, 4.096352782089188 ], [ -77.051719909860424, 4.095895927581265 ], [ -77.051534311560872, 4.095496175571547 ], [ -77.051291606846661, 4.095339130628202 ], [ -77.051048902217076, 4.095167812343631 ], [ -77.050820474130333, 4.09495365872985 ], [ -77.050263679988888, 4.094753786934574 ], [ -77.049949591148362, 4.0947109541226 ], [ -77.049664055765064, 4.094753786915615 ], [ -77.049321414105023, 4.094882277891461 ], [ -77.049007324614692, 4.095153534731429 ], [ -77.048721788345944, 4.095539007562669 ], [ -77.048436253625781, 4.095938755575594 ], [ -77.048222102373757, 4.096267121044478 ], [ -77.04799367421117, 4.096695424739436 ], [ -77.047808075480503, 4.097152284220042 ], [ -77.047665308995619, 4.097623413578706 ], [ -77.047493988204053, 4.097851842669098 ], [ -77.047294112796024, 4.097923228828508 ], [ -77.04707996114071, 4.097837566242931 ], [ -77.046965746395713, 4.097709075720568 ], [ -77.046737318665564, 4.097494923278855 ], [ -77.046394677077913, 4.097223665097846 ], [ -77.046037756878874, 4.097038066194071 ], [ -77.045595178195597, 4.096866745131503 ], [ -77.044824231358334, 4.096809639816148 ], [ -77.044153223711419, 4.096852467944567 ], [ -77.043325172197697, 4.097080898360219 ], [ -77.04285403844078, 4.097423542233391 ], [ -77.042654163769939, 4.097651967432397 ], [ -77.042254413904374, 4.097723352446029 ], [ -77.041911772070151, 4.097609137302115 ], [ -77.041412084852539, 4.097366431930963 ], [ -77.040783907631507, 4.097223664991316 ], [ -77.040298498124244, 4.097266494932684 ], [ -77.039913024632526, 4.097409261740179 ], [ -77.03945616746428, 4.097409261925725 ], [ -77.038628115808251, 4.097366431704796 ], [ -77.038271196358011, 4.097323603071962 ], [ -77.038114152068786, 4.09718083576793 ], [ -77.037971385086749, 4.096823915813538 ], [ -77.03795710811842, 4.09655265806423 ], [ -77.038156982607902, 4.096210014218327 ], [ -77.038356857019338, 4.095924480318613 ], [ -77.038471070944013, 4.095553283978095 ], [ -77.038485347943279, 4.095367684668612 ], [ -77.038399688153859, 4.095196363670632 ], [ -77.038042767495298, 4.094867998257481 ], [ -77.037600189013048, 4.094296927750575 ], [ -77.037414590514061, 4.093797241302794 ], [ -77.037328930188451, 4.093240449165712 ], [ -77.037086225020815, 4.092583714882661 ], [ -77.036843519609562, 4.09205547523432 ], [ -77.036543707518675, 4.091598621124113 ], [ -77.036286726164363, 4.091384468325822 ], [ -77.035944084129838, 4.091284529551052 ], [ -77.03557288770557, 4.091298805961292 ], [ -77.035273076102612, 4.091384467852461 ], [ -77.035173138655537, 4.091527235297414 ], [ -77.035201692123309, 4.091698555659657 ], [ -77.035344459846542, 4.09201264616302 ], [ -77.03531590594099, 4.092369566234661 ], [ -77.03523024581736, 4.092712206381034 ], [ -77.035116031173914, 4.092954910681891 ], [ -77.034944709917298, 4.093154787282533 ], [ -77.034744835869461, 4.093440320844557 ], [ -77.034445023166981, 4.093568811816502 ], [ -77.03418804139649, 4.09346887504991 ], [ -77.033959613118242, 4.093183339774275 ], [ -77.033602694224399, 4.092883529266929 ], [ -77.033302881355539, 4.09265509962861 ], [ -77.032988792466384, 4.092640824318804 ], [ -77.03284602605406, 4.092783590861016 ], [ -77.032888855660786, 4.093040571740306 ], [ -77.033003069616569, 4.093411767956782 ], [ -77.033060176433949, 4.093554535625221 ], [ -77.033031623667355, 4.09388290335936 ], [ -77.032817471632242, 4.093997118307579 ], [ -77.032574766776477, 4.093940007828007 ], [ -77.032274954638382, 4.093825793900566 ], [ -77.031860928819441, 4.09376868936813 ], [ -77.031418348515203, 4.093840071304151 ], [ -77.030961493052743, 4.094168436893058 ], [ -77.030504636020794, 4.094568185602825 ], [ -77.030276207486779, 4.094696677447249 ], [ -77.029933565151154, 4.094768062575837 ], [ -77.029747967099908, 4.094596738933718 ], [ -77.029590923205589, 4.094254100315473 ], [ -77.029533815469108, 4.09378296527045 ], [ -77.029433878505202, 4.093197616043223 ], [ -77.029191173522122, 4.092840697086542 ], [ -77.028919914763051, 4.092726485829056 ], [ -77.02863437955186, 4.092769314152823 ], [ -77.028263183372189, 4.092926357964829 ], [ -77.028034754914529, 4.093111957806739 ], [ -77.027963371573534, 4.093397491706702 ], [ -77.027991924607662, 4.093897179165231 ], [ -77.027963371962272, 4.094268375816564 ], [ -77.027834881018748, 4.094368311196323 ], [ -77.027620728580573, 4.094368310748887 ], [ -77.027220979468041, 4.094354033690321 ], [ -77.026735569977447, 4.094368310727999 ], [ -77.026521418056504, 4.094453972358181 ], [ -77.026450034046604, 4.094639571681131 ], [ -77.026535694953651, 4.094953658736922 ], [ -77.026649908884906, 4.095296302255621 ], [ -77.026692739174848, 4.095710327367619 ], [ -77.026592801802806, 4.096095800229017 ], [ -77.026207329158723, 4.096195737766078 ], [ -77.02569336596865, 4.096352781843583 ], [ -77.025293615783085, 4.096538382426339 ], [ -77.024879590040669, 4.097009513209915 ], [ -77.024565501119596, 4.097466369891438 ], [ -77.024022983832779, 4.097966057017995 ], [ -77.023480466709927, 4.098408636271076 ], [ -77.023166377583721, 4.098836940972543 ], [ -77.023030907106929, 4.099245030909083 ], [ -77.022940537175131, 4.099483281317321 ], [ -77.022915891230838, 4.099696882342349 ], [ -77.022883028780328, 4.099894053723945 ], [ -77.022710503932501, 4.100041932740817 ], [ -77.022455824017669, 4.100066578299176 ], [ -77.022053265631214, 4.100066578354786 ], [ -77.021527474707909, 4.099992639405157 ], [ -77.021239933363674, 4.099992638971219 ], [ -77.020968822683571, 4.100074795846332 ], [ -77.020753605203211, 4.100307446401017 ], [ -77.020496622948627, 4.100764302969304 ], [ -77.020325301886757, 4.101007009045893 ], [ -77.019868444464691, 4.101192605192769 ], [ -77.019397311620068, 4.101206882086166 ], [ -77.019168883558649, 4.101149776105165 ], [ -77.018883347690362, 4.101021285241233 ], [ -77.018826240588226, 4.100878518219554 ], [ -77.018726303389485, 4.100521597564374 ], [ -77.018512152474045, 4.10036455440821 ], [ -77.018041018910353, 4.100364553585959 ], [ -77.017527055613627, 4.100435936832331 ], [ -77.017055921780852, 4.100378831371755 ], [ -77.01672755650192, 4.100293168744083 ], [ -77.016284976926741, 4.100064740801836 ], [ -77.015913781077927, 4.099864866699314 ], [ -77.015685353204461, 4.099593608901553 ], [ -77.015228496156951, 4.099008260428751 ], [ -77.014814469759344, 4.098694173867344 ], [ -77.014528934433756, 4.098437192114177 ], [ -77.01425767598279, 4.098065996407367 ], [ -77.013729435935431, 4.097751904835273 ], [ -77.013244025430069, 4.09778045780777 ], [ -77.012929936625582, 4.097951781197254 ], [ -77.012330313025402, 4.098051720012217 ], [ -77.011887732704864, 4.098008887031119 ], [ -77.011545090420199, 4.097837566373943 ], [ -77.011045404085635, 4.097323603182987 ], [ -77.01060282416023, 4.096723977581473 ], [ -77.010360118509297, 4.096367058338545 ], [ -77.010088861233797, 4.096138629999626 ], [ -77.009532067137698, 4.096010138612827 ], [ -77.00887533507354, 4.096038695245492 ], [ -77.00853269254678, 4.09623856766332 ], [ -77.00810438985306, 4.096595486555194 ], [ -77.007861684803856, 4.096909578123655 ], [ -77.007690363976266, 4.097138004159004 ], [ -77.007590427031715, 4.09732360264293 ], [ -77.007547596150232, 4.097666244249912 ], [ -77.007585667954586, 4.098142138587213 ], [ -77.007395311213116, 4.098546645306632 ], [ -77.006919419214185, 4.098737001643966 ], [ -77.006467320779308, 4.09876079825398 ], [ -77.005253795616554, 4.098665617561549 ], [ -77.004754109009937, 4.098855975372963 ], [ -77.00442098393394, 4.099141510179996 ], [ -77.004183037846019, 4.099712581105947 ], [ -77.004183038047913, 4.100450216868799 ], [ -77.004159244227523, 4.101164052245383 ], [ -77.004087859841249, 4.101806505985047 ], [ -77.003659557011005, 4.102710703779882 ], [ -77.003017101512981, 4.103781459295864 ], [ -77.002612593736188, 4.104447708259385 ], [ -77.002565004985783, 4.104828423739081 ], [ -77.002517415504585, 4.105280520187888 ], [ -77.002422236407099, 4.105708822278685 ], [ -77.002208085929283, 4.106351277165529 ], [ -77.001755988125538, 4.107493418215305 ], [ -77.001089738711528, 4.108873505793223 ], [ -77.000804203956619, 4.109206630585828 ], [ -77.000471078709765, 4.109492164743391 ], [ -77.000090364763707, 4.109753906413916 ], [ -76.999685856953377, 4.110229801232032 ], [ -76.999400322141568, 4.110586716669629 ], [ -76.998948223528529, 4.11137194168453 ], [ -76.998710278156096, 4.111847834181074 ], [ -76.9985913051041, 4.112323725715791 ], [ -76.998496127010512, 4.113251714374596 ], [ -76.998472331986918, 4.113608633985141 ], [ -76.998353359063046, 4.114013140973944 ], [ -76.998067823646281, 4.114536623210196 ], [ -76.99775849367191, 4.115060103644424 ], [ -76.997568137234637, 4.115678764310119 ], [ -76.997615725555562, 4.116535369785193 ], [ -76.997639520990376, 4.116963673377395 ], [ -76.997710904057286, 4.117510948920134 ], [ -76.997806083075389, 4.117891665385936 ], [ -76.997806083188493, 4.118248584641898 ], [ -76.997615725418072, 4.11867688583317 ], [ -76.997377779709595, 4.119128981564004 ], [ -76.997068449807699, 4.11946210717867 ], [ -76.996616351797456, 4.119676260283601 ], [ -76.99614045994673, 4.119747642139791 ], [ -76.995712157015532, 4.119914204902296 ], [ -76.995426621975568, 4.120223533546122 ], [ -76.994998318366569, 4.120390097217137 ], [ -76.994403453564018, 4.120461481276195 ], [ -76.993594437050049, 4.120318714364013 ], [ -76.992856804160425, 4.120175947102445 ], [ -76.991976402400965, 4.119652465102863 ], [ -76.991738457207219, 4.119057600739574 ], [ -76.991238771151231, 4.118105813643529 ], [ -76.990858056642026, 4.11786786891702 ], [ -76.990382164524817, 4.117867869294589 ], [ -76.990072835180513, 4.117986841313606 ], [ -76.989763504818001, 4.118248584568558 ], [ -76.989263817970993, 4.118438938964919 ], [ -76.988859308916801, 4.118391351921968 ], [ -76.988645157988188, 4.118200993942736 ], [ -76.988740336016107, 4.117582335395271 ], [ -76.988621362809695, 4.116606756717774 ], [ -76.988288238645168, 4.116083273546462 ], [ -76.987717168240025, 4.115202871621766 ], [ -76.987336453962044, 4.1147745702033 ], [ -76.986955740821585, 4.11448903273077 ], [ -76.9859325716032, 4.114298678791759 ], [ -76.984885610091055, 4.114489033262818 ], [ -76.984219361140447, 4.114726979703018 ], [ -76.983719673813539, 4.115155286003196 ], [ -76.983434137829107, 4.115559790833546 ], [ -76.983434137912496, 4.115892915813266 ], [ -76.983315164406307, 4.116440190681793 ], [ -76.982982040804416, 4.116701933094102 ], [ -76.981911282578736, 4.11732059192635 ], [ -76.981364006814545, 4.11801063581094 ], [ -76.980727501783605, 4.118718526375464 ], [ -76.980400326253047, 4.118778011696919 ], [ -76.979835204208342, 4.118569809284046 ], [ -76.978972648794269, 4.118450837601416 ], [ -76.978407526582998, 4.118629295568896 ], [ -76.977961377612019, 4.119194418389569 ], [ -76.977693689233988, 4.11970005525289 ], [ -76.977515228779254, 4.120056971954252 ], [ -76.977247539525578, 4.120473378084328 ], [ -76.977098822823962, 4.120711324750066 ], [ -76.977039336862404, 4.121246703111601 ], [ -76.97683113393667, 4.121752340357519 ], [ -76.976503957440414, 4.122109259900765 ], [ -76.976087552407961, 4.122228230956677 ], [ -76.975730632853455, 4.122139000800055 ], [ -76.974630133073646, 4.120443636245516 ], [ -76.973737834704309, 4.119015960815041 ], [ -76.973232198643558, 4.118331863314892 ], [ -76.972637333840467, 4.117766743338791 ], [ -76.971953239246119, 4.117499054247512 ], [ -76.971150170740287, 4.117736998161461 ], [ -76.970495818966256, 4.118242635170062 ], [ -76.969752237884833, 4.118956470628924 ], [ -76.969425061846692, 4.119343134681707 ], [ -76.968949169436968, 4.119402621197767 ], [ -76.968294818105065, 4.119105188196166 ], [ -76.966718424532644, 4.11856980916945 ], [ -76.965796383693018, 4.118450837829073 ], [ -76.96463639544605, 4.118659040599547 ], [ -76.963416923097057, 4.119432366735509 ], [ -76.962643598200486, 4.119997486265487 ], [ -76.96190001541045, 4.120235432799623 ], [ -76.960680543092806, 4.120265174785833 ], [ -76.959520554621847, 4.120175946912203 ], [ -76.958271337664968, 4.120056972392884 ], [ -76.957527756803614, 4.120294918798348 ], [ -76.956516485947233, 4.120860042105368 ], [ -76.955534958076314, 4.120889784195377 ], [ -76.954434457241064, 4.120651839079937 ], [ -76.953750361757699, 4.120116461305126 ], [ -76.95199550938456, 4.118004687255483 ], [ -76.950448859786519, 4.116041633343873 ], [ -76.949121149473442, 4.113958501663299 ], [ -76.948460439625507, 4.113553065829551 ], [ -76.947622803645373, 4.113332635347383 ], [ -76.946476565207689, 4.113134247422954 ], [ -76.945418497997665, 4.113134247256303 ], [ -76.944360431012186, 4.113156290234912 ], [ -76.943170104509761, 4.113090160891551 ], [ -76.942427998645755, 4.112978016374989 ], [ -76.942037964998903, 4.112875378579439 ], [ -76.941750571210747, 4.112649566738385 ], [ -76.941565818208602, 4.112403228673408 ], [ -76.941647929960482, 4.111725800278338 ], [ -76.941914795397395, 4.110781507808846 ], [ -76.942284301821957, 4.109775630146404 ], [ -76.942263773748508, 4.109200841759306 ], [ -76.94207902082367, 4.108728692696573 ], [ -76.941771099129795, 4.108441298657382 ], [ -76.941257895591932, 4.108400242617378 ], [ -76.940765220994734, 4.108379716057426 ], [ -76.939886419816716, 4.108182978809428 ], [ -76.939268432116236, 4.108195593245783 ], [ -76.938877459463043, 4.108334322721639 ], [ -76.938347756169009, 4.108536114602462 ], [ -76.938032455425613, 4.108548728834842 ], [ -76.937691931656204, 4.108435219147512 ], [ -76.937338795906967, 4.108069472777142 ], [ -76.936846928134841, 4.107577603131933 ], [ -76.936506403906336, 4.107199245361223 ], [ -76.936178492262712, 4.106909169098149 ], [ -76.93582535587899, 4.106631702849278 ], [ -76.935522668027957, 4.106379462549373 ], [ -76.935219979784549, 4.106038940679809 ], [ -76.935144307641508, 4.105635356292378 ], [ -76.935005575401817, 4.105307444141417 ], [ -76.934765949066033, 4.105193939072605 ], [ -76.934513708710895, 4.10518132367229 ], [ -76.934311917028865, 4.105332668639166 ], [ -76.93416057302143, 4.105597519733507 ], [ -76.933996617068871, 4.105887595883848 ], [ -76.933807436626026, 4.106038940929574 ], [ -76.933542585196889, 4.106076776309187 ], [ -76.932848925089786, 4.106038940949953 ], [ -76.93191563647521, 4.105938043384869 ], [ -76.930868840525505, 4.106013716134625 ], [ -76.930023837240327, 4.106001103246173 ], [ -76.929229280439074, 4.10602632667621 ], [ -76.928939204939127, 4.105988490836809 ], [ -76.928715208081613, 4.10589581071113 ], [ -76.928366229499119, 4.105649475031989 ], [ -76.928037778401603, 4.105238912346184 ], [ -76.927853026253928, 4.104889933066028 ], [ -76.927750385954383, 4.104458842351082 ], [ -76.9275040480059, 4.104007222724634 ], [ -76.927155069767636, 4.103760885359127 ], [ -76.926682922708892, 4.103699301399383 ], [ -76.926416057054965, 4.103637718640446 ], [ -76.926231303826469, 4.103514550031802 ], [ -76.926108134788166, 4.103329798438506 ], [ -76.925964437927391, 4.103001345429656 ], [ -76.925677043404079, 4.102221278289449 ], [ -76.92551281918135, 4.101728599743997 ], [ -76.925328066189323, 4.101482265996088 ], [ -76.925225426272917, 4.101297510112822 ], [ -76.925061199851214, 4.101153813263876 ], [ -76.923891096870634, 4.100743250004436 ], [ -76.923295781137725, 4.100476383586489 ], [ -76.922720993670879, 4.100332688380225 ], [ -76.921940925167689, 4.100004236779509 ], [ -76.921448248972496, 4.099757900143502 ], [ -76.921017159040233, 4.099162583864454 ], [ -76.920729764553542, 4.098608325253925 ], [ -76.920442370692001, 4.097992481348059 ], [ -76.920011280132542, 4.097499805185543 ], [ -76.919600718052195, 4.097315051927926 ], [ -76.919149098561419, 4.097068718341109 ], [ -76.918615366747332, 4.096986603412754 ], [ -76.918286916586212, 4.096986603002555 ], [ -76.917835297836049, 4.097232941747633 ], [ -76.917239982513763, 4.097479276809165 ], [ -76.916765807623321, 4.097763110799069 ], [ -76.916283021451633, 4.09804920475226 ], [ -76.915782354061804, 4.098120730223012 ], [ -76.915460495462284, 4.098120730113163 ], [ -76.914995589543082, 4.097977683938585 ], [ -76.914745256223512, 4.097745228035047 ], [ -76.914602207831351, 4.097441253067418 ], [ -76.914548564474501, 4.097029990175917 ], [ -76.914566446166191, 4.09649355868653 ], [ -76.914709493801837, 4.095814081757978 ], [ -76.914816779647296, 4.095206125653678 ], [ -76.914977708571357, 4.094401483919189 ], [ -76.915049232981957, 4.094008099193719 ], [ -76.915067114170739, 4.093704123413944 ], [ -76.915083598676929, 4.092592696255862 ], [ -76.914981887880259, 4.091361893628742 ], [ -76.91508452927313, 4.090643410106982 ], [ -76.915146112803583, 4.089883868930761 ], [ -76.915146112859063, 4.089247499371861 ], [ -76.914961360125602, 4.088344259259856 ], [ -76.914981887722888, 4.087995282361623 ], [ -76.914940832147948, 4.087543664444735 ], [ -76.914715021393917, 4.087071514594467 ], [ -76.914366043772262, 4.086168278389359 ], [ -76.914181291074783, 4.085408739126485 ], [ -76.914324987499811, 4.084484970098177 ], [ -76.914201818697222, 4.083602261013448 ], [ -76.913976009457642, 4.0829864185618 ], [ -76.913688615984896, 4.082350045078295 ], [ -76.913339637481599, 4.081836841266804 ], [ -76.912805905956645, 4.081508391420164 ], [ -76.912333758624754, 4.081446807889787 ], [ -76.911430521258694, 4.081795785001499 ], [ -76.910342531227244, 4.082267934581189 ], [ -76.90943929279284, 4.08284272237969 ], [ -76.90855658283273, 4.083294339843845 ], [ -76.907838098881911, 4.083766486340058 ], [ -76.907119613533666, 4.084402860870162 ], [ -76.906791163579598, 4.084731309361919 ], [ -76.906483241588845, 4.084813419991045 ], [ -76.906298488399813, 4.084710781797379 ], [ -76.90607267880425, 4.084402860960052 ], [ -76.90578528463675, 4.083992296772596 ], [ -76.90521049797465, 4.083232754064925 ], [ -76.904697293925707, 4.082637439338239 ], [ -76.904471484468516, 4.08235004465428 ], [ -76.904060922045517, 4.082288461688952 ], [ -76.903629831827587, 4.082308990379561 ], [ -76.902870290831146, 4.082308990277734 ], [ -76.901987580647585, 4.082308989565675 ], [ -76.901515433627409, 4.082288462146237 ], [ -76.90112539955598, 4.082185820075368 ], [ -76.900920117941979, 4.081939481607868 ], [ -76.900920117766958, 4.08169314655451 ], [ -76.901104871636477, 4.081467336435929 ], [ -76.901494905772367, 4.081138887155346 ], [ -76.901741243456399, 4.080789907133108 ], [ -76.901761772262532, 4.080399872295484 ], [ -76.901659130633178, 4.080030366844173 ], [ -76.901700186926433, 4.079352938093244 ], [ -76.901761772194916, 4.078901320227323 ], [ -76.901802827543065, 4.078593397877468 ], [ -76.902090222133964, 4.078408647040833 ], [ -76.902404802742495, 4.078145006121758 ], [ -76.902489984506644, 4.077935920652929 ], [ -76.902551934599288, 4.07765714444912 ], [ -76.902551934928837, 4.077223489775843 ], [ -76.902474496838167, 4.076844043781966 ], [ -76.902254446602512, 4.076520055571139 ], [ -76.902151805825497, 4.075945268116815 ], [ -76.902028636889, 4.075514176755029 ], [ -76.901823356194726, 4.075165200714078 ], [ -76.901392265249342, 4.074898334899292 ], [ -76.901125399380561, 4.074651995562872 ], [ -76.901022758857806, 4.074467244141106 ], [ -76.901125400231834, 4.07411826441803 ], [ -76.901289625058567, 4.07372823197668 ], [ -76.901310152670817, 4.073338196180042 ], [ -76.901186983748644, 4.073030275427531 ], [ -76.900961174868101, 4.072866048437853 ], [ -76.90055061153609, 4.072681295247245 ], [ -76.899975823818792, 4.072537597641941 ], [ -76.899442093230974, 4.072393901205491 ], [ -76.89901100162804, 4.072188621026567 ], [ -76.898600439944772, 4.071819114014597 ], [ -76.898230933181594, 4.071552247899665 ], [ -76.897574032430825, 4.071429078758313 ], [ -76.896711851813194, 4.071305912561954 ], [ -76.895747028817397, 4.071326439999387 ], [ -76.895274881844713, 4.071244325838162 ], [ -76.894679567070455, 4.071305912786466 ], [ -76.894145834735198, 4.071737002727838 ], [ -76.893591576145369, 4.072332318268777 ], [ -76.892790977843518, 4.073173971743508 ], [ -76.892093022138397, 4.073769286776084 ], [ -76.891887741105549, 4.073871929251208 ], [ -76.89170298805648, 4.073871929255361 ], [ -76.891312952983043, 4.073646116917341 ], [ -76.890984502832239, 4.073358723615332 ], [ -76.890532883422964, 4.072824992445344 ], [ -76.890368658878643, 4.072393900557471 ], [ -76.890204433613093, 4.071983339287331 ], [ -76.890019681172532, 4.071572776211158 ], [ -76.890040208780434, 4.071305913249707 ], [ -76.890224962139712, 4.070915877412976 ], [ -76.890245489386544, 4.070690066228568 ], [ -76.890040209136103, 4.070464258791036 ], [ -76.889814398737855, 4.070320562032911 ], [ -76.889362780861674, 4.070094749760792 ], [ -76.889157498609279, 4.069909998896638 ], [ -76.889034330786586, 4.069663660242418 ], [ -76.888808520918957, 4.069191515219105 ], [ -76.888664823424008, 4.068760423987716 ], [ -76.888439015129748, 4.067754546418603 ], [ -76.888295317523117, 4.067549261695616 ], [ -76.888131093134703, 4.067364509594329 ], [ -76.887700001902616, 4.067097644284526 ], [ -76.88735102375081, 4.066995002941438 ], [ -76.886899404694717, 4.066892365009919 ], [ -76.886550426422033, 4.066789722231866 ], [ -76.886160391726406, 4.06658443994401 ], [ -76.886037222708836, 4.066317573961653 ], [ -76.886037222638308, 4.065948068857096 ], [ -76.885914054634725, 4.06533222577038 ], [ -76.885565076277018, 4.06461374231039 ], [ -76.885257153422984, 4.064018424097707 ], [ -76.885072400933552, 4.063607863817771 ], [ -76.884969760683731, 4.062909906706301 ], [ -76.884764479239081, 4.062294060674478 ], [ -76.884497613523237, 4.0619656110523 ], [ -76.884066522637852, 4.061698745279826 ], [ -76.883717544418786, 4.061513992916635 ], [ -76.883101700589165, 4.061575575853749 ], [ -76.882972085515718, 4.061471422820674 ], [ -76.882869129226862, 4.061306693023302 ], [ -76.882834808638336, 4.061039003960498 ], [ -76.882869128826883, 4.060483034889288 ], [ -76.882848536733832, 4.06005747518699 ], [ -76.882869128643179, 4.059755467095665 ], [ -76.882999541180212, 4.059412275269657 ], [ -76.883102498449503, 4.059103401811603 ], [ -76.883184865237453, 4.058712164269277 ], [ -76.883184865006214, 4.058444473977816 ], [ -76.883123089665915, 4.058231695552274 ], [ -76.882916946718268, 4.057880513381857 ], [ -76.882650081900508, 4.057469949631654 ], [ -76.882567969159652, 4.05699780285507 ], [ -76.882761788843794, 4.056672268580162 ], [ -76.883051689180959, 4.056322389202973 ], [ -76.883351584440177, 4.056062478644571 ], [ -76.883491536919891, 4.05565261985663 ], [ -76.883501533899675, 4.055352723738824 ], [ -76.883461546927862, 4.055022838719402 ], [ -76.88329160557484, 4.054523012189811 ], [ -76.883201637052721, 4.054103155069624 ], [ -76.882978531723964, 4.053672246707298 ], [ -76.882813958552205, 4.053460846241715 ], [ -76.88246288140283, 4.053329194861427 ], [ -76.881907009988097, 4.053314564185811 ], [ -76.881351139284291, 4.053197537969551 ], [ -76.88078063807157, 4.052773322010773 ], [ -76.880531958944246, 4.052246705729369 ], [ -76.88041493324377, 4.051720090232905 ], [ -76.879800548782612, 4.05071074489663 ], [ -76.879317818223555, 4.050096358828395 ], [ -76.878586407220183, 4.049540486950794 ], [ -76.877372265542917, 4.049043127088723 ], [ -76.876479944951399, 4.048911476137214 ], [ -76.875529111808362, 4.04877981872473 ], [ -76.874358854538244, 4.048282460065839 ], [ -76.873583560188365, 4.047726588092152 ], [ -76.873173969418872, 4.047170715913472 ], [ -76.872910663011098, 4.046512446657934 ], [ -76.872661982530744, 4.045707896654003 ], [ -76.872647354421687, 4.044917971924431 ], [ -76.872618097609831, 4.044332843770713 ], [ -76.872632726488604, 4.043308868551614 ], [ -76.872661982579899, 4.042255639570608 ], [ -76.872852149478959, 4.041085381777636 ], [ -76.87293991886088, 4.040588023337321 ], [ -76.872983803409412, 4.040032151157918 ], [ -76.872969174438325, 4.03954942138837 ], [ -76.872852149747359, 4.038905779075598 ], [ -76.872618097447486, 4.038437676158819 ], [ -76.872179252172486, 4.038159742033828 ], [ -76.871608751512412, 4.037881804448851 ], [ -76.871257674459926, 4.037677008580089 ], [ -76.870760315590061, 4.037238162648645 ], [ -76.870306841477884, 4.036828576023776 ], [ -76.869999648425107, 4.03636047337893 ], [ -76.869707085054955, 4.035892368959307 ], [ -76.869268238680746, 4.035599805206421 ], [ -76.868668482205393, 4.035160958416356 ], [ -76.868522200202619, 4.034444177991174 ], [ -76.868361289595569, 4.033654253372854 ], [ -76.868141866826988, 4.033186150274666 ], [ -76.867439713124, 4.032366970380225 ], [ -76.86653276411883, 4.031825727973652 ], [ -76.866064660497727, 4.031635558625046 ], [ -76.865406391714913, 4.031518533881686 ], [ -76.864762750496325, 4.031518533897454 ], [ -76.864162993471467, 4.031796470898475 ], [ -76.863416956061599, 4.031869610945344 ], [ -76.862802571046416, 4.03179647079546 ], [ -76.862334467888573, 4.031635559224702 ], [ -76.861778595621587, 4.031460020621403 ], [ -76.861149583122213, 4.03141613708568 ], [ -76.860549826449429, 4.031328367700022 ], [ -76.86031577558596, 4.031196712572764 ], [ -76.860257263286528, 4.03088952097556 ], [ -76.860301147247711, 4.030553074690494 ], [ -76.860257262700458, 4.030158110218609 ], [ -76.860110981124549, 4.029821662927014 ], [ -76.859833044589905, 4.029719263925944 ], [ -76.859451547422722, 4.029751447392887 ], [ -76.859468795482087, 4.029354752928377 ], [ -76.859727508751092, 4.029096040949167 ], [ -76.86031392729241, 4.028699345190702 ], [ -76.860693372455771, 4.028388889116722 ], [ -76.860883097084951, 4.028043936930931 ], [ -76.860917591549452, 4.027664491428556 ], [ -76.86093483872142, 4.027164313712192 ], [ -76.861021077291326, 4.026715873804552 ], [ -76.861038325084806, 4.026422664914102 ], [ -76.861038325197327, 4.025784504997257 ], [ -76.860917592054349, 4.025025614789079 ], [ -76.860262184258403, 4.023594063739377 ], [ -76.860072460923035, 4.022541962334614 ], [ -76.859899985024413, 4.021576100053457 ], [ -76.859658518600099, 4.020661975726173 ], [ -76.859503291066204, 4.019782351313585 ], [ -76.859365309912363, 4.018868230305431 ], [ -76.859572280496465, 4.017678149139158 ], [ -76.859762004224478, 4.016591548640404 ], [ -76.860003469601622, 4.015315228782767 ], [ -76.860313927247347, 4.014694318874068 ], [ -76.860762363944914, 4.014366612174507 ], [ -76.861762723152239, 4.01407340268485 ], [ -76.862832072113747, 4.013486989088259 ], [ -76.863797935819861, 4.012728094711213 ], [ -76.864832790451814, 4.011503515581436 ], [ -76.865453702532335, 4.010641136821397 ], [ -76.866091863184479, 4.009813252691155 ], [ -76.866712775844647, 4.00865766926675 ], [ -76.867661393019318, 4.007571068641474 ], [ -76.867885611152033, 4.007243367341531 ], [ -76.868213314870843, 4.00695015709661 ], [ -76.868713493690805, 4.0067949312128 ], [ -76.869230922164633, 4.006536214424544 ], [ -76.869782843876706, 4.006191263414581 ], [ -76.870317519197215, 4.005622093047616 ], [ -76.870731459834772, 4.005018430190223 ], [ -76.871662829237593, 4.00403531634853 ], [ -76.872507960050925, 4.003500641778764 ], [ -76.873146120654283, 4.003069455230661 ], [ -76.873991251966473, 4.002517533032364 ], [ -76.874939868175503, 4.001965610991101 ], [ -76.875267571670989, 4.001551666755185 ], [ -76.875457294928239, 4.001137723958929 ], [ -76.875629771209205, 4.000775524799721 ], [ -76.875991969986657, 4.000447823114637 ], [ -76.876647377487018, 4.000137365434388 ], [ -76.877406270457058, 3.999964889870903 ], [ -76.878406630272792, 4.000102873061244 ], [ -76.880769547786244, 4.000016631880464 ], [ -76.881528440965212, 3.99986140392541 ], [ -76.882252839029888, 3.999499205195746 ], [ -76.883046227140397, 3.999102510671236 ], [ -76.88383961495154, 3.998550588012637 ], [ -76.884667498539457, 3.997739953285448 ], [ -76.885288411217246, 3.997050049609606 ], [ -76.885823085695833, 3.995980701020732 ], [ -76.886357760873707, 3.994963094757281 ], [ -76.886840693154028, 3.994273189835182 ], [ -76.887496100846377, 3.993583290072673 ], [ -76.88840499111835, 3.992865935706709 ], [ -76.815007989805892, 3.875439698913522 ], [ -76.805606886586105, 3.86039908315737 ], [ -76.805428427729268, 3.860349115780299 ], [ -76.805235691090445, 3.860220626314276 ], [ -76.805021539932895, 3.860070716696786 ], [ -76.804935878887292, 3.860035024598827 ], [ -76.804800249678451, 3.859985057620649 ], [ -76.804693173608356, 3.859899395999384 ], [ -76.804593236624044, 3.859728076562415 ], [ -76.804400500819128, 3.859314048132947 ], [ -76.804300562535929, 3.858921436601316 ], [ -76.804286287150546, 3.858678732186181 ], [ -76.804300562945116, 3.858336092028994 ], [ -76.804379085444623, 3.857993447617792 ], [ -76.804450469250611, 3.857707914321229 ], [ -76.804450468740953, 3.857422380344169 ], [ -76.804357669586281, 3.857115426360865 ], [ -76.804229178699558, 3.856944107441827 ], [ -76.804029305122313, 3.856808477593519 ], [ -76.803700938488859, 3.856672845941097 ], [ -76.803479649112575, 3.856501525397262 ], [ -76.803358296775301, 3.856237404976594 ], [ -76.803215528784577, 3.856001837981266 ], [ -76.803022792409465, 3.855801965794672 ], [ -76.80289430202177, 3.855716302763682 ], [ -76.80278008816795, 3.855673474768524 ], [ -76.802608766746445, 3.855637780859759 ], [ -76.802408892270208, 3.855623503928009 ], [ -76.802316092707869, 3.855580673623832 ], [ -76.80224470872956, 3.855480735772886 ], [ -76.802173325096874, 3.855366522244353 ], [ -76.802109080261872, 3.855209477681932 ], [ -76.802016280821675, 3.855123816704414 ], [ -76.801887789961839, 3.855045296567839 ], [ -76.801645084493018, 3.854766901353776 ], [ -76.801495179264194, 3.854616992271627 ], [ -76.801323858116788, 3.854260076352847 ], [ -76.801131120462699, 3.853838908336748 ], [ -76.80090269275162, 3.853403469143594 ], [ -76.800759924557013, 3.853046548300071 ], [ -76.800574326977795, 3.852432646678036 ], [ -76.800438697788081, 3.852040035878075 ], [ -76.800395868018711, 3.85179733083192 ], [ -76.800331622303958, 3.851476106140201 ], [ -76.800110331544047, 3.850819372281231 ], [ -76.799967565217585, 3.850383932424117 ], [ -76.799817658978753, 3.850012735197355 ], [ -76.799753412649238, 3.849727201151353 ], [ -76.799653476006156, 3.849391695799912 ], [ -76.799453601271026, 3.849041915160706 ], [ -76.799203757505779, 3.848649304253012 ], [ -76.798861114825854, 3.848285246256536 ], [ -76.798304321424126, 3.847699899992373 ], [ -76.798047339949221, 3.847400086676739 ], [ -76.797826050172631, 3.847200213292387 ], [ -76.797483408042424, 3.846986061404983 ], [ -76.797269255493859, 3.8469004004316 ], [ -76.797040827786276, 3.846721939556422 ], [ -76.796862368037154, 3.846536344774032 ], [ -76.796726738636394, 3.846200839135745 ], [ -76.796633939580047, 3.84566546113887 ], [ -76.796555417626124, 3.845301403125714 ], [ -76.796434065171752, 3.845158636305845 ], [ -76.796162807190385, 3.845065836292072 ], [ -76.795791610790118, 3.844987313297575 ], [ -76.795199124508898, 3.844915930577777 ], [ -76.794720852924456, 3.844830268850026 ], [ -76.79450670177873, 3.844751749668732 ], [ -76.794285411680306, 3.844566148737086 ], [ -76.794156920592656, 3.844216368016921 ], [ -76.794114090908366, 3.84380234198447 ], [ -76.794171198140262, 3.84337404091446 ], [ -76.794242582217677, 3.843067088068759 ], [ -76.79434965652375, 3.842838659808761 ], [ -76.794399625593016, 3.842638786150172 ], [ -76.794399625909577, 3.842224762222513 ], [ -76.794392488040259, 3.842053437716026 ], [ -76.794542394308976, 3.841539474355386 ], [ -76.794570946611444, 3.841218249297424 ], [ -76.794528117035711, 3.84101837179192 ], [ -76.794463871969967, 3.84090415783574 ], [ -76.79434965728926, 3.840789943781587 ], [ -76.794078398745313, 3.840682868422069 ], [ -76.793800001843721, 3.840597208645562 ], [ -76.79349305072418, 3.840475856562237 ], [ -76.793307453216215, 3.840361641821087 ], [ -76.793178962815333, 3.840218875332834 ], [ -76.793014779500083, 3.839954754734464 ], [ -76.792936258088659, 3.839590697024351 ], [ -76.792957673043418, 3.839269468989274 ], [ -76.793100439817664, 3.838798337652864 ], [ -76.793164685781321, 3.838548493732164 ], [ -76.793164685839201, 3.838298650886535 ], [ -76.793107579295139, 3.838020255424561 ], [ -76.793057610042609, 3.837684749262836 ], [ -76.793014780106319, 3.837306415423645 ], [ -76.793050471656258, 3.837028018992664 ], [ -76.793107578490094, 3.83677817539301 ], [ -76.793093301627437, 3.83661398957332 ], [ -76.793036194873082, 3.836449806749965 ], [ -76.792921981274105, 3.836207102205034 ], [ -76.792636444765179, 3.835878739202002 ], [ -76.792315217856853, 3.835514680937847 ], [ -76.791983282604846, 3.835238662076676 ], [ -76.791741767801199, 3.835105413080651 ], [ -76.791533564969171, 3.835072099075043 ], [ -76.791175455897857, 3.835072098620341 ], [ -76.790858987861569, 3.835088755936543 ], [ -76.790542519812121, 3.835097084062798 ], [ -76.790301003956486, 3.835088756239685 ], [ -76.79010112957333, 3.835013802660318 ], [ -76.789901254797613, 3.834905537156695 ], [ -76.789768004540193, 3.834763959437661 ], [ -76.789651412244382, 3.834572413351359 ], [ -76.789659740102735, 3.834364210398617 ], [ -76.789734692959883, 3.834039415300629 ], [ -76.789817973957369, 3.833714616614165 ], [ -76.789817973926205, 3.833398149092259 ], [ -76.78982630201719, 3.83288180594842 ], [ -76.789809645466235, 3.832207229081026 ], [ -76.789776332763338, 3.831890761576683 ], [ -76.789618098841444, 3.831582619558671 ], [ -76.789426553046411, 3.831307792859429 ], [ -76.789251662257413, 3.831141230722964 ], [ -76.789001819135464, 3.83091637102086 ], [ -76.788760303308223, 3.830608230957611 ], [ -76.788535443841695, 3.830341734405811 ], [ -76.788343898190263, 3.82997529390473 ], [ -76.788202319629377, 3.829525575870246 ], [ -76.788210647941497, 3.829400653749853 ], [ -76.788277272457066, 3.829250748165219 ], [ -76.788435507204539, 3.829075859267765 ], [ -76.788560429142166, 3.828959264058864 ], [ -76.788643710221137, 3.828751061210938 ], [ -76.78868534972446, 3.828409608836077 ], [ -76.788618725560596, 3.828176423447104 ], [ -76.78851878747011, 3.828051500846093 ], [ -76.788368881573447, 3.827943237041938 ], [ -76.788218976269761, 3.827918249789787 ], [ -76.788002445003499, 3.827951562263257 ], [ -76.787785914184596, 3.828034843943181 ], [ -76.787561055113301, 3.82822638957904 ], [ -76.787436132774047, 3.828417936766693 ], [ -76.787236258575689, 3.828717750306901 ], [ -76.787078024422712, 3.828850998985109 ], [ -76.786719915710449, 3.829075858668667 ], [ -76.786445087955954, 3.829217437601124 ], [ -76.78630350981264, 3.829242421369627 ], [ -76.786203572706555, 3.829209106928193 ], [ -76.786128619831743, 3.829109169555148 ], [ -76.786128619538388, 3.828984248007672 ], [ -76.786186915880577, 3.828859329578815 ], [ -76.78633682175392, 3.828642795945321 ], [ -76.786411774643298, 3.828367967887226 ], [ -76.786386791093875, 3.828143109339456 ], [ -76.786261869153421, 3.827876608878223 ], [ -76.786195244944196, 3.827668406371202 ], [ -76.786186915676822, 3.827518500094258 ], [ -76.786245213277809, 3.82735193793738 ], [ -76.786336821696736, 3.827110424809686 ], [ -76.786353479092455, 3.826877238355129 ], [ -76.786378462557948, 3.826652378410451 ], [ -76.786520041044312, 3.826260955169627 ], [ -76.786578337974518, 3.826027769187283 ], [ -76.786628305748806, 3.825469784408844 ], [ -76.7865866654314, 3.82514499063246 ], [ -76.786520041001182, 3.824970098184875 ], [ -76.78639511892186, 3.824811866003553 ], [ -76.786186915537712, 3.824653630068636 ], [ -76.785953728817987, 3.824528708404841 ], [ -76.785612277231664, 3.824328832972856 ], [ -76.785304135984191, 3.824078992827079 ], [ -76.785195870965197, 3.82382081793126 ], [ -76.785154229908827, 3.823446053160701 ], [ -76.785095934080985, 3.823012991358746 ], [ -76.784962683842039, 3.822621572214918 ], [ -76.784721168204229, 3.822213491979638 ], [ -76.784504636918456, 3.822030274354301 ], [ -76.784238137707092, 3.821938664574872 ], [ -76.783663498066801, 3.821805416945293 ], [ -76.783255419596912, 3.821730462428263 ], [ -76.782872326827984, 3.821705478555493 ], [ -76.782647467431502, 3.82159721409781 ], [ -76.782214406097523, 3.821347371216254 ], [ -76.781839640899022, 3.821039229429751 ], [ -76.781631437712861, 3.820756072035837 ], [ -76.781481531584546, 3.820331338784736 ], [ -76.781423235220174, 3.819948247905506 ], [ -76.781406578508339, 3.819456886822858 ], [ -76.781414906944377, 3.818948874289863 ], [ -76.781573141436141, 3.818066092449867 ], [ -76.781639765792022, 3.81779959404703 ], [ -76.781723047439982, 3.81766634204869 ], [ -76.782031188129153, 3.817474796046421 ], [ -76.782314344206753, 3.817291576806173 ], [ -76.78261415629099, 3.81712501542399 ], [ -76.782705764845687, 3.816991765560791 ], [ -76.782730748475942, 3.816858517673078 ], [ -76.782730749288106, 3.816417125434497 ], [ -76.782705764749309, 3.816050688677962 ], [ -76.782639140203429, 3.815767531579367 ], [ -76.782597498781328, 3.815642611119896 ], [ -76.782489234090946, 3.815542672739284 ], [ -76.782264374974361, 3.815459394925885 ], [ -76.781989546689431, 3.815401096823574 ], [ -76.78160645342804, 3.815401097066475 ], [ -76.781190047683623, 3.815426080106827 ], [ -76.780956861155744, 3.815476047627036 ], [ -76.78054045483303, 3.815542672702938 ], [ -76.780348909178784, 3.815534345168727 ], [ -76.780182347116778, 3.815534344802184 ], [ -76.780040769234432, 3.815476048061252 ], [ -76.779974143819643, 3.815392766857012 ], [ -76.779974143952899, 3.815226204785132 ], [ -76.780090736783322, 3.814868095717883 ], [ -76.780257299956148, 3.814626583285483 ], [ -76.780457173746456, 3.8143933966011 ], [ -76.780806954758503, 3.813893709675882 ], [ -76.781098438609831, 3.813485630418082 ], [ -76.781181720205623, 3.813235785685688 ], [ -76.781173391886682, 3.813010926575858 ], [ -76.78104014216099, 3.812627835346892 ], [ -76.78075698604836, 3.8120448658885 ], [ -76.780465501863759, 3.811595147245249 ], [ -76.780190674988006, 3.811245369060622 ], [ -76.779740956685586, 3.810629085560842 ], [ -76.779491112621969, 3.810312618804975 ], [ -76.779282910158159, 3.810112743080361 ], [ -76.779157988997824, 3.810029461880263 ], [ -76.778966441443018, 3.809929526994089 ], [ -76.778749910969026, 3.809796275178734 ], [ -76.778558363673412, 3.809629712810971 ], [ -76.778275209299935, 3.809329902093008 ], [ -76.778033693102415, 3.808955136199739 ], [ -76.777942083753743, 3.808755261400226 ], [ -76.777967067429088, 3.808547058407 ], [ -76.778042020633322, 3.808355511328396 ], [ -76.778366818004159, 3.808014060384795 ], [ -76.7786749577092, 3.807864155233384 ], [ -76.779124676087335, 3.807772542912528 ], [ -76.779307894940615, 3.807689261809925 ], [ -76.779382848008069, 3.807556013015969 ], [ -76.779382847872299, 3.807406108299402 ], [ -76.779307895249147, 3.80719790525785 ], [ -76.779166316577303, 3.80697304470786 ], [ -76.778874832683314, 3.806773170028269 ], [ -76.778486466434885, 3.806587847053751 ], [ -76.778243171206469, 3.806539186267193 ], [ -76.777990143000181, 3.806500260215544 ], [ -76.777824702076785, 3.806441870591686 ], [ -76.777668993032833, 3.806325086629911 ], [ -76.777357573945139, 3.80586769087129 ], [ -76.777260255594911, 3.805556270891123 ], [ -76.777279719534803, 3.805215658259539 ], [ -76.777445160680713, 3.804894508716847 ], [ -76.777698188529229, 3.804622016161049 ], [ -76.777960947919496, 3.80445657570356 ], [ -76.778282097888564, 3.804378720082472 ], [ -76.778476735058135, 3.804310596671926 ], [ -76.778661639431988, 3.804174352646053 ], [ -76.778778421596073, 3.803901860368909 ], [ -76.778827080861348, 3.803629370863125 ], [ -76.778768689465565, 3.803366610991481 ], [ -76.778632444286757, 3.803025997799699 ], [ -76.778437807422179, 3.802714578213727 ], [ -76.778262634493188, 3.802412892121219 ], [ -76.778097193870408, 3.802208521670111 ], [ -76.777776043104765, 3.801945762064923 ], [ -76.777182402126584, 3.801468903283065 ], [ -76.776754200571943, 3.801060167053224 ], [ -76.77642331843812, 3.800680624823943 ], [ -76.77627734088135, 3.800310815048021 ], [ -76.776238413605029, 3.799950737887791 ], [ -76.776238414020398, 3.7992597797891 ], [ -76.776238414250045, 3.798821845709371 ], [ -76.776160559025342, 3.798393647555792 ], [ -76.775985385799373, 3.797887591164612 ], [ -76.775819944510317, 3.797400997712358 ], [ -76.775771285506252, 3.796924137869266 ], [ -76.775683699815659, 3.796213717422419 ], [ -76.775372280583028, 3.795006967866981 ], [ -76.77503166688841, 3.794101909242919 ], [ -76.774791679996241, 3.793552840941429 ], [ -76.774791679821163, 3.793217643020579 ], [ -76.774804572174219, 3.792676170590755 ], [ -76.774856141136226, 3.792237838110308 ], [ -76.774753002722704, 3.791967101802245 ], [ -76.774121285612509, 3.791425629256129 ], [ -76.773824765954103, 3.791142002796474 ], [ -76.773450892103114, 3.790613419617031 ], [ -76.773064126265979, 3.790007488799095 ], [ -76.77279338958914, 3.789736752844781 ], [ -76.772355055743432, 3.789375768706045 ], [ -76.77203275089505, 3.789079248605771 ], [ -76.771542846755409, 3.788511992162515 ], [ -76.771233434438784, 3.78795762901114 ], [ -76.771014268218764, 3.787364588320532 ], [ -76.771014268156691, 3.787016498995017 ], [ -76.771052943715745, 3.786629732437877 ], [ -76.771014267897328, 3.786165615977791 ], [ -76.770911130234339, 3.785701495888243 ], [ -76.770627502257284, 3.785211590863357 ], [ -76.770253628257734, 3.784592765897284 ], [ -76.769660586552817, 3.78350982106503 ], [ -76.769325389566404, 3.782607369322152 ], [ -76.769235144723083, 3.782246386864147 ], [ -76.768889092677583, 3.781280661389168 ], [ -76.76871777148817, 3.780780973776765 ], [ -76.768175255069849, 3.780124242922291 ], [ -76.767689845034482, 3.779453234908305 ], [ -76.767475694238215, 3.779082039151555 ], [ -76.767475693537634, 3.778853611214673 ], [ -76.767789781826608, 3.778311094224866 ], [ -76.768318022431856, 3.777425933932056 ], [ -76.768689218979247, 3.776626437029313 ], [ -76.768846262424091, 3.776198136157548 ], [ -76.769117522191337, 3.775955431445339 ], [ -76.769403057076801, 3.775798383237765 ], [ -76.769759975677246, 3.77554140116483 ], [ -76.769931297300488, 3.775384356803686 ], [ -76.7699598506954, 3.774927499671575 ], [ -76.770002681124524, 3.774227940081256 ], [ -76.770159726085808, 3.773771082218077 ], [ -76.77045953798492, 3.773271396167591 ], [ -76.770930671008472, 3.772871645932483 ], [ -76.771130545923739, 3.772429067866689 ], [ -76.771273312866327, 3.772114977777529 ], [ -76.771444633596104, 3.771615291419188 ], [ -76.771573124750233, 3.771087049769277 ], [ -76.771958598217878, 3.77025900037175 ], [ -76.772286964228243, 3.769388117038364 ], [ -76.772429730492263, 3.768916981787318 ], [ -76.772586775509936, 3.768403019247751 ], [ -76.772629605894181, 3.767817671145355 ], [ -76.772658159669277, 3.767417921065573 ], [ -76.772858034310289, 3.7671038345838 ], [ -76.773200676608042, 3.766903958234104 ], [ -76.77352904225728, 3.766761190813875 ], [ -76.773728916904545, 3.766547039364939 ], [ -76.77382885360538, 3.766061632047501 ], [ -76.773843131269501, 3.765519111946539 ], [ -76.773957344587757, 3.765119361791052 ], [ -76.774271433534565, 3.764633952228309 ], [ -76.774728290621056, 3.763948669197398 ], [ -76.775056656194479, 3.763520363962955 ], [ -76.775456405684565, 3.763177723806733 ], [ -76.775813324672626, 3.763006400959655 ], [ -76.776384395941875, 3.762920742026166 ], [ -76.777226725178608, 3.762863632912036 ], [ -76.777926286271338, 3.762777974754144 ], [ -76.778640124912926, 3.762478160089592 ], [ -76.779453900159552, 3.762078411341884 ], [ -76.780082078075267, 3.761550171874787 ], [ -76.78071025620099, 3.761136147226429 ], [ -76.781138559222711, 3.760950546044674 ], [ -76.781709629022671, 3.76073639506743 ], [ -76.782523404751743, 3.760679288390353 ], [ -76.782965984544646, 3.760779226653523 ], [ -76.783351456908534, 3.760779226888192 ], [ -76.783893973954733, 3.760707840942899 ], [ -76.784607813238594, 3.760493692588691 ], [ -76.785578632535277, 3.76002255765602 ], [ -76.785892721627462, 3.75982268178586 ], [ -76.786249640553606, 3.759551422898532 ], [ -76.786449515903314, 3.759180227197345 ], [ -76.786706496716391, 3.758794755129247 ], [ -76.786834987850483, 3.758466391546787 ], [ -76.787063417275164, 3.75808091594446 ], [ -76.787234737503837, 3.757852489669674 ], [ -76.787491719660068, 3.757538398568592 ], [ -76.787634487247061, 3.757395632222742 ], [ -76.787762978137508, 3.757138650407982 ], [ -76.787834362256461, 3.756881668267146 ], [ -76.788062789823897, 3.756653239950005 ], [ -76.788476816039065, 3.756424814719124 ], [ -76.788876565644998, 3.756310600157117 ], [ -76.789333421928191, 3.756253490284513 ], [ -76.789776001793342, 3.756239214104078 ], [ -76.790232858523979, 3.756067895094569 ], [ -76.790475563474018, 3.755839465247174 ], [ -76.79087531275195, 3.75516845931178 ], [ -76.791160847736435, 3.754725875862789 ], [ -76.79138927677532, 3.754368957320363 ], [ -76.791617705181139, 3.754211913397238 ], [ -76.791874687289706, 3.754154807765456 ], [ -76.792274436132644, 3.754069145698995 ], [ -76.792502864215137, 3.753797887903937 ], [ -76.792688461424916, 3.753398140299101 ], [ -76.792788399604703, 3.752827067076321 ], [ -76.792959720857127, 3.752327379855521 ], [ -76.79315959587332, 3.751784863706747 ], [ -76.793416576572127, 3.751256623968841 ], [ -76.793545067695348, 3.750928256694902 ], [ -76.793716389896744, 3.750699827712058 ], [ -76.794030478117534, 3.750542784247096 ], [ -76.794458780477697, 3.750357188128872 ], [ -76.794872807578145, 3.750171588272939 ], [ -76.795258279877473, 3.750100207167178 ], [ -76.795772243961167, 3.750128758911106 ], [ -76.796129162865242, 3.750185864726703 ], [ -76.796400421502184, 3.750028820805057 ], [ -76.796700233768291, 3.749814668554721 ], [ -76.796985769152016, 3.749714734092464 ], [ -76.797356964861066, 3.749814668616681 ], [ -76.797728161175726, 3.750043097251769 ], [ -76.798499106107101, 3.750642721678938 ], [ -76.798913131879161, 3.7509996433847 ], [ -76.79935571183205, 3.751185238751492 ], [ -76.799684077437789, 3.751113857392134 ], [ -76.800040996462357, 3.7509282567349 ], [ -76.800497853294956, 3.750885428355377 ], [ -76.800854772711773, 3.750942533398312 ], [ -76.801383012873998, 3.751056747857405 ], [ -76.80173993205581, 3.750956809995416 ], [ -76.802054021257916, 3.750699828027626 ], [ -76.80248232364282, 3.750285801738119 ], [ -76.803124777488804, 3.749343537808419 ], [ -76.803595911815492, 3.748529759558163 ], [ -76.804024214731939, 3.748101457760947 ], [ -76.804409687254989, 3.747701710236132 ], [ -76.804937928049526, 3.747387619089659 ], [ -76.805294846421873, 3.747216299063338 ], [ -76.805937300771092, 3.747102084310178 ], [ -76.80745063751327, 3.7471163604408 ], [ -76.808218114858974, 3.746993012715449 ], [ -76.808432567596569, 3.746993012913603 ], [ -76.808742334292887, 3.747195550983339 ], [ -76.809218896911688, 3.747421918338373 ], [ -76.810040968133492, 3.74762445893023 ], [ -76.810612843201355, 3.747803169185997 ], [ -76.811196633072754, 3.74771977042163 ], [ -76.811804250575832, 3.74754105971575 ], [ -76.812554836803017, 3.747362350023342 ], [ -76.813317337569316, 3.74727895042912 ], [ -76.814091752173368, 3.747290863364506 ], [ -76.814961480088186, 3.747290863338728 ], [ -76.815616752965141, 3.74718364024443 ], [ -76.816319683528732, 3.746969185659984 ], [ -76.816581792770435, 3.74665941728788 ], [ -76.816665191414842, 3.746242424875395 ], [ -76.81655796472316, 3.745777776908334 ], [ -76.816462653018021, 3.745408439785662 ], [ -76.816438823830566, 3.745122502551709 ], [ -76.816426910121322, 3.744681684069009 ], [ -76.816391168012004, 3.744312347041021 ], [ -76.816200543118242, 3.744169375676575 ], [ -76.815902690749112, 3.744109806059073 ], [ -76.815497612547048, 3.743978751092908 ], [ -76.814997222151504, 3.743823867559039 ], [ -76.814699369753825, 3.743633246229785 ], [ -76.814449173911683, 3.743371136440164 ], [ -76.814401517571554, 3.743001799944786 ], [ -76.814341947699148, 3.742549064298487 ], [ -76.814270463143103, 3.742203555085954 ], [ -76.814151322561585, 3.741941445237357 ], [ -76.813901127218642, 3.741572108681352 ], [ -76.813627103579691, 3.741321915688803 ], [ -76.813436478018417, 3.740964490591362 ], [ -76.813364994186657, 3.740607070410275 ], [ -76.813317337687963, 3.740070936296333 ], [ -76.813353079829625, 3.739737342565004 ], [ -76.813448391584799, 3.73926077898152 ], [ -76.813436477542112, 3.73904632572397 ], [ -76.813329251615272, 3.738724649016435 ], [ -76.813174368731495, 3.738355312940297 ], [ -76.812983743855881, 3.737688121802642 ], [ -76.812816947205675, 3.737211558857586 ], [ -76.81273354761943, 3.736794566700735 ], [ -76.812852688982687, 3.73605589393788 ], [ -76.813019486103357, 3.734959800987456 ], [ -76.813150541049055, 3.734471322293782 ], [ -76.813400735595607, 3.734018589963633 ], [ -76.813555618676773, 3.733827964212491 ], [ -76.813901127210627, 3.733387144125443 ], [ -76.814127494952274, 3.732934407811656 ], [ -76.814282377241184, 3.732398273879508 ], [ -76.814473003252985, 3.731671515813254 ], [ -76.814544486949515, 3.731242608625899 ], [ -76.814818511113529, 3.730742217988959 ], [ -76.81502104951889, 3.730372882269956 ], [ -76.815092533759298, 3.730063116099987 ], [ -76.815235502941263, 3.729884404646282 ], [ -76.815557182784218, 3.729622295893778 ], [ -76.815878862806215, 3.729181475890124 ], [ -76.81617671489407, 3.728502374998139 ], [ -76.816343512204227, 3.728085380114051 ], [ -76.816438823456934, 3.727656474922081 ], [ -76.816581793096546, 3.727310965789814 ], [ -76.816831988726108, 3.727156084287788 ], [ -76.817225152966714, 3.727048856984928 ], [ -76.81761831666752, 3.726977374146514 ], [ -76.818011482250412, 3.726822488197203 ], [ -76.818511873040862, 3.726524638216333 ], [ -76.819119489941755, 3.726107645900184 ], [ -76.819619880821648, 3.725631081909277 ], [ -76.820203671096664, 3.725166431635821 ], [ -76.821156796439695, 3.724582643853679 ], [ -76.821812071200284, 3.724332446706711 ], [ -76.822288633735837, 3.723843970729632 ], [ -76.822407773702665, 3.723522291383643 ], [ -76.822348204294244, 3.723152954387932 ], [ -76.822205234666043, 3.72277170568862 ], [ -76.822014609647695, 3.722164087567412 ], [ -76.821847812431045, 3.721520726623188 ], [ -76.821609531280686, 3.720710569794346 ], [ -76.821383164122039, 3.719995724999116 ], [ -76.821275936662758, 3.719316623023766 ], [ -76.821287851972272, 3.718423067892047 ], [ -76.821335507988195, 3.717589082973609 ], [ -76.821466563037234, 3.716886153902984 ], [ -76.821538046970048, 3.716350020334786 ], [ -76.821573789207633, 3.715373065768432 ], [ -76.821692929854763, 3.714598652360016 ], [ -76.821847812793891, 3.714229315787049 ], [ -76.821919297144305, 3.713979118615226 ], [ -76.821895468925078, 3.713740840614208 ], [ -76.821716758287266, 3.713407243800611 ], [ -76.821454649219589, 3.713037908149385 ], [ -76.821264022484485, 3.712763886125797 ], [ -76.821037656072619, 3.712287322185979 ], [ -76.820799374431147, 3.711620133065142 ], [ -76.820692147753249, 3.711322284300062 ], [ -76.820561093186981, 3.710714666286816 ], [ -76.820513436880105, 3.710369156796621 ], [ -76.820477694934894, 3.710035563633061 ], [ -76.820465780526476, 3.709570913365198 ], [ -76.820549178975114, 3.708629701343744 ], [ -76.820680234071332, 3.708212708553494 ], [ -76.820966172295158, 3.707628919289564 ], [ -76.821192538607718, 3.707235754664214 ], [ -76.82151421846531, 3.706473254152372 ], [ -76.821716757643799, 3.705949034841424 ], [ -76.821692930138639, 3.705698841734944 ], [ -76.821657188056719, 3.705627355380637 ], [ -76.820608749176614, 3.704805285850532 ], [ -76.820310897888234, 3.704435949936191 ], [ -76.819870077091153, 3.703899815290737 ], [ -76.819667538238377, 3.703435166882851 ], [ -76.819441170202751, 3.702720321589298 ], [ -76.819262458731814, 3.702446297837396 ], [ -76.81864292759478, 3.701957821065577 ], [ -76.817999567931309, 3.701242976618281 ], [ -76.817701715495502, 3.700909382902737 ], [ -76.817094098071649, 3.700313681873719 ], [ -76.816677106231992, 3.699753718849396 ], [ -76.8163792535683, 3.699336726794429 ], [ -76.815700152164638, 3.698729108081015 ], [ -76.815330815970739, 3.698312116748145 ], [ -76.814985308222802, 3.698085747749959 ], [ -76.814782767702056, 3.698002351724148 ], [ -76.814282377067343, 3.698169146688692 ], [ -76.813924955241916, 3.698335944342352 ], [ -76.813317338203305, 3.69847891197021 ], [ -76.812816946610951, 3.698502742997456 ], [ -76.812233156421371, 3.698538483101158 ], [ -76.811482570596382, 3.698335944425249 ], [ -76.810910694898681, 3.698169146728486 ], [ -76.810434131618265, 3.697954692707202 ], [ -76.81006479572639, 3.697597271048798 ], [ -76.80987417100593, 3.697358989728939 ], [ -76.809695459924512, 3.697144535556462 ], [ -76.809528662507333, 3.696751372239388 ], [ -76.809326123839767, 3.69648926224477 ], [ -76.80921889640976, 3.696429691981755 ], [ -76.808992530275432, 3.696465434146329 ], [ -76.808563622723256, 3.696656060221071 ], [ -76.807979833566677, 3.696965824817757 ], [ -76.807590657805562, 3.697217017663013 ], [ -76.80698406141812, 3.697415729096626 ], [ -76.806429757418996, 3.697593524910905 ], [ -76.805896371105234, 3.69771902707703 ], [ -76.805383902191977, 3.697708567590628 ], [ -76.804296212015217, 3.697593525201958 ], [ -76.803752366892752, 3.697447104290793 ], [ -76.803271273192948, 3.697300686235627 ], [ -76.802706510930093, 3.697154264993728 ], [ -76.802445046519381, 3.697070596450244 ], [ -76.802340460611276, 3.696945094211286 ], [ -76.802350920234773, 3.696809132213226 ], [ -76.802350920187806, 3.696474459281282 ], [ -76.802214958081123, 3.695846947060468 ], [ -76.802037162903432, 3.695324018209849 ], [ -76.801775698767713, 3.694884757933016 ], [ -76.801430565493774, 3.694278161131967 ], [ -76.801022681903262, 3.693807525849409 ], [ -76.800688008531978, 3.693305515951149 ], [ -76.800321958642968, 3.692698918715513 ], [ -76.800070952912151, 3.692332869180605 ], [ -76.799809489244879, 3.692040029176365 ], [ -76.79935977109038, 3.691778564761686 ], [ -76.799053968898988, 3.691789256786419 ], [ -76.798659377258758, 3.691764072693284 ], [ -76.798315158810226, 3.691579369430366 ], [ -76.798105269452321, 3.691377875341415 ], [ -76.797937357631369, 3.691117611401817 ], [ -76.797962544969977, 3.690630668293182 ], [ -76.797945754007188, 3.690118540829999 ], [ -76.797870193506995, 3.689656782423546 ], [ -76.79776944683789, 3.689421707260007 ], [ -76.797400041641168, 3.688909577201885 ], [ -76.797206943615592, 3.68867449969166 ], [ -76.796938284962366, 3.688489797125655 ], [ -76.796451341504948, 3.688271514166185 ], [ -76.796233056412305, 3.688137183435196 ], [ -76.795914026271092, 3.68785173434582 ], [ -76.795737719008187, 3.687507516051504 ], [ -76.795653762516267, 3.687121320603421 ], [ -76.795645367098416, 3.686785497992339 ], [ -76.79566215819996, 3.685945941196539 ], [ -76.795620180988251, 3.685509372841886 ], [ -76.795494247038604, 3.685223919666472 ], [ -76.795217192506612, 3.684896493100367 ], [ -76.79490655645894, 3.684619439966647 ], [ -76.79462110822017, 3.684250034077117 ], [ -76.79410897805765, 3.683620367409791 ], [ -76.793915879685073, 3.683351710731854 ], [ -76.793638826178693, 3.682864767626148 ], [ -76.793538079257843, 3.682461778362816 ], [ -76.79348770517079, 3.681748153699661 ], [ -76.793479309851435, 3.680799453868171 ], [ -76.793437331669821, 3.680388070831265 ], [ -76.793386959167307, 3.680027063823512 ], [ -76.793185465164001, 3.679548517184534 ], [ -76.792992367247265, 3.679128734618847 ], [ -76.792916806534635, 3.678818100220695 ], [ -76.792925201914542, 3.678641791874995 ], [ -76.793051135754425, 3.678541048308885 ], [ -76.793286211617243, 3.678322760792613 ], [ -76.79338695862053, 3.678171641124472 ], [ -76.793521287729888, 3.677894589390035 ], [ -76.793722781201467, 3.677600740684883 ], [ -76.794066999512765, 3.677264918620469 ], [ -76.794747040480686, 3.676391780557277 ], [ -76.795242379466316, 3.675770507037821 ], [ -76.795771300927839, 3.674805015698878 ], [ -76.79588044243178, 3.674435613977662 ], [ -76.795997981069362, 3.673755572405951 ], [ -76.795981189894945, 3.673310603993741 ], [ -76.795720926545485, 3.672714519876379 ], [ -76.795292753139989, 3.67203447800401 ], [ -76.794780623237713, 3.67127887830821 ], [ -76.794511964544739, 3.670607231768342 ], [ -76.794310470984485, 3.670195847285539 ], [ -76.794142559904685, 3.669624950880197 ], [ -76.794117372437583, 3.669196773744812 ], [ -76.79420972463457, 3.66883576472377 ], [ -76.794352449305123, 3.668550315369206 ], [ -76.794352449036722, 3.668264866768355 ], [ -76.794201329277357, 3.667887065412026 ], [ -76.793983043585229, 3.667416914429356 ], [ -76.793622034939318, 3.66654377385445 ], [ -76.793512892048412, 3.665922502364902 ], [ -76.793521287540386, 3.665511120749578 ], [ -76.793428935651761, 3.66527604320317 ], [ -76.793219046486684, 3.665108132104565 ], [ -76.793059530688296, 3.664923428617647 ], [ -76.793025949111851, 3.66482268436555 ], [ -76.793034345152037, 3.664747121591669 ], [ -76.793219046664277, 3.664587605937037 ], [ -76.793521287552608, 3.664453276979631 ], [ -76.793882296419255, 3.664243386665018 ], [ -76.79415095590754, 3.66387398198366 ], [ -76.794318866938042, 3.663638907206245 ], [ -76.794511965281785, 3.663160359993368 ], [ -76.794830996660622, 3.662732184086863 ], [ -76.795124842096712, 3.662480318114523 ], [ -76.795678949833956, 3.662144495248575 ], [ -76.796241453287465, 3.661657551610512 ], [ -76.796753583006222, 3.661078256827501 ], [ -76.797458810741873, 3.660289072768646 ], [ -76.7977862383038, 3.659860901391029 ], [ -76.797954148580402, 3.659575453435588 ], [ -76.798021314103622, 3.659298395893436 ], [ -76.798155642985648, 3.658861827435637 ], [ -76.798281576983626, 3.658484025169093 ], [ -76.798516652818549, 3.658139806988407 ], [ -76.798886058031101, 3.657703239045705 ], [ -76.799423373546574, 3.657065176188076 ], [ -76.799775987978336, 3.656653790997428 ], [ -76.799943900162816, 3.656385133798395 ], [ -76.799969086874526, 3.656099686385062 ], [ -76.799885130465299, 3.655755467421329 ], [ -76.799666845949488, 3.655318894839279 ], [ -76.799507330105129, 3.654756394445751 ], [ -76.79932262811657, 3.653681757698641 ], [ -76.799280650273218, 3.65330395784024 ], [ -76.799272254304839, 3.652842201219758 ], [ -76.79929744114952, 3.652447612210346 ], [ -76.799440165870863, 3.652053017671463 ], [ -76.799616472711449, 3.651507305257725 ], [ -76.799515725575986, 3.651179878247878 ], [ -76.799414979138248, 3.651053945106329 ], [ -76.799238671574528, 3.65095319989736 ], [ -76.799028783184013, 3.650776892847729 ], [ -76.798928035466517, 3.650718121821115 ], [ -76.798894452591966, 3.650634168708412 ], [ -76.799003595598379, 3.650331925020373 ], [ -76.799205089495501, 3.65010524641415 ], [ -76.799582889429161, 3.649836586619196 ], [ -76.800204162763748, 3.649567929382278 ], [ -76.800707896743475, 3.649391620783734 ], [ -76.801203235522919, 3.649022215736923 ], [ -76.801497080565667, 3.648677998247245 ], [ -76.801866486202329, 3.648417735074883 ], [ -76.802496153755726, 3.648224637149756 ], [ -76.80289914062088, 3.6479475842321 ], [ -76.803142612899421, 3.647838443563118 ], [ -76.803478435055098, 3.647821651730305 ], [ -76.804015751539794, 3.64791400131375 ], [ -76.804679002073613, 3.647922397186369 ], [ -76.805174340619814, 3.647905604780171 ], [ -76.805711656648697, 3.647838444043754 ], [ -76.806139831410206, 3.647628552961795 ], [ -76.806660356633088, 3.64736828913261 ], [ -76.807430040988507, 3.646787559804391 ], [ -76.808024906187327, 3.646359256145157 ], [ -76.80833423603886, 3.646002339432631 ], [ -76.808477003826994, 3.645478857247357 ], [ -76.808453208470937, 3.645074347393007 ], [ -76.808167674277399, 3.644146358363163 ], [ -76.80800111096481, 3.643289751280463 ], [ -76.808024905803848, 3.642766270075105 ], [ -76.808381824666995, 3.641481361040305 ], [ -76.808643565648907, 3.64057716670448 ], [ -76.808971931686386, 3.639568273552897 ], [ -76.809086146079366, 3.638740224048915 ], [ -76.809314574269322, 3.638019245313246 ], [ -76.809493034258509, 3.637398205686825 ], [ -76.809664354819574, 3.636812861115212 ], [ -76.809935613106646, 3.636377416855633 ], [ -76.810135487512099, 3.636163266042292 ], [ -76.810328224214814, 3.636099020871998 ], [ -76.810663727943137, 3.636027636165856 ], [ -76.811163415006078, 3.63587059210538 ], [ -76.811434674061374, 3.635706410786482 ], [ -76.811798731271253, 3.635356629323128 ], [ -76.812212756786238, 3.634935465981462 ], [ -76.812505430815264, 3.634585684392285 ], [ -76.812769550745386, 3.634064581556781 ], [ -76.812983702575025, 3.633807601098121 ], [ -76.813226408235707, 3.633650557244666 ], [ -76.813611880860137, 3.633486372058158 ], [ -76.813876001240246, 3.633386437777257 ], [ -76.814083013487135, 3.633229390140041 ], [ -76.81424005810041, 3.633015241331677 ], [ -76.814447070794827, 3.632743979905635 ], [ -76.814639807777155, 3.632594073835277 ], [ -76.814946757431599, 3.632444167948355 ], [ -76.815239432252866, 3.632344230837647 ], [ -76.815410752472005, 3.632215740446696 ], [ -76.815560659082053, 3.632058696110632 ], [ -76.81578908672509, 3.631658947081905 ], [ -76.81626022041722, 3.631252059772001 ], [ -76.816560032616906, 3.631037906904961 ], [ -76.816988335493619, 3.630602464772555 ], [ -76.81721676341202, 3.630402590710799 ], [ -76.817502299096091, 3.629960013949848 ], [ -76.817837803180623, 3.629367525587197 ], [ -76.81813761493332, 3.629039158961611 ], [ -76.818465981020509, 3.628810731089901 ], [ -76.818887145750693, 3.628617996179058 ], [ -76.819365416618297, 3.628339600283726 ], [ -76.819758028011023, 3.628139723363796 ], [ -76.820079255749135, 3.628096894402869 ], [ -76.820421897583316, 3.628082618240795 ], [ -76.820814508588938, 3.628118308562283 ], [ -76.82098582974416, 3.628118308950475 ], [ -76.821178566562452, 3.628018371078134 ], [ -76.821614008120648, 3.627811360385873 ], [ -76.822020896052379, 3.62758293057691 ], [ -76.822434922062541, 3.62731881098323 ], [ -76.822577689823149, 3.627268841414593 ], [ -76.822813256251763, 3.627226010910047 ], [ -76.823141621436193, 3.627040412004798 ], [ -76.82344143402328, 3.626712048231452 ], [ -76.823769800247945, 3.626041041013632 ], [ -76.824012505123761, 3.625441416103256 ], [ -76.82417668721601, 3.625434278361658 ], [ -76.824412254295211, 3.625455692401395 ], [ -76.824683512799254, 3.625548492123787 ], [ -76.824883386969105, 3.625676983418262 ], [ -76.825325966798005, 3.625898270632522 ], [ -76.825682886024978, 3.625998208345179 ], [ -76.826039804879727, 3.626026762114031 ], [ -76.826353893973476, 3.625991070181789 ], [ -76.826632290960731, 3.625991069984958 ], [ -76.826860718553903, 3.626033900248833 ], [ -76.827067732041328, 3.626162393681035 ], [ -76.827396097418855, 3.626362265831289 ], [ -76.827738739561994, 3.626669215581499 ], [ -76.828038553238983, 3.626961891224308 ], [ -76.828431164289952, 3.627383054637553 ], [ -76.8286738687097, 3.627697146102343 ], [ -76.828937988918952, 3.627897018242366 ], [ -76.829173554514355, 3.627961265910307 ], [ -76.829401983575238, 3.627968404049361 ], [ -76.829701796067852, 3.62787560334754 ], [ -76.829987330637366, 3.627811359660114 ], [ -76.830287143146066, 3.62781135960161 ], [ -76.830736860809608, 3.627804218558939 ], [ -76.831300794071097, 3.627804218992646 ], [ -76.831836171555324, 3.627775665639215 ], [ -76.832357274122245, 3.627739973788137 ], [ -76.832678501842707, 3.627725697772214 ], [ -76.832799854155908, 3.627804219124434 ], [ -76.832864099546271, 3.62801123187208 ], [ -76.83286409988213, 3.628196832754966 ], [ -76.832921207195866, 3.628282490740828 ], [ -76.833149635077703, 3.62835387605392 ], [ -76.833392339494608, 3.628339599958113 ], [ -76.833856334760441, 3.628175414563484 ], [ -76.834256083523201, 3.627932710433784 ], [ -76.834598726785742, 3.627839913060661 ], [ -76.834848569486496, 3.62783277460068 ], [ -76.835198350990339, 3.627904156918675 ], [ -76.835441056272373, 3.628046924144552 ], [ -76.835790836817935, 3.628211108931379 ], [ -76.836040679642409, 3.628275352923413 ], [ -76.836511812620799, 3.62832532362886 ], [ -76.837004361785674, 3.628303905686085 ], [ -76.837396973169746, 3.6282111092308 ], [ -76.837653955185743, 3.628189695051755 ], [ -76.837832414241404, 3.628218247173472 ], [ -76.837939489399844, 3.628318185746211 ], [ -76.83797518159048, 3.628489505371411 ], [ -76.837982320128717, 3.628682240237475 ], [ -76.837953766426494, 3.628867839011948 ], [ -76.838003735264905, 3.628960639739859 ], [ -76.838217886840141, 3.629060574649752 ], [ -76.838446315010685, 3.629146234854196 ], [ -76.839038801073784, 3.629196204117015 ], [ -76.83953134874487, 3.629217621308828 ], [ -76.840209495431495, 3.629210483205268 ], [ -76.840552138083012, 3.629217620821155 ], [ -76.84071632069319, 3.62928900308403 ], [ -76.840816257551026, 3.629374664660288 ], [ -76.840894779565545, 3.629510292732829 ], [ -76.840937610650045, 3.629810105323205 ], [ -76.840980440904715, 3.629967149330834 ], [ -76.841080377539726, 3.630059948295782 ], [ -76.841308807047369, 3.630188438659561 ], [ -76.841458712919746, 3.630209853855828 ], [ -76.841765662953492, 3.630252686164587 ], [ -76.841951261055783, 3.630316930099629 ], [ -76.842094029153287, 3.630381177258252 ], [ -76.842229657483756, 3.630531081569994 ], [ -76.842286764614045, 3.630709540890354 ], [ -76.842272487851218, 3.630937968924833 ], [ -76.842058336701456, 3.631509041858192 ], [ -76.84197981464024, 3.631801713991968 ], [ -76.841986952485314, 3.631908791376751 ], [ -76.842051198128075, 3.631994453223044 ], [ -76.842136859241634, 3.632051558336004 ], [ -76.842643683589429, 3.631973034675369 ], [ -76.843093401437912, 3.631901653179429 ], [ -76.843500289413726, 3.631880238388588 ], [ -76.843664472842718, 3.631901653218871 ], [ -76.843871485768403, 3.631994453110568 ], [ -76.844049945803434, 3.632158634422136 ], [ -76.844264096936442, 3.632337092382946 ], [ -76.844571048279604, 3.632494137173764 ], [ -76.845042180909758, 3.632679736348141 ], [ -76.845449068553222, 3.63277967388235 ], [ -76.845791710532183, 3.632786811625372 ], [ -76.845984446718674, 3.632751122040806 ], [ -76.846170044467456, 3.632672596556573 ], [ -76.846405611981041, 3.632686873798519 ], [ -76.846555517902956, 3.632743980378295 ], [ -76.846826777271062, 3.632793950117885 ], [ -76.847240802684681, 3.632779673620806 ], [ -76.847433539038775, 3.632729704328588 ], [ -76.847526338261659, 3.632608351120746 ], [ -76.847547752399976, 3.632379925435839 ], [ -76.847619137050771, 3.631958758406166 ], [ -76.847711935456417, 3.631701776238391 ], [ -76.84786898079976, 3.631566146839131 ], [ -76.848211622439138, 3.631501904062746 ], [ -76.848654202721789, 3.631344857257827 ], [ -76.848889769118443, 3.631180674235642 ], [ -76.849111059085402, 3.630987941128684 ], [ -76.849260964776121, 3.630716679277941 ], [ -76.849532224226081, 3.629988566060201 ], [ -76.849732098446125, 3.629567400042839 ], [ -76.849882005084112, 3.629403217437491 ], [ -76.85008187872937, 3.62934611209855 ], [ -76.850224646616027, 3.629346112355152 ], [ -76.85058870504119, 3.629410355005807 ], [ -76.850845686074749, 3.629517431733005 ], [ -76.851017007548563, 3.6296601992738 ], [ -76.851238296842098, 3.629895766124234 ], [ -76.851445310452789, 3.630159885889859 ], [ -76.851645184992236, 3.630545358009821 ], [ -76.85176653819704, 3.630830893641445 ], [ -76.851866474457609, 3.630959385419735 ], [ -76.852002104276792, 3.631002216817531 ], [ -76.852273362760386, 3.630995079379026 ], [ -76.852566037184644, 3.630902277722429 ], [ -76.852758772784384, 3.630873725714575 ], [ -76.852994339750524, 3.630916554011361 ], [ -76.853137106682567, 3.630987941316798 ], [ -76.853315567080244, 3.631123570420048 ], [ -76.853643932054737, 3.631480485998467 ], [ -76.85384380713009, 3.631808851559986 ], [ -76.854043681815853, 3.632101526235147 ], [ -76.854093651033523, 3.632165771750038 ], [ -76.854172172665926, 3.632165771871124 ], [ -76.854272109610051, 3.632065834026589 ], [ -76.85449340021097, 3.631694638195783 ], [ -76.854750381774792, 3.631409102728797 ], [ -76.854957395218818, 3.631351998952762 ], [ -76.855200100124833, 3.631337719147428 ], [ -76.855428527531558, 3.631409103302835 ], [ -76.855564157701579, 3.631487628143122 ], [ -76.855664094896255, 3.631594701218154 ], [ -76.855814001088604, 3.631801713795947 ], [ -76.855906799702211, 3.63195162012175 ], [ -76.856035290830164, 3.632030142876292 ], [ -76.856192334827028, 3.632023005394468 ], [ -76.856406487035258, 3.631965896791403 ], [ -76.85679195845114, 3.631787438040099 ], [ -76.85722026205741, 3.631623257199612 ], [ -76.857420136794701, 3.631587562345728 ], [ -76.857584319413007, 3.631616118934145 ], [ -76.85769139606407, 3.631651808700869 ], [ -76.857841302195766, 3.631773161901802 ], [ -76.857941238712826, 3.631937343397283 ], [ -76.857998346096181, 3.631973035333663 ], [ -76.858126836436355, 3.63198017294874 ], [ -76.858519448179464, 3.631973035305555 ], [ -76.858676491884239, 3.6320230045566 ], [ -76.8588049829619, 3.632130081564922 ], [ -76.858926335461945, 3.632251435023607 ], [ -76.859076241527262, 3.632379925107516 ], [ -76.859226147937079, 3.632429892291884 ], [ -76.859475990651916, 3.632494136653402 ], [ -76.85974724982421, 3.632486998332825 ], [ -76.860346873691313, 3.632429892199258 ], [ -76.86094649759282, 3.632351369156207 ], [ -76.861367662490792, 3.632244292860414 ], [ -76.861760273842734, 3.632158633813209 ], [ -76.862131469707265, 3.632101525780244 ], [ -76.862616880192206, 3.63195161995975 ], [ -76.862945245958414, 3.63176602409069 ], [ -76.863109428232733, 3.631580424052853 ], [ -76.863373549093964, 3.631287750813023 ], [ -76.863480623785478, 3.631230642584281 ], [ -76.863630529515348, 3.631237781355225 ], [ -76.863980311119491, 3.631273474568857 ], [ -76.864387198585476, 3.631316304192473 ], [ -76.864786947705682, 3.631401964749271 ], [ -76.865072484213485, 3.631501904030864 ], [ -76.865265220109947, 3.631523318075546 ], [ -76.865450817680909, 3.631466209807987 ], [ -76.865800598818353, 3.631280612818759 ], [ -76.865971919770246, 3.631187813425564 ], [ -76.866093272053391, 3.631173536189078 ], [ -76.866178932590486, 3.631209228236081 ], [ -76.866343115884433, 3.631351998943393 ], [ -76.866614373883394, 3.631544731626133 ], [ -76.866721449475349, 3.631594700881963 ], [ -76.866849940661851, 3.631537594227682 ], [ -76.866942739694451, 3.631416241897944 ], [ -76.867028401052252, 3.631087875196319 ], [ -76.867099784045465, 3.630424006427735 ], [ -76.86712833780193, 3.630102780739346 ], [ -76.867263966439452, 3.62985293727184 ], [ -76.867585194605851, 3.629496017369216 ], [ -76.86773510128279, 3.629367526241273 ], [ -76.867899283088306, 3.629374664606368 ], [ -76.868049188829588, 3.629460326746436 ], [ -76.868156265008437, 3.629545985200739 ], [ -76.868284755935292, 3.62956739983613 ], [ -76.868534599131891, 3.629545985263749 ], [ -76.869020008878323, 3.629374664875154 ], [ -76.869526834752691, 3.629131958902385 ], [ -76.870226396110553, 3.62872507182347 ], [ -76.870526208107904, 3.628589443352025 ], [ -76.870718944667502, 3.628575166751727 ], [ -76.871004479490495, 3.628675101689696 ], [ -76.871197215571158, 3.628732210332393 ], [ -76.871339983795181, 3.628710796406479 ], [ -76.871511305281004, 3.628582305308016 ], [ -76.871668350150472, 3.628375289870706 ], [ -76.871732594833347, 3.628111171124828 ], [ -76.871711179511678, 3.627925572423457 ], [ -76.871625519219023, 3.627725698362009 ], [ -76.871632657706868, 3.627511546004217 ], [ -76.871661211145152, 3.627354501704869 ], [ -76.871846809036981, 3.627061830256006 ], [ -76.872196590099264, 3.626540724807965 ], [ -76.872446432793581, 3.626255189936561 ], [ -76.872760521682224, 3.62609100838483 ], [ -76.87304605821187, 3.625926826863195 ], [ -76.873338730833311, 3.625619874105032 ], [ -76.873488636433436, 3.625355754100565 ], [ -76.873524329213097, 3.624991696425672 ], [ -76.873595712652332, 3.624741852871724 ], [ -76.873702788643229, 3.62450628566318 ], [ -76.873874110161637, 3.624327827344789 ], [ -76.874002600550185, 3.624206474270521 ], [ -76.874388074083598, 3.624028016924589 ], [ -76.875166156458945, 3.623671095908662 ], [ -76.875901411276388, 3.623278486029401 ], [ -76.876508173150995, 3.623028641697767 ], [ -76.8771506282026, 3.622857322938768 ], [ -76.877885880816308, 3.622678860227896 ], [ -76.878406982599316, 3.622457570058986 ], [ -76.878728210103418, 3.622186311858179 ], [ -76.879049437752627, 3.621893639420156 ], [ -76.879541985795171, 3.621294013648303 ], [ -76.879934596391323, 3.620972788942364 ], [ -76.88038431461203, 3.620651558782243 ], [ -76.881069600249248, 3.620330331623819 ], [ -76.881505040479411, 3.620073349927712 ], [ -76.881776299823457, 3.619780676608965 ], [ -76.881940482582294, 3.619466590393526 ], [ -76.881983313016235, 3.61918819413678 ], [ -76.882047558057565, 3.618759888161102 ], [ -76.882111804034309, 3.618488630003224 ], [ -76.882233155461947, 3.618195958432318 ], [ -76.882454445790799, 3.617889005161423 ], [ -76.882754257595636, 3.617617746762968 ], [ -76.882975547434498, 3.617325074370835 ], [ -76.883096900963835, 3.617103782982988 ], [ -76.883125454075653, 3.616682620271584 ], [ -76.883139730496737, 3.616318562193005 ], [ -76.883218252527698, 3.615904536678167 ], [ -76.883368158676831, 3.615540478643338 ], [ -76.883482372508624, 3.615369155871342 ], [ -76.883682247393949, 3.615133588691455 ], [ -76.884039166494816, 3.614869469310406 ], [ -76.884410363105644, 3.614591072070044 ], [ -76.884653067593447, 3.614255571350029 ], [ -76.884902911992938, 3.613855821888879 ], [ -76.885124202190809, 3.613370411370973 ], [ -76.885252691403153, 3.612977801136461 ], [ -76.885374044657468, 3.612456696038804 ], [ -76.885574753542301, 3.612051436309304 ], [ -76.885728507123986, 3.611695881731497 ], [ -76.886148626878708, 3.610603636158443 ], [ -76.886367537024228, 3.610299064047988 ], [ -76.887148000859696, 3.609994491974369 ], [ -76.887566785499246, 3.609766064174559 ], [ -76.888052195470834, 3.609575710252494 ], [ -76.888528087775924, 3.609518599795014 ], [ -76.88878506952905, 3.609356800280951 ], [ -76.888965908589171, 3.609137886262577 ], [ -76.889327587143171, 3.608671511720089 ], [ -76.889784442831825, 3.608243211226401 ], [ -76.890403102571284, 3.606872640338025 ], [ -76.89046021020458, 3.606292053128103 ], [ -76.890317442464521, 3.605911336896212 ], [ -76.889527461481677, 3.605397374204472 ], [ -76.88869940875135, 3.605226055147183 ], [ -76.887017003524747, 3.605614322253385 ], [ -76.886577023635027, 3.605521980762324 ], [ -76.886109885858474, 3.605424207618913 ], [ -76.885843726003785, 3.605277547561162 ], [ -76.885544974886358, 3.605033117084084 ], [ -76.88543090598769, 3.604881023703238 ], [ -76.885278815092562, 3.604609433180586 ], [ -76.884985494620395, 3.604039091382928 ], [ -76.884768221940178, 3.603457880681814 ], [ -76.884724767184338, 3.603224312411717 ], [ -76.88472476677137, 3.603099379615746 ], [ -76.884827971396575, 3.602800629327358 ], [ -76.885007222443164, 3.602078194310997 ], [ -76.884996358699382, 3.601638217618915 ], [ -76.884817108258062, 3.60107330468911 ], [ -76.884567242491244, 3.600269390553156 ], [ -76.884491198031611, 3.599758797963567 ], [ -76.884480333762284, 3.599215613840169 ], [ -76.884637856650428, 3.59845515574346 ], [ -76.884751925402924, 3.597977156619939 ], [ -76.884817108092534, 3.597613221928156 ], [ -76.884789949144093, 3.597439403355759 ], [ -76.884686743881858, 3.59731447081624 ], [ -76.884219605591525, 3.597178674606892 ], [ -76.883725307889748, 3.597037446313296 ], [ -76.882932259168385, 3.59692337711058 ], [ -76.882378211805872, 3.59698855983769 ], [ -76.881720959148637, 3.597118923190079 ], [ -76.880286952933602, 3.597357924049527 ], [ -76.879760063927222, 3.597466564016325 ], [ -76.879374403670354, 3.597602358731565 ], [ -76.878782332828223, 3.597846790157039 ], [ -76.878554195821692, 3.597949997121326 ], [ -76.878266308044644, 3.598091223345597 ], [ -76.878087057066082, 3.598243314079846 ], [ -76.87800557943784, 3.59840084096037 ], [ -76.877598191478171, 3.59918302526446 ], [ -76.877261417964391, 3.5998348444155 ], [ -76.877016984799752, 3.600144457977867 ], [ -76.87653898246414, 3.600703937834088 ], [ -76.876376028244636, 3.600915783367171 ], [ -76.876213071778437, 3.601105893996654 ], [ -76.876012093575795, 3.601274283287451 ], [ -76.875789388848418, 3.601377485639203 ], [ -76.875485205494044, 3.601551305286669 ], [ -76.875284227495001, 3.601752282698306 ], [ -76.875142999429372, 3.601904375008824 ], [ -76.874969180849206, 3.601964125054262 ], [ -76.874735612214323, 3.601936965695462 ], [ -76.874425996755804, 3.601860922828062 ], [ -76.874078358720439, 3.601774014081613 ], [ -76.873823062882963, 3.601757716361663 ], [ -76.873578630033222, 3.601795740415196 ], [ -76.873241856197254, 3.601926101797596 ], [ -76.872899649991481, 3.602045605302592 ], [ -76.87247596574926, 3.602099921264439 ], [ -76.872046850700258, 3.602197694307634 ], [ -76.871786121675086, 3.602317196276737 ], [ -76.871492803194585, 3.602523605347078 ], [ -76.871302688218464, 3.60261051364201 ], [ -76.871101709664913, 3.602637672905254 ], [ -76.8708409815751, 3.602583358159805 ], [ -76.870574821728027, 3.602447559396382 ], [ -76.870096820001251, 3.602224853317264 ], [ -76.869846954603332, 3.60217596657141 ], [ -76.869537658525587, 3.602048078350479 ], [ -76.869339867223658, 3.601865648737888 ], [ -76.869140154977174, 3.601604490343364 ], [ -76.868996688399733, 3.601410685587788 ], [ -76.868768259579838, 3.600887204001637 ], [ -76.868473206926083, 3.600049634775514 ], [ -76.868406581587479, 3.599668918808773 ], [ -76.868292367453179, 3.599297722882911 ], [ -76.868140083033808, 3.599088332232568 ], [ -76.86767370802572, 3.598288834547819 ], [ -76.867178779493713, 3.597546442107532 ], [ -76.866740959729214, 3.596765977645501 ], [ -76.866207959828557, 3.595642871237033 ], [ -76.865609604767329, 3.594349078770516 ], [ -76.865190819864281, 3.594425220620229 ], [ -76.864962391948424, 3.59440618675639 ], [ -76.864724446181384, 3.594282454110683 ], [ -76.864362767981021, 3.594234867923308 ], [ -76.864124820493416, 3.594263420084991 ], [ -76.863877358054026, 3.594415706032981 ], [ -76.863382429994374, 3.594748830976008 ], [ -76.863068340933779, 3.595081956059189 ], [ -76.862735216039567, 3.595338934259289 ], [ -76.862392574214127, 3.59546266593536 ], [ -76.862049930955124, 3.595519775687788 ], [ -76.861754877708449, 3.595567363016657 ], [ -76.861497895446163, 3.595567363409972 ], [ -76.861307539772397, 3.595510256929172 ], [ -76.861174290074956, 3.595377008982862 ], [ -76.860936343592456, 3.595053399168523 ], [ -76.860346236730706, 3.594596544934445 ], [ -76.859889380447555, 3.594320524924125 ], [ -76.85942300562867, 3.594111134427827 ], [ -76.859204096087325, 3.59404450965723 ], [ -76.85869013259807, 3.594044509796804 ], [ -76.858318936951477, 3.594044510015461 ], [ -76.8579667756715, 3.594006437825783 ], [ -76.857443294779344, 3.593873186176975 ], [ -76.857091134404314, 3.593787527600923 ], [ -76.856567652452966, 3.59354958010483 ], [ -76.856101278705353, 3.593245009253298 ], [ -76.855396958042277, 3.592712011154818 ], [ -76.855044797432456, 3.592359848649727 ], [ -76.854492763084835, 3.591883957391224 ], [ -76.85404542452244, 3.591408064643506 ], [ -76.85387410301648, 3.59119867330563 ], [ -76.853540978967246, 3.590941691715994 ], [ -76.853198336938064, 3.590760852582725 ], [ -76.852665336551539, 3.590522904986229 ], [ -76.851999088232532, 3.590265924043857 ], [ -76.851770659468684, 3.590104123127841 ], [ -76.85157078524081, 3.58972340663392 ], [ -76.851418499566947, 3.589228478971499 ], [ -76.85126621344935, 3.588619337582799 ], [ -76.851190071217502, 3.588143446040305 ], [ -76.851037785984104, 3.587505749049481 ], [ -76.850980679190059, 3.587172624027458 ], [ -76.85080935800363, 3.586944195796098 ], [ -76.850580928795992, 3.586782395264144 ], [ -76.850314429974091, 3.586515893631476 ], [ -76.850124072805585, 3.586268431302992 ], [ -76.850019376908648, 3.585963859093923 ], [ -76.850019377220264, 3.585659287436836 ], [ -76.850000341230754, 3.585278573440698 ], [ -76.849895644406359, 3.585012074997997 ], [ -76.84946734167923, 3.584431484931355 ], [ -76.848943859617975, 3.583612951631152 ], [ -76.848506038593044, 3.582680201603219 ], [ -76.848334718115467, 3.582147206275249 ], [ -76.848287128749789, 3.581814080997775 ], [ -76.848144360641157, 3.581414329066397 ], [ -76.847954003965498, 3.581052651421094 ], [ -76.847706540401433, 3.580814707138757 ], [ -76.847354380205175, 3.580538687029507 ], [ -76.847183058804049, 3.58028170497784 ], [ -76.84717354057473, 3.580081832568199 ], [ -76.847259201561883, 3.579748708879135 ], [ -76.847335344790963, 3.579339441152326 ], [ -76.847287754491646, 3.579015832204063 ], [ -76.847154505607918, 3.57882547666182 ], [ -76.846878488040858, 3.578625600265553 ], [ -76.846716684710614, 3.5783781377431 ], [ -76.846764274259002, 3.578121155726509 ], [ -76.846964148881753, 3.577768994373712 ], [ -76.847268719454405, 3.577359727172095 ], [ -76.847535219279024, 3.576845763723187 ], [ -76.847639915707305, 3.576255657214901 ], [ -76.847639915964436, 3.575960604314276 ], [ -76.847906415111012, 3.575541820640004 ], [ -76.84823002202657, 3.575018337840229 ], [ -76.848591699597236, 3.574628108781678 ], [ -76.849067591646829, 3.574304499194806 ], [ -76.849553001399357, 3.573914268248606 ], [ -76.849905161585284, 3.573638250222966 ], [ -76.850086001457271, 3.573190911371 ], [ -76.850000340774756, 3.572791162261008 ], [ -76.849876608719896, 3.57234382276733 ], [ -76.849838537887607, 3.57194407434788 ], [ -76.849857572565085, 3.571449147444892 ], [ -76.849838538014637, 3.571077950796675 ], [ -76.849771912916523, 3.570725789692589 ], [ -76.849838538108685, 3.570544950641796 ], [ -76.850105036561303, 3.570287969107494 ], [ -76.850428643847067, 3.569888220298842 ], [ -76.85060948254376, 3.569650275871331 ], [ -76.850999714413732, 3.569060169881869 ], [ -76.851418499632899, 3.568574758978476 ], [ -76.851884874065462, 3.568184525448325 ], [ -76.852446426508919, 3.567775257630629 ], [ -76.853283996412756, 3.56718515492994 ], [ -76.853864585773294, 3.566766368205591 ], [ -76.854007352532577, 3.566233367235353 ], [ -76.854073977422061, 3.565662298051492 ], [ -76.854102532191888, 3.565443387551173 ], [ -76.854245298710481, 3.564986529913639 ], [ -76.854559388256021, 3.564329798966096 ], [ -76.854854440635506, 3.563720659627654 ], [ -76.854902030812752, 3.563378016092389 ], [ -76.854902030765786, 3.562968748077761 ], [ -76.854863958849421, 3.562759356894353 ], [ -76.85486395877362, 3.562321537395574 ], [ -76.854844923441931, 3.561769501805748 ], [ -76.854749744533052, 3.561360231296403 ], [ -76.854721192092853, 3.561036624791079 ], [ -76.854711673912149, 3.560713017692996 ], [ -76.854740226416894, 3.560351341130408 ], [ -76.854692637595733, 3.559932554851816 ], [ -76.854464209789683, 3.559351966341896 ], [ -76.854150120930214, 3.55868571721328 ], [ -76.853626638443103, 3.557581647343915 ], [ -76.85347435347461, 3.557086718894744 ], [ -76.853550496644004, 3.556610826629645 ], [ -76.85368374715415, 3.556268187288575 ], [ -76.853883621231645, 3.555782776332017 ], [ -76.854016870895123, 3.555449651360596 ], [ -76.854073977877277, 3.555002312321268 ], [ -76.854016871259418, 3.554621598438881 ], [ -76.853940728228253, 3.554278956890908 ], [ -76.853940727814759, 3.554041009091295 ], [ -76.854102531904331, 3.553622226604416 ], [ -76.854226264250826, 3.552927421744629 ], [ -76.854330959413744, 3.552308762264721 ], [ -76.854397585084698, 3.551880459804504 ], [ -76.854587941658053, 3.551671066245414 ], [ -76.854863958498754, 3.551404568140569 ], [ -76.855006727096608, 3.550976262718164 ], [ -76.855044797888837, 3.550709766642018 ], [ -76.8550162445231, 3.550252907668244 ], [ -76.855016244991248, 3.549596177985681 ], [ -76.854968654438267, 3.549263052825739 ], [ -76.854426138106817, 3.549224980922859 ], [ -76.854045425225763, 3.549215462093508 ], [ -76.853436283255661, 3.549310643940363 ], [ -76.852484498017887, 3.549491481578237 ], [ -76.851732589145556, 3.549662801668021 ], [ -76.851370909603617, 3.549681840441223 ], [ -76.850952124862161, 3.549624730196558 ], [ -76.850447679959217, 3.549615211613529 ], [ -76.84998130464642, 3.549710391840191 ], [ -76.849343609576195, 3.549891230678257 ], [ -76.848801092656529, 3.550005446208745 ], [ -76.84827761081263, 3.550053032929566 ], [ -76.847554254978718, 3.550129174924401 ], [ -76.84659295318356, 3.550195799886785 ], [ -76.845669721438725, 3.550157731738337 ], [ -76.845184312135729, 3.550119660367034 ], [ -76.844261080668346, 3.549957854645432 ], [ -76.843680491999891, 3.549853158600087 ], [ -76.843366403981292, 3.549786535025279 ], [ -76.843052314682055, 3.54968183974016 ], [ -76.842842921436528, 3.549481963118982 ], [ -76.842633529715215, 3.549139319735638 ], [ -76.842376548165689, 3.548730051889282 ], [ -76.842071976524423, 3.548530180337743 ], [ -76.841396210207975, 3.548349341217327 ], [ -76.841005977748864, 3.548216088985487 ], [ -76.840596710851656, 3.547959107147014 ], [ -76.840339728638611, 3.547683091886759 ], [ -76.840006604994144, 3.547426110310619 ], [ -76.839454569961362, 3.547292858296563 ], [ -76.838788320854903, 3.547188161945505 ], [ -76.838321946287806, 3.547083465716264 ], [ -76.838083999403835, 3.54696925126011 ], [ -76.837893642419345, 3.546731308088489 ], [ -76.837836535418234, 3.546398183251274 ], [ -76.837779429112061, 3.546150717191682 ], [ -76.837693769125025, 3.545808076850413 ], [ -76.837417750422219, 3.545360736812236 ], [ -76.837236912147119, 3.545075199632154 ], [ -76.836951376634232, 3.544951470374877 ], [ -76.836599216522771, 3.544922917307239 ], [ -76.836304162569931, 3.544827736105664 ], [ -76.836066216647936, 3.544637379184752 ], [ -76.835856824797204, 3.544370882214963 ], [ -76.835419004174298, 3.543971130162656 ], [ -76.835228646722157, 3.543856916017954 ], [ -76.834952630154575, 3.543837880614176 ], [ -76.834410112254218, 3.543923542565401 ], [ -76.833848559399357, 3.543961615006717 ], [ -76.83346784556106, 3.543856915893774 ], [ -76.833030025082465, 3.54354282784767 ], [ -76.832573169266325, 3.543371508193562 ], [ -76.83226859824515, 3.543304881304081 ], [ -76.831887884096673, 3.543333436865472 ], [ -76.831392955759256, 3.543190669760279 ], [ -76.831212116476223, 3.542981274899724 ], [ -76.831069349034919, 3.54273381116382 ], [ -76.830907546107838, 3.542400685666133 ], [ -76.830450688412014, 3.541829614758959 ], [ -76.829793957783167, 3.541277579642735 ], [ -76.829203851913263, 3.54081120611681 ], [ -76.828918315912475, 3.540554223607614 ], [ -76.828480496030323, 3.540316280756187 ], [ -76.828052193141247, 3.540135438796888 ], [ -76.827404978659999, 3.539926046969384 ], [ -76.826814872719353, 3.539849904271352 ], [ -76.826329462928385, 3.539792798101178 ], [ -76.825986820033862, 3.539849904148696 ], [ -76.82546333897055, 3.539840388720452 ], [ -76.824958893160911, 3.539669065027043 ], [ -76.82434023264733, 3.539393050329203 ], [ -76.823550251604786, 3.539107511717117 ], [ -76.822941109770539, 3.538936191138431 ], [ -76.822227272014203, 3.538726799592584 ], [ -76.821342112581107, 3.538450781019463 ], [ -76.82079959495131, 3.538222352352989 ], [ -76.820475988698462, 3.538012959571254 ], [ -76.820333220455225, 3.537841640790442 ], [ -76.820076238599995, 3.537603692755567 ], [ -76.819743115272914, 3.537470444168188 ], [ -76.819352882709609, 3.537460924811268 ], [ -76.818686633800652, 3.537422854315292 ], [ -76.818248813302745, 3.537270568338914 ], [ -76.817563528164442, 3.53673757092797 ], [ -76.816944868443841, 3.53626167937538 ], [ -76.816583190914002, 3.536071321091893 ], [ -76.816173922894563, 3.535871445078651 ], [ -76.815993083590811, 3.535852411191484 ], [ -76.815745620217811, 3.536014212963318 ], [ -76.815612369881833, 3.536413961745289 ], [ -76.815488638113692, 3.536889853883175 ], [ -76.815231657059527, 3.537632245858842 ], [ -76.815050817795111, 3.538041513164573 ], [ -76.814860461047232, 3.5385078903549 ], [ -76.814632033134856, 3.538917157884473 ], [ -76.814356015129448, 3.539364493850182 ], [ -76.814070480267077, 3.539640511750646 ], [ -76.813775427057919, 3.539754726930077 ], [ -76.813442302206951, 3.539678584331533 ], [ -76.813194837942191, 3.539421602366321 ], [ -76.812814123963577, 3.53899330111845 ], [ -76.812595213471369, 3.538279461042545 ], [ -76.812480999553287, 3.53794633621842 ], [ -76.812176428874878, 3.537518035163957 ], [ -76.811852821772732, 3.537251533868446 ], [ -76.811567287089844, 3.536908889839161 ], [ -76.811395965692029, 3.536509142140267 ], [ -76.811186572876082, 3.536052283923739 ], [ -76.810986698274007, 3.535662052708046 ], [ -76.810663091603203, 3.535271820785399 ], [ -76.810272859456475, 3.534681718114472 ], [ -76.809949252742754, 3.53404402135014 ], [ -76.809825521076334, 3.533634752545923 ], [ -76.809768413781384, 3.533225485208196 ], [ -76.809692270832969, 3.532911399445783 ], [ -76.809568539634668, 3.532606825791844 ], [ -76.809435290139604, 3.532387915917142 ], [ -76.809378183225462, 3.532121415035843 ], [ -76.809406736125226, 3.531702629136388 ], [ -76.809340110409423, 3.531245775015105 ], [ -76.809130718519285, 3.530922166069389 ], [ -76.808788076153874, 3.530684221245543 ], [ -76.808397844562336, 3.530313023900286 ], [ -76.808293147965287, 3.529979899992825 ], [ -76.808283630646486, 3.529561114196192 ], [ -76.808131344725666, 3.528847277894095 ], [ -76.807940987444454, 3.528380901744501 ], [ -76.807741112925655, 3.527686098605806 ], [ -76.807645935282892, 3.527095992650942 ], [ -76.807636416486488, 3.526448780289165 ], [ -76.80776966677152, 3.525658797975673 ], [ -76.808169416066804, 3.524906891257003 ], [ -76.808369290596673, 3.524564246644634 ], [ -76.808407363257203, 3.524145461091623 ], [ -76.808226523013829, 3.523479211670506 ], [ -76.807864845252908, 3.522584536628611 ], [ -76.807693523625062, 3.522032501877493 ], [ -76.807512549900096, 3.521651625274124 ], [ -76.806913890695014, 3.521287732877888 ], [ -76.806726076439105, 3.521187956094166 ], [ -76.806461961695703, 3.521000141214171 ], [ -76.806203716475437, 3.520841673321895 ], [ -76.806056986770997, 3.520800586612822 ], [ -76.805921994755153, 3.520835804020644 ], [ -76.805622665722723, 3.521000140791949 ], [ -76.805370290250835, 3.521047094024707 ], [ -76.805029876078635, 3.520988402178306 ], [ -76.804572078055031, 3.520894493667881 ], [ -76.803850166285088, 3.520747765306592 ], [ -76.803498012554542, 3.520548210695399 ], [ -76.80318107562239, 3.520354526677108 ], [ -76.802641108903885, 3.519890862692672 ], [ -76.802312433054681, 3.519609139841414 ], [ -76.801972019016915, 3.519374372892985 ], [ -76.80149739460893, 3.519209000294946 ], [ -76.801271204692654, 3.519158735874969 ], [ -76.801007317057397, 3.518957677677123 ], [ -76.800768561558257, 3.51868122733213 ], [ -76.800429277195164, 3.518279109064589 ], [ -76.799926634087186, 3.517713635420529 ], [ -76.799235499295207, 3.517236125879502 ], [ -76.798556930306574, 3.516909408381598 ], [ -76.797903492592837, 3.516632952352019 ], [ -76.797250056779106, 3.51628110138777 ], [ -76.796810244173486, 3.515866420392296 ], [ -76.796584053970562, 3.515426606937123 ], [ -76.796433261181846, 3.514836001068923 ], [ -76.796257336170044, 3.514257961022551 ], [ -76.796031145763038, 3.513566826255582 ], [ -76.795817523016495, 3.512913389191813 ], [ -76.795402842039323, 3.51231021717434 ], [ -76.794774536749998, 3.511832706384672 ], [ -76.794447818867297, 3.511543685565494 ], [ -76.794221629939813, 3.511279801274711 ], [ -76.794045704123249, 3.510990777701877 ], [ -76.793788788163766, 3.510540676447526 ], [ -76.793303377819612, 3.5098363547888 ], [ -76.792751342790524, 3.5091034819694 ], [ -76.792532432933868, 3.508741805401463 ], [ -76.792494361606416, 3.508342056384555 ], [ -76.792484844129604, 3.507913750281069 ], [ -76.792484843705353, 3.50715232359333 ], [ -76.792513396453373, 3.506371860164683 ], [ -76.792475325896049, 3.505781752760799 ], [ -76.792408700729069, 3.505239238269519 ], [ -76.792132682687935, 3.504316007080144 ], [ -76.791894736994934, 3.503468917866674 ], [ -76.791466433711861, 3.502745559683106 ], [ -76.791057167222533, 3.502203042730361 ], [ -76.790666935839553, 3.501765223147836 ], [ -76.790067310899076, 3.501384509069954 ], [ -76.789172633873406, 3.500946688413453 ], [ -76.788611081212053, 3.500604048581539 ], [ -76.787840136188422, 3.500099600406606 ], [ -76.787192921826218, 3.499823584816166 ], [ -76.786726547904507, 3.499547564802058 ], [ -76.786326799091484, 3.499166850929385 ], [ -76.786155476600314, 3.498652887592845 ], [ -76.786088852570686, 3.49814844219019 ], [ -76.785946084895542, 3.497672549617951 ], [ -76.78547971048333, 3.497110996722169 ], [ -76.78507044297902, 3.496378123412371 ], [ -76.784851533023996, 3.4957309112536 ], [ -76.78451840796221, 3.49468394743143 ], [ -76.783823605612312, 3.492761341871032 ], [ -76.783328677678298, 3.491666790708126 ], [ -76.782862302699755, 3.490676935971024 ], [ -76.782357857765973, 3.489810809983733 ], [ -76.781901001050002, 3.488744811630156 ], [ -76.781567876640423, 3.487602670900753 ], [ -76.781253788236967, 3.486422458330516 ], [ -76.78086355614478, 3.485432602370216 ], [ -76.780568502709116, 3.48489008617125 ], [ -76.780340075248617, 3.484547443010726 ], [ -76.7799212896971, 3.48390023119988 ], [ -76.779578647154153, 3.48296748131644 ], [ -76.779283594104527, 3.482044249660765 ], [ -76.779036130089864, 3.481397039325844 ], [ -76.778883845150546, 3.480835484550874 ], [ -76.778798184111608, 3.480302484261141 ], [ -76.778855291241996, 3.479712377765269 ], [ -76.778959987054904, 3.478446506960139 ], [ -76.779102755186443, 3.477846881229338 ], [ -76.779435879816518, 3.477256774594738 ], [ -76.77955961157204, 3.47687605981962 ], [ -76.779483469045346, 3.476447758397428 ], [ -76.779197932612689, 3.475572117880665 ], [ -76.778921915750686, 3.474839243694006 ], [ -76.778722040877398, 3.473973118273872 ], [ -76.778626862749221, 3.473383012145482 ], [ -76.778598308637953, 3.472878567429081 ], [ -76.778465058984878, 3.472412195316807 ], [ -76.778131935233773, 3.471822085055022 ], [ -76.777884471240512, 3.471251014999048 ], [ -76.777741702715716, 3.470851267375362 ], [ -76.777751220788574, 3.470461034335303 ], [ -76.778008202672197, 3.469566358321471 ], [ -76.778131934591315, 3.468652643187212 ], [ -76.778179523881747, 3.468157716177517 ], [ -76.778179523557711, 3.46784362623089 ], [ -76.777989166577427, 3.46746291408202 ], [ -76.77738954306362, 3.467034609888079 ], [ -76.776894614986332, 3.466739555589522 ], [ -76.77617125871582, 3.466511130614567 ], [ -76.775257546223941, 3.466396915905803 ], [ -76.774143958154426, 3.466358844901182 ], [ -76.773353977155224, 3.466301736193448 ], [ -76.77250688903078, 3.466244629722738 ], [ -76.771888229036819, 3.466063792017495 ], [ -76.771241015598804, 3.465806810074627 ], [ -76.770489105447794, 3.465559344287171 ], [ -76.769860928096534, 3.465131040682091 ], [ -76.769489733168371, 3.464835987591897 ], [ -76.769223232992388, 3.464626597304565 ], [ -76.769013839695049, 3.464598045312746 ], [ -76.76804301980809, 3.464788398173672 ], [ -76.767195931650846, 3.464931165896144 ], [ -76.766558237067088, 3.46499779305541 ], [ -76.765844397464619, 3.464912130754744 ], [ -76.765216221269455, 3.464959722160444 ], [ -76.764169257544623, 3.465054898090803 ], [ -76.763303133888442, 3.465235736698057 ], [ -76.762627366588831, 3.46531187996953 ], [ -76.761989670700686, 3.465388023439921 ], [ -76.761190172852906, 3.465388022893226 ], [ -76.760485852057428, 3.465445132946739 ], [ -76.760095619644517, 3.465445132985672 ], [ -76.75988622751845, 3.465368990179643 ], [ -76.759743459957008, 3.465178631896445 ], [ -76.759572138911523, 3.464655149312065 ], [ -76.759476960601461, 3.464264919696826 ], [ -76.759381781422732, 3.464007935436272 ], [ -76.759239014714595, 3.463855652031684 ], [ -76.758839265282745, 3.463598671412115 ], [ -76.758563247574457, 3.463370241125886 ], [ -76.75845855084674, 3.463141812018534 ], [ -76.758429998168069, 3.462770616444867 ], [ -76.75838240923936, 3.462370867085116 ], [ -76.758372890646015, 3.462028224322652 ], [ -76.75832530155617, 3.461514259720433 ], [ -76.758287229552977, 3.461276315972321 ], [ -76.75834433731211, 3.461057406265109 ], [ -76.758572764484072, 3.460752834362059 ], [ -76.758991551235454, 3.460457781412504 ], [ -76.759267567882659, 3.460276941804502 ], [ -76.759410336246617, 3.460000923035784 ], [ -76.759391299549307, 3.459762978664292 ], [ -76.759267567781919, 3.459239495666613 ], [ -76.759115282695305, 3.458687462290041 ], [ -76.758915408274433, 3.457830854063219 ], [ -76.75889637226004, 3.457516767896165 ], [ -76.758924925858409, 3.457040872660568 ], [ -76.759001067885308, 3.456612570001567 ], [ -76.759153353894632, 3.456098607373584 ], [ -76.759210461168038, 3.455708377371203 ], [ -76.759115282815429, 3.455375253174289 ], [ -76.758943960434422, 3.455175375755136 ], [ -76.758534693750917, 3.455042128447988 ], [ -76.758144461623601, 3.454956466133599 ], [ -76.757735194816973, 3.454689966217272 ], [ -76.757183160228294, 3.454042754070319 ], [ -76.756888106845082, 3.453614452664851 ], [ -76.756488357752232, 3.452891093212452 ], [ -76.756221858205507, 3.452024971599333 ], [ -76.755974394017684, 3.451130293057464 ], [ -76.755650787090417, 3.450254653206714 ], [ -76.75548898357097, 3.449845384624446 ], [ -76.75499405585569, 3.449445636366192 ], [ -76.754451539168301, 3.449169615689429 ], [ -76.753851915154129, 3.448865044760803 ], [ -76.753528307503814, 3.448693723925421 ], [ -76.753271325822126, 3.448293976085588 ], [ -76.753223737255539, 3.447151834626308 ], [ -76.753166629573926, 3.446238122737836 ], [ -76.753100004751133, 3.445362478834424 ], [ -76.753061933611704, 3.444582018098789 ], [ -76.753061933570606, 3.443687338762341 ], [ -76.753023862074556, 3.442478573738424 ], [ -76.753004827126802, 3.441517270575152 ], [ -76.752776397874783, 3.440422721044917 ], [ -76.752414719471062, 3.439689844306224 ], [ -76.752081596293507, 3.439271059965419 ], [ -76.751777024809812, 3.439061665903837 ], [ -76.751186917721114, 3.438747577610063 ], [ -76.750834757710464, 3.438433487598853 ], [ -76.750444526841235, 3.438062292277416 ], [ -76.75005429477882, 3.437472189146737 ], [ -76.749416599728505, 3.436377634054348 ], [ -76.749073956524285, 3.435758974080167 ], [ -76.748836010685451, 3.43531163601387 ], [ -76.748759868211422, 3.434788154444596 ], [ -76.748702761298063, 3.434483584834412 ], [ -76.748417226030071, 3.43430274661839 ], [ -76.747865190638166, 3.434350332890431 ], [ -76.747237013210935, 3.434407441854522 ], [ -76.746637388597065, 3.43435985213578 ], [ -76.746437513771752, 3.434217085198527 ], [ -76.746313781873013, 3.43384588793212 ], [ -76.74619956818735, 3.433550834590891 ], [ -76.745999693128155, 3.433303373069188 ], [ -76.745847407528018, 3.433132049080525 ], [ -76.745571391094771, 3.432989281690841 ], [ -76.745247784096037, 3.432941691796199 ], [ -76.744686231228499, 3.433036871817976 ], [ -76.744105642755471, 3.433122530834676 ], [ -76.743458429045404, 3.433208191848321 ], [ -76.74290639419047, 3.433179639013972 ], [ -76.742430501954885, 3.433141566925956 ], [ -76.7418594307196, 3.433113015183877 ], [ -76.741374021295002, 3.432998799767824 ], [ -76.74070777226855, 3.432865552060284 ], [ -76.739556112632442, 3.432446764911157 ], [ -76.739232505509705, 3.432389656995325 ], [ -76.738689988867733, 3.432323032568466 ], [ -76.737995187286657, 3.432237374868219 ], [ -76.737776275529157, 3.43225640823092 ], [ -76.737328937772119, 3.432418213114357 ], [ -76.736948224100217, 3.432541942656696 ], [ -76.736462813848789, 3.432475318234437 ], [ -76.73594884943634, 3.432237374614632 ], [ -76.73513031554242, 3.431742444371958 ], [ -76.734483101852476, 3.431304623739745 ], [ -76.734016728117069, 3.430838252039759 ], [ -76.733702639287898, 3.430476571124562 ], [ -76.733531317637727, 3.430219588988691 ], [ -76.733312407275974, 3.430133930570544 ], [ -76.733017354167188, 3.430057787325227 ], [ -76.732113158476992, 3.429667553920249 ], [ -76.731475463999971, 3.429486714579141 ], [ -76.730951982253501, 3.429372500624615 ], [ -76.730342839786729, 3.429353465677399 ], [ -76.729514787912876, 3.42943912904662 ], [ -76.728953235145198, 3.429448643932073 ], [ -76.728429752771902, 3.429286843258134 ], [ -76.726954487793904, 3.428611074090925 ], [ -76.72604077469714, 3.428249396611614 ], [ -76.725127061986655, 3.428078074366733 ], [ -76.724308526591685, 3.428001931046834 ], [ -76.723537581429412, 3.428068557896116 ], [ -76.723042654267914, 3.428125663213358 ], [ -76.722509653617806, 3.428087592164831 ], [ -76.721634012886227, 3.428078073914788 ], [ -76.720996316653213, 3.428040005621147 ], [ -76.720510906684979, 3.427992415027295 ], [ -76.720187300954507, 3.427906752592638 ], [ -76.719958871924419, 3.427706878183427 ], [ -76.719806587046278, 3.427430861021436 ], [ -76.719559122473186, 3.427126290104941 ], [ -76.719273587055184, 3.426926416921402 ], [ -76.718902391993822, 3.426736058548056 ], [ -76.718131445498329, 3.42621257742914 ], [ -76.717303394098352, 3.425850899709301 ], [ -76.71700834087919, 3.425717651893328 ], [ -76.716760876918144, 3.425470184588117 ], [ -76.716570519743698, 3.425051401808356 ], [ -76.716380163068436, 3.424527920128252 ], [ -76.716094627567045, 3.424099614724306 ], [ -76.715742466782302, 3.42385215083672 ], [ -76.715314163697386, 3.423776009308514 ], [ -76.714876344047468, 3.423814080312753 ], [ -76.714429005245464, 3.423947332614059 ], [ -76.714105398175406, 3.423966365876933 ], [ -76.713439149220548, 3.423814080024182 ], [ -76.713067953053695, 3.423737936998226 ], [ -76.71236363256844, 3.423842633441706 ], [ -76.711697383473052, 3.424204313761047 ], [ -76.711145349239459, 3.424527920016972 ], [ -76.710631384463881, 3.424956221094243 ], [ -76.710193563752313, 3.425489223370436 ], [ -76.709917546885393, 3.425898489961223 ], [ -76.709460689741718, 3.426222095682734 ], [ -76.708899136517985, 3.426574255439414 ], [ -76.708309031106623, 3.42682172207473 ], [ -76.707842656592391, 3.427031111742628 ], [ -76.707480978519925, 3.427211951130237 ], [ -76.707243032979562, 3.427449895770916 ], [ -76.707100265101289, 3.42768784297011 ], [ -76.706890871936807, 3.427973378332496 ], [ -76.706447542521872, 3.427969129673483 ], [ -76.706133453562671, 3.427873949767533 ], [ -76.705866954983591, 3.427797806636037 ], [ -76.705743223014125, 3.427636005752274 ], [ -76.705648043467235, 3.427283842817714 ], [ -76.705629009107938, 3.426979272319979 ], [ -76.705543347854118, 3.42671277400967 ], [ -76.705248294960484, 3.426427236627049 ], [ -76.705019866856361, 3.426179774020197 ], [ -76.704896134490724, 3.42593230963407 ], [ -76.704781920699318, 3.425484970821643 ], [ -76.704677223656205, 3.425180399716668 ], [ -76.704582045713977, 3.424904384106086 ], [ -76.704629634527421, 3.424666435807675 ], [ -76.704686742307672, 3.424457044015149 ], [ -76.704648670895466, 3.424314276961706 ], [ -76.704572528162686, 3.423990672356111 ], [ -76.704363135327839, 3.423581403960994 ], [ -76.704087117712248, 3.423238760073906 ], [ -76.703782547155214, 3.422962741770762 ], [ -76.70360170770654, 3.422686724955878 ], [ -76.703477976043274, 3.422439263099324 ], [ -76.703411350776037, 3.422134690423014 ], [ -76.703335207769015, 3.421801564733697 ], [ -76.703249547720844, 3.42144940815233 ], [ -76.703129001040878, 3.421076184930594 ], [ -76.702971077809892, 3.42072107073956 ], [ -76.702664467576952, 3.42016968680158 ], [ -76.702460046152126, 3.419842587446448 ], [ -76.702339298479643, 3.419524861625236 ], [ -76.702246365817587, 3.419412702049632 ], [ -76.702088352985186, 3.419291176041208 ], [ -76.701921011481517, 3.419244392140387 ], [ -76.70169789000758, 3.419188242720114 ], [ -76.701437575526498, 3.419132080277168 ], [ -76.701205171116257, 3.419038553582049 ], [ -76.701037867220393, 3.4188983358857 ], [ -76.700917058611154, 3.418739452600524 ], [ -76.70074981374529, 3.418449737420948 ], [ -76.700517496217188, 3.418131968773027 ], [ -76.700229424937902, 3.417730086445498 ], [ -76.699829840636781, 3.417178664306103 ], [ -76.699560314178242, 3.416907595785 ], [ -76.699309380215354, 3.416645883283325 ], [ -76.699109549041154, 3.416469443007017 ], [ -76.699005005641098, 3.416329250284215 ], [ -76.69895625050772, 3.416182074036605 ], [ -76.698900557453143, 3.415943792294206 ], [ -76.698851923795374, 3.415488278218992 ], [ -76.69883110269042, 3.415235998575302 ], [ -76.698831157857498, 3.41509584429473 ], [ -76.698810270435047, 3.415011746343725 ], [ -76.69875452345758, 3.414913618765008 ], [ -76.698649988893138, 3.414752399767222 ], [ -76.698552442850058, 3.414549140592706 ], [ -76.69845491377923, 3.414303840207012 ], [ -76.698428559464389, 3.414118641818019 ], [ -76.698405657042827, 3.413957077952876 ], [ -76.698373575122545, 3.413777047096723 ], [ -76.698336867463397, 3.413680102042012 ], [ -76.698226701459788, 3.413500038985342 ], [ -76.698098191169862, 3.413250733356838 ], [ -76.698001808236853, 3.413061447812896 ], [ -76.697969706188886, 3.412932189940262 ], [ -76.697960568680486, 3.412807558754455 ], [ -76.697969821707261, 3.412636777238991 ], [ -76.698039627452488, 3.412307676634944 ], [ -76.69810485774677, 3.41193396505217 ], [ -76.698160783028484, 3.411578932875095 ], [ -76.698170295814691, 3.4110276760508 ], [ -76.698142590256367, 3.410551144740944 ], [ -76.698094469638548, 3.410123848616191 ], [ -76.698071696717577, 3.409909455406961 ], [ -76.698056612164763, 3.409518966137194 ], [ -76.698003530494944, 3.408875791669272 ], [ -76.69792767081465, 3.408033540826719 ], [ -76.697859353092539, 3.407390361751594 ], [ -76.697844222497906, 3.4071147178948 ], [ -76.697791015565798, 3.406793122788542 ], [ -76.69773022419912, 3.406387300338429 ], [ -76.69766938566012, 3.406096327032468 ], [ -76.697570484200298, 3.405728769232449 ], [ -76.697456327474157, 3.405399492692216 ], [ -76.697342154950803, 3.405116152669282 ], [ -76.697228002596574, 3.404779222384059 ], [ -76.697197590809353, 3.404618421256042 ], [ -76.697174811480366, 3.404419340167065 ], [ -76.697159669552974, 3.404174322855637 ], [ -76.697197894215108, 3.403845105969722 ], [ -76.697243694738745, 3.403623084351161 ], [ -76.697281836930628, 3.403500592739924 ], [ -76.697274247773095, 3.403424024335246 ], [ -76.697228574021793, 3.403324472348469 ], [ -76.697152417749095, 3.403240217579495 ], [ -76.696992453108777, 3.403155932703078 ], [ -76.696748670674225, 3.403094586434986 ], [ -76.696565843890113, 3.403025602688503 ], [ -76.696502048850959, 3.402992198806452 ], [ -76.696436611241097, 3.402896467420483 ], [ -76.696383090053075, 3.40277083008064 ], [ -76.69631180406131, 3.402411900375649 ], [ -76.696282132240754, 3.402184583267541 ], [ -76.696228686282893, 3.401867532009966 ], [ -76.696139599233959, 3.401365037158997 ], [ -76.69609210273633, 3.401053967215295 ], [ -76.696068367223603, 3.400868527448033 ], [ -76.696038663464151, 3.400718971405401 ], [ -76.695979203067637, 3.400563422633349 ], [ -76.695866187227253, 3.400365981926428 ], [ -76.695669879690485, 3.400066819628012 ], [ -76.695467601965248, 3.399815508955391 ], [ -76.695229596085866, 3.399600071781346 ], [ -76.695003468917363, 3.399450439633213 ], [ -76.694640438736357, 3.399300756111488 ], [ -76.694236683065, 3.399120380843282 ], [ -76.693608048860781, 3.398938374739311 ], [ -76.693151642722086, 3.398808368421698 ], [ -76.692393809488948, 3.398660929599085 ], [ -76.691920207236095, 3.398461677242345 ], [ -76.691567173436127, 3.398271124751602 ], [ -76.691179694846483, 3.398071903713546 ], [ -76.690912755821856, 3.397959280811794 ], [ -76.690731908800089, 3.397924589797773 ], [ -76.690464925040587, 3.397924482073927 ], [ -76.690197941204062, 3.39792437517879 ], [ -76.689939569040291, 3.397924273061865 ], [ -76.689732874812393, 3.397915533000166 ], [ -76.689422853226105, 3.397854822100745 ], [ -76.689155913967085, 3.39774219932329 ], [ -76.688682319183741, 3.397525632721677 ], [ -76.688320682317894, 3.397317767079482 ], [ -76.688071012579726, 3.397092637731995 ], [ -76.687883180236966, 3.396871831055238 ], [ -76.687754418243031, 3.396606675004691 ], [ -76.687683785842594, 3.396270254622925 ], [ -76.687685561527488, 3.396035062992905 ], [ -76.687743454104407, 3.395654701571066 ], [ -76.687846260750888, 3.39525501759543 ], [ -76.687981186750747, 3.394752191964056 ], [ -76.68809040383023, 3.394365403685942 ], [ -76.688244552446534, 3.393920610249765 ], [ -76.688424352900967, 3.393501615668675 ], [ -76.688559163714316, 3.393282466804738 ], [ -76.688738898475094, 3.393024651878496 ], [ -76.688937883046492, 3.392760398448449 ], [ -76.689072663938106, 3.392618615050571 ], [ -76.689149707853119, 3.392470359549467 ], [ -76.689181851986433, 3.392302743909545 ], [ -76.689239760857845, 3.391877253666909 ], [ -76.689291251293781, 3.391458205220412 ], [ -76.689374801247908, 3.391084304356435 ], [ -76.689496853206336, 3.390684625356103 ], [ -76.689586781740047, 3.390400985410349 ], [ -76.689657443910647, 3.39016891542168 ], [ -76.689696007569225, 3.389988410351823 ], [ -76.689721749295245, 3.389788555794337 ], [ -76.68971539752107, 3.389627373118317 ], [ -76.689683365099157, 3.389517758718848 ], [ -76.68956793352443, 3.389401662857433 ], [ -76.689343450540292, 3.389259733618424 ], [ -76.688990690721695, 3.389040389421317 ], [ -76.68880469059377, 3.388924265557663 ], [ -76.688637933473231, 3.388814593441848 ], [ -76.688535329172439, 3.388711397102364 ], [ -76.688432729029415, 3.388595306805371 ], [ -76.688342967703434, 3.388459878832269 ], [ -76.688246798805721, 3.388305107397025 ], [ -76.688189121880839, 3.388150353833075 ], [ -76.688169926804051, 3.388021400608217 ], [ -76.688189234651091, 3.387866674731061 ], [ -76.688240610064142, 3.387737753914713 ], [ -76.688433143768265, 3.387557307793259 ], [ -76.688670597956047, 3.387344648270682 ], [ -76.688863146630837, 3.387125518668726 ], [ -76.689030028678175, 3.386919277407635 ], [ -76.689145577547194, 3.386738803725078 ], [ -76.689299636768737, 3.386513212991086 ], [ -76.689408735075517, 3.386422997841018 ], [ -76.689517812238648, 3.386384355636901 ], [ -76.689658957553405, 3.386365070595571 ], [ -76.689851414101483, 3.386378046007226 ], [ -76.690120849969261, 3.386403939361256 ], [ -76.690281234844164, 3.38640400358754 ], [ -76.690428802003524, 3.386371827075928 ], [ -76.690563554692631, 3.386294517764846 ], [ -76.690679077924017, 3.386178512855555 ], [ -76.690801027246366, 3.386036723610606 ], [ -76.690929413448217, 3.385836911709945 ], [ -76.691012897842938, 3.385624188226791 ], [ -76.691064299742564, 3.385424344188542 ], [ -76.691102896642903, 3.385160024755426 ], [ -76.691173704181423, 3.384560464319468 ], [ -76.69119306512377, 3.384270349551336 ], [ -76.691193195070483, 3.383941541890525 ], [ -76.691180473735812, 3.383664307393695 ], [ -76.691135706446204, 3.383309693205316 ], [ -76.691084537811406, 3.382922840796188 ], [ -76.691090988480568, 3.382832581614734 ], [ -76.691103845022582, 3.382768118180908 ], [ -76.691148790708155, 3.382671425573319 ], [ -76.691251503058936, 3.382503842292107 ], [ -76.691418398752745, 3.382258913154986 ], [ -76.691578853877928, 3.38207845635015 ], [ -76.69202810275489, 3.381640226186676 ], [ -76.692400346164575, 3.381253543777333 ], [ -76.692554382432647, 3.381079531568666 ], [ -76.692657076679524, 3.380957072599093 ], [ -76.692772608735197, 3.380815283383522 ], [ -76.692868926019074, 3.380596115211802 ], [ -76.692926747569089, 3.38038338137278 ], [ -76.692965330629988, 3.380151296377095 ], [ -76.69297183488851, 3.379925647328364 ], [ -76.692939849477938, 3.379693535070263 ], [ -76.692927074548393, 3.379551692040523 ], [ -76.692927128144589, 3.379416301066815 ], [ -76.69297210861977, 3.379229349903121 ], [ -76.693171063177644, 3.379029565596864 ], [ -76.69336357194733, 3.378907147326763 ], [ -76.693543270031768, 3.378733145817493 ], [ -76.693645968320524, 3.378597792395163 ], [ -76.693716589483046, 3.378462430676266 ], [ -76.69376156059549, 3.378301267385572 ], [ -76.693768024213753, 3.378178772957022 ], [ -76.693755269891994, 3.377985351933827 ], [ -76.693710446192895, 3.377772576367041 ], [ -76.693684977007905, 3.377282578950314 ], [ -76.693710741452705, 3.377018253565304 ], [ -76.69375574523157, 3.376773280316514 ], [ -76.69387776059429, 3.376457414658296 ], [ -76.693961289027698, 3.376128639730611 ], [ -76.69403838100979, 3.375851441274609 ], [ -76.694070541098483, 3.375638696699816 ], [ -76.694109182291243, 3.375258326603315 ], [ -76.694141389649985, 3.374923087827038 ], [ -76.694154293571231, 3.374736122318569 ], [ -76.694147935266287, 3.374594281103214 ], [ -76.694103090917125, 3.374433082660371 ], [ -76.694032567503854, 3.374317006798714 ], [ -76.693910727204155, 3.374188016291409 ], [ -76.693788885240437, 3.374065469945411 ], [ -76.693679880251821, 3.373923589783158 ], [ -76.693622207722683, 3.373755937262559 ], [ -76.693603032439498, 3.373575410093664 ], [ -76.693609549322957, 3.373317524793809 ], [ -76.693667430606936, 3.372950055383145 ], [ -76.693686776012683, 3.372698624053032 ], [ -76.693686835625783, 3.372543888799408 ], [ -76.693661258563949, 3.372331121660306 ], [ -76.693622860117884, 3.37209255977139 ], [ -76.693590836934803, 3.371957155818905 ], [ -76.693552416086376, 3.371776619846467 ], [ -76.693539673605656, 3.371550963130338 ], [ -76.69354619278316, 3.371286629991629 ], [ -76.693559107083033, 3.371073877604198 ], [ -76.693597658908331, 3.370919161671816 ], [ -76.693674726112064, 3.370706432827723 ], [ -76.693764633801337, 3.37046792156086 ], [ -76.693828871831784, 3.370248743318708 ], [ -76.693880267699654, 3.370061797179351 ], [ -76.693976573028891, 3.369868418012056 ], [ -76.694098563621935, 3.369610576548036 ], [ -76.694149956904752, 3.369430077409757 ], [ -76.694201357142163, 3.36923023300795 ], [ -76.6942270860484, 3.369056172111 ], [ -76.694233549898669, 3.368933674183696 ], [ -76.694233612705389, 3.368772493900074 ], [ -76.69422732079309, 3.368456579423583 ], [ -76.694220979190462, 3.368269607904514 ], [ -76.694221049097109, 3.368089085948438 ], [ -76.694240343076274, 3.367966597822679 ], [ -76.694278877686898, 3.36785701237039 ], [ -76.694458620952133, 3.367560512566255 ], [ -76.694631914170017, 3.36735426798094 ], [ -76.694805201180515, 3.367160919995113 ], [ -76.694946389582256, 3.367025587419775 ], [ -76.695042651146821, 3.366941810802583 ], [ -76.695215905644659, 3.366832278229935 ], [ -76.695543146772252, 3.366671224702321 ], [ -76.695767721839459, 3.366568158373073 ], [ -76.695908887213818, 3.366490848994542 ], [ -76.696030819855324, 3.366381290831928 ], [ -76.696114270491989, 3.366245933730724 ], [ -76.696184904316965, 3.366078334111787 ], [ -76.696204209577914, 3.365923608109536 ], [ -76.696217126191215, 3.365704407674302 ], [ -76.696242897306192, 3.365420744360849 ], [ -76.696281495755287, 3.365143526943292 ], [ -76.696307252087863, 3.364898543300995 ], [ -76.696358666556605, 3.364660017178337 ], [ -76.696435738289452, 3.364434394588073 ], [ -76.696557734908581, 3.364157214448854 ], [ -76.696718201044419, 3.363938072425823 ], [ -76.696904322531424, 3.363731834874538 ], [ -76.69718673058334, 3.363377350301939 ], [ -76.69741134859332, 3.363158232296479 ], [ -76.697648772663911, 3.363003591342227 ], [ -76.697924682735959, 3.36286186102232 ], [ -76.698149255605429, 3.362758793576444 ], [ -76.698316092245832, 3.362655704979634 ], [ -76.698463699815832, 3.36250747658711 ], [ -76.698656248731609, 3.362269003988001 ], [ -76.69884880813207, 3.362004742991283 ], [ -76.698957925986207, 3.361850053720433 ], [ -76.699111936884876, 3.361734065266346 ], [ -76.699323676724404, 3.3616374377427 ], [ -76.699509722553245, 3.361624615437317 ], [ -76.699721428037435, 3.361618249673487 ], [ -76.699894649230643, 3.361592529141763 ], [ -76.700010145784503, 3.361534548552171 ], [ -76.700241160731736, 3.361360563660302 ], [ -76.700549200971182, 3.361077007336783 ], [ -76.700716067453357, 3.360890102318166 ], [ -76.700812362958601, 3.360716065566791 ], [ -76.700870171656277, 3.360529118297543 ], [ -76.700947268102595, 3.360232580334849 ], [ -76.70099871377154, 3.359910237084644 ], [ -76.701082200578384, 3.359678168786012 ], [ -76.701165664535637, 3.359504129603342 ], [ -76.701300429160042, 3.359388130818756 ], [ -76.701415927965499, 3.359323701762475 ], [ -76.701525035592766, 3.359194801358559 ], [ -76.701653414244589, 3.359001433924005 ], [ -76.701730500182947, 3.358730681055047 ], [ -76.701769062522686, 3.358543726982309 ], [ -76.701781983860116, 3.358305184633324 ], [ -76.701769243125185, 3.358073081218633 ], [ -76.701737301905595, 3.357718472088149 ], [ -76.701660470003489, 3.357325163042908 ], [ -76.701593026960992, 3.357025070950803 ], [ -76.701560673815706, 3.356796842687511 ], [ -76.701560754871466, 3.356584928712447 ], [ -76.701641376576248, 3.35647743936165 ], [ -76.701778074434856, 3.356373920055767 ], [ -76.702044715147977, 3.356261447852012 ], [ -76.702388164267617, 3.356141885932546 ], [ -76.702787813980578, 3.356024331808224 ], [ -76.703332179799204, 3.355823739793829 ], [ -76.703862773476828, 3.355602373915687 ], [ -76.704407163007176, 3.355339462857975 ], [ -76.705358087520594, 3.354965923833865 ], [ -76.705737072512832, 3.354834514008267 ], [ -76.705930006505199, 3.354779194170393 ], [ -76.706212499118166, 3.354744680866486 ], [ -76.706446749572336, 3.354744768381315 ], [ -76.70707369521628, 3.354800399205188 ], [ -76.707431944539209, 3.354842081746015 ], [ -76.707879764614333, 3.354876871147249 ], [ -76.708265598131391, 3.354856245200298 ], [ -76.70847230306714, 3.354821702270407 ], [ -76.708575658551709, 3.354794045260616 ], [ -76.708720371804105, 3.354717934613628 ], [ -76.708858206210849, 3.354614125670094 ], [ -76.709195900466455, 3.354351135738232 ], [ -76.709595635001222, 3.354005082687738 ], [ -76.709836853236723, 3.353797450011397 ], [ -76.710050480930235, 3.353672893718883 ], [ -76.710270991770116, 3.353569117427382 ], [ -76.710643080906806, 3.353451545401171 ], [ -76.710918700574112, 3.353368562986336 ], [ -76.711063407924698, 3.353306297963532 ], [ -76.711159902445715, 3.353202474302123 ], [ -76.711221964483286, 3.353057089144998 ], [ -76.711290955099869, 3.352807847061215 ], [ -76.711380659839065, 3.352433976023896 ], [ -76.711442817210141, 3.352032399818026 ], [ -76.711491120000787, 3.351831619237001 ], [ -76.711546296303084, 3.3516723842339 ], [ -76.711677267746794, 3.351492409099418 ], [ -76.711835803213077, 3.351298590006969 ], [ -76.712194233255644, 3.350855582105354 ], [ -76.712683629788657, 3.350239515990205 ], [ -76.713117897042707, 3.349658051939168 ], [ -76.713538395964889, 3.34904196199925 ], [ -76.714000279125614, 3.348301250915214 ], [ -76.714475983458243, 3.347442838288841 ], [ -76.714744894196173, 3.346868234101233 ], [ -76.714937979544644, 3.346390540983827 ], [ -76.71509660572157, 3.345947454738617 ], [ -76.71527599221335, 3.34525510841876 ], [ -76.715558730008965, 3.344542030548556 ], [ -76.715703524939215, 3.344237421262604 ], [ -76.715889672632073, 3.343891282653777 ], [ -76.715999978264435, 3.343697448261842 ], [ -76.716137841443654, 3.343503622790362 ], [ -76.716255009654972, 3.343385957418604 ], [ -76.716385934025794, 3.343330610993013 ], [ -76.716565074585091, 3.343302983203539 ], [ -76.716751107792263, 3.343268428109085 ], [ -76.716950944070376, 3.34317156387841 ], [ -76.717137015195362, 3.343033149856884 ], [ -76.717254184918559, 3.342908560938912 ], [ -76.717336923831141, 3.342735486105394 ], [ -76.717433429564664, 3.342597039267178 ], [ -76.717571267552145, 3.342472454811517 ], [ -76.717943412814691, 3.342188706128774 ], [ -76.718542964130691, 3.341773477041737 ], [ -76.718915132486799, 3.34142048074368 ], [ -76.719266620815077, 3.341102100050922 ], [ -76.719735286829845, 3.340631431983868 ], [ -76.720079904884429, 3.340257651988458 ], [ -76.720321157647973, 3.339939231756483 ], [ -76.720364782200022, 3.339734487377974 ], [ -76.720364836608269, 3.339582505053812 ], [ -76.72035230414204, 3.339392524312531 ], [ -76.720327163660102, 3.339215202319608 ], [ -76.720276843280146, 3.33897454934047 ], [ -76.720251734585233, 3.338708568917275 ], [ -76.720251830604965, 3.338442600035353 ], [ -76.720340140576482, 3.338176663959662 ], [ -76.720592295795655, 3.337860126553444 ], [ -76.720957836581462, 3.337632288366372 ], [ -76.721222512221757, 3.337543729326008 ], [ -76.72149975696982, 3.337543831163977 ], [ -76.721764394501236, 3.337556590745386 ], [ -76.722117192913856, 3.337721364973616 ], [ -76.72259601130645, 3.337886185688359 ], [ -76.722961451793566, 3.337936979347549 ], [ -76.723478130535696, 3.3379498307464 ], [ -76.724045203992461, 3.338000695939369 ], [ -76.724435845031465, 3.338064164387282 ], [ -76.724788665740491, 3.338165613322513 ], [ -76.725305295809093, 3.338317781063734 ], [ -76.725519516670161, 3.338355851673227 ], [ -76.725771540301594, 3.338406602875717 ], [ -76.726275603841884, 3.33845744637503 ], [ -76.726867877865885, 3.338520984798804 ], [ -76.72711991847693, 3.338521073337343 ], [ -76.727334692855933, 3.33851898461876 ], [ -76.727473424083684, 3.338516544577607 ], [ -76.727582429454642, 3.338506627809885 ], [ -76.727681525799852, 3.338499190930334 ], [ -76.727750896306972, 3.338484278243759 ], [ -76.727800454106671, 3.338451930874538 ], [ -76.727948589926754, 3.338252494634305 ], [ -76.728114009920688, 3.338058676941957 ], [ -76.72821049931666, 3.337961774273839 ], [ -76.72834835689919, 3.337774873284802 ], [ -76.728589567591698, 3.337567233947402 ], [ -76.728789421297009, 3.337414975282552 ], [ -76.728927259562752, 3.337283462680446 ], [ -76.728989314895955, 3.337145002152061 ], [ -76.72903761829312, 3.336930371201947 ], [ -76.729079052686984, 3.336653420441001 ], [ -76.729120459273702, 3.336459559299046 ], [ -76.72919630053913, 3.336300331720051 ], [ -76.729354862539154, 3.336016496902455 ], [ -76.729582359277487, 3.335621903060595 ], [ -76.729754714069571, 3.33529652893587 ], [ -76.729913256690779, 3.335061166295474 ], [ -76.730216512282581, 3.334742763331361 ], [ -76.73058869181105, 3.334341294728246 ], [ -76.730823049940881, 3.334022864730536 ], [ -76.730960925288485, 3.333787491785148 ], [ -76.731029902731237, 3.333552096075323 ], [ -76.731057546264196, 3.333309761002598 ], [ -76.7310714302739, 3.333012027099328 ], [ -76.731078451665255, 3.332631202949419 ], [ -76.73109922047324, 3.332347318746258 ], [ -76.731154431626265, 3.332077297573571 ], [ -76.731264743248488, 3.331855764991038 ], [ -76.731423266236149, 3.331675792132214 ], [ -76.731760937677379, 3.331440493048124 ], [ -76.732119272305866, 3.331225968896696 ], [ -76.732512064638868, 3.330976836024222 ], [ -76.732767032711322, 3.330824597245808 ], [ -76.733008206913311, 3.330713893287494 ], [ -76.733270029440632, 3.330658593408819 ], [ -76.733580082456186, 3.330596383118746 ], [ -76.734117531206763, 3.330423467977609 ], [ -76.734475851972633, 3.330243565013296 ], [ -76.734648136888964, 3.330112067706017 ], [ -76.734765303209969, 3.329987473644587 ], [ -76.734813562539202, 3.32989055161125 ], [ -76.73483126278083, 3.329792385906763 ], [ -76.734856827172436, 3.329510858978592 ], [ -76.734831444688609, 3.329267707356729 ], [ -76.734895439068836, 3.328892987954636 ], [ -76.734946524088926, 3.328825940149572 ], [ -76.735380401629286, 3.328283590587425 ], [ -76.735506950153137, 3.327885867717893 ], [ -76.73550695031129, 3.327216974123268 ], [ -76.735597341473451, 3.326873487223363 ], [ -76.735976984684342, 3.32633113842708 ], [ -76.736410864308809, 3.325897258178298 ], [ -76.736736273111987, 3.325571850857996 ], [ -76.737224386170823, 3.324993343646394 ], [ -76.737712498792035, 3.324523310920496 ], [ -76.737929439078883, 3.324107509361678 ], [ -76.73810947270907, 3.32363372975945 ], [ -76.73832555555569, 3.323287998977964 ], [ -76.73877933075606, 3.322758592968615 ], [ -76.739211497569443, 3.322412858208458 ], [ -76.739514015222312, 3.322088733357136 ], [ -76.73978411980913, 3.321462091207565 ], [ -76.739967790951994, 3.320878666412891 ], [ -76.739946181706728, 3.320435695588269 ], [ -76.739816532229526, 3.319819855643566 ], [ -76.739784119678433, 3.319344473421867 ], [ -76.739892160790234, 3.318847484107375 ], [ -76.73990298059914, 3.318751905647063 ], [ -76.739769186638327, 3.318550287266805 ], [ -76.739473196794094, 3.318396624331216 ], [ -76.739177212883831, 3.31822376230422 ], [ -76.73907220357313, 3.318108552827375 ], [ -76.738871747595368, 3.317849340628504 ], [ -76.73869988168822, 3.317762904407729 ], [ -76.738575751070201, 3.317714873230079 ], [ -76.738241545747613, 3.317609179407391 ], [ -76.737850054581614, 3.317465076759939 ], [ -76.737592264304283, 3.317311426361274 ], [ -76.737353599048902, 3.317080996900959 ], [ -76.737162708724568, 3.316773802353888 ], [ -76.737010020531471, 3.316457022046266 ], [ -76.736914613102698, 3.316197847559955 ], [ -76.736876468919178, 3.316034672384599 ], [ -76.736819282600379, 3.315708326229321 ], [ -76.73675255543418, 3.315353185339702 ], [ -76.736685789491645, 3.315113220056519 ], [ -76.736619060054451, 3.314767674014891 ], [ -76.736552301281819, 3.314508510582407 ], [ -76.736495078305808, 3.314287744915193 ], [ -76.736478041790917, 3.314147664923636 ], [ -76.736434825703356, 3.313488613051423 ], [ -76.736391608781503, 3.312937599160659 ], [ -76.73633758775911, 3.311792356806598 ], [ -76.736370000597944, 3.311187323759091 ], [ -76.736488845530559, 3.310625506193417 ], [ -76.736650909091765, 3.310312182654175 ], [ -76.736942621553681, 3.309793582878672 ], [ -76.737093880147171, 3.309577499023106 ], [ -76.737349365599357, 3.309498324347625 ], [ -76.737634901446157, 3.309369832785492 ], [ -76.738448676898415, 3.308941529319345 ], [ -76.739148238437082, 3.308456121009384 ], [ -76.740033398239959, 3.308084925259183 ], [ -76.74056163894214, 3.307885048240621 ], [ -76.740875727527055, 3.307742280996705 ], [ -76.741061326026639, 3.307485299247562 ], [ -76.741304031160041, 3.307056995015239 ], [ -76.741446797618039, 3.306642969065914 ], [ -76.741561011537087, 3.306357433786 ], [ -76.741789441044432, 3.305943409355672 ], [ -76.741989315113273, 3.30540089430515 ], [ -76.742289127129027, 3.304572839052493 ], [ -76.742660322680592, 3.304016047069925 ], [ -76.742903028248719, 3.303173715584223 ], [ -76.743131456931138, 3.302545537889235 ], [ -76.743298018930133, 3.301622306617957 ], [ -76.743326571576773, 3.301403396605378 ], [ -76.74332657207195, 3.301222557893335 ], [ -76.743431268973254, 3.301013166688651 ], [ -76.743659696549969, 3.300603899072662 ], [ -76.744059445584554, 3.300108969369748 ], [ -76.744620999166713, 3.299414166827706 ], [ -76.74501123056325, 3.298947794711542 ], [ -76.74546808680104, 3.298329133177653 ], [ -76.745553748149106, 3.298100707130482 ], [ -76.745582300709501, 3.297891312198104 ], [ -76.745725068435263, 3.297634329843801 ], [ -76.745915425450065, 3.297472528898592 ], [ -76.746077228805106, 3.29733927742056 ], [ -76.746239033229955, 3.297167956346978 ], [ -76.746305657649827, 3.29697759905435 ], [ -76.746381799839213, 3.296882422681699 ], [ -76.746591193266326, 3.296749170001823 ], [ -76.74689576345169, 3.296615921957521 ], [ -76.747200335280539, 3.296358939892378 ], [ -76.747295513068238, 3.296140029800316 ], [ -76.747362138135998, 3.295711724633024 ], [ -76.747419244885904, 3.295483299752545 ], [ -76.747504905938996, 3.29514065570344 ], [ -76.747600084125807, 3.29494078011241 ], [ -76.747628637676428, 3.294617173425928 ], [ -76.747619119441183, 3.294426815603758 ], [ -76.74758104865073, 3.294122245134916 ], [ -76.747533459313743, 3.293703461323173 ], [ -76.74751442377395, 3.293199017049448 ], [ -76.747514423668207, 3.292818301578406 ], [ -76.747485869437227, 3.292570838640067 ], [ -76.747409727568055, 3.292390000551218 ], [ -76.747200334998311, 3.292142533920218 ], [ -76.746943353103745, 3.291828447084764 ], [ -76.746686370604579, 3.291409660253212 ], [ -76.746448424553165, 3.290952802922847 ], [ -76.74621999682924, 3.290419804413046 ], [ -76.746086746970647, 3.290048607569542 ], [ -76.746067712259546, 3.289810665055754 ], [ -76.746077228868288, 3.289534645338438 ], [ -76.746162889533579, 3.289077788063159 ], [ -76.746286621675281, 3.288801770664457 ], [ -76.746438906761412, 3.288582860576616 ], [ -76.746572157185796, 3.288478166187617 ], [ -76.746676853464749, 3.288392503783315 ], [ -76.746724442557351, 3.288249737201861 ], [ -76.746733960890936, 3.288097449975336 ], [ -76.746752995836971, 3.287907093355851 ], [ -76.74684817452831, 3.287792879305166 ], [ -76.747048048956387, 3.287650112301113 ], [ -76.747219370662307, 3.287421682995128 ], [ -76.74739069203693, 3.287155185987567 ], [ -76.747619119676756, 3.286736399370012 ], [ -76.74793320883434, 3.286317612922323 ], [ -76.748095011429072, 3.286184364372186 ], [ -76.748171155224171, 3.285870278089472 ], [ -76.748228262042005, 3.285461007228824 ], [ -76.748313923207434, 3.285137401390483 ], [ -76.748466207878948, 3.284851864818525 ], [ -76.748704153729904, 3.284613922322897 ], [ -76.749018243067042, 3.284528259588981 ], [ -76.749456063498414, 3.28437597409192 ], [ -76.749713045543643, 3.28419513501708 ], [ -76.74979870625414, 3.284052368031898 ], [ -76.749836777653528, 3.283862009806967 ], [ -76.749893884813048, 3.283576476109429 ], [ -76.749893885021493, 3.283309975432857 ], [ -76.74996050949855, 3.283014922156468 ], [ -76.750188938110838, 3.282662760799454 ], [ -76.75040784806535, 3.282396262591041 ], [ -76.750522062798311, 3.282186869338763 ], [ -76.750645793550248, 3.281825191416894 ], [ -76.750674347708454, 3.28158724664913 ], [ -76.750674348238363, 3.281301712844096 ], [ -76.750636276442947, 3.281035212373713 ], [ -76.750550616179993, 3.280835335137191 ], [ -76.750455437967091, 3.280521249302326 ], [ -76.750417365633567, 3.280273782087434 ], [ -76.750512544780889, 3.280035838123336 ], [ -76.750569651673686, 3.279874032986756 ], [ -76.750645793636465, 3.279598018269018 ], [ -76.750664829978234, 3.279455250953724 ], [ -76.750598204547018, 3.279217301934846 ], [ -76.750464954717771, 3.278960321325402 ], [ -76.750436401536447, 3.278789001302863 ], [ -76.750483991312095, 3.278541534545864 ], [ -76.750550615461819, 3.278179857332063 ], [ -76.750512545222264, 3.277960945946779 ], [ -76.750483990899525, 3.277722999647441 ], [ -76.750522063292237, 3.277437465052539 ], [ -76.7505696521294, 3.277009162932296 ], [ -76.750579169538923, 3.276733143785433 ], [ -76.750569652129954, 3.276542790009985 ], [ -76.750483990732846, 3.276247733743386 ], [ -76.750436401679906, 3.276009788598808 ], [ -76.750531579694325, 3.275809917240897 ], [ -76.750598204775685, 3.275629074787981 ], [ -76.750721936808048, 3.275314987053698 ], [ -76.750855187212153, 3.275058005174808 ], [ -76.750969400424879, 3.274858129150883 ], [ -76.751007472604144, 3.274715360767225 ], [ -76.75099795442614, 3.274458379942145 ], [ -76.751007473143034, 3.274258507902061 ], [ -76.75111216887008, 3.274039598341342 ], [ -76.751188311442661, 3.27379213110447 ], [ -76.751188312172076, 3.273601774124054 ], [ -76.751264453610403, 3.273430452980023 ], [ -76.751397703619901, 3.273287685992103 ], [ -76.751578543242644, 3.273163953015602 ], [ -76.751902150030077, 3.272954560681981 ], [ -76.752387559837913, 3.272640475435494 ], [ -76.752520810230649, 3.272431078879344 ], [ -76.752654059702536, 3.27211699234948 ], [ -76.752720683541028, 3.27180290099894 ], [ -76.752892006033292, 3.271574473447495 ], [ -76.75335837994065, 3.271307976432993 ], [ -76.753681987086637, 3.271050993710063 ], [ -76.753900897097509, 3.270784493249669 ], [ -76.75403414723452, 3.270556063844219 ], [ -76.754253056928547, 3.270327634620074 ], [ -76.754690878035362, 3.27002306422996 ], [ -76.755024002670197, 3.269680423970528 ], [ -76.755385681026127, 3.269223565379405 ], [ -76.755604590817441, 3.268947550243772 ], [ -76.756147107920427, 3.268395514702778 ], [ -76.756451678638513, 3.268062391257034 ], [ -76.756642035510865, 3.267700710201929 ], [ -76.756822874503698, 3.267329517297322 ], [ -76.757127445572237, 3.266863140042588 ], [ -76.757336838772915, 3.266472909768729 ], [ -76.757555748872548, 3.266092195220673 ], [ -76.75769851698756, 3.265587750105004 ], [ -76.757822249041837, 3.265140411302997 ], [ -76.75792694475615, 3.264540786425152 ], [ -76.758012606159511, 3.264131519194447 ], [ -76.758069712543559, 3.263741287804885 ], [ -76.75806019530873, 3.263351059398051 ], [ -76.758155372931185, 3.263065519782866 ], [ -76.758374283866004, 3.262865648246422 ], [ -76.758621747893741, 3.262808538949015 ], [ -76.758888246940828, 3.262665770616341 ], [ -76.759050050788531, 3.262475414103071 ], [ -76.759316549690212, 3.262170846230382 ], [ -76.759716300266859, 3.261685435394031 ], [ -76.760135085141727, 3.261266648383898 ], [ -76.760392066437859, 3.260876418328169 ], [ -76.76067760205629, 3.260381487795697 ], [ -76.761029761497539, 3.259734276888073 ], [ -76.761362886511776, 3.259267900694167 ], [ -76.761553244151301, 3.258877669764915 ], [ -76.761696010838975, 3.258592136001121 ], [ -76.761810225528421, 3.258430331373375 ], [ -76.762019617667619, 3.258259010781456 ], [ -76.762229011263969, 3.258154315597137 ], [ -76.762409849995791, 3.257973474236644 ], [ -76.762619241852988, 3.257678423671057 ], [ -76.762714421277337, 3.257430957329305 ], [ -76.762790563303867, 3.257031208326189 ], [ -76.762971401428189, 3.256888440630601 ], [ -76.763266455965592, 3.256840850150598 ], [ -76.763532955173517, 3.256850368591311 ], [ -76.763751866208324, 3.256840850213679 ], [ -76.763942222843184, 3.256764708153354 ], [ -76.764084990236825, 3.256517244019861 ], [ -76.764208721787455, 3.256260263118682 ], [ -76.7642658288066, 3.256079423662642 ], [ -76.764341972209635, 3.255898585878275 ], [ -76.76453232898227, 3.255784370611891 ], [ -76.764827382247361, 3.255774851662928 ], [ -76.76532230986669, 3.255717747374248 ], [ -76.765950487632395, 3.255727263147337 ], [ -76.766293130298735, 3.255765334036697 ], [ -76.766730951155651, 3.255765334163582 ], [ -76.767121181938705, 3.25576533415678 ], [ -76.767520932044448, 3.255822443262844 ], [ -76.768015860258402, 3.255822443061912 ], [ -76.768310912462283, 3.25579389012955 ], [ -76.768548858442983, 3.255698709311263 ], [ -76.768615483511354, 3.255517869978757 ], [ -76.768672591259332, 3.255289442027295 ], [ -76.768872466071926, 3.255232335809354 ], [ -76.769177037204116, 3.255279926767472 ], [ -76.769434019175876, 3.255298959728949 ], [ -76.769938463585078, 3.25539413837936 ], [ -76.77023351713045, 3.255460765121144 ], [ -76.770766517175872, 3.255594012691553 ], [ -76.771289997504326, 3.255546423792677 ], [ -76.772651049832817, 3.255356070113515 ], [ -76.773193567043279, 3.255213298633744 ], [ -76.773498138220802, 3.255089568763117 ], [ -76.774316673258269, 3.254727892159343 ], [ -76.774840153517829, 3.254480425261996 ], [ -76.775258939229658, 3.254251997062762 ], [ -76.775582546075896, 3.253985498580826 ], [ -76.775982294586285, 3.253804661445412 ], [ -76.77615361545584, 3.253623819248063 ], [ -76.776343972516202, 3.253347801904609 ], [ -76.776543848126465, 3.253005158843925 ], [ -76.776667579721888, 3.252786248870764 ], [ -76.7769626326767, 3.252643480782501 ], [ -76.777181543904391, 3.25259589237536 ], [ -76.777571775053403, 3.252595892403398 ], [ -76.777828756685167, 3.25259589194135 ], [ -76.778171398922112, 3.252567338011608 ], [ -76.778475969989159, 3.252462642816764 ], [ -76.778999452015697, 3.252243733067941 ], [ -76.779284986740805, 3.252005786434538 ], [ -76.779475343769732, 3.251777356645633 ], [ -76.779627629649283, 3.251701216570971 ], [ -76.779932201228647, 3.251606036416181 ], [ -76.780522307120535, 3.251472788082109 ], [ -76.780941091500736, 3.251330020700538 ], [ -76.781264699200491, 3.251177733825732 ], [ -76.781474090441478, 3.251025448309129 ], [ -76.78175010845429, 3.250635218611637 ], [ -76.782064197606374, 3.250197395365205 ], [ -76.782264071469498, 3.249797646178908 ], [ -76.782387803697603, 3.249493078169779 ], [ -76.782540090203128, 3.249064772063955 ], [ -76.782768518040612, 3.248436594192872 ], [ -76.782892249858577, 3.248160578642892 ], [ -76.783149231987011, 3.247779862690059 ], [ -76.783368141550056, 3.24739914936552 ], [ -76.783482356257068, 3.246942294271645 ], [ -76.783472838762506, 3.246590131722356 ], [ -76.783453803263967, 3.246333151078616 ], [ -76.783263445925783, 3.24609520577864 ], [ -76.782930320603242, 3.245819186794595 ], [ -76.782654303462621, 3.245581242830295 ], [ -76.782587678553639, 3.245333777105491 ], [ -76.782416357869295, 3.245019689388395 ], [ -76.782387803609282, 3.244810298313125 ], [ -76.782416357679921, 3.24458186928207 ], [ -76.782568642573452, 3.243896586418186 ], [ -76.782625749506082, 3.243601529224844 ], [ -76.782568642630238, 3.243182746163042 ], [ -76.782397321833201, 3.242744926208845 ], [ -76.782235518679073, 3.242316619582147 ], [ -76.782140340124258, 3.241869281701709 ], [ -76.782102268787753, 3.241440978580451 ], [ -76.782064198244271, 3.241003158622942 ], [ -76.782102268485289, 3.240603409695728 ], [ -76.782121305172979, 3.240108481283681 ], [ -76.782197446645611, 3.23967065955907 ], [ -76.782090479238889, 3.239250552319052 ], [ -76.781934205013314, 3.238805775131251 ], [ -76.781717827095633, 3.238144620945048 ], [ -76.781525490699224, 3.237615692907063 ], [ -76.781477405560238, 3.237387293144197 ], [ -76.781585595545209, 3.237170917874615 ], [ -76.781801974192675, 3.236942514865564 ], [ -76.781958246808273, 3.23678624167475 ], [ -76.782054416092038, 3.236666033235009 ], [ -76.782078457664241, 3.236497740192231 ], [ -76.782114521237915, 3.235956794091829 ], [ -76.782222709975855, 3.235680308338408 ], [ -76.782403024492112, 3.235487972328515 ], [ -76.782715571745797, 3.23500713438471 ], [ -76.783004075654247, 3.234538311276143 ], [ -76.783192953647955, 3.233843229290357 ], [ -76.783232398848227, 3.233702417640243 ], [ -76.783302491198441, 3.233570417257253 ], [ -76.7834338988811, 3.233368020415679 ], [ -76.783508375091444, 3.233214018783811 ], [ -76.783539078744482, 3.233020392870599 ], [ -76.783525982809849, 3.232883967698311 ], [ -76.783486619216575, 3.232743131848839 ], [ -76.783399101509687, 3.232571478762734 ], [ -76.783394745533954, 3.232492265967344 ], [ -76.783425446219667, 3.232311843264958 ], [ -76.783429936861936, 3.231920182749065 ], [ -76.78342123954522, 3.23171334507469 ], [ -76.783342507192614, 3.231449278998634 ], [ -76.783124299006658, 3.230743690007521 ], [ -76.783593809215617, 3.228396148757084 ], [ -76.784535288492037, 3.226356275180009 ], [ -76.784535289135704, 3.224159477968538 ], [ -76.784849115200444, 3.223531825336823 ], [ -76.785476777199733, 3.222904173679606 ], [ -76.786732082497309, 3.220864296083439 ], [ -76.787516652426362, 3.219922810635258 ], [ -76.788458133101983, 3.218196757912103 ], [ -76.789458433788781, 3.218564758572083 ], [ -76.790234676855988, 3.219058732005094 ], [ -76.791222635091771, 3.219199864749968 ], [ -76.7920694502602, 3.219411572795112 ], [ -76.793551382910593, 3.219482142309232 ], [ -76.79404535655155, 3.219129301930605 ], [ -76.79438593626945, 3.218914873920244 ], [ -76.794525959292415, 3.218606394060484 ], [ -76.794668891483582, 3.218235563787019 ], [ -76.794782037542504, 3.217972397372839 ], [ -76.794918974170713, 3.217763073896942 ], [ -76.795234459847109, 3.21750594423305 ], [ -76.7955380442136, 3.217248814946746 ], [ -76.795877332019472, 3.217003653383634 ], [ -76.796282071795417, 3.216800384568181 ], [ -76.796585631226264, 3.216632979116206 ], [ -76.796829694605862, 3.216399759725172 ], [ -76.796978536837443, 3.216178474241055 ], [ -76.797210728938168, 3.215831593863862 ], [ -76.797407158887623, 3.215688085843718 ], [ -76.79780595348403, 3.215460887336945 ], [ -76.798335657083626, 3.215299528045354 ], [ -76.798776092700919, 3.215132156010123 ], [ -76.799073689067129, 3.215006619899627 ], [ -76.799498649016968, 3.214936966090847 ], [ -76.799754558812921, 3.214907126783428 ], [ -76.800040238729011, 3.214829442166854 ], [ -76.800200955256855, 3.214709851367696 ], [ -76.800439042148639, 3.214566352807647 ], [ -76.80070096200474, 3.214321171057891 ], [ -76.800927186142403, 3.214034110257562 ], [ -76.801022464105259, 3.213818789575629 ], [ -76.801105831806879, 3.213627395291363 ], [ -76.801224886988322, 3.213513772840829 ], [ -76.80138560103893, 3.213400164224838 ], [ -76.801659387056432, 3.213286583836986 ], [ -76.801974860146373, 3.213071324883539 ], [ -76.802171309158226, 3.212850053742979 ], [ -76.80237372262458, 3.212580930035445 ], [ -76.802457061418124, 3.212497203996373 ], [ -76.802605862444977, 3.212419481241829 ], [ -76.802861795468388, 3.212305899201346 ], [ -76.803290319493797, 3.212168431327096 ], [ -76.80361173519664, 3.211983082701272 ], [ -76.803724825289507, 3.211917313972937 ], [ -76.803766517093521, 3.211791709640785 ], [ -76.803855845505225, 3.211564424562684 ], [ -76.80393919928558, 3.211426866568838 ], [ -76.804111811009804, 3.211325220939068 ], [ -76.80439154783997, 3.211211643832004 ], [ -76.804718879020513, 3.211157893862057 ], [ -76.804921249689102, 3.211044296670736 ], [ -76.8051236256251, 3.210912749169545 ], [ -76.805195087191024, 3.210739300043499 ], [ -76.805189172475394, 3.210595732422119 ], [ -76.805207065013406, 3.210452174999125 ], [ -76.805248764465262, 3.210296659414452 ], [ -76.805409482887868, 3.21015912084954 ], [ -76.805695176893607, 3.210021617405575 ], [ -76.805814224416878, 3.209931922335609 ], [ -76.805867829793314, 3.209764446298777 ], [ -76.806016641757168, 3.209644851219609 ], [ -76.806183285913548, 3.209603023013433 ], [ -76.806201097006323, 3.20976453774992 ], [ -76.806236742200426, 3.210003815699027 ], [ -76.806296213079477, 3.210159357746561 ], [ -76.806569938011492, 3.210273085436884 ], [ -76.806903192950855, 3.210321028227371 ], [ -76.807182909747993, 3.210279232286906 ], [ -76.807373374447337, 3.210177590276984 ], [ -76.807617416218392, 3.210022128006505 ], [ -76.807879324582089, 3.209806855592351 ], [ -76.80808173551732, 3.209537726014607 ], [ -76.808290107220301, 3.209238691750069 ], [ -76.808498499024083, 3.208855916248029 ], [ -76.808694988129744, 3.208473131281685 ], [ -76.808730748019443, 3.208269759806387 ], [ -76.808784374988505, 3.208018541159716 ], [ -76.808849890607064, 3.207815174791294 ], [ -76.808974890788662, 3.207719500170539 ], [ -76.809165360102739, 3.207599914683002 ], [ -76.809391520827788, 3.207540156334058 ], [ -76.80980811965911, 3.207480448745945 ], [ -76.810194961731369, 3.207420732391241 ], [ -76.81054013414068, 3.207408858289561 ], [ -76.810855548752173, 3.207402961854276 ], [ -76.811063832835032, 3.207432921827823 ], [ -76.811295894900809, 3.207564584965902 ], [ -76.81134822757528, 3.207591514174673 ], [ -76.811663126977876, 3.207976040228233 ], [ -76.811930833773488, 3.208352962013238 ], [ -76.812264014142301, 3.208688031272954 ], [ -76.812615044496425, 3.209035067421624 ], [ -76.813019659155444, 3.209298369073877 ], [ -76.813245790704045, 3.209352261763319 ], [ -76.813358864601724, 3.209346310009699 ], [ -76.814100606177547, 3.209277852546641 ], [ -76.814939755415182, 3.209158435295542 ], [ -76.815564610956528, 3.209242339777774 ], [ -76.816016839636305, 3.209487710921232 ], [ -76.816439307701486, 3.209751016071362 ], [ -76.816820139931764, 3.209930567808328 ], [ -76.817040302501809, 3.210056242137902 ], [ -76.81746872918319, 3.210295621795646 ], [ -76.817825760637618, 3.210457221753142 ], [ -76.818159023664023, 3.210475251806345 ], [ -76.818403033058985, 3.21043942474794 ], [ -76.818629235896964, 3.210212172682128 ], [ -76.818813746131624, 3.210122495149377 ], [ -76.819016092426054, 3.210098619396583 ], [ -76.819260072040194, 3.210182423583353 ], [ -76.819379051267433, 3.210361908202595 ], [ -76.819718246071275, 3.210457706303664 ], [ -76.820111000052961, 3.210559493320196 ], [ -76.820503802662785, 3.210469865212467 ], [ -76.821128779611612, 3.210069245180945 ], [ -76.821456153087723, 3.209842019355677 ], [ -76.821813265036596, 3.20968060094092 ], [ -76.822051314569123, 3.209674676847266 ], [ -76.822307185527421, 3.209800357745646 ], [ -76.822682040834877, 3.210087579347443 ], [ -76.823050939990111, 3.210392743090403 ], [ -76.823580492764066, 3.210817581868545 ], [ -76.824169635646314, 3.210931383257178 ], [ -76.824627841165835, 3.211087023074962 ], [ -76.825205096551869, 3.211135021640062 ], [ -76.825639536509797, 3.211129147126053 ], [ -76.826073986226319, 3.211087382598005 ], [ -76.826954786406944, 3.211003855245077 ], [ -76.827573758776651, 3.210818571382352 ], [ -76.828032034218623, 3.21068708299165 ], [ -76.828258185684206, 3.21066321065652 ], [ -76.828490263029835, 3.210747013037909 ], [ -76.828883038604602, 3.210765057013548 ], [ -76.82924606388913, 3.210765143022948 ], [ -76.829525773612133, 3.210753247943695 ], [ -76.829716180491346, 3.210884893930665 ], [ -76.830156483119481, 3.211249893219977 ], [ -76.830459967507494, 3.21136361792951 ], [ -76.8308051288667, 3.211405575897987 ], [ -76.831084849047429, 3.211351806116101 ], [ -76.831293157949318, 3.211286056721418 ], [ -76.831430058725019, 3.211190380695231 ], [ -76.831733661670896, 3.210807622413877 ], [ -76.832001547498166, 3.210466724884554 ], [ -76.832346761424787, 3.210287354444552 ], [ -76.832995467147782, 3.21019179844174 ], [ -76.833483534795903, 3.209904788770438 ], [ -76.833894241041875, 3.209599818739133 ], [ -76.834513209127564, 3.209420512166312 ], [ -76.83536433667615, 3.20897805969178 ], [ -76.83635226773994, 3.208846698353151 ], [ -76.837709168003386, 3.208745324324336 ], [ -76.839125486439301, 3.209038765373233 ], [ -76.839672939159001, 3.209296112261337 ], [ -76.840163301468749, 3.209563139768592 ], [ -76.840234241084516, 3.209705827175281 ], [ -76.840358358711597, 3.210062537190668 ], [ -76.840617816585706, 3.210373146991376 ], [ -76.84133194254521, 3.210463043053905 ], [ -76.842343665251221, 3.21039747379221 ], [ -76.842605544465926, 3.210283881306861 ], [ -76.842915011254476, 3.210271987745535 ], [ -76.843170913497772, 3.210272046858678 ], [ -76.843420855108249, 3.210313978407668 ], [ -76.843694633124059, 3.210218332749898 ], [ -76.843891052738527, 3.210086778149149 ], [ -76.843986334246665, 3.209817617955435 ], [ -76.843998282829475, 3.209614239750642 ], [ -76.843998345530949, 3.209333097984781 ], [ -76.844051973529588, 3.209040000789607 ], [ -76.844307943521812, 3.208740967011372 ], [ -76.844748429534135, 3.208316362428461 ], [ -76.845063919256873, 3.207981453314048 ], [ -76.845391305129752, 3.207676456378759 ], [ -76.845676976445844, 3.207610718766253 ], [ -76.845861457880844, 3.207640669980984 ], [ -76.846034016401333, 3.207754364090868 ], [ -76.846254182250803, 3.207886012655933 ], [ -76.84668856303847, 3.208143330440233 ], [ -76.847182457143987, 3.20839467668287 ], [ -76.847652567778411, 3.20855031235627 ], [ -76.848069152653267, 3.208550403890496 ], [ -76.848348880400266, 3.208454759020947 ], [ -76.848598881841255, 3.208227507159187 ], [ -76.848729892564762, 3.207850682828485 ], [ -76.848908514402723, 3.207461904835517 ], [ -76.849176369563352, 3.20723465796188 ], [ -76.849301325930796, 3.207324410640116 ], [ -76.84946195760196, 3.207551756328106 ], [ -76.849688075806895, 3.207677423903586 ], [ -76.850015390272574, 3.20768946307452 ], [ -76.850378441532044, 3.207557941782663 ], [ -76.85081292981323, 3.207330732347045 ], [ -76.851050972057621, 3.207360691947634 ], [ -76.851312790462444, 3.20751627904329 ], [ -76.851598386950954, 3.207797486254433 ], [ -76.851854220220361, 3.208114578143503 ], [ -76.85199103903777, 3.208383791895072 ], [ -76.851973102228115, 3.208760639347399 ], [ -76.852026535585466, 3.209340886145714 ], [ -76.852169283109987, 3.209717771243376 ], [ -76.85238943155943, 3.209927183279149 ], [ -76.852710771964993, 3.210046890379497 ], [ -76.853097583537362, 3.210124741609006 ], [ -76.85349034688285, 3.210208570607691 ], [ -76.853847414011042, 3.210238558663815 ], [ -76.854287783416623, 3.21033436402293 ], [ -76.854609137023132, 3.210394253312014 ], [ -76.854853141846704, 3.210370378556584 ], [ -76.855055504853993, 3.210274716596763 ], [ -76.855305511775285, 3.210017552810185 ], [ -76.855323371073936, 3.209993628288251 ], [ -76.855525752779926, 3.209802254756168 ], [ -76.855597171956632, 3.209784323580537 ], [ -76.85574595410084, 3.20977837454686 ], [ -76.856013758835587, 3.209778433260641 ], [ -76.856281576942337, 3.209718673429071 ], [ -76.856513681810611, 3.20968283265741 ], [ -76.856954031011938, 3.209874345596503 ], [ -76.857352718820152, 3.21008379569593 ], [ -76.857953709217398, 3.210472745149598 ], [ -76.858179806937457, 3.210700099865324 ], [ -76.858429693737847, 3.211005226348457 ], [ -76.85872118579077, 3.211561597743376 ], [ -76.858929412637494, 3.211872696395986 ], [ -76.859078143709198, 3.212106017816784 ], [ -76.859256628158491, 3.212357295346771 ], [ -76.859381598184441, 3.21238722940791 ], [ -76.859631563431847, 3.212321482151082 ], [ -76.860179094631746, 3.212237855872814 ], [ -76.86072661070196, 3.212231991288161 ], [ -76.861149147069042, 3.212238060716936 ], [ -76.861333665612335, 3.212094536554214 ], [ -76.861851458791307, 3.211927155758578 ], [ -76.862160919074967, 3.211945168151566 ], [ -76.862440614930364, 3.21200504601408 ], [ -76.863071383824405, 3.212304270012149 ], [ -76.863553386125545, 3.212537660098816 ], [ -76.863874730883197, 3.212639418312782 ], [ -76.864142544247144, 3.212609568158288 ], [ -76.864428232409438, 3.212466065286813 ], [ -76.864749649252374, 3.212226857745718 ], [ -76.865106759751612, 3.212053459160338 ], [ -76.865553142005822, 3.211862133958616 ], [ -76.865898387434925, 3.211503299768299 ], [ -76.866237697844994, 3.211066696311085 ], [ -76.866410339911909, 3.210791567633799 ], [ -76.866642484565759, 3.210564309343543 ], [ -76.866880563913369, 3.210420794780868 ], [ -76.867059123506309, 3.210307176701759 ], [ -76.867963766571407, 3.210032200358805 ], [ -76.868672006657079, 3.209816999634117 ], [ -76.869326691007387, 3.20957187941309 ], [ -76.869987330649778, 3.209308813723017 ], [ -76.870338469967209, 3.209225141433118 ], [ -76.870582459038999, 3.209279030053629 ], [ -76.870826458975984, 3.209279078098743 ], [ -76.871094270943772, 3.209249221088448 ], [ -76.871320431415711, 3.209177485319654 ], [ -76.871576354764869, 3.209075847175634 ], [ -76.871802497501392, 3.209093837898375 ], [ -76.872105972715232, 3.209279336380996 ], [ -76.872451082660788, 3.209584478562923 ], [ -76.872819996399002, 3.209895608658651 ], [ -76.873075862219764, 3.210087075056213 ], [ -76.873415064639772, 3.2101768704015 ], [ -76.873766172908574, 3.210248722792416 ], [ -76.874016119882128, 3.210272700896705 ], [ -76.874206538868478, 3.210374429854672 ], [ -76.874343394862876, 3.210488111812882 ], [ -76.874783769787584, 3.210571942874401 ], [ -76.875283683728014, 3.21051820742244 ], [ -76.875736017179349, 3.21032089565519 ], [ -76.875997935512828, 3.209991951026582 ], [ -76.876259866000382, 3.209603184055003 ], [ -76.876509836553566, 3.20950154073362 ], [ -76.876735980858328, 3.209519531931646 ], [ -76.876985912230822, 3.209621270728965 ], [ -76.87732512801675, 3.209645265216596 ], [ -76.877896441661349, 3.209663324627421 ], [ -76.87875937627669, 3.209633585423343 ], [ -76.879533038187688, 3.209627753394834 ], [ -76.879949620663552, 3.209639798566508 ], [ -76.88041383013389, 3.209574088643409 ], [ -76.881139945717962, 3.209227280662457 ], [ -76.881907703068549, 3.208976193904756 ], [ -76.882574263866545, 3.208850701611542 ], [ -76.88318730043882, 3.208527801251728 ], [ -76.884002718146121, 3.208001556824921 ], [ -76.885181173856978, 3.207391637235453 ], [ -76.885913237560317, 3.207050809064541 ], [ -76.88665124645172, 3.206739893922788 ], [ -76.887276185768357, 3.206405028437495 ], [ -76.887472646562088, 3.206022228097553 ], [ -76.887740565753532, 3.205400170955074 ], [ -76.887978704250727, 3.204915685992503 ], [ -76.88838942578586, 3.204431235641258 ], [ -76.888746575773624, 3.204006592301665 ], [ -76.889752450529542, 3.203336814918895 ], [ -76.890276203929261, 3.20307371096731 ], [ -76.891032083982324, 3.202643158015161 ], [ -76.891585602425181, 3.202320240183975 ], [ -76.891758202139528, 3.202242508170662 ], [ -76.891948636667578, 3.20226049131822 ], [ -76.892097401108614, 3.202350244187923 ], [ -76.892269944957576, 3.202571600784262 ], [ -76.892609115897457, 3.202834865174225 ], [ -76.893162529209278, 3.203104145006918 ], [ -76.893751667238675, 3.203277726655766 ], [ -76.894418152553556, 3.203547027926615 ], [ -76.894828749934746, 3.203750480665867 ], [ -76.895150065273839, 3.204031685581615 ], [ -76.895423774498227, 3.204288952996738 ], [ -76.895632062006428, 3.204318897817843 ], [ -76.896108161125866, 3.204307018805763 ], [ -76.896947287234482, 3.20427127976909 ], [ -76.897863788112801, 3.204181711291334 ], [ -76.898351798806701, 3.204115999414929 ], [ -76.898863629973206, 3.203954580725348 ], [ -76.899310007859484, 3.203739310305104 ], [ -76.899821875419335, 3.20336254514653 ], [ -76.900178994506973, 3.203093425921452 ], [ -76.900434919388061, 3.202955889191686 ], [ -76.900821780525604, 3.202764537172956 ], [ -76.901155058748074, 3.202698795351403 ], [ -76.901407702641364, 3.202652560263589 ], [ -76.901848118955485, 3.202491126076848 ], [ -76.902389689875122, 3.202419436651741 ], [ -76.902818159239246, 3.202521202909437 ], [ -76.903425157419591, 3.202658890106532 ], [ -76.903859586913839, 3.202712798307614 ], [ -76.904282137930949, 3.202617164110376 ], [ -76.904573796937029, 3.202318118896545 ], [ -76.905049978141463, 3.201803763032347 ], [ -76.905389238644489, 3.201546602044032 ], [ -76.905674903433194, 3.201504779113051 ], [ -76.906031957517641, 3.201606528844132 ], [ -76.906383072031119, 3.201648460067936 ], [ -76.906609228469833, 3.201576718743306 ], [ -76.907186628245398, 3.201663342827313 ], [ -76.908049598948438, 3.201370375843027 ], [ -76.909037635742536, 3.200521120984839 ], [ -76.909597473857602, 3.197901172172144 ], [ -76.909579820827346, 3.196668912414713 ], [ -76.909294341396219, 3.195580173081177 ], [ -76.908764860214646, 3.194533266336664 ], [ -76.908860292190383, 3.193223262134709 ], [ -76.910140166413328, 3.190884577935508 ], [ -76.910586727643306, 3.189484901962075 ], [ -76.910771449493978, 3.188013403571368 ], [ -76.911384832537735, 3.185405424671881 ], [ -76.912039728785729, 3.183682765970738 ], [ -76.912136277178689, 3.18302704133431 ], [ -76.912152255250064, 3.182842681721427 ], [ -76.912180560095848, 3.182495194998977 ], [ -76.912162762773292, 3.182142263322235 ], [ -76.912043798964575, 3.181777355254296 ], [ -76.911835582448077, 3.18132868262711 ], [ -76.911782063690723, 3.18107743614241 ], [ -76.91184759637774, 3.180628811741183 ], [ -76.911877393517543, 3.180365613810351 ], [ -76.912002410027739, 3.180096451767984 ], [ -76.912216691768023, 3.179821322191888 ], [ -76.912419052480871, 3.179665827358285 ], [ -76.912597604063734, 3.179546220999001 ], [ -76.91283567006316, 3.179402696890946 ], [ -76.91300827172816, 3.179271121123159 ], [ -76.913067818877536, 3.179037838785626 ], [ -76.913174998802091, 3.178655019883138 ], [ -76.913204817772424, 3.17825424096224 ], [ -76.913222758428304, 3.177697937340713 ], [ -76.913288293416201, 3.177231362224757 ], [ -76.913318134075482, 3.176698984055173 ], [ -76.913288437735474, 3.176322126439132 ], [ -76.913205159804193, 3.176088821437641 ], [ -76.913080220598118, 3.175879436330562 ], [ -76.912860098900666, 3.175460670838073 ], [ -76.912497161771455, 3.174976087102784 ], [ -76.912116377104212, 3.174461587213504 ], [ -76.911801051922495, 3.173959061808536 ], [ -76.91156310382334, 3.173372803848198 ], [ -76.911378754061204, 3.172547282103467 ], [ -76.911360983961373, 3.1720268612426 ], [ -76.911444366180788, 3.171602167305545 ], [ -76.911503968157831, 3.17102791782219 ], [ -76.911599262571613, 3.170531444306677 ], [ -76.911777840573961, 3.170238360296258 ], [ -76.911992108046178, 3.170040996694358 ], [ -76.912390878819707, 3.16971205925221 ], [ -76.91276585961414, 3.169281424999067 ], [ -76.913063475812152, 3.168868727879316 ], [ -76.913242085961301, 3.168360300560864 ], [ -76.913164764631858, 3.168097089719489 ], [ -76.913099343272094, 3.167845839290581 ], [ -76.913010127437033, 3.167528789715742 ], [ -76.912926889980994, 3.167050228408892 ], [ -76.912891282775789, 3.166422130150083 ], [ -76.91290326314828, 3.165931623080466 ], [ -76.912909266156873, 3.165602622249674 ], [ -76.913064038522137, 3.165297576346021 ], [ -76.913397366987951, 3.164837025777975 ], [ -76.913855678763852, 3.164286770201015 ], [ -76.914224707862886, 3.163850153814468 ], [ -76.914581844927795, 3.163353718839672 ], [ -76.914802083744974, 3.163012789281328 ], [ -76.914849745657804, 3.162665850146136 ], [ -76.9148497989775, 3.162324887767994 ], [ -76.914814171107807, 3.161822406044881 ], [ -76.914754738798109, 3.161325906345807 ], [ -76.914754816072929, 3.160835394976466 ], [ -76.914778694804852, 3.16035087021304 ], [ -76.914766841267564, 3.160045796564862 ], [ -76.914689524752688, 3.159746691324484 ], [ -76.914594344790331, 3.159519366275345 ], [ -76.914386101413513, 3.159262115187397 ], [ -76.914052895014464, 3.158962970070015 ], [ -76.913689942035489, 3.158609984919506 ], [ -76.91332104552589, 3.158209145400638 ], [ -76.913178269669501, 3.15791601114588 ], [ -76.91316641009287, 3.157646826612858 ], [ -76.913285494648932, 3.157228117118501 ], [ -76.913446258262184, 3.156665851722475 ], [ -76.913630842773927, 3.155995914758987 ], [ -76.913803525252945, 3.155319995890347 ], [ -76.914011922686058, 3.154584263172557 ], [ -76.914089365051737, 3.154069837301195 ], [ -76.91438106510752, 3.15339991768211 ], [ -76.914625162743576, 3.152688118976826 ], [ -76.914845459717355, 3.15196435081088 ], [ -76.915071692702881, 3.151330314012868 ], [ -76.915178893103544, 3.150785981747475 ], [ -76.915262280399375, 3.150301468135436 ], [ -76.915345659995822, 3.149870786851044 ], [ -76.915482594162853, 3.14946404543872 ], [ -76.91570280610577, 3.149278643301883 ], [ -76.916245203842664, 3.149173726837217 ], [ -76.916736739899051, 3.149173801703242 ], [ -76.916762931993432, 3.149173808317373 ], [ -76.917087843829847, 3.149162092016126 ], [ -76.917379437433397, 3.149162137934182 ], [ -76.917688884188181, 3.149168168724145 ], [ -76.917920972121451, 3.149150258637582 ], [ -76.918254234901397, 3.149060582283163 ], [ -76.918492292101092, 3.148923034985156 ], [ -76.918700599504731, 3.148749596962005 ], [ -76.918867257748147, 3.148528292292609 ], [ -76.919051775025807, 3.148271103790276 ], [ -76.919266058565924, 3.147924186999133 ], [ -76.919408922904594, 3.147643065549369 ], [ -76.919504191144611, 3.14728416725328 ], [ -76.919623244381754, 3.147044912673738 ], [ -76.919766095066649, 3.146853518296837 ], [ -76.920051772022532, 3.146620266867237 ], [ -76.920450533135863, 3.146273381872956 ], [ -76.920706460061666, 3.146016201272577 ], [ -76.921057602227037, 3.145747072346042 ], [ -76.921343274580792, 3.145537751183116 ], [ -76.921545651183749, 3.145226723906534 ], [ -76.921807557139161, 3.144772144446671 ], [ -76.922057559949138, 3.144323542549843 ], [ -76.922349214155531, 3.143910839807982 ], [ -76.922551575848487, 3.143689543272075 ], [ -76.922730117430021, 3.143581895643239 ], [ -76.922932458141929, 3.143510144003391 ], [ -76.923081230622216, 3.143498206320421 ], [ -76.923212149785897, 3.143498221563277 ], [ -76.923396625477878, 3.143504231217847 ], [ -76.923527543634009, 3.143510232036148 ], [ -76.92365251261225, 3.143510250755338 ], [ -76.923765584520112, 3.143468396203206 ], [ -76.923872710147521, 3.143402609953577 ], [ -76.923991744775762, 3.143282993977398 ], [ -76.924104835140454, 3.143121500333092 ], [ -76.924217931471418, 3.142912151632295 ], [ -76.924307216662285, 3.142762618138828 ], [ -76.924420295224678, 3.142678890564469 ], [ -76.924527418768591, 3.142625070200492 ], [ -76.9246285825066, 3.14262508322062 ], [ -76.924765450264587, 3.14264903187237 ], [ -76.924908267218555, 3.142672978771468 ], [ -76.925086782584359, 3.142738807251203 ], [ -76.925301006928223, 3.142786692820573 ], [ -76.925503333079561, 3.142810650223627 ], [ -76.925699712994856, 3.142804694854897 ], [ -76.925830637603923, 3.142756861200963 ], [ -76.925937762821647, 3.142691075894667 ], [ -76.926015136772577, 3.142607343396177 ], [ -76.926062756691906, 3.142511640283819 ], [ -76.926122288213037, 3.142362101242853 ], [ -76.926205622039689, 3.142206585032021 ], [ -76.926336578624813, 3.141943405422178 ], [ -76.926550867961794, 3.141536669218329 ], [ -76.926872311811266, 3.140854788678946 ], [ -76.927074714876241, 3.140340378933043 ], [ -76.927140200591452, 3.140154950186499 ], [ -76.927283064105339, 3.139855879362718 ], [ -76.927408063825624, 3.139628586683221 ], [ -76.927449741650577, 3.139473064892335 ], [ -76.927455722433393, 3.139263702126096 ], [ -76.927455755241212, 3.139036395154267 ], [ -76.927431989187227, 3.13877318875841 ], [ -76.927372532263234, 3.138414269281121 ], [ -76.927336882668939, 3.138019461869174 ], [ -76.927271493246693, 3.13754090805377 ], [ -76.927265603150389, 3.137110211886212 ], [ -76.927206150384677, 3.136715402143635 ], [ -76.927146692516487, 3.136368447259236 ], [ -76.927093173623618, 3.136099258158755 ], [ -76.927027749780834, 3.135853994009701 ], [ -76.926950431500913, 3.135548907089557 ], [ -76.926890957709645, 3.135315606916665 ], [ -76.926837452909879, 3.134944726684817 ], [ -76.926766077529891, 3.134705440600854 ], [ -76.926712552075784, 3.134484106197345 ], [ -76.926718529252653, 3.13429867210645 ], [ -76.92671855869375, 3.134089308162204 ], [ -76.926694789472577, 3.133850028386758 ], [ -76.926653164020976, 3.13364663919953 ], [ -76.926557999076607, 3.133311644300615 ], [ -76.9264628152239, 3.13310824573407 ], [ -76.926325978933832, 3.132880919135123 ], [ -76.92618318308682, 3.132719386922921 ], [ -76.926064187095392, 3.132575804764851 ], [ -76.925867837831689, 3.132390338678954 ], [ -76.925641734916027, 3.132198887956847 ], [ -76.925522754113004, 3.131953615338641 ], [ -76.925439483752896, 3.13166647410471 ], [ -76.925368125020015, 3.131319516797626 ], [ -76.925278923723283, 3.130894795775037 ], [ -76.925177792098765, 3.130673451263062 ], [ -76.92511235763962, 3.130505950099096 ], [ -76.925118332791911, 3.130338460758418 ], [ -76.925160006069135, 3.130218829233948 ], [ -76.925237372162115, 3.130176968205822 ], [ -76.925296884188668, 3.130147066168387 ], [ -76.925392094469586, 3.130159043549825 ], [ -76.925481349106533, 3.130212894692937 ], [ -76.925540853404698, 3.130236829659328 ], [ -76.925624160577613, 3.130260769765394 ], [ -76.925689616869093, 3.130278723785324 ], [ -76.92583838138377, 3.130314638594683 ], [ -76.925981195831255, 3.13035054960044 ], [ -76.926118061580084, 3.130368513560074 ], [ -76.926278742043223, 3.130308721327901 ], [ -76.926379916385827, 3.130224987891997 ], [ -76.926487050062121, 3.130093403258475 ], [ -76.926546578198796, 3.12995582910945 ], [ -76.926582305936734, 3.129794328231819 ], [ -76.926594234155857, 3.129608888875666 ], [ -76.926564502590239, 3.129447374548023 ], [ -76.926534771972086, 3.129285862912996 ], [ -76.9264455328249, 3.129130320805065 ], [ -76.926356296007071, 3.128956833605547 ], [ -76.926273010507444, 3.128771385267959 ], [ -76.926195676735489, 3.1285919208376 ], [ -76.926142150415515, 3.128376565124777 ], [ -76.926124314462413, 3.128256925797317 ], [ -76.926124344463105, 3.128053544575471 ], [ -76.926171980104073, 3.127850168341887 ], [ -76.926249368254247, 3.127658762380448 ], [ -76.926314837979618, 3.127575023712301 ], [ -76.926433866166946, 3.127485314555099 ], [ -76.926499328934085, 3.127455412855682 ], [ -76.926636200760058, 3.12743150603996 ], [ -76.926814728425271, 3.12739564277541 ], [ -76.927011109678361, 3.127359780001979 ], [ -76.927213438575478, 3.127341860606992 ], [ -76.927439582240027, 3.127246184276733 ], [ -76.927671674923175, 3.127150508123584 ], [ -76.927808558882163, 3.12703687342849 ], [ -76.927915699093489, 3.1268574325866 ], [ -76.927969281158866, 3.12667798574281 ], [ -76.927981206755319, 3.126504516988271 ], [ -76.927951477842242, 3.126331037097069 ], [ -76.92795150169097, 3.126157562579434 ], [ -76.927987237764555, 3.125936239641811 ], [ -76.928052735166318, 3.125667066332902 ], [ -76.928189625999565, 3.125499595041182 ], [ -76.9283324666212, 3.125338106837546 ], [ -76.928499105937277, 3.125218492257408 ], [ -76.928635987704709, 3.125110838951376 ], [ -76.928790733022751, 3.124937387252981 ], [ -76.928909776745883, 3.124728042736027 ], [ -76.929005023189745, 3.124488783197727 ], [ -76.929064566676786, 3.124231570406663 ], [ -76.929040803093216, 3.123950419100385 ], [ -76.929028943735659, 3.123651326763716 ], [ -76.929058739725605, 3.123352236632117 ], [ -76.929112336067249, 3.123071100396737 ], [ -76.929201635713738, 3.12279594730356 ], [ -76.929368296014175, 3.122514823818626 ], [ -76.929540900051137, 3.1222875400749 ], [ -76.929701593190742, 3.122120069304424 ], [ -76.929874185658662, 3.121970551157441 ], [ -76.930094386409181, 3.121803086903147 ], [ -76.93041574642487, 3.121659568226873 ], [ -76.930665699959121, 3.121504076134495 ], [ -76.930891851423624, 3.121330633847297 ], [ -76.930987078384817, 3.121222977118819 ], [ -76.931052563611757, 3.121031564902665 ], [ -76.931135905064551, 3.120810248053457 ], [ -76.93121329369481, 3.12059491209868 ], [ -76.931296622196584, 3.120469307418731 ], [ -76.931409699620829, 3.120367628826406 ], [ -76.931570374459284, 3.120331761359303 ], [ -76.931689395544666, 3.120283923212907 ], [ -76.931832215409941, 3.120265997376796 ], [ -76.931951236058794, 3.120230123110171 ], [ -76.932105958833887, 3.120200237362308 ], [ -76.932272583041097, 3.120176331216733 ], [ -76.932409451757565, 3.120164386177591 ], [ -76.932605825722177, 3.120164413227467 ], [ -76.932790301045216, 3.120152475077507 ], [ -76.933004531038236, 3.120122594740836 ], [ -76.933260422755637, 3.120044867420688 ], [ -76.933563925482844, 3.119937234609697 ], [ -76.933736507395665, 3.119853512804193 ], [ -76.93392695076021, 3.119709977665428 ], [ -76.934063838820009, 3.119554467096689 ], [ -76.934129323707424, 3.119357073596406 ], [ -76.934153150539061, 3.119177621887449 ], [ -76.934141271937108, 3.119016111223448 ], [ -76.934046078480591, 3.118878514775124 ], [ -76.933968725860367, 3.118824667696256 ], [ -76.933855673795151, 3.118740907980792 ], [ -76.93376047200519, 3.118669112677344 ], [ -76.933677170766131, 3.118603300574399 ], [ -76.933593870818086, 3.118525523683409 ], [ -76.933546284058792, 3.118387939447483 ], [ -76.933552256138512, 3.118232407565518 ], [ -76.933564181673788, 3.118052955376255 ], [ -76.933611812128703, 3.11787350800439 ], [ -76.93375465619161, 3.11767612529772 ], [ -76.93390939246963, 3.117544548799007 ], [ -76.934070068617288, 3.117496715931733 ], [ -76.934230737742126, 3.117496737586866 ], [ -76.934397363516496, 3.11745488682509 ], [ -76.934599701038152, 3.11736518544193 ], [ -76.934712776257385, 3.11728145579509 ], [ -76.934825856223782, 3.117161833709349 ], [ -76.935051996479984, 3.117054192810501 ], [ -76.935200769412674, 3.117018319763882 ], [ -76.935450700400267, 3.117012375000459 ], [ -76.935635174150804, 3.117012397309082 ], [ -76.935885102805912, 3.117018411767694 ], [ -76.936105283975564, 3.116988532802614 ], [ -76.936265959736019, 3.116934717919167 ], [ -76.93640283992832, 3.116839028867564 ], [ -76.936545675979801, 3.116695482923221 ], [ -76.936658760067729, 3.11654595413221 ], [ -76.936825408856322, 3.116324645993807 ], [ -76.936962302420994, 3.116115298960292 ], [ -76.937081347996966, 3.115882022853767 ], [ -76.937200394858891, 3.115636783889055 ], [ -76.937361105578631, 3.115325750806214 ], [ -76.937563479035873, 3.11495490377036 ], [ -76.937718233061432, 3.114685738607025 ], [ -76.937819418418371, 3.114500314746856 ], [ -76.937896796623278, 3.114356761623266 ], [ -76.93799202252363, 3.114243122247736 ], [ -76.938075342766965, 3.1141713485662 ], [ -76.938212221545044, 3.114075657232952 ], [ -76.938337196171787, 3.114003891300477 ], [ -76.938485969211357, 3.113962039282532 ], [ -76.938729953595967, 3.113914216686264 ], [ -76.938932285899796, 3.113848441566364 ], [ -76.939057253407924, 3.113824534411421 ], [ -76.93918221919148, 3.113824550301623 ], [ -76.939313133907945, 3.113824566380261 ], [ -76.939432146722851, 3.113836546732024 ], [ -76.939551160796569, 3.113836559675006 ], [ -76.939664223924126, 3.113842557006196 ], [ -76.939795137479109, 3.11384855581444 ], [ -76.93995580436733, 3.113866523854002 ], [ -76.940098619883372, 3.113884486768924 ], [ -76.94026523548321, 3.113908437731758 ], [ -76.940544910059472, 3.113980255441491 ], [ -76.940729375462965, 3.11402215341208 ], [ -76.940910695295031, 3.114085532914883 ], [ -76.941118544747198, 3.114147619779839 ], [ -76.941445819144107, 3.114267298991817 ], [ -76.941796908826603, 3.114273330339898 ], [ -76.941904020787263, 3.114285305433152 ], [ -76.942004333084611, 3.114320647584644 ], [ -76.942169799534113, 3.114416446248259 ], [ -76.942275094391348, 3.11448702785171 ], [ -76.942400450450521, 3.114542492113995 ], [ -76.942480681425025, 3.114552586370881 ], [ -76.942580976854046, 3.114512273446626 ], [ -76.942769110041255, 3.114618946262443 ], [ -76.942852526140769, 3.114674862657344 ], [ -76.942935944973769, 3.114716805391524 ], [ -76.943019362888677, 3.114758742696476 ], [ -76.943116687129816, 3.114786709076443 ], [ -76.943214014099439, 3.114786722757384 ], [ -76.943311341945758, 3.114786733717126 ], [ -76.943408668892488, 3.114786747379896 ], [ -76.943505996726032, 3.114786761030207 ], [ -76.943603323639806, 3.114786771966116 ], [ -76.94370065144372, 3.114786783792458 ], [ -76.943797979249652, 3.114786799221353 ], [ -76.943895307023965, 3.114786809223725 ], [ -76.943992633895363, 3.114786821026235 ], [ -76.944089961666975, 3.114786836427898 ], [ -76.94411581608, 3.114786836574772 ], [ -76.944187288512126, 3.114786847309331 ], [ -76.944284617142245, 3.114786858174921 ], [ -76.94436803499741, 3.11482879890834 ], [ -76.944451452859653, 3.114870741432446 ], [ -76.94453487161708, 3.1149126830351 ], [ -76.944618289463136, 3.114954621014351 ], [ -76.944701708214481, 3.114996560780904 ], [ -76.944799031434158, 3.115024526922527 ], [ -76.944896360017665, 3.115024538606034 ], [ -76.944993685913047, 3.115038529305861 ], [ -76.945091012678546, 3.115038540976353 ], [ -76.945188338551773, 3.115052530750186 ], [ -76.945285667092094, 3.115052542394095 ], [ -76.945382992051705, 3.115066533051129 ], [ -76.94548031788743, 3.115080520080787 ], [ -76.945577643724619, 3.115094509806795 ], [ -76.945674967778402, 3.115122476725118 ], [ -76.945758385585378, 3.115164415437141 ], [ -76.945855710519595, 3.115192379612137 ], [ -76.945953034556993, 3.115220345580679 ], [ -76.946050359468629, 3.115234337047342 ], [ -76.946147686151221, 3.115248323980341 ], [ -76.946312794090375, 3.115260573763976 ], [ -76.946510927910438, 3.115239636865098 ], [ -76.946792483380321, 3.115229188032024 ], [ -76.946854105841084, 3.115221760408799 ], [ -76.947053185628405, 3.115197770708917 ], [ -76.947282604203949, 3.11517683495861 ], [ -76.947470306797072, 3.115176857847652 ], [ -76.947699721725797, 3.115176887781103 ], [ -76.947876996811004, 3.115176910179414 ], [ -76.948002133390062, 3.115166441292222 ], [ -76.948168992762106, 3.115072119187125 ], [ -76.948429701949038, 3.114988293595767 ], [ -76.94879468261027, 3.114967373775654 ], [ -76.949170084888735, 3.114998865836289 ], [ -76.949274365149364, 3.114998877081354 ], [ -76.949368216211084, 3.114998888822631 ], [ -76.94946206815699, 3.114998899649178 ], [ -76.949555917910246, 3.115009396033723 ], [ -76.949649768937576, 3.115009406845587 ], [ -76.949743620852459, 3.115009417645604 ], [ -76.94984789886621, 3.115019915297671 ], [ -76.94994174946298, 3.115030407122347 ], [ -76.950035600054491, 3.115040899839103 ], [ -76.95013987842718, 3.115040914610767 ], [ -76.950233728607543, 3.11506188924544 ], [ -76.950327579175379, 3.115072382831559 ], [ -76.950421428843072, 3.115082878216044 ], [ -76.950504848164812, 3.115124819916904 ], [ -76.950588265676984, 3.115166757997781 ], [ -76.950671684992628, 3.115208697862527 ], [ -76.950765533362784, 3.115229676938064 ], [ -76.950859386065432, 3.115229686706464 ], [ -76.950953239518995, 3.115208731702906 ], [ -76.951047093860296, 3.11518777759519 ], [ -76.951140944737574, 3.115187789155588 ], [ -76.95124522478514, 3.11518780469441 ], [ -76.951339076538133, 3.115187816233616 ], [ -76.951432927378875, 3.115187826864869 ], [ -76.951526777831873, 3.115198319410703 ], [ -76.9516206291744, 3.11520881194234 ], [ -76.951724904443111, 3.115240272302763 ], [ -76.951808322803899, 3.115282212917803 ], [ -76.951891738625179, 3.115345117361239 ], [ -76.951975157890885, 3.115387058843339 ], [ -76.952058577143418, 3.115428996698681 ], [ -76.952141995508185, 3.11547093725095 ], [ -76.952225413873279, 3.115512877788056 ], [ -76.952308833143647, 3.115554820112406 ], [ -76.952423534125529, 3.115607243622947 ], [ -76.952517384531944, 3.11561773963103 ], [ -76.952611234916219, 3.115628232016694 ], [ -76.952705086553237, 3.115628243383002 ], [ -76.952798938176258, 3.115628253837986 ], [ -76.952892789788606, 3.115628264284527 ], [ -76.952997069648518, 3.115628276883981 ], [ -76.953036291924192, 3.115628282291738 ], [ -76.953101348603823, 3.115628291282198 ], [ -76.953205628430652, 3.11562830205501 ], [ -76.953299480000197, 3.115628313367864 ], [ -76.953393331555674, 3.11562832376938 ], [ -76.953487184002071, 3.115628335061958 ], [ -76.953591462885385, 3.115628346702496 ], [ -76.953685314411061, 3.115628357980642 ], [ -76.953779165936211, 3.115628371959037 ], [ -76.953873015842618, 3.115649346107179 ], [ -76.953966864857904, 3.115670323857103 ], [ -76.95405028188668, 3.115722744223972 ], [ -76.954133699823558, 3.115775166375942 ], [ -76.954217119000887, 3.115817105715519 ], [ -76.954310969235934, 3.115827599709826 ], [ -76.95440481947243, 3.11583809640201 ], [ -76.954498668439157, 3.115859068651699 ], [ -76.954582085143286, 3.115921974418831 ], [ -76.954655073612983, 3.115984878026353 ], [ -76.954696775823649, 3.116068745290022 ], [ -76.954728048560966, 3.116163088680188 ], [ -76.95476975079535, 3.116246955021415 ], [ -76.954801023568635, 3.116341300199855 ], [ -76.95484272582334, 3.116425164715745 ], [ -76.954884428104521, 3.116509032832979 ], [ -76.954978275885466, 3.116540488639104 ], [ -76.955072127023385, 3.116550985178271 ], [ -76.955165978462915, 3.116550996218342 ], [ -76.955270256895986, 3.116561487644103 ], [ -76.955364107998989, 3.116571982345094 ], [ -76.95546838398775, 3.116603441109841 ], [ -76.95556223418302, 3.1166139375949 ], [ -76.955656081920438, 3.116645393302257 ], [ -76.955749929667491, 3.116676852605598 ], [ -76.955843779210412, 3.116708312789419 ], [ -76.955937626932808, 3.116739767547054 ], [ -76.956021046134566, 3.116781709261405 ], [ -76.956104463225813, 3.116834131929173 ], [ -76.956156593821888, 3.116917999251427 ], [ -76.956219152950055, 3.116991381391602 ], [ -76.956302572160382, 3.117033321237783 ], [ -76.956365132216376, 3.11710670695554 ], [ -76.956448548441273, 3.117159130447134 ], [ -76.956542397969855, 3.117190585971951 ], [ -76.956636246914144, 3.117211564141156 ], [ -76.956730097931356, 3.117222055919176 ], [ -76.956823949242164, 3.117222066733781 ], [ -76.956917800247723, 3.117232560297133 ], [ -76.957002229576858, 3.11724200147299 ], [ -76.957105500439781, 3.117253548301026 ], [ -76.957220204574924, 3.117285008837117 ], [ -76.957313091561204, 3.117305767536957 ], [ -76.957407905602963, 3.11730599405488 ], [ -76.957501757738981, 3.117306003892636 ], [ -76.957595609867695, 3.117306014624853 ], [ -76.957689461989133, 3.117306026251516 ], [ -76.957791311219154, 3.117317414041531 ], [ -76.957877162937535, 3.117327014979681 ], [ -76.957971012650091, 3.117347987558532 ], [ -76.958064862651185, 3.117358480993142 ], [ -76.958158712369979, 3.117379458964113 ], [ -76.958252560888198, 3.11741091515099 ], [ -76.958346408514487, 3.117442374034326 ], [ -76.958411084437955, 3.117471277880599 ], [ -76.958440255860609, 3.117484315639875 ], [ -76.958565390161439, 3.117505295284931 ], [ -76.958659237776814, 3.117536755020299 ], [ -76.958753085096035, 3.117578692056526 ], [ -76.95883650305835, 3.117631114247655 ], [ -76.958919921027189, 3.11768353732436 ], [ -76.958992909630297, 3.117746441043209 ], [ -76.959076326440055, 3.117809345915901 ], [ -76.959128457231174, 3.117893212724738 ], [ -76.95915973046111, 3.117987556306669 ], [ -76.959211860382155, 3.118071423094775 ], [ -76.959274420576492, 3.11814480920232 ], [ -76.959347410134356, 3.118207712824697 ], [ -76.959420398790883, 3.118270613725485 ], [ -76.959493387464548, 3.11833351731866 ], [ -76.959576805496042, 3.118385939326598 ], [ -76.959660222380492, 3.118448844042764 ], [ -76.959743641575272, 3.118490785096299 ], [ -76.959827059609466, 3.118543205246483 ], [ -76.959910478796075, 3.118585143559895 ], [ -76.960004328478348, 3.118606120274981 ], [ -76.960098178154198, 3.11862709697684 ], [ -76.960192026684737, 3.118658557287114 ], [ -76.960285875437236, 3.118679530353159 ], [ -76.960379725986471, 3.118700505204937 ], [ -76.960473575641245, 3.11872148275557 ], [ -76.960567425518732, 3.11873197487372 ], [ -76.96066127742904, 3.118731986070614 ], [ -76.960755129084475, 3.118742478161463 ], [ -76.960848980970965, 3.118742488437373 ], [ -76.960942832846783, 3.118742498704834 ], [ -76.961036684715296, 3.118742509866731 ], [ -76.961130537694842, 3.118732035604685 ], [ -76.961224391806709, 3.118711082242507 ], [ -76.961318243640378, 3.118711093382632 ], [ -76.961412098845372, 3.118679654598769 ], [ -76.961485103107989, 3.118606285439011 ], [ -76.961558108487282, 3.118522432682751 ], [ -76.961620684562845, 3.11844906420882 ], [ -76.961683260624653, 3.118375693936421 ], [ -76.961756265971104, 3.118291839400814 ], [ -76.961842129093199, 3.118238893985194 ], [ -76.961933549170041, 3.118218480757294 ], [ -76.962037831072948, 3.118208010326245 ], [ -76.962131681867589, 3.118208020550936 ], [ -76.962225533549741, 3.118208030763777 ], [ -76.962319386119404, 3.118208040964766 ], [ -76.962413237783579, 3.118208052063595 ], [ -76.962507089433672, 3.118208062251087 ], [ -76.962600941974642, 3.118208073329614 ], [ -76.962705221757673, 3.11820808372609 ], [ -76.962799073377909, 3.118208094790198 ], [ -76.962892925882258, 3.118208104939534 ], [ -76.962986776582923, 3.11820811599013 ], [ -76.963080634673332, 3.118155715420736 ], [ -76.963164062558263, 3.118113790996484 ], [ -76.963383054362353, 3.118082368386798 ], [ -76.963685467433464, 3.118061435597371 ], [ -76.964008738678302, 3.11803002410351 ], [ -76.964342443242387, 3.11795668117563 ], [ -76.964624004983122, 3.117893817105034 ], [ -76.964905561970014, 3.117883366292613 ], [ -76.965166259492477, 3.117893874897862 ], [ -76.965426957644738, 3.117914868785417 ], [ -76.965520807623363, 3.117935843130937 ], [ -76.965614655610523, 3.117967302825154 ], [ -76.965698076163335, 3.118009240432825 ], [ -76.965781492735275, 3.118072144230501 ], [ -76.965854482094713, 3.118135046907188 ], [ -76.965925478209229, 3.118196235298276 ], [ -76.965990031628635, 3.118271333761501 ], [ -76.966063021014264, 3.118334237292685 ], [ -76.966092035124504, 3.118373131556923 ], [ -76.966125580114763, 3.118418104099253 ], [ -76.966198567531563, 3.118491489340351 ], [ -76.966281987043459, 3.118543912168095 ], [ -76.96636540475194, 3.118596332276665 ], [ -76.96644882336517, 3.118648753267376 ], [ -76.966542671364707, 3.118680212761021 ], [ -76.966636522220625, 3.118701185983933 ], [ -76.966730372360303, 3.118711679273492 ], [ -76.966782975575981, 3.118723434128722 ], [ -76.966824223205563, 3.118732653373995 ], [ -76.966918072423937, 3.118743144838313 ], [ -76.967011924506593, 3.118743154555875 ], [ -76.967116203616897, 3.118753648876413 ], [ -76.96721005567791, 3.118753658574936 ], [ -76.967303906658032, 3.118764150893259 ], [ -76.967397758698567, 3.118764160573687 ], [ -76.967491609660229, 3.118774652871537 ], [ -76.96758546061659, 3.118785146061426 ], [ -76.967689740727167, 3.118785156785728 ], [ -76.967783591660577, 3.118795649051173 ], [ -76.967887869785088, 3.118806142378552 ], [ -76.967981721762783, 3.118806152001615 ], [ -76.968075572671324, 3.118816645137518 ], [ -76.968169423567787, 3.118827137359714 ], [ -76.968263274452141, 3.118837628668186 ], [ -76.968357126229392, 3.118848120865287 ], [ -76.968450977113307, 3.118858616666475 ], [ -76.968544827974952, 3.118869108845295 ], [ -76.968649107968886, 3.118869118560101 ], [ -76.968742958814374, 3.118879611620222 ], [ -76.968836810694285, 3.118879619352155 ], [ -76.968941090655662, 3.118879629939299 ], [ -76.969034940570239, 3.118890122068756 ], [ -76.969139220521086, 3.118890136246266 ], [ -76.969233073248148, 3.118890142132153 ], [ -76.969326925079898, 3.118890151624516 ], [ -76.969525062931339, 3.118837761341285 ], [ -76.9696189147285, 3.118837771716213 ], [ -76.96971276650477, 3.118837779374052 ], [ -76.969806619175301, 3.11883778882579 ], [ -76.969900471990513, 3.118827318385946 ], [ -76.96999432686529, 3.118795879140559 ], [ -76.970140323120091, 3.118753964345414 ], [ -76.970317602633656, 3.118712050881398 ], [ -76.970588734680319, 3.118670151320137 ], [ -76.970870290511968, 3.118670177671827 ], [ -76.971141420133492, 3.118659723034876 ], [ -76.971329124221441, 3.11865974532822 ], [ -76.971422974763129, 3.118670237233935 ], [ -76.971516827209996, 3.118670242939306 ], [ -76.971610677733196, 3.118680734824548 ], [ -76.971704527101835, 3.118712194548544 ], [ -76.971798375548033, 3.118743648843064 ], [ -76.971881794942817, 3.118785590982283 ], [ -76.971954785116679, 3.118848489989517 ], [ -76.972006914112356, 3.118963803380122 ], [ -76.97204861214523, 3.119100079965153 ], [ -76.972081381777329, 3.119228371872583 ], [ -76.972072059925821, 3.119312620817919 ], [ -76.972072051091473, 3.119409672596234 ], [ -76.972072040475481, 3.119506725284116 ], [ -76.97209348688061, 3.11960378314104 ], [ -76.972136387459187, 3.119690053011748 ], [ -76.972190017792684, 3.119765544932204 ], [ -76.972248381303842, 3.119824227799342 ], [ -76.972329464177093, 3.119894961897157 ], [ -76.972393822463488, 3.119959671327477 ], [ -76.972458181645777, 3.120024378031589 ], [ -76.972511812025374, 3.12009986898088 ], [ -76.972543985561202, 3.120186144312547 ], [ -76.972597615950718, 3.120261631627306 ], [ -76.972640517554552, 3.120347905900184 ], [ -76.972694147988022, 3.120423398607635 ], [ -76.972769236036882, 3.120477321872015 ], [ -76.972844324103676, 3.120531248732608 ], [ -76.972930140831636, 3.120563607196216 ], [ -76.973005228907112, 3.120617534929582 ], [ -76.973080316075155, 3.120671459039535 ], [ -76.973155404155904, 3.120725385839411 ], [ -76.973209033734435, 3.120800874839935 ], [ -76.973230479487327, 3.120897930701284 ], [ -76.97325192524815, 3.120994984751224 ], [ -76.973305555773933, 3.121070476425239 ], [ -76.973348456617643, 3.121156750554838 ], [ -76.973402088058393, 3.121232240395118 ], [ -76.973455717717215, 3.121307731132405 ], [ -76.97350934918687, 3.121383222753042 ], [ -76.973562978861011, 3.121458711659171 ], [ -76.973627338242238, 3.121523420788849 ], [ -76.973691696726405, 3.12158812810202 ], [ -76.973756056123463, 3.121652837203353 ], [ -76.973820415531819, 3.121717547193386 ], [ -76.97387403997476, 3.121857738878771 ], [ -76.973906214519147, 3.12193322623526 ], [ -76.973938389245774, 3.122019497688509 ], [ -76.973949107167343, 3.122116553589606 ], [ -76.973949097938913, 3.12221360604868 ], [ -76.973949087820245, 3.122310657608161 ], [ -76.973959806667665, 3.122407710791623 ], [ -76.973981251795948, 3.122504767410948 ], [ -76.974024153755252, 3.122591038653068 ], [ -76.974077784512474, 3.122666530110469 ], [ -76.974152871208787, 3.122731239793922 ], [ -76.974227957919311, 3.122795951265819 ], [ -76.974292316563563, 3.122860656587964 ], [ -76.974317876368971, 3.122896636051737 ], [ -76.974345947360789, 3.122936147989021 ], [ -76.974378122244516, 3.123022420244864 ], [ -76.97441029714463, 3.123108693395737 ], [ -76.974431741490591, 3.123205747228087 ], [ -76.974442459602002, 3.123302803048676 ], [ -76.974463905766285, 3.123399855058641 ], [ -76.974485351962329, 3.123496911577332 ], [ -76.974496070101395, 3.123593963775334 ], [ -76.974517515434826, 3.123691022093389 ], [ -76.974549689519051, 3.123777291590207 ], [ -76.974592591696435, 3.123863567195551 ], [ -76.97464622262433, 3.123939054875491 ], [ -76.974699852682107, 3.124014547060517 ], [ -76.974742754894876, 3.124100821728342 ], [ -76.974817842467985, 3.124154745277976 ], [ -76.974892930957211, 3.124208672420366 ], [ -76.974978748185734, 3.124251813435556 ], [ -76.975064566106411, 3.124284172148342 ], [ -76.975150383136722, 3.124316533559316 ], [ -76.975236199468526, 3.12435967543471 ], [ -76.975311287965511, 3.124413601597686 ], [ -76.975386375561854, 3.124467525943016 ], [ -76.975472192122496, 3.124521452756817 ], [ -76.975558009144549, 3.124553812287469 ], [ -76.975643827069177, 3.124586173606591 ], [ -76.975740373707566, 3.12460774879753 ], [ -76.975815462211344, 3.124661673062407 ], [ -76.975890549831504, 3.124715600024 ], [ -76.975965637445782, 3.124769524261656 ], [ -76.976040725969384, 3.124823450286313 ], [ -76.976126543880753, 3.124855808809668 ], [ -76.976212360894891, 3.124888168225478 ], [ -76.976298178811618, 3.124920529429738 ], [ -76.976373266430699, 3.12497445178657 ], [ -76.976426897548265, 3.125049944554568 ], [ -76.97649125737415, 3.125114651191125 ], [ -76.976566345927139, 3.125168578014378 ], [ -76.976652161381338, 3.125211718709618 ], [ -76.976737980206252, 3.125244080725753 ], [ -76.976834527466863, 3.125254870737335 ], [ -76.976931075388578, 3.125254881184402 ], [ -76.977027623537992, 3.125265673879447 ], [ -76.977124171434596, 3.125265683404432 ], [ -76.977220718910971, 3.125287259238475 ], [ -76.977306536798068, 3.12531961937505 ], [ -76.977392353130455, 3.125362761756779 ], [ -76.977467441674293, 3.125416686627185 ], [ -76.977553258016243, 3.125459830782721 ], [ -76.977620551576791, 3.12550815674633 ], [ -76.977681977762373, 3.125589246368331 ], [ -76.977735608975749, 3.125664738907701 ], [ -76.977789240183185, 3.125740226920009 ], [ -76.977842869622322, 3.125815719440803 ], [ -76.977907229527588, 3.125880424914529 ], [ -76.977993042467986, 3.125966704275806 ], [ -76.978068131066692, 3.12602062810481 ], [ -76.978153947451233, 3.126063772115703 ], [ -76.978230205432155, 3.126119342830368 ], [ -76.978282666450539, 3.126193188342737 ], [ -76.978314841934505, 3.126279458125878 ], [ -76.978347016553741, 3.126365733321794 ], [ -76.978389919202087, 3.12645200371876 ], [ -76.978443549641028, 3.12652749519976 ], [ -76.97850790964209, 3.126592202338241 ], [ -76.978582997414122, 3.126646127847699 ], [ -76.978647357429381, 3.126710834957142 ], [ -76.978722446113593, 3.126764761335866 ], [ -76.978786806143006, 3.126829468416269 ], [ -76.97884043602248, 3.1269157429544 ], [ -76.978894066530245, 3.126991234339916 ], [ -76.978926242151303, 3.127077504910445 ], [ -76.978969144933671, 3.12716377879604 ], [ -76.979012046835024, 3.127250053577014 ], [ -76.979042095616492, 3.127330626012676 ], [ -76.979044212552054, 3.127433375977541 ], [ -76.97904420352107, 3.127530428733387 ], [ -76.979044194515069, 3.127627485100558 ], [ -76.97904418549318, 3.127724534244646 ], [ -76.979044176503066, 3.127821588805829 ], [ -76.97904416751409, 3.127918640658255 ], [ -76.979044158539892, 3.128015693413416 ], [ -76.979076333410589, 3.12810196482839 ], [ -76.979097779659881, 3.128199020580798 ], [ -76.979129954557564, 3.128285291981043 ], [ -76.979140672792695, 3.128382348030768 ], [ -76.979140663878283, 3.128479399871003 ], [ -76.979140654975211, 3.128576451711104 ], [ -76.979140646083493, 3.128673503551088 ], [ -76.979140637206555, 3.12877055629379 ], [ -76.979140627442803, 3.128867609039786 ], [ -76.979119162209898, 3.128986226877971 ], [ -76.979054784770128, 3.129104842384386 ], [ -76.978926041657672, 3.129223448973689 ], [ -76.978765103170488, 3.129482240982244 ], [ -76.97863634148429, 3.129794956852954 ], [ -76.978529046196755, 3.129999832581767 ], [ -76.978411017844081, 3.13024784487758 ], [ -76.978271537754267, 3.13046350663311 ], [ -76.978046227785924, 3.130776207677821 ], [ -76.977896014887762, 3.13104578656392 ], [ -76.977681428501953, 3.131390840576807 ], [ -76.977445384729677, 3.13175746170992 ], [ -76.977198613110119, 3.132134865590561 ], [ -76.977026931739616, 3.132533846231816 ], [ -76.976941078355168, 3.132857343907446 ], [ -76.97693032305061, 3.133159288219611 ], [ -76.976948315808272, 3.133340330186403 ], [ -76.976951757505674, 3.133374961656491 ], [ -76.976962476754849, 3.133461232041185 ], [ -76.97699465136435, 3.133547501716889 ], [ -76.977026826905529, 3.133633776798519 ], [ -76.97705900153764, 3.133720045555602 ], [ -76.977091176196396, 3.133806317916316 ], [ -76.977091166839088, 3.133903372703355 ], [ -76.977091157486271, 3.134000425684517 ], [ -76.977091149039595, 3.13409747775926 ], [ -76.977091138807893, 3.134194529840717 ], [ -76.977112585756032, 3.134291583895369 ], [ -76.977155487729604, 3.134377856764432 ], [ -76.977187662491374, 3.134464131794029 ], [ -76.977230565380154, 3.134550401930823 ], [ -76.977273467401602, 3.134636676574503 ], [ -76.977334439327535, 3.134697977865491 ], [ -76.977412916587213, 3.134755309966329 ], [ -76.97748800551453, 3.134809233970926 ], [ -76.97757382401322, 3.134852378035422 ], [ -76.97765964212789, 3.134884736225136 ], [ -76.977745461141737, 3.134917095300388 ], [ -76.977831280163429, 3.134949457070385 ], [ -76.977917097372654, 3.134981815221886 ], [ -76.978013646440942, 3.134992607569738 ], [ -76.978110194605236, 3.135003400812382 ], [ -76.978206744165135, 3.135003408185187 ], [ -76.978303293720487, 3.135003417354741 ], [ -76.9783998451895, 3.134981859321566 ], [ -76.97848567044592, 3.13493873357912 ], [ -76.978582219965944, 3.13493874363318 ], [ -76.978678770875547, 3.134927967826148 ], [ -76.978775319473669, 3.134927977866933 ], [ -76.978871869860228, 3.134927988794744 ], [ -76.978968416514121, 3.134949564190623 ], [ -76.979022520493601, 3.134961652762174 ], [ -76.979064964059347, 3.134971139569016 ], [ -76.979161513006744, 3.13498193269906 ], [ -76.979258059642291, 3.135003508956868 ], [ -76.979343878044546, 3.135046650052819 ], [ -76.979429695056012, 3.135100576974828 ], [ -76.979515511667415, 3.135143718947079 ], [ -76.979590600573914, 3.135197645334075 ], [ -76.979654961764084, 3.135262351622933 ], [ -76.979697863958194, 3.135348624970515 ], [ -76.979751495680645, 3.135424118381137 ], [ -76.979794398789053, 3.135510388993857 ], [ -76.979848029626723, 3.135585879674669 ], [ -76.979890932778559, 3.135672154778958 ], [ -76.97993383593051, 3.135758426260837 ], [ -76.97998746770601, 3.135833917804554 ], [ -76.980041098584167, 3.135909406630379 ], [ -76.980095607856143, 3.135987252216037 ], [ -76.980126905473227, 3.1360711691016 ], [ -76.980180538189259, 3.136146659690475 ], [ -76.980212712414797, 3.13623293243437 ], [ -76.980287801438848, 3.136286857721649 ], [ -76.980384349915653, 3.136308433684155 ], [ -76.980480898443744, 3.136308444306545 ], [ -76.980577448743162, 3.136308451301598 ], [ -76.980673996770591, 3.136319244116776 ], [ -76.980770542478112, 3.136362388066651 ], [ -76.980845631494105, 3.136416312362039 ], [ -76.980931449998593, 3.136459456705914 ], [ -76.981027998905489, 3.136470250365097 ], [ -76.981124547355648, 3.136470256394156 ], [ -76.98117550585269, 3.136470260867599 ], [ -76.981231824804723, 3.136470265585171 ], [ -76.981328375047781, 3.136470277005563 ], [ -76.981424925723772, 3.136459499896032 ], [ -76.981521476860934, 3.136437942386177 ], [ -76.981811135146131, 3.136340916008941 ], [ -76.982165155527653, 3.1362654649042 ], [ -76.982508449412776, 3.136190009669146 ], [ -76.98260499947969, 3.136190021003619 ], [ -76.982701549514744, 3.136190026911913 ], [ -76.982798098657327, 3.136190037328989 ], [ -76.982894648673053, 3.136190044122161 ], [ -76.982991197786049, 3.136190052715505 ], [ -76.98308774599225, 3.136211629269415 ], [ -76.983184292391826, 3.136233204913259 ], [ -76.983280840146236, 3.136265567226958 ], [ -76.983355929044919, 3.136319490281521 ], [ -76.983420288998914, 3.136394982642892 ], [ -76.983473920877955, 3.136470470934402 ], [ -76.983538279956036, 3.136545963269 ], [ -76.983602640373576, 3.136610669800567 ], [ -76.983667001704106, 3.136675378120201 ], [ -76.98375282005739, 3.136718520249048 ], [ -76.983827909009364, 3.136772445905119 ], [ -76.983913726463825, 3.13681558710253 ], [ -76.983999544820222, 3.136858729183195 ], [ -76.98408536361562, 3.136891089984745 ], [ -76.984160452567579, 3.136945012870313 ], [ -76.984256999422158, 3.13697737226523 ], [ -76.984353547594992, 3.136998947672079 ], [ -76.984450096187501, 3.137009740000969 ], [ -76.984546646097911, 3.137009750155172 ], [ -76.984643194674234, 3.137020543365119 ], [ -76.984729013431419, 3.137052901362354 ], [ -76.984814833084386, 3.137085259342247 ], [ -76.984900650521496, 3.137128401275902 ], [ -76.984986468863994, 3.137171544995669 ], [ -76.985083016988881, 3.137193120292422 ], [ -76.985179564208735, 3.137214695578516 ], [ -76.985276112738575, 3.137225488697005 ], [ -76.98537266255785, 3.137225495137363 ], [ -76.985469211481274, 3.137225505183614 ], [ -76.98556576217598, 3.137225511602538 ], [ -76.985662311971396, 3.137225520724508 ], [ -76.985748130678161, 3.137257878575528 ], [ -76.985833948980726, 3.137301021264007 ], [ -76.985909037928863, 3.137354946578519 ], [ -76.98598849322849, 3.137412007076769 ], [ -76.986059216739818, 3.137462798060855 ], [ -76.986145037242352, 3.137495155831493 ], [ -76.986241583496493, 3.137516730958436 ], [ -76.986338131543562, 3.137538306967281 ], [ -76.986424310199752, 3.137570844800412 ], [ -76.986509768536379, 3.137613806363825 ], [ -76.986584858405209, 3.137667733358239 ], [ -76.98664921981964, 3.137732437561705 ], [ -76.98672430750976, 3.13779714756656 ], [ -76.986799396993419, 3.137861854838597 ], [ -76.986863757546871, 3.137926562611237 ], [ -76.986938847434004, 3.137980486819196 ], [ -76.987024665764636, 3.138023631075896 ], [ -76.987110484081896, 3.138066771704979 ], [ -76.987196301504696, 3.138109913224192 ], [ -76.98728212073793, 3.138153058331775 ], [ -76.987346482211862, 3.13821776330111 ], [ -76.98742157122129, 3.138271687418818 ], [ -76.987475202506175, 3.138347177721726 ], [ -76.987550292426349, 3.138401101806215 ], [ -76.987625382357706, 3.138455027681065 ], [ -76.987711200698044, 3.138498169086126 ], [ -76.987786290629373, 3.138552093124005 ], [ -76.987861378404972, 3.138616801977828 ], [ -76.987915011534895, 3.13869229128469 ], [ -76.987968643784612, 3.138767782387966 ], [ -76.987990091190724, 3.138864835710272 ], [ -76.988065181171336, 3.138918762384233 ], [ -76.988140269884923, 3.138983469352667 ], [ -76.988215359872314, 3.139037395092035 ], [ -76.98829044895561, 3.139091318110882 ], [ -76.988344082166265, 3.139166810032942 ], [ -76.988386985184647, 3.139253080994096 ], [ -76.988405870095804, 3.139338537650898 ], [ -76.988383182452566, 3.139534509317523 ], [ -76.988426815198096, 3.139697470175737 ], [ -76.988489148481023, 3.139898038808906 ], [ -76.988545266543127, 3.140039096750218 ], [ -76.988563955045592, 3.14008607369124 ], [ -76.988632529409571, 3.140217699317017 ], [ -76.98870110516296, 3.140355590845781 ], [ -76.988800842922359, 3.140637641685161 ], [ -76.988881874556455, 3.140925955286741 ], [ -76.988962904637305, 3.141239341590872 ], [ -76.989043942533712, 3.141452446694852 ], [ -76.989112510916129, 3.141678087279439 ], [ -76.989162379049418, 3.141834781430643 ], [ -76.989199775756191, 3.141991471113515 ], [ -76.989280795816853, 3.142423940578363 ], [ -76.989341468456516, 3.142667984784957 ], [ -76.989341461756283, 3.142757844928275 ], [ -76.98935218174293, 3.142854897651279 ], [ -76.989384358167868, 3.142941168869429 ], [ -76.989395076395269, 3.143038224299736 ], [ -76.989405796421948, 3.143135277011761 ], [ -76.989405788397875, 3.143232329428559 ], [ -76.989416508463933, 3.143329385747832 ], [ -76.989448684952308, 3.143415656035082 ], [ -76.989505584463103, 3.143497713269675 ], [ -76.989542570933637, 3.143621073968141 ], [ -76.989598680969166, 3.143696287734838 ], [ -76.989681302937271, 3.143803088529431 ], [ -76.989767014060391, 3.143890596600982 ], [ -76.989820681234832, 3.143933763267287 ], [ -76.989860534059758, 3.143965815433749 ], [ -76.98997899809352, 3.144009698074659 ], [ -76.990116172047379, 3.1440034418356 ], [ -76.990334400665546, 3.144003462101415 ], [ -76.99052768583725, 3.14405361804502 ], [ -76.99059626364253, 3.144160171971078 ], [ -76.990689769237264, 3.144423419729066 ], [ -76.990801978735874, 3.144705470863333 ], [ -76.99095780645024, 3.145313439106474 ], [ -76.990976490919323, 3.145576678388708 ], [ -76.990951532768463, 3.145783506379734 ], [ -76.990901634774303, 3.145984064236873 ], [ -76.990875517893457, 3.146071548131554 ], [ -76.990845503175464, 3.146172088992224 ], [ -76.990795602981663, 3.146410252345106 ], [ -76.990789349585071, 3.146623348350397 ], [ -76.990758159242958, 3.146811372854745 ], [ -76.990670843007436, 3.147093407226479 ], [ -76.990636447484846, 3.147240292186858 ], [ -76.990620943562533, 3.147306500672643 ], [ -76.990626690512599, 3.147449413749157 ], [ -76.990613454748299, 3.147537828630063 ], [ -76.990588291481586, 3.147714779763865 ], [ -76.990597587575635, 3.147930120976556 ], [ -76.990644144067602, 3.148098650222944 ], [ -76.990718649377044, 3.148182920689965 ], [ -76.990821097203451, 3.14828591377198 ], [ -76.990839723596679, 3.148304640687761 ], [ -76.990923544169107, 3.148388911335642 ], [ -76.990998048155205, 3.148491906350795 ], [ -76.991063238718681, 3.148594898395727 ], [ -76.991147058437534, 3.14867916807296 ], [ -76.991170554625057, 3.148696884854843 ], [ -76.991266096358004, 3.148768563065306 ], [ -76.991291010426053, 3.148780762358018 ], [ -76.991574937058942, 3.149265124986076 ], [ -76.991705075940303, 3.149435061694871 ], [ -76.99172573670964, 3.149476607946718 ], [ -76.991752210208546, 3.149544182274314 ], [ -76.992198708598195, 3.149926027000769 ], [ -76.992786287920708, 3.150333422711794 ], [ -76.993434655605384, 3.150659356588078 ], [ -76.994001978104052, 3.151026022645635 ], [ -76.994059488196029, 3.151131468651203 ], [ -76.9943463830148, 3.15165745137063 ], [ -76.99479209997466, 3.152411090287831 ], [ -76.995035399981248, 3.152737232053285 ], [ -76.995060776481338, 3.152791445937932 ], [ -76.995437090537479, 3.153422009146823 ], [ -76.996189761516945, 3.154178704859624 ], [ -76.996754262619746, 3.154809286326409 ], [ -76.997569699485979, 3.15512461344703 ], [ -76.99863606243764, 3.155124694440376 ], [ -76.999263356482089, 3.154998642163655 ], [ -76.999647394604878, 3.154921468055335 ], [ -76.999864571503423, 3.154443414928367 ], [ -77.000543311613086, 3.153712201806014 ], [ -77.001133352743693, 3.153546542772582 ], [ -77.00273117715993, 3.153652570886214 ], [ -77.003292319061913, 3.153436076546908 ], [ -77.003567229702071, 3.153159764321915 ], [ -77.00401375599786, 3.152904239013026 ], [ -77.004584814980291, 3.15284173258 ], [ -77.004654793154501, 3.15285424073335 ], [ -77.005347403581538, 3.152977926751753 ], [ -77.007836913572802, 3.153734885120551 ], [ -77.008537194738665, 3.15371456407574 ], [ -77.009065179439716, 3.153436472324578 ], [ -77.00934010096546, 3.153160158655939 ], [ -77.009650315641053, 3.153073077346484 ], [ -77.010714594942669, 3.153160248871677 ], [ -77.010790295949008, 3.153122204603932 ], [ -77.011385941983889, 3.153241997170396 ], [ -77.012044743349662, 3.153445801536356 ], [ -77.012654946744817, 3.153752328989967 ], [ -77.013467113512604, 3.154007514382602 ], [ -77.013822432340731, 3.154211628349477 ], [ -77.014482318060089, 3.154517821591514 ], [ -77.015192965802072, 3.15477298672534 ], [ -77.015810315180715, 3.154966951185648 ], [ -77.016005132606239, 3.155028152044607 ], [ -77.016868080502874, 3.155079241096736 ], [ -77.017342939884117, 3.155336292888502 ], [ -77.01752795697854, 3.155436453697363 ], [ -77.018086314064277, 3.15584468757856 ], [ -77.018187831992122, 3.15599776939153 ], [ -77.018441596658619, 3.15676315815914 ], [ -77.018796880634028, 3.157528559555694 ], [ -77.019507502189114, 3.158140904133977 ], [ -77.019570842608147, 3.158185472729154 ], [ -77.020522706661609, 3.158855317971528 ], [ -77.021131835830872, 3.159212522552552 ], [ -77.021152371859614, 3.159240055831432 ], [ -77.021284109788411, 3.15941662961383 ], [ -77.021740920676734, 3.160182038699186 ], [ -77.022400813701978, 3.160488219890704 ], [ -77.023314500119525, 3.16094750199947 ], [ -77.02373576497024, 3.161300405929014 ], [ -77.023923619345851, 3.16145778298128 ], [ -77.024177402849574, 3.161917027762319 ], [ -77.024300419144083, 3.162074420896149 ], [ -77.02473575060165, 3.162631406168314 ], [ -77.025446399438337, 3.163039641629655 ], [ -77.025758249976647, 3.163174003431767 ], [ -77.026157047499467, 3.163345833422575 ], [ -77.026816941075239, 3.163703039100443 ], [ -77.027375297409165, 3.164162293612046 ], [ -77.027679862570793, 3.16431538464637 ], [ -77.02801743716816, 3.164703211993149 ], [ -77.028494923701771, 3.164983220682752 ], [ -77.028656960733244, 3.165227559805255 ], [ -77.029183587852756, 3.165838414396359 ], [ -77.029467154800315, 3.166204923207353 ], [ -77.029791234117894, 3.16657143842266 ], [ -77.030196342215135, 3.166856510030676 ], [ -77.030326696025497, 3.166968831614156 ], [ -77.031131566879253, 3.166968855388653 ], [ -77.031536689335837, 3.166812243034163 ], [ -77.031791488015458, 3.16671375424492 ], [ -77.032141354723734, 3.166462583285143 ], [ -77.03250217169807, 3.166203536661993 ], [ -77.033009828021989, 3.165795360336632 ], [ -77.033568211555902, 3.165489231287872 ], [ -77.03443118636207, 3.165285170261785 ], [ -77.03539568096086, 3.164928029132281 ], [ -77.035903319072531, 3.164519852785284 ], [ -77.036309430171514, 3.164162690776783 ], [ -77.03686781404059, 3.163958609723772 ], [ -77.037273914774119, 3.164009652065281 ], [ -77.038187617618419, 3.164264811196008 ], [ -77.039355140771363, 3.164468961930799 ], [ -77.039476017767853, 3.164526137580553 ], [ -77.040218079411304, 3.164877191621665 ], [ -77.041131783763177, 3.165387478804329 ], [ -77.041943959539921, 3.165897759648702 ], [ -77.042806907868126, 3.166510086686947 ], [ -77.04351755670703, 3.166816266742362 ], [ -77.043831265421133, 3.166834826653567 ], [ -77.044380514167287, 3.166867330044093 ], [ -77.045192708001792, 3.166867345684895 ], [ -77.046055665683795, 3.1668673734382 ], [ -77.046434673535174, 3.166867384170775 ], [ -77.046664813038447, 3.166867390090807 ], [ -77.047365242215491, 3.167018277857591 ], [ -77.047782505823932, 3.16721142682434 ], [ -77.047982605571605, 3.167412578352129 ], [ -77.048515386647765, 3.16749715434154 ], [ -77.048873751578768, 3.167641253350578 ], [ -77.049733816707288, 3.168001495852359 ], [ -77.050201982700273, 3.168315242244176 ], [ -77.0503788708521, 3.168433784197166 ], [ -77.051399176475826, 3.168912693246193 ], [ -77.052600718761141, 3.169586556920991 ], [ -77.052911454794867, 3.169669856204075 ], [ -77.053675804493821, 3.169874761550559 ], [ -77.054894251563226, 3.169874789295985 ], [ -77.055969355448099, 3.16973071718276 ], [ -77.056211251044815, 3.169669617615677 ], [ -77.056443341916719, 3.169645695038708 ], [ -77.056811150802744, 3.169653831108724 ], [ -77.057685705416432, 3.169223277825121 ], [ -77.058221303044675, 3.169007942240381 ], [ -77.058739045919495, 3.168822512612079 ], [ -77.059447220367019, 3.168702891422469 ], [ -77.060066125023596, 3.168870390627135 ], [ -77.060792144581228, 3.16924127919956 ], [ -77.061208712427273, 3.169516449626315 ], [ -77.06172645169714, 3.169558331752637 ], [ -77.062214438544956, 3.169468612038659 ], [ -77.062613159839955, 3.169354962213014 ], [ -77.062994027606791, 3.169217386668252 ], [ -77.063416551845805, 3.169145608062907 ], [ -77.063904536183571, 3.169211415020536 ], [ -77.06440441970733, 3.169468640707381 ], [ -77.064779332484818, 3.169642119420723 ], [ -77.065326825711409, 3.169815600385592 ], [ -77.065773152010252, 3.170007026208673 ], [ -77.066249230712728, 3.170306123100134 ], [ -77.066612239947275, 3.170742802212347 ], [ -77.066969297454634, 3.171257244980887 ], [ -77.067278748859792, 3.171592233871194 ], [ -77.067558446579525, 3.171717854332374 ], [ -77.067850047701214, 3.17171786017724 ], [ -77.068099993388714, 3.171490548088907 ], [ -77.068272575783467, 3.171370915567087 ], [ -77.068457057561815, 3.171341005196185 ], [ -77.06873675707655, 3.171341009249597 ], [ -77.069004553460928, 3.171412792746144 ], [ -77.069242594081302, 3.171586267744353 ], [ -77.069843645943095, 3.1721186578922 ], [ -77.070539914650809, 3.172764702934322 ], [ -77.071712265496927, 3.173847425738614 ], [ -77.072235956935401, 3.174415705233002 ], [ -77.073342850613727, 3.175229242296779 ], [ -77.073914152825537, 3.175600121022677 ], [ -77.074842517752472, 3.176078672946753 ], [ -77.075485233478233, 3.176455528675733 ], [ -77.076544523346143, 3.177478429708573 ], [ -77.0771574843331, 3.178064650960776 ], [ -77.077609767655275, 3.17836374589844 ], [ -77.078026343434743, 3.178638907952295 ], [ -77.078817838611627, 3.179344766048007 ], [ -77.079526020317573, 3.179984822784728 ], [ -77.079894988435584, 3.180248026947602 ], [ -77.08013303266479, 3.180319806340678 ], [ -77.080579364645217, 3.180289895003909 ], [ -77.080894772459132, 3.180068565669926 ], [ -77.081138766552797, 3.179930984259459 ], [ -77.081341104009283, 3.179805364188171 ], [ -77.081525587891022, 3.179769470956367 ], [ -77.081716022492387, 3.179805363862787 ], [ -77.081965969608873, 3.179996780857248 ], [ -77.082382548872175, 3.180541128817409 ], [ -77.082846738109225, 3.181270911702174 ], [ -77.083043127189327, 3.181611874914447 ], [ -77.083251416363282, 3.181851149797811 ], [ -77.08355492390956, 3.181946858303259 ], [ -77.083971501181608, 3.181910963232436 ], [ -77.084566608928625, 3.18156999206219 ], [ -77.085352149931325, 3.180917964995222 ], [ -77.085863941335063, 3.180612886142116 ], [ -77.086441196996219, 3.180415481891802 ], [ -77.086893480328996, 3.180397530236464 ], [ -77.087268399822065, 3.180481273242616 ], [ -77.087536201697432, 3.180684653601962 ], [ -77.087702836187319, 3.181049544822071 ], [ -77.087756401881393, 3.181623801999949 ], [ -77.087405291386176, 3.182198066793652 ], [ -77.08681613536227, 3.182634746839425 ], [ -77.086268637738129, 3.183125260777515 ], [ -77.08604844937345, 3.183508102624049 ], [ -77.086000850385687, 3.184650637138874 ], [ -77.086209145480979, 3.185404348636046 ], [ -77.086357926878847, 3.185649602697132 ], [ -77.086643581691675, 3.185793164771019 ], [ -77.087078013886682, 3.185787178759516 ], [ -77.087345813839278, 3.18572137629522 ], [ -77.088220624702686, 3.185242819251614 ], [ -77.088893094112521, 3.184477134809188 ], [ -77.089369177527487, 3.183956707883881 ], [ -77.089648876475778, 3.183645647814154 ], [ -77.089892869820645, 3.183454225956068 ], [ -77.090243981930968, 3.183131203893562 ], [ -77.090499877519065, 3.183011560879234 ], [ -77.090958113021316, 3.182951736730116 ], [ -77.091559175799389, 3.182963696443104 ], [ -77.091874585700239, 3.183035470183031 ], [ -77.092130486174952, 3.183179031210154 ], [ -77.092624432886552, 3.18349008125028 ], [ -77.093017210399964, 3.183801131305588 ], [ -77.093338573875684, 3.183980581790528 ], [ -77.093701592452476, 3.184028430743715 ], [ -77.094260997350062, 3.184004495746051 ], [ -77.094629964382335, 3.18390878172454 ], [ -77.094796594083448, 3.183747266665704 ], [ -77.094921565402501, 3.18365155375311 ], [ -77.095094148015761, 3.18363360604798 ], [ -77.095546434894572, 3.183753234790842 ], [ -77.096165362144561, 3.184339448040755 ], [ -77.096700975163557, 3.18501538464207 ], [ -77.097153270111249, 3.185547762116856 ], [ -77.097421075400419, 3.185804975705888 ], [ -77.097855512031515, 3.185978443801043 ], [ -77.098391112369214, 3.185972449733309 ], [ -77.09899812656856, 3.18588869104052 ], [ -77.099866988073217, 3.185697252854423 ], [ -77.100444243812547, 3.185553674889739 ], [ -77.100985789984591, 3.185272515843124 ], [ -77.1015154300961, 3.184853777283363 ], [ -77.102092676880858, 3.184321376835625 ], [ -77.10258660710852, 3.183782995754377 ], [ -77.103128145977294, 3.183268543992092 ], [ -77.103586368024892, 3.182754094933712 ], [ -77.104002927919893, 3.182048222902938 ], [ -77.104294517523343, 3.181509849249511 ], [ -77.104496847540673, 3.181204771562681 ], [ -77.104687275442629, 3.180923618273932 ], [ -77.104895558462914, 3.180720228075972 ], [ -77.105234768505156, 3.1806125470883 ], [ -77.105627541412062, 3.180618518982369 ], [ -77.10598460711563, 3.180618507677282 ], [ -77.106180994038311, 3.180624484725566 ], [ -77.106442840521083, 3.180582602618791 ], [ -77.106877267761661, 3.180456971873403 ], [ -77.107222424458897, 3.180253579069637 ], [ -77.107585436725017, 3.180062151949717 ], [ -77.107912745049546, 3.179978394014377 ], [ -77.108370977577351, 3.179966417436887 ], [ -77.108680436489522, 3.180026225622341 ], [ -77.108995845339919, 3.18004416161174 ], [ -77.109245790741014, 3.180014244737046 ], [ -77.109531440315351, 3.179948437283347 ], [ -77.109846843623842, 3.179780933726114 ], [ -77.110132486718342, 3.179469868976483 ], [ -77.110346713127853, 3.17906907682579 ], [ -77.110441918338907, 3.178704181360697 ], [ -77.110388348105431, 3.17835125361679 ], [ -77.110352626410389, 3.177872707186509 ], [ -77.110340715823043, 3.177615488553958 ], [ -77.110394262346816, 3.177214702953278 ], [ -77.110543022030683, 3.176646419910076 ], [ -77.110781054080235, 3.176281519098234 ], [ -77.111239269937727, 3.175779029556594 ], [ -77.111620122858909, 3.175318413753927 ], [ -77.111983122163593, 3.174821909272459 ], [ -77.112316362741439, 3.174271566881404 ], [ -77.112762672682038, 3.173697292279039 ], [ -77.113000701902536, 3.173296500167503 ], [ -77.113399410807261, 3.172955521361016 ], [ -77.113964742738531, 3.172441063266035 ], [ -77.114649095994608, 3.171926596975595 ], [ -77.115327494699486, 3.17137624159476 ], [ -77.115654790993673, 3.171053212384897 ], [ -77.115988035710984, 3.170694286848532 ], [ -77.116214163392755, 3.170395186066969 ], [ -77.116452188678949, 3.169934575603834 ], [ -77.116690218430065, 3.169635471729085 ], [ -77.116981808318414, 3.169348334245627 ], [ -77.11744597080336, 3.168869766358528 ], [ -77.117910140580761, 3.168594584281347 ], [ -77.118534982892442, 3.168193773369723 ], [ -77.119100320031365, 3.16792456731938 ], [ -77.119731112515339, 3.167541702658671 ], [ -77.120236936378049, 3.167218661674888 ], [ -77.120677292513747, 3.166758043927409 ], [ -77.121022434049891, 3.166315369898934 ], [ -77.121450886400567, 3.165836801873805 ], [ -77.121879347700883, 3.16557358513248 ], [ -77.122575599692638, 3.165178749965734 ], [ -77.123390862991812, 3.164616420929615 ], [ -77.124093061925919, 3.164161767198228 ], [ -77.124771457715397, 3.163772918015214 ], [ -77.125259426778996, 3.163485765807962 ], [ -77.126223461035693, 3.162887534080669 ], [ -77.126699528066581, 3.162624311273552 ], [ -77.12755049442157, 3.162097867246422 ], [ -77.128258645340864, 3.161738919977103 ], [ -77.128710908490248, 3.161493642238901 ], [ -77.129252440878105, 3.16134406884547 ], [ -77.129645202121822, 3.161248339238327 ], [ -77.130168893013916, 3.161332059590522 ], [ -77.130585473361961, 3.161565332151042 ], [ -77.131002062867509, 3.161966091833641 ], [ -77.131394858372303, 3.162552295695765 ], [ -77.131740035045496, 3.16290520582164 ], [ -77.132144710345969, 3.163078659021516 ], [ -77.132793376780256, 3.16320424177247 ], [ -77.133084982675058, 3.163353772415913 ], [ -77.133453961178944, 3.163640880772777 ], [ -77.133953864344321, 3.164023692582881 ], [ -77.134227629307489, 3.164358661681272 ], [ -77.134447840072298, 3.164789342899629 ], [ -77.134513317902787, 3.165094414336691 ], [ -77.134548597683093, 3.165219412632172 ], [ -77.134584311429307, 3.165351014295244 ], [ -77.134608125624155, 3.165530465740753 ], [ -77.134631937024778, 3.165668047742338 ], [ -77.134661700595103, 3.165829555617164 ], [ -77.134673615068508, 3.166038920004491 ], [ -77.134673623897896, 3.16620641217683 ], [ -77.134673636069323, 3.166421758736067 ], [ -77.134673644149572, 3.166577287310706 ], [ -77.134685557928393, 3.166786650782115 ], [ -77.134697470394059, 3.1670019974059 ], [ -77.134768892802782, 3.167169485406404 ], [ -77.134828411170417, 3.167319028379047 ], [ -77.134923634157929, 3.167438661144181 ], [ -77.135078374806554, 3.167695874064333 ], [ -77.135137896690338, 3.1679052330655 ], [ -77.13520931974071, 3.168102632093083 ], [ -77.135268839621375, 3.168282083405416 ], [ -77.135304552724776, 3.168395735336629 ], [ -77.135340267962633, 3.168563225658684 ], [ -77.135364083016512, 3.168766606696966 ], [ -77.135447413950345, 3.169065697426768 ], [ -77.135530739321865, 3.169263090849626 ], [ -77.135649768855345, 3.169424595323981 ], [ -77.135768797123774, 3.169544224942619 ], [ -77.13592948265007, 3.169687780345434 ], [ -77.13612587359512, 3.169813389857924 ], [ -77.13637582371787, 3.169938994298392 ], [ -77.136519086790855, 3.170023350443984 ], [ -77.136858305513869, 3.170208768341513 ], [ -77.137227288720055, 3.170525783701314 ], [ -77.138090226405041, 3.171171774911016 ], [ -77.138679406182007, 3.171626359577542 ], [ -77.139345940669372, 3.17191942975883 ], [ -77.140208861080836, 3.172218471320357 ], [ -77.141208638823173, 3.172266262949656 ], [ -77.141833495975945, 3.172218369142718 ], [ -77.142386937340859, 3.172122625357834 ], [ -77.142595211037346, 3.17191324821084 ], [ -77.142892733822947, 3.171446644865372 ], [ -77.143208094338732, 3.170740764613035 ], [ -77.143481824046731, 3.170447637251834 ], [ -77.143785309302146, 3.170184415735975 ], [ -77.143899606144274, 3.170034714103097 ], [ -77.144027912474982, 3.169755226623477 ], [ -77.144166918359758, 3.169540235425747 ], [ -77.14426314593473, 3.16928224863198 ], [ -77.144348684640534, 3.169110257104189 ], [ -77.144519764829127, 3.168798521192365 ], [ -77.144690849373291, 3.168562027903435 ], [ -77.144797782087281, 3.1684652822658 ], [ -77.144947491147676, 3.168411525972377 ], [ -77.145172059561048, 3.16842226022675 ], [ -77.145407328675475, 3.168518984637375 ], [ -77.145610521028246, 3.16866945918275 ], [ -77.145760239511091, 3.168776944142498 ], [ -77.145920655622234, 3.168916669066672 ], [ -77.14602760313889, 3.169056404381481 ], [ -77.14614525475848, 3.169378869840582 ], [ -77.14620944075773, 3.169733586380524 ], [ -77.146241537924098, 3.169970067109839 ], [ -77.146305713370282, 3.170163547729213 ], [ -77.146434046151811, 3.170271029028756 ], [ -77.146583766566025, 3.17038925912639 ], [ -77.146776255723552, 3.170410747359434 ], [ -77.146968746402038, 3.170442981218012 ], [ -77.147204009077257, 3.170432215166782 ], [ -77.147375107098298, 3.170389206226035 ], [ -77.147524818412151, 3.170378448289223 ], [ -77.147676281550375, 3.170358405383566 ], [ -77.148348741077157, 3.170238718661766 ], [ -77.148812913978105, 3.170125032286169 ], [ -77.149384211510878, 3.170107046021861 ], [ -77.150163813884888, 3.170334302801387 ], [ -77.150836303785468, 3.170669239359821 ], [ -77.151229067291169, 3.170603410965391 ], [ -77.151978877901243, 3.170316226632456 ], [ -77.152318082021822, 3.170244420882072 ], [ -77.152621580714936, 3.170190562912033 ], [ -77.152835818568576, 3.170202511863739 ], [ -77.153050073308052, 3.170447750430752 ], [ -77.153192919760926, 3.1707408505611 ], [ -77.153335786302037, 3.17131509701127 ], [ -77.153431058696128, 3.172074784965856 ], [ -77.153490608405022, 3.172613147241083 ], [ -77.153514468621978, 3.173384806023426 ], [ -77.153538325856601, 3.174108606094089 ], [ -77.153514573888373, 3.174820448423155 ], [ -77.153591973677877, 3.175316935698234 ], [ -77.153645571843938, 3.175837353676676 ], [ -77.153740803663226, 3.176034748149635 ], [ -77.153931246818161, 3.176160353109982 ], [ -77.154228801726134, 3.176184256795811 ], [ -77.154609662318904, 3.176082537761355 ], [ -77.154936953885837, 3.175849222547869 ], [ -77.155044056696283, 3.175633865257815 ], [ -77.155180907646169, 3.175316816621421 ], [ -77.155240399142457, 3.175047629021558 ], [ -77.155210621469635, 3.174754522076213 ], [ -77.154990412390305, 3.174491337424698 ], [ -77.154847572971335, 3.174299928227339 ], [ -77.154716641461448, 3.174198245613299 ], [ -77.154716631542598, 3.174060666397132 ], [ -77.154793989338373, 3.173976912067697 ], [ -77.155091536828991, 3.173899125203932 ], [ -77.155716391621937, 3.173827296785003 ], [ -77.156478118295766, 3.173719565444839 ], [ -77.157043476923889, 3.173827194916863 ], [ -77.15766835414982, 3.174030529245993 ], [ -77.158215866983227, 3.174239851101481 ], [ -77.158483671010785, 3.174329559058403 ], [ -77.158793131455369, 3.174395333393337 ], [ -77.159049026305951, 3.174395313156517 ], [ -77.159298964766151, 3.174311547302426 ], [ -77.159673853483199, 3.17396457042653 ], [ -77.16007250865502, 3.173139042978461 ], [ -77.160316452914529, 3.172516911110382 ], [ -77.160637764160526, 3.171954593088823 ], [ -77.160905532598946, 3.171601640914177 ], [ -77.160994781858989, 3.171392270877452 ], [ -77.160994764036985, 3.171170942256469 ], [ -77.160917381077482, 3.170931672620655 ], [ -77.160822150798353, 3.17076419024982 ], [ -77.160715021665382, 3.170632596825016 ], [ -77.160560288927968, 3.170554846612373 ], [ -77.160334148141175, 3.170536917733851 ], [ -77.15994137852212, 3.170524989310644 ], [ -77.159358162565567, 3.170339597128954 ], [ -77.158923729521419, 3.170237938629092 ], [ -77.158519045636652, 3.17006449570493 ], [ -77.158227431926548, 3.169891045046947 ], [ -77.158042933439674, 3.169687677951211 ], [ -77.157989331596454, 3.169131370227114 ], [ -77.158066632998739, 3.168323814621139 ], [ -77.158191536724942, 3.167456435769533 ], [ -77.158316445456165, 3.16665485904382 ], [ -77.158500869831542, 3.165913095028012 ], [ -77.158667461833531, 3.165440515183485 ], [ -77.158834064464401, 3.165123462929021 ], [ -77.15904234194052, 3.165015773816259 ], [ -77.159339885441668, 3.16494396798081 ], [ -77.159685036108925, 3.164836267151407 ], [ -77.159958778641951, 3.164800355805578 ], [ -77.160232530959377, 3.164872117803117 ], [ -77.160530110876863, 3.165248946851557 ], [ -77.160881247702619, 3.165589883572598 ], [ -77.16133355109794, 3.165924830885662 ], [ -77.161702535714895, 3.166199967886518 ], [ -77.162089368072714, 3.166403318264489 ], [ -77.162654723060015, 3.166504965289273 ], [ -77.163184361936345, 3.166498938760237 ], [ -77.163672331469868, 3.166337385997999 ], [ -77.16380324940495, 3.166289522324552 ], [ -77.163993665529446, 3.166092105726459 ], [ -77.16417216940367, 3.165775052547515 ], [ -77.16428077394005, 3.165606151873028 ], [ -77.164370025114849, 3.165444632992684 ], [ -77.164506880775349, 3.165241239843442 ], [ -77.164768702091138, 3.164954088057717 ], [ -77.165119790639309, 3.164720766779713 ], [ -77.165542296079167, 3.164529312721298 ], [ -77.165804123972123, 3.164343851910595 ], [ -77.166155215900332, 3.164134456185095 ], [ -77.166500359017036, 3.16396095406349 ], [ -77.166756240738323, 3.163841294271215 ], [ -77.167071632671451, 3.163709666445016 ], [ -77.167303715669647, 3.1636438470329 ], [ -77.16761316048138, 3.163566054184246 ], [ -77.167922610983652, 3.163548081274774 ], [ -77.16814874896076, 3.163548063425335 ], [ -77.16836893807934, 3.163571972286606 ], [ -77.168559382926631, 3.163721499571767 ], [ -77.168720072720546, 3.163877012620083 ], [ -77.168839103428198, 3.164002620706839 ], [ -77.168993849922416, 3.164235900052027 ], [ -77.169124784789588, 3.164379452768467 ], [ -77.16924381803058, 3.164528990419171 ], [ -77.169392608809375, 3.164714414197099 ], [ -77.169529499171148, 3.164899837285997 ], [ -77.16965448553826, 3.165085263324216 ], [ -77.169791373322454, 3.165252743013947 ], [ -77.169910404049901, 3.165366386626009 ], [ -77.170053238798189, 3.165491997112565 ], [ -77.170213927848664, 3.165617597553608 ], [ -77.170386513391733, 3.16569534627387 ], [ -77.17057223775987, 3.165734090729183 ], [ -77.170965444092104, 3.165788199875895 ], [ -77.171643853719374, 3.165734299987075 ], [ -77.172012808772209, 3.165662483832021 ], [ -77.172363908286457, 3.165554777715945 ], [ -77.172673342097255, 3.165339404294263 ], [ -77.172792337160928, 3.165070210725291 ], [ -77.172887519619067, 3.164705308378247 ], [ -77.172893390845914, 3.163837939897186 ], [ -77.172863575352693, 3.163173959013303 ], [ -77.172678997156936, 3.162103225042366 ], [ -77.172530113373881, 3.160909859884977 ], [ -77.172488420115499, 3.160503096902891 ], [ -77.172530018631264, 3.159863035429427 ], [ -77.172625199594691, 3.159480186811018 ], [ -77.172797742589466, 3.159103315380499 ], [ -77.173071452406134, 3.158720453151834 ], [ -77.173708170454844, 3.15833157192768 ], [ -77.174428194119486, 3.157864921067694 ], [ -77.175255352753439, 3.157601645173687 ], [ -77.17570762101235, 3.157547764954318 ], [ -77.176201548583677, 3.157535752209642 ], [ -77.176630016789133, 3.157529732205028 ], [ -77.177189401907384, 3.157475838093823 ], [ -77.177534544098606, 3.157332240922401 ], [ -77.178189110948665, 3.156937374755265 ], [ -77.1789507703146, 3.156291264012924 ], [ -77.179522008429871, 3.155740875441486 ], [ -77.180200348523812, 3.155052898267255 ], [ -77.180563311148916, 3.154592260958011 ], [ -77.180854854023906, 3.154053862749819 ], [ -77.181092823985097, 3.153371908229848 ], [ -77.18124747062015, 3.152588271798643 ], [ -77.181485450009873, 3.152008006560334 ], [ -77.181711541648596, 3.151565328100447 ], [ -77.181961435091097, 3.151110683766944 ], [ -77.18242159762741, 3.150780918150721 ], [ -77.18332605910085, 3.150003185030627 ], [ -77.184046076543936, 3.149590364138827 ], [ -77.184599486516021, 3.149345051993676 ], [ -77.184867262055903, 3.149183514656101 ], [ -77.185390907273046, 3.148860442176356 ], [ -77.185593227421705, 3.148752747182328 ], [ -77.185813405757159, 3.148692906260038 ], [ -77.186158552954069, 3.148639032301708 ], [ -77.186616771967664, 3.148633001153756 ], [ -77.186908376580831, 3.148734662248156 ], [ -77.187116680133073, 3.148938021973999 ], [ -77.187378559631043, 3.149320832613863 ], [ -77.18772373912519, 3.149572034842603 ], [ -77.18843788340007, 3.149906940709719 ], [ -77.188997289602568, 3.150098301737739 ], [ -77.189437667594603, 3.150199944223088 ], [ -77.189842331796655, 3.150211866242342 ], [ -77.190217222987101, 3.150062278223448 ], [ -77.190449290693024, 3.149894760401031 ], [ -77.190582801525451, 3.14981171021123 ], [ -77.190857696544029, 3.149389569966013 ], [ -77.191059968809455, 3.148839220660681 ], [ -77.191291994969745, 3.148300827694653 ], [ -77.191964343681988, 3.147355623184395 ], [ -77.192398683465882, 3.146661681718811 ], [ -77.19274972361643, 3.146093366285497 ], [ -77.192886531647687, 3.145519093596715 ], [ -77.192922172294956, 3.144938851148545 ], [ -77.192892343844434, 3.144262905381351 ], [ -77.192773244409182, 3.143521168373987 ], [ -77.19253511449773, 3.14265382727183 ], [ -77.192374403731151, 3.142306899438557 ], [ -77.192291070418463, 3.142115487600124 ], [ -77.192213678710587, 3.141834350667812 ], [ -77.192189828527304, 3.14140964060919 ], [ -77.19222548188614, 3.140931088639633 ], [ -77.192308756562682, 3.140590114862782 ], [ -77.192612219551819, 3.140314917893745 ], [ -77.193123976435288, 3.140159332342238 ], [ -77.193719047111188, 3.140015700725659 ], [ -77.194272473277977, 3.139997693357049 ], [ -77.195016329711663, 3.139985646716904 ], [ -77.195641180042855, 3.140075303121157 ], [ -77.196432653942338, 3.140164942918823 ], [ -77.196878984637095, 3.140314435997364 ], [ -77.197307466100057, 3.140487860257362 ], [ -77.19773001608533, 3.140822796136099 ], [ -77.19799785645084, 3.141283365812446 ], [ -77.198194291083524, 3.141767872036455 ], [ -77.198378841961528, 3.142407907781399 ], [ -77.198551492884732, 3.1430658906003 ], [ -77.198676512926397, 3.143520497183417 ], [ -77.198890789355573, 3.143909292249705 ], [ -77.19925381828989, 3.144136560414078 ], [ -77.199563268767932, 3.14416643320462 ], [ -77.199914368154552, 3.144142465722819 ], [ -77.200295181618969, 3.143789490624601 ], [ -77.20051531395886, 3.143358770743287 ], [ -77.200509271003924, 3.142569169708707 ], [ -77.200538873567751, 3.141277086384099 ], [ -77.200544659687125, 3.139865369653869 ], [ -77.200485056327011, 3.139057831372924 ], [ -77.200389751364682, 3.138280198889849 ], [ -77.200276625762555, 3.137765773987701 ], [ -77.200264684096737, 3.137412847327373 ], [ -77.200704900856763, 3.136180533936815 ], [ -77.201038055331267, 3.135396872657596 ], [ -77.201389109492595, 3.13501399511238 ], [ -77.202013883257266, 3.134481535772364 ], [ -77.20263272089899, 3.134074694760847 ], [ -77.203531254633162, 3.133739606358478 ], [ -77.204078719478687, 3.133661775446946 ], [ -77.204739255775635, 3.133619822872918 ], [ -77.205518806667556, 3.133565889578522 ], [ -77.206084132755464, 3.13355385495982 ], [ -77.206548295419793, 3.133553796978495 ], [ -77.206780380064515, 3.133565734011715 ], [ -77.207185075539925, 3.133900664775362 ], [ -77.207637416976695, 3.134534684908413 ], [ -77.208000487128174, 3.135102914556519 ], [ -77.208202848442966, 3.135378053575616 ], [ -77.208452805884008, 3.135551496123311 ], [ -77.208881283115645, 3.13569500629565 ], [ -77.209678678986862, 3.135575269568537 ], [ -77.210297543858147, 3.135407697665373 ], [ -77.2106902834674, 3.135293993290184 ], [ -77.211315089603588, 3.135054642415975 ], [ -77.211666173363824, 3.134934957064685 ], [ -77.21186849902422, 3.134911003802901 ], [ -77.21207676945923, 3.134857139793045 ], [ -77.212267193094561, 3.134827206977308 ], [ -77.212436059619961, 3.134805281911335 ], [ -77.212784530060247, 3.134911551591997 ], [ -77.213052325989111, 3.134983297661194 ], [ -77.213570072417056, 3.135180633404847 ], [ -77.213956899029625, 3.13534807085543 ], [ -77.214510372393448, 3.135712893174757 ], [ -77.215319734120456, 3.136083659241706 ], [ -77.215825576419732, 3.136257064615544 ], [ -77.216361155003938, 3.136286902647812 ], [ -77.216855061531575, 3.136191128213327 ], [ -77.217099019917427, 3.135999675610331 ], [ -77.217348899958736, 3.13558689617781 ], [ -77.217360754379555, 3.135233964888048 ], [ -77.217313092851839, 3.134821223963819 ], [ -77.217104737459621, 3.134241014256087 ], [ -77.216902338641688, 3.133702674907081 ], [ -77.216628549987576, 3.133313891637465 ], [ -77.216289315806563, 3.133026808983019 ], [ -77.215944111015787, 3.132590182231046 ], [ -77.215747679662684, 3.13217147702931 ], [ -77.215670258923026, 3.131710885921642 ], [ -77.215717806663193, 3.131262241399045 ], [ -77.215812983993658, 3.130993047266943 ], [ -77.216027161122099, 3.130598215829121 ], [ -77.216324664590744, 3.130328995575935 ], [ -77.216782830893749, 3.129981986904215 ], [ -77.217252890329988, 3.129587120644957 ], [ -77.217639653596677, 3.12929395794569 ], [ -77.218002610699372, 3.128982854812595 ], [ -77.218371512019843, 3.128629875437859 ], [ -77.218657100552988, 3.12826494613208 ], [ -77.218889138870935, 3.127947876272662 ], [ -77.219180646905414, 3.127349654163662 ], [ -77.219388867275313, 3.126930895323988 ], [ -77.219680370828002, 3.126296780614044 ], [ -77.219900482130953, 3.125794277715289 ], [ -77.220072963386343, 3.125130270356468 ], [ -77.220072907617592, 3.124711537683097 ], [ -77.220090686847101, 3.124167187864619 ], [ -77.21994779825468, 3.123652769064052 ], [ -77.219870406119526, 3.123407524715288 ], [ -77.219751354017575, 3.123132376360983 ], [ -77.219662079912567, 3.123036677600566 ], [ -77.219489500841362, 3.122982865318628 ], [ -77.21931097932638, 3.122994854822993 ], [ -77.219156265381855, 3.12303674822711 ], [ -77.218930151443743, 3.123144453414402 ], [ -77.218656446420212, 3.123371798109971 ], [ -77.218442242047374, 3.123533339413975 ], [ -77.218150662577756, 3.123599177904175 ], [ -77.217734096915791, 3.123497541279408 ], [ -77.217436540785357, 3.123365981335949 ], [ -77.217150880645789, 3.123180580964764 ], [ -77.216936635597392, 3.123049009157077 ], [ -77.216585513815843, 3.122839692567302 ], [ -77.216406957725411, 3.122582495720043 ], [ -77.216299795073652, 3.12221163484521 ], [ -77.216186654983673, 3.12163141107016 ], [ -77.216180645846919, 3.121182776804007 ], [ -77.216150828024112, 3.120698248598007 ], [ -77.216246000704245, 3.120399146803614 ], [ -77.216418550569216, 3.120237611019433 ], [ -77.216668462360943, 3.120094014974506 ], [ -77.216906479968529, 3.119998274826371 ], [ -77.217525340810369, 3.11987855559778 ], [ -77.218435790583058, 3.11978272422914 ], [ -77.219191516053414, 3.119645037133722 ], [ -77.219596151673557, 3.119537309232305 ], [ -77.219976949474585, 3.119178347279638 ], [ -77.220429147693309, 3.118753574165079 ], [ -77.220928933753996, 3.118197194705213 ], [ -77.221613158941693, 3.11739553564471 ], [ -77.222267634423332, 3.116641732021917 ], [ -77.223160137103449, 3.115869950211421 ], [ -77.224231105659015, 3.114721287349678 ], [ -77.224939130881452, 3.113937567000778 ], [ -77.225676945644494, 3.113423023967788 ], [ -77.226212441018632, 3.11293841916239 ], [ -77.2266229732721, 3.112477759434791 ], [ -77.227069200303617, 3.11194531195652 ], [ -77.227325048424689, 3.111723949271398 ], [ -77.227688014648038, 3.111538458166303 ], [ -77.228027201752312, 3.111526448294305 ], [ -77.228265242723779, 3.111622121440856 ], [ -77.228408084033532, 3.111789595079898 ], [ -77.228580689895679, 3.112046787125836 ], [ -77.228640241357027, 3.112363818283888 ], [ -77.228598636431883, 3.112710769097442 ], [ -77.228521315890575, 3.112979963315148 ], [ -77.22836663072512, 3.113213277356333 ], [ -77.228217891725421, 3.113410698986631 ], [ -77.228194131698459, 3.11371577580538 ], [ -77.228241783045675, 3.114032807218032 ], [ -77.228378679260459, 3.114248136872005 ], [ -77.228664355879928, 3.114547183890045 ], [ -77.22892623653, 3.114894095955607 ], [ -77.22930714375191, 3.115330712869458 ], [ -77.229586875863518, 3.115665654915761 ], [ -77.229967762090467, 3.11595273005718 ], [ -77.230467647582714, 3.116132112160675 ], [ -77.231199600913641, 3.116239677229354 ], [ -77.232038660921191, 3.116305354875881 ], [ -77.233014570935282, 3.11625735582527 ], [ -77.234091628857811, 3.116113631872691 ], [ -77.234734252769911, 3.115760606117167 ], [ -77.235269740385306, 3.11525206937645 ], [ -77.235602935955384, 3.114952927077187 ], [ -77.235745718606239, 3.114725594687554 ], [ -77.235769468337509, 3.114372663421021 ], [ -77.235662298791098, 3.113989844302577 ], [ -77.235668208266247, 3.11371467764112 ], [ -77.235543208593384, 3.113475423779159 ], [ -77.23528134137058, 3.113236187057059 ], [ -77.235025437921664, 3.113068736336517 ], [ -77.234198234964396, 3.112686020552037 ], [ -77.233656684510024, 3.112434865887025 ], [ -77.233115125641007, 3.112123891991504 ], [ -77.23276399577702, 3.111848775639599 ], [ -77.232597315838063, 3.111436056087092 ], [ -77.232406826780363, 3.110975482916663 ], [ -77.232394850352307, 3.110467024599684 ], [ -77.23248403130215, 3.109922665181878 ], [ -77.232710086492361, 3.109438102906173 ], [ -77.233043242963305, 3.10888174222523 ], [ -77.233382371253001, 3.108474926008341 ], [ -77.2338286319319, 3.108205677308394 ], [ -77.234102343337653, 3.108080018355358 ], [ -77.234501038799891, 3.108079959191833 ], [ -77.235000915968172, 3.108223447951328 ], [ -77.235572218521341, 3.108486562821647 ], [ -77.236036410678693, 3.108755675790905 ], [ -77.23651846337016, 3.109078624291099 ], [ -77.236756543966308, 3.109431514662087 ], [ -77.237036309000345, 3.109987783290411 ], [ -77.2374410455934, 3.110591888209552 ], [ -77.237768419100959, 3.111160112132977 ], [ -77.2380183955337, 3.111477111951936 ], [ -77.238417147460922, 3.111853908422136 ], [ -77.238774231004641, 3.112129015719962 ], [ -77.239250333358484, 3.112439999194593 ], [ -77.240154906517986, 3.112888499289858 ], [ -77.241059471613724, 3.113277175952469 ], [ -77.241868799297009, 3.11349239775435 ], [ -77.242505550358658, 3.113665770583186 ], [ -77.242951887340908, 3.113887026345914 ], [ -77.243332771491197, 3.11414418539188 ], [ -77.243719629852833, 3.11453892768623 ], [ -77.244088625113349, 3.114867871351525 ], [ -77.244380287748498, 3.115370295786807 ], [ -77.24468386190982, 3.115926559217962 ], [ -77.244856481323168, 3.116243568896579 ], [ -77.245046975506995, 3.116692177225314 ], [ -77.245231508076373, 3.117069001001384 ], [ -77.245332740612028, 3.117517625396869 ], [ -77.245303064732283, 3.118008138186628 ], [ -77.245201976634419, 3.118474740887021 ], [ -77.244922377310345, 3.119013150348714 ], [ -77.244511898450796, 3.119778887896935 ], [ -77.244250158256492, 3.120365150029501 ], [ -77.243893239304001, 3.121160793059313 ], [ -77.243607758016509, 3.122135877024844 ], [ -77.243494792862279, 3.122769967637134 ], [ -77.243518713673325, 3.123517693358784 ], [ -77.243554500301329, 3.124044088920365 ], [ -77.243697439465706, 3.124809744202365 ], [ -77.243995081358719, 3.125473677953965 ], [ -77.244233175641071, 3.125874424695637 ], [ -77.244703355023674, 3.126311022370781 ], [ -77.245137799065063, 3.12655022573917 ], [ -77.24571503072481, 3.126597988574494 ], [ -77.246393405340498, 3.126520115293868 ], [ -77.246839681647558, 3.126328623141003 ], [ -77.247291876832548, 3.125933750442091 ], [ -77.247750000080359, 3.125401290978675 ], [ -77.248101032682854, 3.125018398129023 ], [ -77.248356853783889, 3.124641498970115 ], [ -77.248451968589123, 3.124037320717299 ], [ -77.248606581040093, 3.123373313237335 ], [ -77.248838553521509, 3.122721252784686 ], [ -77.24896933737746, 3.121901718609749 ], [ -77.249153733734474, 3.121429125735934 ], [ -77.249177463986157, 3.120980481907692 ], [ -77.24907021157901, 3.12012509902148 ], [ -77.248968868424114, 3.119006511199472 ], [ -77.248980591317689, 3.117905854680915 ], [ -77.249319651415263, 3.117098247891074 ], [ -77.249682514266581, 3.116296622985994 ], [ -77.250045423865572, 3.115782125963081 ], [ -77.250521407660017, 3.115339391558715 ], [ -77.250991473281033, 3.115100040641027 ], [ -77.25136040430634, 3.115022216316253 ], [ -77.251860268649594, 3.11505204179298 ], [ -77.252324440510108, 3.115159639583253 ], [ -77.252711272076866, 3.115374922188005 ], [ -77.253008867248354, 3.115739761334253 ], [ -77.253193411053203, 3.116170422028404 ], [ -77.253413665859497, 3.116648935197998 ], [ -77.253425643276415, 3.117109531250405 ], [ -77.253312649560058, 3.11752827771581 ], [ -77.253271062623014, 3.117935051931957 ], [ -77.253199748023462, 3.118503336021847 ], [ -77.253146275317633, 3.119011800960177 ], [ -77.253140416237585, 3.119562131221482 ], [ -77.253092895281185, 3.120070596416662 ], [ -77.253116796947793, 3.120662793262917 ], [ -77.253277565356271, 3.121260947696574 ], [ -77.253432378556838, 3.12182919771849 ], [ -77.253545524353271, 3.122319688227599 ], [ -77.25367054650431, 3.122660632755832 ], [ -77.253795553085581, 3.12289988268899 ], [ -77.253962222976668, 3.123192965444352 ], [ -77.254283629680444, 3.123593696289214 ], [ -77.254581229861202, 3.123970498197759 ], [ -77.2547955115745, 3.124299462860417 ], [ -77.254997889740963, 3.124610484893934 ], [ -77.255366908918731, 3.125041112709852 ], [ -77.255771637557658, 3.125501645374436 ], [ -77.256235882731957, 3.126010021635874 ], [ -77.2567179776118, 3.12650044887149 ], [ -77.257396475701995, 3.127152352414906 ], [ -77.25806309598245, 3.127935858239264 ], [ -77.258521389849435, 3.128432271421504 ], [ -77.258783288594458, 3.128809080437835 ], [ -77.258920233650244, 3.129257693396593 ], [ -77.259194061903145, 3.129796010416326 ], [ -77.259467885538157, 3.13030442141595 ], [ -77.259676293241967, 3.131058091594046 ], [ -77.259765613486948, 3.131399040957295 ], [ -77.25994422123928, 3.131883538840125 ], [ -77.260182369100406, 3.132547478869667 ], [ -77.260503828528812, 3.133223370334643 ], [ -77.260777667970899, 3.133809540956115 ], [ -77.261021734318717, 3.134294026626591 ], [ -77.261313410391836, 3.134790468118751 ], [ -77.261587209868296, 3.135143345929627 ], [ -77.262027589334437, 3.135256923381302 ], [ -77.262432251671726, 3.135298723580884 ], [ -77.262866658635147, 3.135286683067477 ], [ -77.26330106166624, 3.135250714627001 ], [ -77.263765192651235, 3.135071176772704 ], [ -77.264431601455911, 3.134610456928528 ], [ -77.265139650766599, 3.134065985382567 ], [ -77.265716782622889, 3.133527516833259 ], [ -77.26636536108596, 3.133198397280233 ], [ -77.266883065760268, 3.133120539873383 ], [ -77.267626931448035, 3.133210132181703 ], [ -77.268162556082316, 3.133503142560369 ], [ -77.268448252929474, 3.133826112380617 ], [ -77.268823205354195, 3.134113168637568 ], [ -77.269091092473474, 3.134669428837789 ], [ -77.269228073647682, 3.135285532631169 ], [ -77.269305578582802, 3.136081101227674 ], [ -77.269389044249792, 3.136930505026522 ], [ -77.269389151764244, 3.137516726318968 ], [ -77.269573720821995, 3.138031130004903 ], [ -77.269782071593923, 3.138425889891624 ], [ -77.269984545717463, 3.139221436685697 ], [ -77.270151279689685, 3.13982556778323 ], [ -77.270419154271366, 3.140304065353865 ], [ -77.27077627451375, 3.140680853376041 ], [ -77.271127408091829, 3.140866227270489 ], [ -77.271413061002661, 3.14093197092506 ], [ -77.271877229346259, 3.140955812877899 ], [ -77.272281864710891, 3.140836099937764 ], [ -77.272531745313628, 3.14054294363216 ], [ -77.273120782957633, 3.140028395799291 ], [ -77.273620506358796, 3.139244684339328 ], [ -77.274007181328656, 3.138556699829374 ], [ -77.274233164592616, 3.137761075562242 ], [ -77.274340159972624, 3.137120999443634 ], [ -77.274393582367097, 3.136403169967379 ], [ -77.274464780750407, 3.135272595026723 ], [ -77.274619322714543, 3.134315474140112 ], [ -77.274773884795124, 3.133466022837462 ], [ -77.274952253762663, 3.132640498071755 ], [ -77.275196134380934, 3.132102088953139 ], [ -77.275541195963498, 3.131647402746543 ], [ -77.276017175568811, 3.131210640011768 ], [ -77.276564586959168, 3.130887517960187 ], [ -77.277153711100922, 3.130869457954533 ], [ -77.277725047805774, 3.131198348750976 ], [ -77.278088129528697, 3.131640934684807 ], [ -77.27845121351551, 3.132089501208441 ], [ -77.278635761375256, 3.13247828368732 ], [ -77.27880846500976, 3.133160179934601 ], [ -77.27883834078385, 3.133800228306691 ], [ -77.278713507818438, 3.134500125033748 ], [ -77.278570833081545, 3.135253863408617 ], [ -77.278487649605324, 3.135923843235172 ], [ -77.278440180031822, 3.136641670732886 ], [ -77.278434360531278, 3.137329581795878 ], [ -77.278440468253748, 3.138155073351121 ], [ -77.278422705306497, 3.138621657100456 ], [ -77.278553748276579, 3.139273650126362 ], [ -77.278779931290686, 3.139542789794674 ], [ -77.279166755552041, 3.139650387622125 ], [ -77.279559512064836, 3.139656292213839 ], [ -77.280065294570605, 3.139464776750765 ], [ -77.28059485376842, 3.13912969107825 ], [ -77.281558763884377, 3.138489447280403 ], [ -77.282463199948779, 3.138034650875061 ], [ -77.282942520840464, 3.137876217214875 ], [ -77.283381102908962, 3.137725299875317 ], [ -77.283888939026198, 3.137574363342993 ], [ -77.284246743244069, 3.137527883663975 ], [ -77.284281373315295, 3.137539478400152 ], [ -77.285066258315226, 3.137550923579506 ], [ -77.285608760470978, 3.13759722790576 ], [ -77.286589887863968, 3.137713054679269 ], [ -77.287293990376611, 3.137794132929995 ], [ -77.28779032764848, 3.137863648002609 ], [ -77.288205879373407, 3.137991193071044 ], [ -77.288448297956236, 3.138130374723118 ], [ -77.288540669774633, 3.13829278836653 ], [ -77.288633057357586, 3.138536423308777 ], [ -77.288771631955782, 3.138861265827271 ], [ -77.288898726481932, 3.139499381349483 ], [ -77.289164332414487, 3.140149067240732 ], [ -77.289395305805456, 3.140763956055277 ], [ -77.289718589901369, 3.141239595381981 ], [ -77.289949515987061, 3.14162242890438 ], [ -77.290168871445204, 3.141866037186914 ], [ -77.290469021387082, 3.142098029697061 ], [ -77.290619128096878, 3.142364854385451 ], [ -77.290561459528121, 3.142585315954557 ], [ -77.290457627605406, 3.142828989210348 ], [ -77.290423055077937, 3.143095856309376 ], [ -77.290365372865111, 3.143246700615906 ], [ -77.290307699232116, 3.143443954717075 ], [ -77.290250027419248, 3.143641208836966 ], [ -77.290238551032772, 3.143966082583236 ], [ -77.290100158242367, 3.144546237138742 ], [ -77.290088683073577, 3.144871110050714 ], [ -77.289927176334601, 3.145312041647226 ], [ -77.28973100899394, 3.145578939562088 ], [ -77.289546356543411, 3.14571820840338 ], [ -77.289338631378641, 3.145915490766093 ], [ -77.289119383339042, 3.14620559911984 ], [ -77.288923220073031, 3.146495702320463 ], [ -77.288750135480868, 3.146762598135612 ], [ -77.288496269084689, 3.147099121021619 ], [ -77.288046199709683, 3.147540111735047 ], [ -77.287826940669817, 3.147783806339413 ], [ -77.287503805928537, 3.148062332744565 ], [ -77.287157574687754, 3.148282854376273 ], [ -77.286869042038163, 3.148433741585607 ], [ -77.286568961957471, 3.148561431887085 ], [ -77.286164978793835, 3.148584716635998 ], [ -77.285807161053256, 3.148584789305027 ], [ -77.285437792340332, 3.148550054678699 ], [ -77.284976080906048, 3.148492136720269 ], [ -77.28456052977505, 3.148387796094247 ], [ -77.284191145999529, 3.148271846272495 ], [ -77.2839140954095, 3.148121064587048 ], [ -77.283762432337781, 3.147988144398318 ], [ -77.283072084750074, 3.147749007863871 ], [ -77.282417477047062, 3.147689317772978 ], [ -77.281554605315833, 3.147719396888086 ], [ -77.280542994618926, 3.147911013630121 ], [ -77.279852720568925, 3.148054715037222 ], [ -77.279346961888876, 3.148272807731064 ], [ -77.278538010847612, 3.148698947842982 ], [ -77.27849573834024, 3.148750630547962 ], [ -77.278322054924672, 3.148834195074934 ], [ -77.27827785533151, 3.148888896635191 ], [ -77.278070892048049, 3.149158903324615 ], [ -77.27795927158428, 3.149495722285634 ], [ -77.277927443751295, 3.149928755761776 ], [ -77.277911528537913, 3.150137251167771 ], [ -77.277943509226176, 3.150506118251217 ], [ -77.277943561310948, 3.150778763596908 ], [ -77.278007458365195, 3.151179701434419 ], [ -77.278039436849838, 3.151532531149101 ], [ -77.278167150846585, 3.151917417727084 ], [ -77.278326319430064, 3.152211889158542 ], [ -77.278341826839593, 3.152256028849446 ], [ -77.278822650667834, 3.153173928136837 ], [ -77.279120262295493, 3.15390787104229 ], [ -77.279198529052081, 3.154325609722077 ], [ -77.27919178069908, 3.154464164212233 ], [ -77.279146737523519, 3.154630252196951 ], [ -77.278913505703528, 3.155199921709229 ], [ -77.278701539445819, 3.155679550725133 ], [ -77.278701674995119, 3.156323282773307 ], [ -77.278754468367637, 3.156905725320704 ], [ -77.279289369624365, 3.15812711013425 ], [ -77.279436361896103, 3.15861925230644 ], [ -77.279865514101246, 3.159373828649827 ], [ -77.280473115487368, 3.159762322036223 ], [ -77.281160650216009, 3.159992535823085 ], [ -77.281862135603831, 3.159757335856384 ], [ -77.282400792461019, 3.159323997712272 ], [ -77.28290315789755, 3.15866726558329 ], [ -77.283412250887551, 3.157876057128136 ], [ -77.284143210020389, 3.157232900059841 ], [ -77.284705116099161, 3.156762022085274 ], [ -77.285172643879108, 3.156420088374559 ], [ -77.285850377979017, 3.156292221387079 ], [ -77.287206051558371, 3.156291932199629 ], [ -77.287761920557472, 3.156291824208961 ], [ -77.288948801451582, 3.15642923085299 ], [ -77.289641204290461, 3.156707476144441 ], [ -77.290918699872606, 3.157087670335819 ], [ -77.291812073981788, 3.157512816107162 ], [ -77.292772022451615, 3.157898563411528 ], [ -77.293944287683161, 3.158369618814468 ], [ -77.294836566257274, 3.158888622073524 ], [ -77.295646649993273, 3.159319508321341 ], [ -77.296972840771488, 3.160080881867146 ], [ -77.298063440791282, 3.160747846137903 ], [ -77.299213670966651, 3.161470128635495 ], [ -77.30031093584347, 3.162045281881409 ], [ -77.300995020940988, 3.162457663226693 ], [ -77.301562836701549, 3.162980645165959 ], [ -77.302513263266547, 3.163601319282877 ], [ -77.303394447329779, 3.164440091576602 ], [ -77.304096085570919, 3.165192046810404 ], [ -77.304350515663401, 3.165511593942909 ], [ -77.304429109952537, 3.165519481136987 ], [ -77.304541650911844, 3.165973426261761 ], [ -77.304695792679027, 3.166281718897129 ], [ -77.304927018441219, 3.166859767346647 ], [ -77.305312377864055, 3.167399278101203 ], [ -77.305582141867291, 3.167977325062056 ], [ -77.30604457624024, 3.168555373243213 ], [ -77.306815304459008, 3.169133422697198 ], [ -77.307547503864811, 3.169595866136166 ], [ -77.308472381496671, 3.169827082288657 ], [ -77.309050429262399, 3.170019761573509 ], [ -77.309744090287495, 3.170096837760192 ], [ -77.310324223061301, 3.169923552361288 ], [ -77.310442189487503, 3.170092867004253 ], [ -77.311295651410333, 3.170647684792609 ], [ -77.312129485748059, 3.171189745724379 ], [ -77.313269088310719, 3.171619018191866 ], [ -77.31428048343345, 3.172311821716291 ], [ -77.315551626697882, 3.173352449316538 ], [ -77.316111969956253, 3.173864256196045 ], [ -77.317176760936803, 3.174220741832176 ], [ -77.318218716754288, 3.174469854043271 ], [ -77.319010814491492, 3.174469664998663 ], [ -77.319771561391974, 3.174196364736245 ], [ -77.320364081400641, 3.173654671128837 ], [ -77.320816194256395, 3.172896842102004 ], [ -77.321199002914724, 3.172174973337165 ], [ -77.32170065792927, 3.171266784623385 ], [ -77.321804835899741, 3.170217203152014 ], [ -77.321652849342883, 3.169352700338846 ], [ -77.321215127676851, 3.167838511846933 ], [ -77.320860984724561, 3.167025356782063 ], [ -77.320334832208516, 3.166352559582451 ], [ -77.319992313223466, 3.165621385915126 ], [ -77.319992161433674, 3.164979657226285 ], [ -77.320220117224551, 3.16452111064367 ], [ -77.320695793831945, 3.164173203854685 ], [ -77.321190639677866, 3.163775089833842 ], [ -77.322171815350799, 3.162741369186251 ], [ -77.323305067458548, 3.162148672026099 ], [ -77.32435049983647, 3.161782876996126 ], [ -77.325373357557226, 3.161689163443075 ], [ -77.325928040038605, 3.161603248142412 ], [ -77.326540053989447, 3.161849152587418 ], [ -77.327317994616337, 3.162446831608503 ], [ -77.328054380050645, 3.163038723246748 ], [ -77.329004266211385, 3.163490727146316 ], [ -77.329823018320525, 3.163747688746348 ], [ -77.33030175750622, 3.163747563897169 ], [ -77.330890333660761, 3.163484454959287 ], [ -77.331082132598382, 3.162905572099941 ], [ -77.331133624914159, 3.161813139717192 ], [ -77.330931458280446, 3.161204009678622 ], [ -77.330512052756944, 3.159332397863731 ], [ -77.33051173883949, 3.158070282101443 ], [ -77.330511495696342, 3.157065354905694 ], [ -77.330511316920408, 3.156335796778906 ], [ -77.330616688564248, 3.155947061161726 ], [ -77.331195203789363, 3.15558900085491 ], [ -77.331530445779961, 3.155083277766629 ], [ -77.3318207003596, 3.154304663337251 ], [ -77.332222058323453, 3.153542161608901 ], [ -77.332817444493926, 3.152943381210862 ], [ -77.334054882401546, 3.151555304417283 ], [ -77.334682221942558, 3.150924400279772 ], [ -77.335140541469301, 3.150711624583336 ], [ -77.33562511103429, 3.150955017404228 ], [ -77.336352521680183, 3.151123557192321 ], [ -77.336945634495095, 3.150906594648118 ], [ -77.33798945821141, 3.150572457894433 ], [ -77.338711497216721, 3.150330316584123 ], [ -77.339595727411336, 3.149984404444256 ], [ -77.340261405394116, 3.149582704605718 ], [ -77.34074090823546, 3.149598648196392 ], [ -77.340908546742497, 3.149661880737216 ], [ -77.34171551719551, 3.148319802688083 ], [ -77.343765675047408, 3.144411116802693 ], [ -77.345573584874629, 3.140625149838004 ], [ -77.346203899495393, 3.140151947370846 ], [ -77.346906112454263, 3.14001123771586 ], [ -77.347335871518254, 3.140084720280789 ], [ -77.347878880197527, 3.140739842988673 ], [ -77.349216344048614, 3.141711183182643 ], [ -77.350673978914784, 3.142316311013124 ], [ -77.351363466755572, 3.142890202189951 ], [ -77.352133516854977, 3.143531150093493 ], [ -77.352984597933343, 3.144138182038462 ], [ -77.354745010634062, 3.144918774965999 ], [ -77.355594576173345, 3.145163470843765 ], [ -77.355991304781227, 3.145284372232215 ], [ -77.356603229923877, 3.145354107164164 ], [ -77.357813132427964, 3.145339800255404 ], [ -77.35952369436113, 3.145353317405537 ], [ -77.360789248541025, 3.145422870013575 ], [ -77.361693254364994, 3.145618333854495 ], [ -77.363014440049412, 3.14570184621557 ], [ -77.363890609256899, 3.145813438741223 ], [ -77.364850268021826, 3.146092759841834 ], [ -77.365837777762934, 3.146511867906306 ], [ -77.366046470271726, 3.146833334172609 ], [ -77.366213489741966, 3.147322562114205 ], [ -77.366329895559687, 3.147602661078197 ], [ -77.366707192998859, 3.148728581257871 ], [ -77.366983143588513, 3.149293393583499 ], [ -77.367221405418306, 3.14982420176581 ], [ -77.367332619671799, 3.15088339415249 ], [ -77.367277462584525, 3.151979799274798 ], [ -77.367240838362363, 3.153243445225106 ], [ -77.367056192004355, 3.154042560133468 ], [ -77.366890077029453, 3.1550089152187 ], [ -77.366785412468516, 3.156090839692925 ], [ -77.366497441760046, 3.156625249144325 ], [ -77.366291186651083, 3.157545460214497 ], [ -77.3660480882304, 3.158309481990099 ], [ -77.365770262287057, 3.159056141062058 ], [ -77.36524933858027, 3.160167445823686 ], [ -77.364832598180755, 3.161469758112091 ], [ -77.364572136638714, 3.162563697431527 ], [ -77.364450587995108, 3.163431904101847 ], [ -77.36469034948685, 3.164168189224397 ], [ -77.36496289290811, 3.164770449078898 ], [ -77.365081218836792, 3.165378663674197 ], [ -77.365414144395118, 3.165954638628489 ], [ -77.366079878342134, 3.166679187234366 ], [ -77.366930537056874, 3.167589506911821 ], [ -77.367855227859025, 3.168797131987802 ], [ -77.368853760892719, 3.169614496841045 ], [ -77.369748503558228, 3.169997205686379 ], [ -77.370688190976125, 3.170320383331467 ], [ -77.371911037922132, 3.170617605659899 ], [ -77.372747723791761, 3.170824370052796 ], [ -77.373301184444671, 3.170824213260818 ], [ -77.37391899448896, 3.1707981598556 ], [ -77.374614082347335, 3.170953214069509 ], [ -77.375425019307485, 3.171134108330166 ], [ -77.376120063775019, 3.171133907772557 ], [ -77.376459374673189, 3.171257637403204 ], [ -77.376748349469494, 3.171674934112792 ], [ -77.3771367562899, 3.172288052790032 ], [ -77.377617599817754, 3.172901146966994 ], [ -77.378412708901038, 3.173458401116583 ], [ -77.379078354601262, 3.173829862329096 ], [ -77.380002837777553, 3.174256995686033 ], [ -77.381666906490793, 3.175018405125151 ], [ -77.382350991826925, 3.175479193192239 ], [ -77.382762909322309, 3.175608447408165 ], [ -77.383136255475094, 3.175880029137729 ], [ -77.383445263348946, 3.176216323108773 ], [ -77.383568507756507, 3.176628655223578 ], [ -77.383724784669496, 3.176923842412206 ], [ -77.383881062831193, 3.17742740456923 ], [ -77.383950518793384, 3.177757320901438 ], [ -77.383950518412618, 3.178191427275355 ], [ -77.383898427042894, 3.178590800242964 ], [ -77.383828969646686, 3.178955449402125 ], [ -77.383724784933577, 3.179285365038658 ], [ -77.38349905041386, 3.179615285886356 ], [ -77.383186496822589, 3.180084116120309 ], [ -77.383018089168488, 3.180518522310512 ], [ -77.382894020840013, 3.181146377122735 ], [ -77.382745516480597, 3.181912596911995 ], [ -77.382578333665052, 3.182379830215381 ], [ -77.382541266522225, 3.182772274267699 ], [ -77.382559961271369, 3.183127323670347 ], [ -77.382578635966496, 3.183407626780844 ], [ -77.382522971684011, 3.183781389184933 ], [ -77.382504457758856, 3.184043018863649 ], [ -77.382560291340312, 3.18424856098226 ], [ -77.382578948970135, 3.184472803238472 ], [ -77.382616241357411, 3.184846536044271 ], [ -77.382634887179293, 3.185033401982623 ], [ -77.382635008516701, 3.185444523094624 ], [ -77.382653709288931, 3.185818262322318 ], [ -77.382616758424703, 3.186603137664905 ], [ -77.382578751857167, 3.187359690709016 ], [ -77.382665572184465, 3.187828522726783 ], [ -77.382823421152565, 3.188501006536353 ], [ -77.382980149464203, 3.189014110811343 ], [ -77.383183542687135, 3.190060226808981 ], [ -77.383310779498686, 3.191106363821345 ], [ -77.383361874429553, 3.192203555605597 ], [ -77.383362214220156, 3.193351797309444 ], [ -77.383260905593303, 3.194142837732592 ], [ -77.383083417212745, 3.194857352034015 ], [ -77.382677466698055, 3.195597453118499 ], [ -77.382068458423504, 3.196439677409762 ], [ -77.381484791578174, 3.19712879683074 ], [ -77.381205653995337, 3.197486110317546 ], [ -77.380971235758835, 3.198377232350168 ], [ -77.380990018534931, 3.199380699936513 ], [ -77.38115100936308, 3.200772142334895 ], [ -77.381604020668419, 3.202295895684287 ], [ -77.382079534182864, 3.20338749572435 ], [ -77.382668136733656, 3.204297102104661 ], [ -77.383234050780175, 3.205002015391434 ], [ -77.383750116244968, 3.205498267947176 ], [ -77.385139607448437, 3.206103928279772 ], [ -77.385252829687673, 3.206217148885998 ], [ -77.385721662027564, 3.206755438717967 ], [ -77.386121036772934, 3.207380547947571 ], [ -77.386780873261159, 3.208405031212507 ], [ -77.38745807535804, 3.209325331426405 ], [ -77.388031091236442, 3.209880983018296 ], [ -77.388552016745507, 3.210488729919424 ], [ -77.38928131056386, 3.211252752352216 ], [ -77.389958511705245, 3.211947317610658 ], [ -77.390722533582405, 3.212624516896772 ], [ -77.39136500776678, 3.213145442425604 ], [ -77.39193802358308, 3.213544818052795 ], [ -77.392424219258828, 3.213805278648854 ], [ -77.392806230877284, 3.213978919921185 ], [ -77.393205606537194, 3.214031013897349 ], [ -77.39365707401906, 3.214048376867851 ], [ -77.394056449647366, 3.214031014206067 ], [ -77.394490552819235, 3.213961556875472 ], [ -77.394976748525053, 3.213840007328215 ], [ -77.395462944931239, 3.21366636564694 ], [ -77.396088053712063, 3.21340590501548 ], [ -77.396661071010953, 3.213162806672209 ], [ -77.397268815654542, 3.212746067968813 ], [ -77.397911288337809, 3.212416147836588 ], [ -77.398414848714353, 3.212259871772988 ], [ -77.398970501618237, 3.212155687374177 ], [ -77.399560881978942, 3.212120958731956 ], [ -77.40037699618469, 3.212138321372262 ], [ -77.40088055696279, 3.212155687306282 ], [ -77.401488301539558, 3.212190414567594 ], [ -77.40193976961703, 3.212346691089816 ], [ -77.402478057729596, 3.212589788983248 ], [ -77.402929525799934, 3.212832887439991 ], [ -77.403485177418801, 3.213232262684851 ], [ -77.403849824773587, 3.213701093729077 ], [ -77.404015299758029, 3.214012576911252 ], [ -77.404145015274239, 3.214256749665613 ], [ -77.404422841558358, 3.214968677138224 ], [ -77.404665939541189, 3.215750064758126 ], [ -77.40485694564822, 3.216427264316676 ], [ -77.405256320810281, 3.217278109108481 ], [ -77.405690423982051, 3.218233135213648 ], [ -77.406072435757423, 3.219240254990827 ], [ -77.406298168200962, 3.220282107001514 ], [ -77.406471810879097, 3.221306587567621 ], [ -77.406523902839922, 3.221914335136379 ], [ -77.406575995838196, 3.222452621262867 ], [ -77.406565103327083, 3.222768476660555 ], [ -77.406558631375177, 3.22295618268382 ], [ -77.406541266199355, 3.223407651049617 ], [ -77.406558631471086, 3.223824390427465 ], [ -77.406767000986591, 3.22439740521669 ], [ -77.407079555286884, 3.224987785950602 ], [ -77.407392109324604, 3.225421889738951 ], [ -77.407722028890831, 3.225786540034858 ], [ -77.407897048433924, 3.225969893643869 ], [ -77.408086675564562, 3.226168551079351 ], [ -77.408433958425945, 3.226481104888901 ], [ -77.40898961035677, 3.226949934022173 ], [ -77.409770997152265, 3.227557680933238 ], [ -77.410595499611205, 3.2281535319966 ], [ -77.411385862388556, 3.228668986202905 ], [ -77.412392982315794, 3.229398279186117 ], [ -77.413139640642754, 3.230006022771182 ], [ -77.413730021637008, 3.23059640389334 ], [ -77.414546136174238, 3.231777164849647 ], [ -77.415101788389563, 3.232697464996511 ], [ -77.415674805182135, 3.233652494819936 ], [ -77.415900539456871, 3.234312331556866 ], [ -77.416247822196681, 3.235093716098704 ], [ -77.416386735408423, 3.235562548991521 ], [ -77.416456191701016, 3.236048744593826 ], [ -77.416456191933335, 3.236552303950293 ], [ -77.416404099316892, 3.23705586516641 ], [ -77.416334642649772, 3.237628883593586 ], [ -77.416161001305809, 3.238306082653142 ], [ -77.415952631159087, 3.238965920077095 ], [ -77.415813718919026, 3.239521573307362 ], [ -77.415728648345294, 3.239889506326407 ], [ -77.415681196316498, 3.240368062839269 ], [ -77.415568341549758, 3.241032073320884 ], [ -77.415538698940736, 3.241373043061249 ], [ -77.415574481210484, 3.241600339254882 ], [ -77.415634052730894, 3.241773787222392 ], [ -77.415675777843816, 3.241971169641507 ], [ -77.415860484907867, 3.242617139342756 ], [ -77.416062955219417, 3.242993920279729 ], [ -77.416449939625195, 3.24343045534781 ], [ -77.417039283727405, 3.243908797568659 ], [ -77.417705989997657, 3.244369167188025 ], [ -77.418390526741675, 3.244757747299421 ], [ -77.419170275975674, 3.245116387317923 ], [ -77.41987260588057, 3.245319527745687 ], [ -77.420682094806679, 3.245624324423083 ], [ -77.421396379532354, 3.245982981610857 ], [ -77.421848795740956, 3.246311822749166 ], [ -77.422366726258858, 3.246790185254481 ], [ -77.422962061507846, 3.247370208742676 ], [ -77.423384798591755, 3.24792636568761 ], [ -77.423676530131132, 3.248261243025965 ], [ -77.42411704856363, 3.248602048903722 ], [ -77.424611123568866, 3.24892489563643 ], [ -77.425515872002947, 3.249325359922866 ], [ -77.426057513701977, 3.249516583741739 ], [ -77.426313470449628, 3.249654077001101 ], [ -77.426664686350762, 3.249899206162592 ], [ -77.426879018826739, 3.250138402154332 ], [ -77.427027896166294, 3.250407525792149 ], [ -77.42726612302009, 3.250903929324048 ], [ -77.427456748491139, 3.251430254692609 ], [ -77.427712842910367, 3.251962542270991 ], [ -77.428004694905084, 3.252638375376775 ], [ -77.428588164601607, 3.253308123550783 ], [ -77.42907036636997, 3.253708732143973 ], [ -77.429760815964329, 3.253953739705087 ], [ -77.430320289172471, 3.254073178226023 ], [ -77.430843999542049, 3.254031123135147 ], [ -77.431343882681773, 3.253929255703769 ], [ -77.431915107781023, 3.25361202380618 ], [ -77.432230412916624, 3.253270955409309 ], [ -77.432432630927408, 3.252900016559544 ], [ -77.432813309460585, 3.252295725552548 ], [ -77.433110677374131, 3.251721374369206 ], [ -77.433420018894921, 3.251344415044556 ], [ -77.433777036561438, 3.251158856709617 ], [ -77.434134080750965, 3.251045077912077 ], [ -77.43469347754889, 3.250949170839035 ], [ -77.435562344802179, 3.250847174232931 ], [ -77.436258627755493, 3.250763177916555 ], [ -77.43677035386024, 3.250499799699296 ], [ -77.437264160661414, 3.250050992840423 ], [ -77.437728179558192, 3.249518453622352 ], [ -77.438007711238527, 3.249003925733554 ], [ -77.438215797309311, 3.248405677282522 ], [ -77.438513164636973, 3.247837307397464 ], [ -77.438905799749264, 3.247400501565961 ], [ -77.439268734732281, 3.247125213224589 ], [ -77.439697177680785, 3.246969531331412 ], [ -77.440203058119565, 3.247011224030977 ], [ -77.440691170997653, 3.247292186314844 ], [ -77.441048316328036, 3.247471512124439 ], [ -77.441667389298985, 3.247836172256354 ], [ -77.442637567809371, 3.248128924766178 ], [ -77.443631474569628, 3.248206325624109 ], [ -77.444262295993781, 3.248140294612896 ], [ -77.444726394847379, 3.247841042224924 ], [ -77.445214258284196, 3.24743410679184 ], [ -77.445636625296075, 3.24693746662825 ], [ -77.445934033697327, 3.246494712724091 ], [ -77.446249197404967, 3.245782770282232 ], [ -77.446516786531731, 3.245172539406504 ], [ -77.44669520157683, 3.244825531392208 ], [ -77.446974769745111, 3.244424653018427 ], [ -77.447284149206041, 3.244179289176381 ], [ -77.447783951199256, 3.243874037594386 ], [ -77.448164761722865, 3.243664539003221 ], [ -77.44881936742226, 3.243550644388798 ], [ -77.449384728983759, 3.243508566173199 ], [ -77.449825129894663, 3.243514381774322 ], [ -77.450253632127016, 3.243532168781687 ], [ -77.450765445491925, 3.243525997968274 ], [ -77.451306986926426, 3.243442054890044 ], [ -77.451729438321323, 3.243190664179928 ], [ -77.452169637152593, 3.242646164294471 ], [ -77.452478934851811, 3.242179474917513 ], [ -77.452722736783201, 3.241629067727105 ], [ -77.452930809695445, 3.241024836064017 ], [ -77.45310909513951, 3.240336872008543 ], [ -77.453216209316267, 3.239919255687653 ], [ -77.453295824700817, 3.239725893890525 ], [ -77.453515897250668, 3.239384851558576 ], [ -77.453914663617738, 3.23890846157413 ], [ -77.454088603416849, 3.238634203035957 ], [ -77.454277317471181, 3.23840057613796 ], [ -77.454545852697777, 3.23801364686305 ], [ -77.454763548127175, 3.237604837378284 ], [ -77.454930426990984, 3.237232542689358 ], [ -77.454966539259146, 3.23670702435881 ], [ -77.454980886243902, 3.23623260465289 ], [ -77.454966191327387, 3.235765494976701 ], [ -77.454886133642148, 3.235276514756425 ], [ -77.454806070850637, 3.234772936558335 ], [ -77.454755034200076, 3.234218257409292 ], [ -77.45479122893407, 3.233911697095444 ], [ -77.454921849868185, 3.233678090803525 ], [ -77.455059773189959, 3.233553964397944 ], [ -77.45524853577588, 3.233451709672225 ], [ -77.45549542637815, 3.233451617890291 ], [ -77.455756855499189, 3.233488013330582 ], [ -77.456076384718983, 3.233546283365681 ], [ -77.456475803911388, 3.233641018792866 ], [ -77.456853435357303, 3.233728460189662 ], [ -77.457223811326614, 3.233830500580901 ], [ -77.457703113224923, 3.233939802082652 ], [ -77.458189698796119, 3.2341074875479 ], [ -77.458442922110805, 3.234201756326756 ], [ -77.458541746779943, 3.234222355251877 ], [ -77.458976247381031, 3.234377716235644 ], [ -77.459422701901119, 3.23466466940124 ], [ -77.459881182630511, 3.235286594197591 ], [ -77.46051235322436, 3.236177630199158 ], [ -77.460810108954718, 3.236685964411519 ], [ -77.461339955805457, 3.237170283666061 ], [ -77.462137600542192, 3.237624589187177 ], [ -77.463417282348189, 3.238030857703481 ], [ -77.464185067646142, 3.238210014376222 ], [ -77.464833794542386, 3.23830547117434 ], [ -77.466131204805919, 3.238376754202528 ], [ -77.466994149706224, 3.238394368360584 ], [ -77.467845124592046, 3.238238511854079 ], [ -77.468850815272987, 3.238034744160184 ], [ -77.469326838448396, 3.237825203015245 ], [ -77.470165787335191, 3.237352320809303 ], [ -77.470713156301827, 3.236963295172562 ], [ -77.47076546289955, 3.236846598318091 ], [ -77.470949222150367, 3.236548899552506 ], [ -77.47112014441295, 3.236189572383246 ], [ -77.471334236959109, 3.235788716330778 ], [ -77.471411478255703, 3.235465674546686 ], [ -77.471518356543456, 3.234831570226374 ], [ -77.471518069977478, 3.234089838402894 ], [ -77.471422690399166, 3.233677139182832 ], [ -77.471077277340555, 3.233055174820228 ], [ -77.470422373643373, 3.232367533236887 ], [ -77.469940138967075, 3.231889184909288 ], [ -77.469487716334413, 3.231560364664045 ], [ -77.468892403890266, 3.23107009600992 ], [ -77.468469740275765, 3.230747247619226 ], [ -77.467910225371853, 3.230490249757668 ], [ -77.467130550531138, 3.2303290460025 ], [ -77.466219961776972, 3.230203781295079 ], [ -77.465470085720099, 3.230156213206123 ], [ -77.464851133135923, 3.230096634005806 ], [ -77.464255990648155, 3.230049006712496 ], [ -77.463869136832358, 3.229989337020541 ], [ -77.463506058988074, 3.229851896721083 ], [ -77.463172707375151, 3.22963668470164 ], [ -77.46276193856356, 3.229283920218594 ], [ -77.4625594564191, 3.228913127777358 ], [ -77.462368825254956, 3.22840475469981 ], [ -77.462196070307044, 3.227956193880982 ], [ -77.462047028917837, 3.227262370300124 ], [ -77.462064671438753, 3.226700085320104 ], [ -77.462260812583125, 3.226036039147192 ], [ -77.462480843417211, 3.225599288746448 ], [ -77.463087719800654, 3.225204265151109 ], [ -77.463795871726006, 3.225090341614464 ], [ -77.46406510757889, 3.225072918509267 ], [ -77.465019235814182, 3.225121708757468 ], [ -77.465608451860319, 3.225241117004761 ], [ -77.466447686534124, 3.225539879697079 ], [ -77.467173801733665, 3.225713073132554 ], [ -77.467703492173356, 3.225796612817377 ], [ -77.468203387614722, 3.22577847311037 ], [ -77.468685361137048, 3.225580891024352 ], [ -77.469028628743118, 3.225235598225536 ], [ -77.469252509397563, 3.224941190411638 ], [ -77.469538496798933, 3.224470407732116 ], [ -77.469629379988987, 3.22402584695626 ], [ -77.469720292257023, 3.223659735792962 ], [ -77.469733089953152, 3.223110610272296 ], [ -77.469459780534123, 3.22271848924223 ], [ -77.468900245300532, 3.222169587328863 ], [ -77.468340751140715, 3.221725279288759 ], [ -77.467768249508765, 3.221280976230726 ], [ -77.467143713721569, 3.220823616956758 ], [ -77.46672731883541, 3.220418476641731 ], [ -77.466310904241709, 3.219961037578781 ], [ -77.466102654623171, 3.219621184717027 ], [ -77.46598550712477, 3.219412041868675 ], [ -77.465885791293715, 3.218996103315847 ], [ -77.465832006730636, 3.218403936578273 ], [ -77.465849708164768, 3.218003152666374 ], [ -77.465897168892795, 3.217608341807113 ], [ -77.466081450812922, 3.217069917434486 ], [ -77.466479945655664, 3.216453649775837 ], [ -77.466997488215355, 3.215903132315591 ], [ -77.467509108744366, 3.215430383917904 ], [ -77.468074223282585, 3.214784139890057 ], [ -77.468788079392638, 3.214042134970643 ], [ -77.469388952542133, 3.213533454755757 ], [ -77.469811294245957, 3.213036811311737 ], [ -77.470525211894184, 3.212462290657446 ], [ -77.471429562152395, 3.211881714789977 ], [ -77.472006687312074, 3.211528572831965 ], [ -77.472869464226434, 3.211169332985976 ], [ -77.473482329107398, 3.21090590016419 ], [ -77.474071313986059, 3.210445078592695 ], [ -77.47466636167465, 3.210277360788139 ], [ -77.475523215361378, 3.209995886444533 ], [ -77.476380084207307, 3.209756282433913 ], [ -77.477117958597532, 3.20958850433255 ], [ -77.478004609134146, 3.209420667667423 ], [ -77.478802013730487, 3.209300719282599 ], [ -77.479474435256506, 3.20916287490227 ], [ -77.480039765955269, 3.209096852626183 ], [ -77.480771722895128, 3.209018802259117 ], [ -77.48146808056643, 3.209215921352522 ], [ -77.481962128564845, 3.209484902134034 ], [ -77.482485918898945, 3.209717979575364 ], [ -77.483051402468561, 3.210040767150226 ], [ -77.483619462538599, 3.210527119434852 ], [ -77.484280271467057, 3.211119042665215 ], [ -77.485000632480961, 3.211812635106705 ], [ -77.485703100516758, 3.212404537975386 ], [ -77.486762804117063, 3.213415021368096 ], [ -77.488001111736352, 3.214592917032987 ], [ -77.48913223053269, 3.215597382058339 ], [ -77.490007349735677, 3.216344741324923 ], [ -77.490429972572613, 3.216571875117743 ], [ -77.491144224435615, 3.216852720670796 ], [ -77.491906019559835, 3.216972044170933 ], [ -77.492501134157934, 3.216971800589218 ], [ -77.493566383595976, 3.216953422869182 ], [ -77.494328080514535, 3.216827492803836 ], [ -77.495030274317983, 3.21672551562715 ], [ -77.495684868338955, 3.216647484599072 ], [ -77.496291854662573, 3.216569472247139 ], [ -77.49754154514541, 3.216449322612647 ], [ -77.497710775300234, 3.216449253075116 ], [ -77.497858417096197, 3.217105440894714 ], [ -77.498058292461138, 3.217638437089499 ], [ -77.498480249179508, 3.218260272193592 ], [ -77.499013249818034, 3.218837687799666 ], [ -77.499635081316015, 3.21937068479625 ], [ -77.500212497722231, 3.219881477113965 ], [ -77.500523413182947, 3.220059144373278 ], [ -77.501433954872269, 3.220436682661353 ], [ -77.502499952710139, 3.221014099016355 ], [ -77.504066688417083, 3.222277583813076 ], [ -77.505384346570636, 3.224118616767937 ], [ -77.505387886721365, 3.225173177063929 ], [ -77.504396280098788, 3.226705670433595 ], [ -77.503508897885737, 3.228026891591664 ], [ -77.503150614398521, 3.228389445425906 ], [ -77.5027246591915, 3.228820482150028 ], [ -77.501971467669932, 3.229783402667538 ], [ -77.50173217339244, 3.230089334569171 ], [ -77.501735533157813, 3.231091171251149 ], [ -77.501266163950845, 3.231671752033889 ], [ -77.50121690010549, 3.231672939928514 ], [ -77.499848927943376, 3.23167757413587 ], [ -77.497960193765252, 3.231631245830549 ], [ -77.497389298910733, 3.231602983984166 ], [ -77.497141297400233, 3.231590706690599 ], [ -77.497081297487838, 3.231587736714364 ], [ -77.4969632783625, 3.231581892587 ], [ -77.496956487700714, 3.231648916049507 ], [ -77.496861715652742, 3.232584088960219 ], [ -77.497532739380617, 3.233511351162986 ], [ -77.497617179191437, 3.233567880273799 ], [ -77.498039864451329, 3.2337800889741 ], [ -77.498226561614629, 3.233814124642617 ], [ -77.498331475840232, 3.233833253168207 ], [ -77.498722009832804, 3.234021126822786 ], [ -77.500719215805617, 3.234348742161555 ], [ -77.501278030404961, 3.234362739206413 ], [ -77.50169652879049, 3.234373220106816 ], [ -77.503833818184646, 3.234426760645118 ], [ -77.505350823253806, 3.234464752365029 ], [ -77.506356794101805, 3.234768443370916 ], [ -77.507889167282656, 3.235723398346148 ], [ -77.509066207180922, 3.236145355822648 ], [ -77.509688039140599, 3.23632302361136 ], [ -77.510154414153916, 3.236478480894498 ], [ -77.510487538889919, 3.236500691159161 ], [ -77.510953913270569, 3.236434067295217 ], [ -77.511344711762774, 3.236313818435959 ], [ -77.511395046212627, 3.236322997325492 ], [ -77.511859870072115, 3.23623784507157 ], [ -77.511947536191784, 3.236221781194306 ], [ -77.512377838466861, 3.236011180022972 ], [ -77.512717985664239, 3.235844704239304 ], [ -77.513127868329363, 3.235644094191303 ], [ -77.514380351403688, 3.235308240979211 ], [ -77.515173490529051, 3.235170966894493 ], [ -77.515789770688315, 3.235087686220748 ], [ -77.516439363293784, 3.235054375317512 ], [ -77.516739175612727, 3.235120998644776 ], [ -77.517072300486447, 3.235370841821849 ], [ -77.517455393232041, 3.235587372395849 ], [ -77.517855143903205, 3.235753935212138 ], [ -77.518154955667598, 3.235753934571312 ], [ -77.518304861106643, 3.235587371928967 ], [ -77.518521392071392, 3.235387499995626 ], [ -77.51878789121649, 3.235287561127975 ], [ -77.519220953435564, 3.235270903810497 ], [ -77.519864463291626, 3.235240260630366 ], [ -77.519920515632222, 3.235237594857013 ], [ -77.520273146401436, 3.235237595128137 ], [ -77.520503483677516, 3.235237595189282 ], [ -77.52110310768515, 3.235170967089255 ], [ -77.5215861378298, 3.235004403792491 ], [ -77.52190025616224, 3.234931356347247 ], [ -77.522494665456847, 3.234891269088734 ], [ -77.523242809311242, 3.234713977583441 ], [ -77.52330394880039, 3.234699486584411 ], [ -77.524170589158587, 3.23462651735907 ], [ -77.526002425508707, 3.234214882086528 ], [ -77.528070302475783, 3.233290507070662 ], [ -77.528802159946736, 3.232963349132609 ], [ -77.531790198123971, 3.23118571774063 ], [ -77.534290668883003, 3.229747938017819 ], [ -77.534920150474548, 3.229385980749867 ], [ -77.535714525684057, 3.228830599425899 ], [ -77.536069857524552, 3.22847526935391 ], [ -77.536469607504415, 3.228119934004981 ], [ -77.536824940446252, 3.227942266583956 ], [ -77.537224689703478, 3.22774239169672 ], [ -77.537818064299984, 3.227538421763164 ], [ -77.537935355124901, 3.227498101344443 ], [ -77.53871264512739, 3.227142769825175 ], [ -77.539267853811069, 3.226809644653751 ], [ -77.539712019188812, 3.226387685651221 ], [ -77.53981047662819, 3.226252310360848 ], [ -77.540056248169904, 3.226029577819238 ], [ -77.540455997461265, 3.225729765212533 ], [ -77.54090571581429, 3.225646483755575 ], [ -77.541188871281577, 3.225646483935357 ], [ -77.54155530833394, 3.225846358961909 ], [ -77.541971714619891, 3.226212798283958 ], [ -77.542338151455851, 3.226612546950994 ], [ -77.542504713416818, 3.226729139324405 ], [ -77.542504713577884, 3.226495951337507 ], [ -77.542271526488207, 3.22597960810209 ], [ -77.542154932623959, 3.225513234353393 ], [ -77.542134019854501, 3.225467223905107 ], [ -77.541638589293555, 3.225046860701906 ], [ -77.541405402649971, 3.224830329110189 ], [ -77.541372090135098, 3.224730394312582 ], [ -77.54142205816585, 3.224597141752354 ], [ -77.541525522312398, 3.224506610972172 ], [ -77.54141485677485, 3.224465334172351 ], [ -77.54075614849323, 3.224768997593986 ], [ -77.540787481272488, 3.224674359863868 ], [ -77.540829019736734, 3.224590762828694 ], [ -77.54075001338154, 3.224610903345319 ], [ -77.540749043896639, 3.224324304832544 ], [ -77.541270829389646, 3.224035920435536 ], [ -77.541468917235306, 3.223997885603834 ], [ -77.542030714189181, 3.223890014081671 ], [ -77.543505064741481, 3.224219339140673 ], [ -77.54428974824576, 3.224554173555287 ], [ -77.545259005381155, 3.224740569675054 ], [ -77.546391629041082, 3.225029280011576 ], [ -77.547413211779642, 3.225406818944416 ], [ -77.548323751866761, 3.225895401820379 ], [ -77.548590251208225, 3.226414520699787 ], [ -77.548723500335086, 3.226980834647198 ], [ -77.548873406451094, 3.227697050909344 ], [ -77.549056625557256, 3.228429925030499 ], [ -77.549273156405278, 3.229146141791839 ], [ -77.549606280729208, 3.229779080882546 ], [ -77.549772843437353, 3.23046198388223 ], [ -77.549756186127482, 3.231144888854194 ], [ -77.549556312317108, 3.232177577543236 ], [ -77.549273156728788, 3.232960418361619 ], [ -77.548823438711437, 3.233876510973944 ], [ -77.548323751772301, 3.234676008678578 ], [ -77.54750759689459, 3.235525477982156 ], [ -77.54680803432872, 3.236225041703726 ], [ -77.54607516050666, 3.236957914866632 ], [ -77.54530897439308, 3.237724099408961 ], [ -77.544259632113864, 3.23880675387653 ], [ -77.543476789696314, 3.239706190004739 ], [ -77.542877165895661, 3.240638939427956 ], [ -77.541794510523786, 3.242138001275081 ], [ -77.540478668115895, 3.243970187399644 ], [ -77.539162826648436, 3.245885650184346 ], [ -77.537980234905305, 3.247651211023019 ], [ -77.536997517116333, 3.249200239329839 ], [ -77.535764956102469, 3.250965800554803 ], [ -77.534499083639318, 3.252947891678772 ], [ -77.533466397215435, 3.254330358016708 ], [ -77.532533648851427, 3.255779448791093 ], [ -77.530934650623706, 3.258111320976177 ], [ -77.529435590319466, 3.260193350147629 ], [ -77.528669403208468, 3.261425910952386 ], [ -77.527869904913089, 3.262441939380428 ], [ -77.526903843240561, 3.263574564396952 ], [ -77.525421439650202, 3.265206873706902 ], [ -77.524072285783859, 3.266789216409269 ], [ -77.522489943334591, 3.268704682569828 ], [ -77.520957570768275, 3.270503555193099 ], [ -77.51974166666794, 3.272102550856995 ], [ -77.518659011412183, 3.273551644280162 ], [ -77.517243232420128, 3.275267235387888 ], [ -77.515694203907984, 3.27721601338846 ], [ -77.514395017886059, 3.278765044864507 ], [ -77.512929269565291, 3.280647197194033 ], [ -77.510997147377765, 3.282945755997953 ], [ -77.509697961929646, 3.284611379958175 ], [ -77.508382119517989, 3.286443562150632 ], [ -77.506516622128899, 3.288908686730774 ], [ -77.505663442437339, 3.289980629741978 ], [ -77.504484562825283, 3.291940119016792 ], [ -77.503135408380174, 3.293888894557083 ], [ -77.502136034232549, 3.295188081397757 ], [ -77.501369848361094, 3.296403987590241 ], [ -77.500620318514152, 3.297819765321552 ], [ -77.49948769445804, 3.299535359036347 ], [ -77.498171852279242, 3.301350887938205 ], [ -77.49718913597296, 3.302616757663453 ], [ -77.496223074259206, 3.304015880840604 ], [ -77.495490200738985, 3.304931974050064 ], [ -77.494374233557949, 3.30619784862472 ], [ -77.492925141115052, 3.307213876998759 ], [ -77.491542674899833, 3.308080000554579 ], [ -77.490509988451464, 3.308396468667663 ], [ -77.489743801745348, 3.308463094239611 ], [ -77.489310740547722, 3.308346501628739 ], [ -77.488627834341372, 3.308013376721725 ], [ -77.487978241406822, 3.307430408902431 ], [ -77.487498450654826, 3.306691269436845 ], [ -77.487005462486849, 3.30702188340285 ], [ -77.486123523240323, 3.307397321731568 ], [ -77.485479027702439, 3.307670374345825 ], [ -77.484834522269793, 3.307909316815936 ], [ -77.484461452295037, 3.308216352248072 ], [ -77.484065217961145, 3.308565089828322 ], [ -77.483930778923209, 3.308846189102356 ], [ -77.483947435449622, 3.30917931390542 ], [ -77.484097341551191, 3.30944581070473 ], [ -77.48429721577817, 3.309878873276829 ], [ -77.484347184384717, 3.310561779667037 ], [ -77.484297215727395, 3.311327967815877 ], [ -77.48408068490383, 3.311960902427833 ], [ -77.483697591727548, 3.312527212657152 ], [ -77.483081311836784, 3.313260086814195 ], [ -77.482614936457836, 3.313992961155577 ], [ -77.482181875521661, 3.31472583512517 ], [ -77.481882062629893, 3.315458709015558 ], [ -77.48154893826306, 3.316441425759516 ], [ -77.481504219502867, 3.317052590413182 ], [ -77.481498969821956, 3.317124332436685 ], [ -77.481515625256137, 3.317940486998122 ], [ -77.481548938961595, 3.318556768356738 ], [ -77.481515625903143, 3.319339609687597 ], [ -77.481382376916031, 3.320538859199684 ], [ -77.48093265832847, 3.321488262950867 ], [ -77.480708199417876, 3.321930166667094 ], [ -77.480399658511544, 3.322537608160775 ], [ -77.479899972360656, 3.323103918826753 ], [ -77.479500222384985, 3.323120572724859 ], [ -77.479233722126963, 3.323020637756988 ], [ -77.478784004813917, 3.323003980004194 ], [ -77.478669731570989, 3.323003979935722 ], [ -77.477879073456791, 3.323383741273404 ], [ -77.476405240697574, 3.324071300928932 ], [ -77.475969102586987, 3.324334627311303 ], [ -77.474736541266054, 3.325067504372829 ], [ -77.473869473332314, 3.325641475634688 ], [ -77.473553949375614, 3.325850344237952 ], [ -77.472154826455892, 3.326733123562851 ], [ -77.469939548735866, 3.328048965751664 ], [ -77.468903986565664, 3.328723829879554 ], [ -77.466093106245637, 3.330436029247933 ], [ -77.464726149771408, 3.331430179815001 ], [ -77.463010558849433, 3.332746022250224 ], [ -77.461894590168043, 3.333645460796276 ], [ -77.460845248400815, 3.334578206585313 ], [ -77.459629344142499, 3.335694175864224 ], [ -77.457530659868311, 3.337642953041399 ], [ -77.45564850540832, 3.339525106397717 ], [ -77.454166101164958, 3.341007509846226 ], [ -77.452617072405559, 3.342439946697185 ], [ -77.450784887450936, 3.344105570784254 ], [ -77.449419077779879, 3.345388097978302 ], [ -77.44865289036052, 3.346320848100397 ], [ -77.447070549895955, 3.348252969041667 ], [ -77.445454895729767, 3.349885281956405 ], [ -77.444372240287393, 3.35110118464757 ], [ -77.443256273772249, 3.352183840355086 ], [ -77.441707244797485, 3.353916088427558 ], [ -77.440074933295335, 3.355615020852311 ], [ -77.439158841703787, 3.356780957913061 ], [ -77.437576499401345, 3.358429924223703 ], [ -77.43596084513041, 3.360395358438178 ], [ -77.434711628652323, 3.361811137880373 ], [ -77.433673390222353, 3.362896567756901 ], [ -77.432984933593048, 3.363740484039532 ], [ -77.432118809818945, 3.364717648896601 ], [ -77.431186060598378, 3.365628189336867 ], [ -77.430475395376305, 3.366072356856364 ], [ -77.42960927116367, 3.366627563313405 ], [ -77.428609897373036, 3.367271604165738 ], [ -77.427388441922488, 3.368004477940298 ], [ -77.426033734172208, 3.368626312242169 ], [ -77.424656820948854, 3.369070476102662 ], [ -77.423568613707701, 3.369292560905682 ], [ -77.422724697617099, 3.369381395347937 ], [ -77.422147281404037, 3.369381394624066 ], [ -77.42117011644855, 3.369092684244101 ], [ -77.42032620157741, 3.368781769155587 ], [ -77.419759889767576, 3.368407004343242 ], [ -77.419376796505702, 3.367990598211654 ], [ -77.419110296637854, 3.367457598262223 ], [ -77.41897704683106, 3.366857976112441 ], [ -77.419110296406402, 3.366341631972479 ], [ -77.419310171554059, 3.365875258917165 ], [ -77.419576670274751, 3.365592101182796 ], [ -77.41990979549692, 3.365392226390587 ], [ -77.420259576636923, 3.365392225716079 ], [ -77.420492763831376, 3.365525477336275 ], [ -77.420792575151637, 3.365808631625147 ], [ -77.420959137539825, 3.365775320605426 ], [ -77.420987074879719, 3.365765408762017 ], [ -77.420875856780725, 3.365375571628368 ], [ -77.420276232242728, 3.363610010024698 ], [ -77.420093013867159, 3.361844453144229 ], [ -77.420093013268271, 3.361278137772028 ], [ -77.420043045585672, 3.360978326105184 ], [ -77.419676608203616, 3.360561919947692 ], [ -77.41926020248907, 3.360228795940081 ], [ -77.419010359280833, 3.359812390361814 ], [ -77.418927350849813, 3.35957613367413 ], [ -77.4182608282415, 3.358413266608289 ], [ -77.416895018516556, 3.356397865957648 ], [ -77.416165428491439, 3.355534268392471 ], [ -77.416078863970554, 3.355431802542161 ], [ -77.415745738389958, 3.354832178022728 ], [ -77.415362645157444, 3.354582337924372 ], [ -77.414796333788416, 3.354549022734579 ], [ -77.414263334518793, 3.354715585181152 ], [ -77.413663711032456, 3.355115334145648 ], [ -77.413213993020477, 3.355615020821181 ], [ -77.412880867943059, 3.356081395049088 ], [ -77.412897523577527, 3.35648114764474 ], [ -77.413363898376858, 3.357330612157493 ], [ -77.413830272624963, 3.358313329620231 ], [ -77.414013491189849, 3.358813017379563 ], [ -77.414096772987378, 3.35924607908735 ], [ -77.413980178336985, 3.35996229625478 ], [ -77.413863585516822, 3.36066185932225 ], [ -77.41359708550182, 3.361361418619962 ], [ -77.413213992700278, 3.36202766768416 ], [ -77.41286421186949, 3.362627292831503 ], [ -77.412364524521053, 3.363077013006426 ], [ -77.411614994647039, 3.364059730030202 ], [ -77.410748870282617, 3.365075758029978 ], [ -77.409932715824226, 3.36634163226305 ], [ -77.409133216872362, 3.367774068828039 ], [ -77.408766779864493, 3.368623533611132 ], [ -77.40863352972957, 3.369223158688541 ], [ -77.408516936263922, 3.369539627228446 ], [ -77.408183811665452, 3.369722845850311 ], [ -77.407667468565165, 3.369989347155312 ], [ -77.407384312665002, 3.370305813920977 ], [ -77.406951251528596, 3.370905440370735 ], [ -77.406651438878271, 3.371505061403535 ], [ -77.406318314814342, 3.372271248375782 ], [ -77.406751376986463, 3.373137373661955 ], [ -77.40700121966492, 3.373403871266265 ], [ -77.407267719694843, 3.373270622128727 ], [ -77.407500906164316, 3.373170683933084 ], [ -77.407516875339496, 3.373145135883867 ], [ -77.40766746845253, 3.372904183810259 ], [ -77.40771743732941, 3.372704311305052 ], [ -77.40781737444135, 3.372571059842993 ], [ -77.407983937822237, 3.372571059637215 ], [ -77.408100530341969, 3.372670997138244 ], [ -77.408267092145934, 3.373070747212691 ], [ -77.408282726919779, 3.373129672081536 ], [ -77.408483623208667, 3.373886902199508 ], [ -77.408500280531811, 3.374436559154007 ], [ -77.408350374838577, 3.375419276050756 ], [ -77.408150499362804, 3.376352023428657 ], [ -77.407867343184265, 3.377451333785979 ], [ -77.407784062380685, 3.37805095940479 ], [ -77.407684125001552, 3.378700551402047 ], [ -77.40750090690463, 3.379250207379558 ], [ -77.407251063579849, 3.379933111919114 ], [ -77.406951251588964, 3.381248953561354 ], [ -77.406751376443907, 3.382514829110131 ], [ -77.406701407163837, 3.38313110807786 ], [ -77.406679773798075, 3.383343126242898 ], [ -77.406434907799962, 3.383897294286741 ], [ -77.40601850225427, 3.384630167952536 ], [ -77.405219003646124, 3.385662857342781 ], [ -77.404502785872054, 3.38657894596087 ], [ -77.403986442265705, 3.387178571140557 ], [ -77.403270224668077, 3.387994725582319 ], [ -77.402845738734712, 3.388549823024527 ], [ -77.401871101491722, 3.390076754188312 ], [ -77.40082175992508, 3.39174237800962 ], [ -77.399988948735356, 3.392641813868356 ], [ -77.398789700026185, 3.393757779559835 ], [ -77.398073482589538, 3.394607247756056 ], [ -77.3972240147923, 3.395440058655234 ], [ -77.396108047241668, 3.396289528763525 ], [ -77.394658955403926, 3.397338869016308 ], [ -77.39350967672874, 3.398055086687064 ], [ -77.392510303004826, 3.398737991798413 ], [ -77.392256399342273, 3.399000962964233 ], [ -77.391945096224475, 3.399351994614285 ], [ -77.391444303969919, 3.399853959229759 ], [ -77.390611492915255, 3.400653460262304 ], [ -77.389895274726541, 3.401502929163458 ], [ -77.38952883757085, 3.401952643790988 ], [ -77.389221623640083, 3.402505076718606 ], [ -77.388688623625555, 3.403593284094766 ], [ -77.387733666162504, 3.405236698987073 ], [ -77.386712084995636, 3.40688011280357 ], [ -77.385557253450386, 3.408878860897952 ], [ -77.384469046691024, 3.410722147272499 ], [ -77.38358071428712, 3.412321147125649 ], [ -77.382536924183412, 3.414075603828107 ], [ -77.381826258826351, 3.415541350686683 ], [ -77.380607974399126, 3.417651590965314 ], [ -77.380227260484645, 3.418206344910663 ], [ -77.379383345426334, 3.419760926215627 ], [ -77.378561637616059, 3.421226675942171 ], [ -77.377762139930667, 3.422803465694832 ], [ -77.377720242773549, 3.422913261780756 ], [ -77.377118098649333, 3.423994386306714 ], [ -77.37618534964524, 3.425576724882963 ], [ -77.374986101858326, 3.428258378433051 ], [ -77.374070009032295, 3.430207155801268 ], [ -77.373586978627742, 3.431572969323326 ], [ -77.372970697549448, 3.433421808181321 ], [ -77.372520979943701, 3.435104087764308 ], [ -77.371954667517201, 3.436703087675141 ], [ -77.371588230990781, 3.437935647963503 ], [ -77.370940911943208, 3.439468077959627 ], [ -77.368711928226787, 3.442994692670838 ], [ -77.367230162734302, 3.444696742624545 ], [ -77.366025051862962, 3.446274862782449 ], [ -77.364592615360365, 3.447973800242114 ], [ -77.363293430959132, 3.449139736019691 ], [ -77.362510587217528, 3.449639422769183 ], [ -77.362160806489243, 3.449706047123767 ], [ -77.361910963190198, 3.449589451791109 ], [ -77.361744400637434, 3.449289641334481 ], [ -77.361627807361984, 3.448673359719186 ], [ -77.361761057382594, 3.447823894167356 ], [ -77.361994244806723, 3.446857831422179 ], [ -77.36207752527757, 3.446241551858049 ], [ -77.362310712266179, 3.445841802710332 ], [ -77.362374585415111, 3.445759678743392 ], [ -77.362627181991044, 3.445175554073704 ], [ -77.362660493821622, 3.444709177664592 ], [ -77.362660493421927, 3.444142866037073 ], [ -77.362660493658908, 3.443726459575005 ], [ -77.362710462187493, 3.443343367607996 ], [ -77.36272711893632, 3.442960275650988 ], [ -77.362893680862442, 3.442593836646185 ], [ -77.363026930322192, 3.442177430554013 ], [ -77.363043586848747, 3.441894274905512 ], [ -77.363010274438537, 3.441444557717293 ], [ -77.362943649189702, 3.440595090384031 ], [ -77.362960305836751, 3.439862215778299 ], [ -77.362960305210436, 3.439395843204136 ], [ -77.362793743620202, 3.438979436763162 ], [ -77.362560556599433, 3.438546374209469 ], [ -77.362277401018531, 3.438096658200086 ], [ -77.362060869782624, 3.437663595092018 ], [ -77.361994244796747, 3.437280503952973 ], [ -77.362010900837205, 3.436630908418772 ], [ -77.362044213850908, 3.435964662159324 ], [ -77.362044213803472, 3.435248441107615 ], [ -77.362010900671393, 3.434848692007506 ], [ -77.361927619708808, 3.434515566697203 ], [ -77.36176105798944, 3.434182441966966 ], [ -77.361594494535623, 3.43368275621649 ], [ -77.361527871009841, 3.433349630798258 ], [ -77.361577838584594, 3.432916569002549 ], [ -77.361910963935031, 3.432250322895471 ], [ -77.361934533345675, 3.432196894923287 ], [ -77.362010900993837, 3.431933852112826 ], [ -77.362060869878249, 3.431617384170233 ], [ -77.362077525926608, 3.431267603003385 ], [ -77.362060869892801, 3.430867853122606 ], [ -77.362077525619469, 3.430601357308823 ], [ -77.36227740055628, 3.430301542267088 ], [ -77.362660493758341, 3.430051697915949 ], [ -77.363076899902964, 3.429735229875627 ], [ -77.363476648168529, 3.429418762607176 ], [ -77.363759804850289, 3.429068980742981 ], [ -77.363859741626783, 3.428719200150915 ], [ -77.363893054366258, 3.42840273187192 ], [ -77.363893054755238, 3.428069606660771 ], [ -77.363893054295431, 3.427803111187363 ], [ -77.363809773525261, 3.427436670753308 ], [ -77.363859741730664, 3.427136860971725 ], [ -77.363992991530409, 3.426803736772671 ], [ -77.36420952249405, 3.426403988360669 ], [ -77.36452599045009, 3.425970925207052 ], [ -77.364942396816005, 3.425671111148841 ], [ -77.365442083850937, 3.425404614290836 ], [ -77.365660871189078, 3.425354120881261 ], [ -77.36583157295405, 3.425250392076875 ], [ -77.365962590305202, 3.425119375052687 ], [ -77.365962590819422, 3.424994453550434 ], [ -77.365862653912217, 3.424832052609012 ], [ -77.365700254994366, 3.424732117547343 ], [ -77.365561913323901, 3.424694354715312 ], [ -77.364788326935667, 3.424869531578778 ], [ -77.364581302968304, 3.424927041399782 ], [ -77.364401069208441, 3.424944482943527 ], [ -77.363997378829367, 3.424966303559642 ], [ -77.363938858280477, 3.424969466702808 ], [ -77.363869127728634, 3.424969466716407 ], [ -77.363738984492244, 3.424969467356209 ], [ -77.36365153867159, 3.424857039674653 ], [ -77.363598765555892, 3.424593169189488 ], [ -77.363589078894378, 3.424544732744776 ], [ -77.363651538932345, 3.424269905821904 ], [ -77.363788952262709, 3.42397009636396 ], [ -77.363838921803676, 3.423695266288387 ], [ -77.363901382378543, 3.423482900880006 ], [ -77.363951351356391, 3.423245549139017 ], [ -77.364026304415148, 3.423045673186232 ], [ -77.364076272305411, 3.422758352604314 ], [ -77.364076272436549, 3.422233683140357 ], [ -77.364076272766525, 3.421896393240402 ], [ -77.364054651988155, 3.421723425311257 ], [ -77.364013811714443, 3.421609073881184 ], [ -77.36387869936938, 3.421541520305144 ], [ -77.363838921245588, 3.421521627623899 ], [ -77.363551601691455, 3.421521627769148 ], [ -77.363251789703085, 3.421534119706435 ], [ -77.363051914885332, 3.421621565689151 ], [ -77.363001946775583, 3.421783963638591 ], [ -77.362889516728103, 3.422196208128247 ], [ -77.362939485554321, 3.422271158061025 ], [ -77.362976961959163, 3.422321129682594 ], [ -77.363176836661651, 3.42242106421521 ], [ -77.363276773596866, 3.42258346544352 ], [ -77.363401695217064, 3.422920751408504 ], [ -77.363514125397074, 3.423220564714553 ], [ -77.36352661801763, 3.423432929893528 ], [ -77.363526617739851, 3.423845173901364 ], [ -77.363511716611654, 3.424128278566313 ], [ -77.363501632405232, 3.42431987372695 ], [ -77.363495181862902, 3.424367183851766 ], [ -77.363464156238081, 3.424594705379241 ], [ -77.36341418763341, 3.424857039552577 ], [ -77.363401696008324, 3.425081897042447 ], [ -77.363339234732123, 3.425294263594645 ], [ -77.363126867459087, 3.4256440455667 ], [ -77.362777087553525, 3.425943855687819 ], [ -77.362627181365141, 3.426081270273977 ], [ -77.362501787889173, 3.426178165824572 ], [ -77.362352353203946, 3.426293638175692 ], [ -77.362189956023684, 3.426293637706333 ], [ -77.362102509458438, 3.42624366771997 ], [ -77.362065033691024, 3.426093761731182 ], [ -77.362152478176981, 3.425868906127252 ], [ -77.3621619697049, 3.425811956554002 ], [ -77.362602196492645, 3.42524429676988 ], [ -77.362802071470526, 3.424569718061726 ], [ -77.362839547471523, 3.424070030710151 ], [ -77.362852040456701, 3.423682773631627 ], [ -77.362852040474593, 3.423320503657031 ], [ -77.362852040223061, 3.423070656912272 ], [ -77.362727118249225, 3.422870783365144 ], [ -77.362630049186478, 3.422795284669195 ], [ -77.362502259174391, 3.422695894577327 ], [ -77.362339861650497, 3.422383587643682 ], [ -77.362352353472915, 3.422183713046044 ], [ -77.362414814277912, 3.421733995730832 ], [ -77.362441227656745, 3.421031104076813 ], [ -77.362552227978043, 3.420859543262228 ], [ -77.362714626710257, 3.420747114364611 ], [ -77.362976961523856, 3.420659668072203 ], [ -77.363314250302679, 3.420584716044911 ], [ -77.363576585805859, 3.420534749799196 ], [ -77.363801444749782, 3.420309889126871 ], [ -77.363813937759133, 3.420172476306755 ], [ -77.363813937480629, 3.419985091257837 ], [ -77.36375147647108, 3.419735248088822 ], [ -77.363514125686891, 3.419310515296817 ], [ -77.363336038732939, 3.419049321020911 ], [ -77.363139359840972, 3.418760861369541 ], [ -77.362914500670271, 3.418211202790312 ], [ -77.362702134428417, 3.417661548994231 ], [ -77.36256472054589, 3.417186844709869 ], [ -77.362470824231295, 3.416936457687801 ], [ -77.362139986403207, 3.416399838613487 ], [ -77.361865158484335, 3.416199964359929 ], [ -77.361677776976705, 3.415975107089633 ], [ -77.361477901842022, 3.415562863328924 ], [ -77.36129051825138, 3.415063176141325 ], [ -77.361215565744033, 3.414788347620514 ], [ -77.361178089384524, 3.414513521236536 ], [ -77.361178089345842, 3.414312254160602 ], [ -77.356453662785199, 3.410971861161895 ], [ -77.356263156726257, 3.41083716774275 ], [ -77.35590475448447, 3.410553724868279 ], [ -77.355669043062136, 3.410341136388163 ], [ -77.355269292959846, 3.410503533799574 ], [ -77.354757113853168, 3.410940760680265 ], [ -77.35431988776962, 3.411365494194718 ], [ -77.353845185642498, 3.411940135053035 ], [ -77.353520389559719, 3.412589728135331 ], [ -77.353208084915835, 3.413051940235281 ], [ -77.35289578022504, 3.413701532273006 ], [ -77.3525584917939, 3.41413875620751 ], [ -77.35233363299551, 3.414251186410899 ], [ -77.352046312945376, 3.41440109121843 ], [ -77.35174650020366, 3.41470090258347 ], [ -77.351509149389244, 3.415213084574008 ], [ -77.35115936891583, 3.415675293077251 ], [ -77.350497283783596, 3.416349872560461 ], [ -77.349785230322709, 3.417024447593543 ], [ -77.349173113679697, 3.417424196979357 ], [ -77.348486044774731, 3.417911392335266 ], [ -77.347724022340799, 3.418436062989636 ], [ -77.347111905274488, 3.418910766975983 ], [ -77.346324899215446, 3.419522884214568 ], [ -77.345812720351461, 3.419847677322172 ], [ -77.345288048313563, 3.419972599054454 ], [ -77.344951385034932, 3.419983822338106 ], [ -77.344913283305885, 3.419985090576378 ], [ -77.344588487371823, 3.419972598947772 ], [ -77.344301167664014, 3.419810201837482 ], [ -77.344201231028947, 3.41962281759417 ], [ -77.344176245323453, 3.419372974637767 ], [ -77.34417624590975, 3.419210576578823 ], [ -77.344150670440428, 3.419133852888973 ], [ -77.344126277510497, 3.419060672290425 ], [ -77.343963878926104, 3.418998210419114 ], [ -77.34377649642218, 3.418998209759949 ], [ -77.343414223774175, 3.419048180404049 ], [ -77.343051950634162, 3.41923556094731 ], [ -77.342849649823066, 3.419375080371391 ], [ -77.342714661595707, 3.419510389361675 ], [ -77.342572282945042, 3.419768534814378 ], [ -77.342477311039744, 3.419997582966714 ], [ -77.342464818782432, 3.420409827701212 ], [ -77.342327404228413, 3.420734621220216 ], [ -77.342227467878601, 3.420922007315341 ], [ -77.342052577074313, 3.421109387304325 ], [ -77.341577874294927, 3.421446677366153 ], [ -77.341015726391106, 3.421696520650784 ], [ -77.340926338831864, 3.421734062309797 ], [ -77.340495971411684, 3.421849426554414 ], [ -77.334195795526085, 3.425083701136916 ], [ -77.334165113340646, 3.425101830670653 ], [ -77.333120675682608, 3.425718997029076 ], [ -77.332770894697077, 3.426181207589179 ], [ -77.332458591028725, 3.426580957197729 ], [ -77.332283700020938, 3.427005693963364 ], [ -77.332296192341317, 3.427355472096128 ], [ -77.332383638057408, 3.427580331228068 ], [ -77.332608496581926, 3.42775522098799 ], [ -77.333020737532351, 3.428067525715751 ], [ -77.33332055034127, 3.428329861069364 ], [ -77.333545409363637, 3.428679642546336 ], [ -77.333807744527022, 3.429191822082426 ], [ -77.333970142324333, 3.429791447832392 ], [ -77.334157525265326, 3.430366085438548 ], [ -77.334457337330946, 3.431003184833639 ], [ -77.334757149304266, 3.431577827962865 ], [ -77.33520686740485, 3.432239912410505 ], [ -77.335731538624131, 3.432839534028345 ], [ -77.336343656081567, 3.433426665933791 ], [ -77.337218107365246, 3.434251152442758 ], [ -77.337492935063253, 3.434650900216053 ], [ -77.337817731781755, 3.435125601421358 ], [ -77.337905176695656, 3.435512861382383 ], [ -77.337917668617706, 3.435887626956863 ], [ -77.337905176586659, 3.436262392059208 ], [ -77.337855207635087, 3.436624662267047 ], [ -77.33784271538326, 3.437161827705567 ], [ -77.337730286887549, 3.437986308062349 ], [ -77.337667825800693, 3.438248643721212 ], [ -77.337492934889809, 3.438510979009577 ], [ -77.337442966666543, 3.438910729110242 ], [ -77.337430474976614, 3.439297985567426 ], [ -77.33743047477418, 3.439572815662484 ], [ -77.337555395925293, 3.439860134980558 ], [ -77.337580380212344, 3.440159945730704 ], [ -77.337580380430111, 3.440534710762853 ], [ -77.33748044289058, 3.440959447912883 ], [ -77.337318044228951, 3.441609039803834 ], [ -77.337130661248423, 3.442146201907567 ], [ -77.337019539712102, 3.442329793686989 ], [ -77.337030724801522, 3.443045638023228 ], [ -77.337155646325201, 3.443845135933102 ], [ -77.337155646708339, 3.444444760662096 ], [ -77.337155646901209, 3.445081861370079 ], [ -77.337080693200917, 3.445806408254688 ], [ -77.336943279773337, 3.44629360380743 ], [ -77.336818357809619, 3.446780796428798 ], [ -77.336718420746493, 3.447193040017738 ], [ -77.336718420368911, 3.447842632179485 ], [ -77.3367683894365, 3.448217396895429 ], [ -77.336930787823334, 3.448567175653937 ], [ -77.337049413500267, 3.448745115195379 ], [ -77.337169034906239, 3.448846639749467 ], [ -77.337600494207933, 3.449076025769442 ], [ -77.338005113841831, 3.449254246199177 ], [ -77.338578903008894, 3.449310460747807 ], [ -77.339055199499768, 3.449332089226061 ], [ -77.340241212999914, 3.449666486603811 ], [ -77.340834429575551, 3.449959535394855 ], [ -77.343393289221055, 3.451664370245665 ], [ -77.344122569026041, 3.452150247791119 ], [ -77.344814101659196, 3.452538543712954 ], [ -77.345003412868948, 3.452614578246219 ], [ -77.345550384597487, 3.452739560714944 ], [ -77.346162903282831, 3.452962469377519 ], [ -77.346572903854167, 3.453130462161984 ], [ -77.346862062376402, 3.453464107291956 ], [ -77.3471743662368, 3.454101208144019 ], [ -77.347449194982531, 3.454875722172868 ], [ -77.347761498735537, 3.455537807179952 ], [ -77.347998849887048, 3.455962542180735 ], [ -77.348198724967432, 3.456224878182998 ], [ -77.348436075571428, 3.456399766566407 ], [ -77.348660934667208, 3.456512195565489 ], [ -77.349060684991372, 3.456574659990134 ], [ -77.349348004442874, 3.456624626177729 ], [ -77.349572863985443, 3.456674594914727 ], [ -77.349722769601939, 3.456849485733454 ], [ -77.349772738526099, 3.457036867723625 ], [ -77.349885167820176, 3.457286711269187 ], [ -77.349997597644418, 3.457399140633024 ], [ -77.350222456396068, 3.457499078754773 ], [ -77.350534760503621, 3.457486587422455 ], [ -77.350647189710116, 3.457411632828223 ], [ -77.350884541688089, 3.457399141357758 ], [ -77.35115936864959, 3.457399141160838 ], [ -77.351384227217736, 3.45752406236354 ], [ -77.351459180298136, 3.45767396792572 ], [ -77.351459180212572, 3.457836366163512 ], [ -77.351446688493397, 3.458173655157189 ], [ -77.351446688251855, 3.458398513981253 ], [ -77.351471673600088, 3.458585899595778 ], [ -77.351684040232556, 3.458773279851892 ], [ -77.351921391622852, 3.458948170243405 ], [ -77.352183726756223, 3.458998139644774 ], [ -77.35247104623096, 3.458985647753757 ], [ -77.352695905205238, 3.459023123094165 ], [ -77.352970734051382, 3.459073091392167 ], [ -77.353295529523805, 3.459123061772448 ], [ -77.353582849590794, 3.459198013353934 ], [ -77.353782724423411, 3.459347918998791 ], [ -77.354032568678718, 3.459622749185363 ], [ -77.354344872527179, 3.460034989160199 ], [ -77.354607207717834, 3.460334800427327 ], [ -77.354794591041866, 3.460509693201598 ], [ -77.355206831647848, 3.460609628406613 ], [ -77.355506644546722, 3.460622120238333 ], [ -77.355806456489276, 3.460597136016333 ], [ -77.356043807831938, 3.460572151543002 ], [ -77.356580970940598, 3.460584643669661 ], [ -77.356968227853272, 3.460672089709 ], [ -77.357330500530168, 3.460834487219744 ], [ -77.357992585795685, 3.461146794216857 ], [ -77.35866716357107, 3.461521559257968 ], [ -77.359129373374742, 3.461871336779608 ], [ -77.359391708936641, 3.46220862623908 ], [ -77.359579091849199, 3.462670838179399 ], [ -77.360016317384137, 3.463232984287543 ], [ -77.360466035192275, 3.463495319193683 ], [ -77.360717605859264, 3.46339930523196 ], [ -77.360893510524861, 3.4634150263311 ], [ -77.36124159841313, 3.463718954327177 ], [ -77.36210002085771, 3.46448038477408 ], [ -77.363241887401145, 3.464715285990657 ], [ -77.364480501337965, 3.465427605215673 ], [ -77.365768632736561, 3.466713049767703 ], [ -77.365924477329386, 3.466912959873997 ], [ -77.366074968265906, 3.467045745390727 ], [ -77.366570042756379, 3.467432523929979 ], [ -77.367173414472347, 3.467974008621561 ], [ -77.367714901653102, 3.468592853557034 ], [ -77.368318273566771, 3.469180753273644 ], [ -77.368689579209928, 3.469567530051378 ], [ -77.369246538595178, 3.470139959925651 ], [ -77.369772554211977, 3.470758804613873 ], [ -77.370159331981654, 3.471377645856776 ], [ -77.370577050399334, 3.47190366191752 ], [ -77.370886471473867, 3.472383266422575 ], [ -77.371025711409274, 3.472971168710743 ], [ -77.371010240253796, 3.473590010430344 ], [ -77.37088647159149, 3.474286209874277 ], [ -77.370747232566188, 3.475059762027072 ], [ -77.370530637561728, 3.475725016650979 ], [ -77.370447692923904, 3.475953945999322 ], [ -77.370418690706572, 3.476181560231527 ], [ -77.370221215847749, 3.476684222985988 ], [ -77.369927265305364, 3.47753513302302 ], [ -77.369740073759743, 3.478106560615181 ], [ -77.369642059413152, 3.478344165279571 ], [ -77.369518434027995, 3.478643862879582 ], [ -77.36936622861316, 3.479139358002488 ], [ -77.369076356997681, 3.47979391130113 ], [ -77.368503926559626, 3.480845940700909 ], [ -77.368086208035933, 3.481650437410441 ], [ -77.367591133855157, 3.48242399184731 ], [ -77.367018703375166, 3.483243958022369 ], [ -77.366782961933495, 3.483629717131853 ], [ -77.36621026184956, 3.484388551290119 ], [ -77.365308656442096, 3.485480902889018 ], [ -77.36474445676447, 3.486028751139205 ], [ -77.363676952617979, 3.487127197244182 ], [ -77.362454737250729, 3.488457709061803 ], [ -77.361217051296222, 3.489927463901784 ], [ -77.360753008026705, 3.49040732439904 ], [ -77.358820334358484, 3.492201975067703 ], [ -77.358366600861345, 3.492608813006695 ], [ -77.357736060488236, 3.493307890146906 ], [ -77.356766539511909, 3.494133014215009 ], [ -77.355838275822819, 3.4952056768488 ], [ -77.355013151922151, 3.496154568230226 ], [ -77.354291168208917, 3.496835295036411 ], [ -77.353445417013745, 3.497454139801982 ], [ -77.352867829777963, 3.497846073094988 ], [ -77.351857053985128, 3.498568056819017 ], [ -77.350675193933739, 3.499289190927501 ], [ -77.350616235676696, 3.499336202316005 ], [ -77.349727278863767, 3.500031099752649 ], [ -77.34957650007118, 3.500151328961539 ], [ -77.348815958444291, 3.501152014578461 ], [ -77.348222369349969, 3.501933026993765 ], [ -77.347209977482763, 3.503265101701207 ], [ -77.34441585768819, 3.506475949591808 ], [ -77.343394293558433, 3.507485594334751 ], [ -77.342378325746182, 3.508489724850248 ], [ -77.340165587030882, 3.510997674001389 ], [ -77.337650257933532, 3.513612941659551 ], [ -77.336825156338023, 3.514470823738077 ], [ -77.333420280818544, 3.517209401099412 ], [ -77.331786424239169, 3.520358128046813 ], [ -77.330289229806269, 3.525149392288097 ], [ -77.330191922770297, 3.526101056573757 ], [ -77.33027520408838, 3.526850588022531 ], [ -77.330525046627429, 3.527350274630154 ], [ -77.330991420253568, 3.52818308267326 ], [ -77.331191295213799, 3.528782706948364 ], [ -77.331157983343374, 3.529165803733568 ], [ -77.331058045593281, 3.529715457064851 ], [ -77.330691608585369, 3.530664860779924 ], [ -77.330042016929156, 3.531530985956324 ], [ -77.329392423519792, 3.532197235657784 ], [ -77.328492986699672, 3.533229920410773 ], [ -77.327726801026046, 3.533979449641304 ], [ -77.327248418496723, 3.534423662258417 ], [ -77.326137037068349, 3.535257198582173 ], [ -77.323859933933662, 3.537940925369751 ], [ -77.322070786898138, 3.54046200394988 ], [ -77.319793682843127, 3.543227053111876 ], [ -77.31727260590651, 3.546561376335613 ], [ -77.314019608290849, 3.55030232796867 ], [ -77.310929260406553, 3.554531230312105 ], [ -77.310137825357671, 3.555599233289301 ], [ -77.308638764842669, 3.55758132525734 ], [ -77.307639391490568, 3.558997104955822 ], [ -77.306640017583874, 3.560696037568297 ], [ -77.305424112503175, 3.562711443709088 ], [ -77.304375860577395, 3.56444895922914 ], [ -77.303938908962067, 3.564948329385893 ], [ -77.303158866826593, 3.566175939063283 ], [ -77.30185968107331, 3.568058091842478 ], [ -77.300393932445147, 3.569990211627478 ], [ -77.298878215271571, 3.571505930155557 ], [ -77.297362499839991, 3.572888395574019 ], [ -77.29508059665207, 3.574903800910402 ], [ -77.293498254950279, 3.576169671769882 ], [ -77.29234897440584, 3.576702672654821 ], [ -77.290816602245371, 3.576985831235505 ], [ -77.290067071633018, 3.577002483547677 ], [ -77.289350854297467, 3.576852578122743 ], [ -77.28895110475824, 3.576719330371914 ], [ -77.288767887027632, 3.576519452600762 ], [ -77.288751230001679, 3.576286266566986 ], [ -77.288834511647948, 3.57606973805596 ], [ -77.289184291949127, 3.575869861342847 ], [ -77.289817229094737, 3.575520079969168 ], [ -77.290566758541829, 3.575253579843948 ], [ -77.291049789813556, 3.57495376763293 ], [ -77.291282976606226, 3.574487395148715 ], [ -77.291299632515091, 3.574021018976977 ], [ -77.29118261751772, 3.573591964011514 ], [ -77.291149726248463, 3.573471363597754 ], [ -77.290967094617542, 3.573022669155823 ], [ -77.29096650829031, 3.57277180541753 ], [ -77.290999820747061, 3.572538615400643 ], [ -77.290849914608373, 3.572022274333492 ], [ -77.290416852992351, 3.571206119116614 ], [ -77.29036771958279, 3.5711242299913 ], [ -77.290110048247982, 3.570308276427202 ], [ -77.289215479757431, 3.569413708815917 ], [ -77.287670304991053, 3.569169734892451 ], [ -77.287470726981468, 3.569228145651863 ], [ -77.28515404360833, 3.569906193226884 ], [ -77.284335973822806, 3.570145626698977 ], [ -77.280944142847986, 3.571599273430652 ], [ -77.279781777056698, 3.572097433993039 ], [ -77.275878174706406, 3.573154659548882 ], [ -77.274211287421409, 3.573383444891939 ], [ -77.273259004422087, 3.573514154055253 ], [ -77.272777908244805, 3.573521332274129 ], [ -77.272194940656433, 3.573421397032249 ], [ -77.27189512896561, 3.573238177391329 ], [ -77.271395441277235, 3.572905052352388 ], [ -77.270862442296462, 3.572838428713559 ], [ -77.270146224426838, 3.573038302087586 ], [ -77.26924678889641, 3.573438051218578 ], [ -77.268147477870073, 3.574021019316452 ], [ -77.266948229998548, 3.57467061465728 ], [ -77.266015480638899, 3.575236926357019 ], [ -77.265240668009, 3.575659551054647 ], [ -77.263191474927268, 3.576570306196014 ], [ -77.260265381122295, 3.577536409397465 ], [ -77.258370272581757, 3.577714075730618 ], [ -77.256534386783457, 3.577950965948376 ], [ -77.254580055286112, 3.578483963371383 ], [ -77.252744169322142, 3.579165020211178 ], [ -77.250760227849625, 3.580260629281852 ], [ -77.248657841622048, 3.581504295007258 ], [ -77.246615084587447, 3.58267514003561 ], [ -77.245055997859637, 3.583320286347182 ], [ -77.241884315795502, 3.584214862759915 ], [ -77.239932519364032, 3.58462148627124 ], [ -77.239629086249323, 3.584718582366803 ], [ -77.237899389756976, 3.585272078948985 ], [ -77.236679521756642, 3.585434728596004 ], [ -77.235947594064172, 3.58543472891852 ], [ -77.23570361998317, 3.58462148555675 ], [ -77.236118578093965, 3.583732286112635 ], [ -77.236272890502946, 3.583401607288601 ], [ -77.23648526682517, 3.582637064284488 ], [ -77.23675419137426, 3.581978069023241 ], [ -77.237148029606104, 3.581636571318554 ], [ -77.237818065853645, 3.581205828660323 ], [ -77.238242769759978, 3.580828321752291 ], [ -77.238549994076919, 3.580555231839258 ], [ -77.239363239464993, 3.579416681295413 ], [ -77.239570309589851, 3.578450380985172 ], [ -77.239607221421878, 3.578278129881206 ], [ -77.239200590420154, 3.577383560299153 ], [ -77.238387345475559, 3.577058253774961 ], [ -77.238033059970974, 3.57705825425711 ], [ -77.237411442971933, 3.577058254381451 ], [ -77.235947593310854, 3.577383559757191 ], [ -77.234727716620682, 3.578278130297252 ], [ -77.233345191634797, 3.579010058336574 ], [ -77.232935784393362, 3.57922295168758 ], [ -77.231341783603028, 3.580051834832037 ], [ -77.23093561677176, 3.580190301645809 ], [ -77.230158325601437, 3.580723300367963 ], [ -77.229381035783504, 3.581389548852464 ], [ -77.22818178651201, 3.58245554744328 ], [ -77.226960331133185, 3.583832465268969 ], [ -77.225805499134765, 3.585253793082388 ], [ -77.225205874321361, 3.58603108507529 ], [ -77.22503380242847, 3.58631449563155 ], [ -77.223423542831569, 3.588769060374291 ], [ -77.223246522539895, 3.589047235354181 ], [ -77.22198402613229, 3.590461231175857 ], [ -77.220496069917601, 3.592082435161422 ], [ -77.21982982063281, 3.592837519114007 ], [ -77.219296820666585, 3.593503768404831 ], [ -77.219163571327826, 3.593992349966907 ], [ -77.21914136276726, 3.594458724188434 ], [ -77.219119154738607, 3.59476963954965 ], [ -77.219052529847104, 3.595013931364217 ], [ -77.218919280027237, 3.595147181715408 ], [ -77.218630571565683, 3.595347058573757 ], [ -77.218583352580907, 3.595379363960736 ], [ -77.218398891637619, 3.595505574660836 ], [ -77.218281800743441, 3.595618021595378 ], [ -77.218214480486594, 3.595711887189897 ], [ -77.218183138595663, 3.595793264964104 ], [ -77.218176487920786, 3.595841237955617 ], [ -77.218064260350147, 3.596099363322457 ], [ -77.217931010529725, 3.596382518340134 ], [ -77.217747791806801, 3.596515769245144 ], [ -77.217497948292035, 3.596532427436956 ], [ -77.217198136873421, 3.596499111915652 ], [ -77.216948292850532, 3.596499112286876 ], [ -77.216748418334134, 3.59654907997721 ], [ -77.216648480328644, 3.5967489545977 ], [ -77.216598512626689, 3.597032113805049 ], [ -77.216581855824515, 3.597248642731088 ], [ -77.216465262622052, 3.59733192427601 ], [ -77.216398637701786, 3.597348581123592 ], [ -77.216132137276119, 3.597381891303308 ], [ -77.21599888798724, 3.597448515847821 ], [ -77.215832325429886, 3.597648390736572 ], [ -77.215815669432303, 3.597998173351532 ], [ -77.215794981304697, 3.598194712139201 ], [ -77.215679597905861, 3.598397573435703 ], [ -77.2154941399493, 3.598647582615244 ], [ -77.215403337802186, 3.59874300102825 ], [ -77.215340653533488, 3.598785346924682 ], [ -77.215275230124689, 3.598808765137346 ], [ -77.215200408490517, 3.598820191600269 ], [ -77.214990822758537, 3.598834287079621 ], [ -77.214879907302361, 3.598866752407742 ], [ -77.214788323331376, 3.598913563368846 ], [ -77.214749890343739, 3.598938733553366 ], [ -77.214533139491479, 3.598964233391457 ], [ -77.214266640668967, 3.59899754815617 ], [ -77.214000140420922, 3.59919742040695 ], [ -77.213883547583933, 3.599380638703712 ], [ -77.213883547924922, 3.599763731560129 ], [ -77.213850234843562, 3.599996922395567 ], [ -77.213617047617902, 3.600196793564669 ], [ -77.213034079651976, 3.600546574923215 ], [ -77.212749004552322, 3.600736626883658 ], [ -77.21263433104653, 3.600813076165148 ], [ -77.212251236314145, 3.600863042874241 ], [ -77.211934768362383, 3.600829730440732 ], [ -77.211718238021305, 3.600663167742239 ], [ -77.211674258556059, 3.600608195155484 ], [ -77.211450751981332, 3.600563717440419 ], [ -77.211178129954845, 3.600531224426791 ], [ -77.210680714889421, 3.600509160122539 ], [ -77.21064680059078, 3.600510949603276 ], [ -77.210518989846875, 3.600613198869874 ], [ -77.21040239590603, 3.600846385780391 ], [ -77.210285802364567, 3.600896358403152 ], [ -77.210002646479793, 3.600929667988559 ], [ -77.209802771435392, 3.601062920347999 ], [ -77.20966952173832, 3.6012627924328 ], [ -77.209569584781178, 3.60187907389669 ], [ -77.209419678397637, 3.602478696982537 ], [ -77.209343444549162, 3.602612109020931 ], [ -77.209286428444145, 3.60271188593076 ], [ -77.209186491820645, 3.603028353760501 ], [ -77.209103210306907, 3.603394789093704 ], [ -77.208886679483754, 3.60411100872388 ], [ -77.208820054947239, 3.604427477247859 ], [ -77.208720116778693, 3.604610696165696 ], [ -77.208503585347501, 3.604977131201152 ], [ -77.208370336699758, 3.60536022428071 ], [ -77.208353680058011, 3.605710004833316 ], [ -77.208403648746625, 3.606159724210345 ], [ -77.208320368109952, 3.606409567777778 ], [ -77.208037211309076, 3.606626097301057 ], [ -77.207654118700972, 3.60685928374581 ], [ -77.207287681479485, 3.607159099248727 ], [ -77.207037838072296, 3.607425595778258 ], [ -77.206837964070473, 3.607675438625766 ], [ -77.206604776380289, 3.607775377316769 ], [ -77.20642155758118, 3.60779203333773 ], [ -77.206254995485637, 3.60767543891131 ], [ -77.206071776312626, 3.607508876820553 ], [ -77.205955183881031, 3.607375627579304 ], [ -77.205572090999311, 3.607325661109448 ], [ -77.205322246549287, 3.607325660817007 ], [ -77.205105715843416, 3.607275689786676 ], [ -77.204955809555727, 3.607142440702637 ], [ -77.204805903297355, 3.607009189736758 ], [ -77.204256248368424, 3.606709378118521 ], [ -77.203290187062677, 3.606359598076888 ], [ -77.203010962109033, 3.606253939147572 ], [ -77.201709762025743, 3.605765984847539 ], [ -77.201408033702279, 3.605660036812836 ], [ -77.201008283539423, 3.605610066952177 ], [ -77.200541909340316, 3.605610066913395 ], [ -77.200092192107931, 3.605626724097944 ], [ -77.199907691073165, 3.60569090062884 ], [ -77.199725754933439, 3.605759975559865 ], [ -77.199042850113273, 3.606409567835029 ], [ -77.198989978363883, 3.606452649334983 ], [ -77.198375439789402, 3.607067185431418 ], [ -77.197875632141958, 3.607789130973265 ], [ -77.197177351471453, 3.608474939732979 ], [ -77.196277915372931, 3.609807436276963 ], [ -77.195711603936502, 3.610706874835941 ], [ -77.195328510293066, 3.611806183659533 ], [ -77.194912104408644, 3.6131386815776 ], [ -77.194645605932308, 3.614454523896096 ], [ -77.194645606039018, 3.615086406196575 ], [ -77.194471837583009, 3.616094265965234 ], [ -77.194309188772039, 3.618127388267991 ], [ -77.194094338567979, 3.620920452072885 ], [ -77.194179230420431, 3.621999797279759 ], [ -77.194229199682638, 3.623298981295966 ], [ -77.194195887949888, 3.624831352953005 ], [ -77.194062638093243, 3.626413694653099 ], [ -77.193879418651349, 3.627363101615416 ], [ -77.19356295039637, 3.629112002983312 ], [ -77.193313107382863, 3.630694345230825 ], [ -77.193079920036652, 3.632260030114707 ], [ -77.192763451695171, 3.633575871670464 ], [ -77.192463639521961, 3.634825089367759 ], [ -77.191962977949302, 3.635906067008277 ], [ -77.191664140482203, 3.63640743086348 ], [ -77.191114485736165, 3.637123648396722 ], [ -77.190398268004998, 3.63762333469761 ], [ -77.189682049983816, 3.63790649294932 ], [ -77.188915863913849, 3.637956460208283 ], [ -77.188607896776389, 3.63789723690123 ], [ -77.188490398971197, 3.637955986080486 ], [ -77.18746386256376, 3.639495791344756 ], [ -77.187292773598514, 3.640864500847112 ], [ -77.188490398490842, 3.643088664169858 ], [ -77.189003665463204, 3.644628467665892 ], [ -77.189688022666914, 3.646168268687765 ], [ -77.189688022556155, 3.64890569978001 ], [ -77.189688022835639, 3.649407746291072 ], [ -77.189615424972274, 3.650548566836699 ], [ -77.189515488069233, 3.651947690207271 ], [ -77.189348925285543, 3.65281381481983 ], [ -77.189165706793816, 3.65316359737167 ], [ -77.188749302020796, 3.653546687868012 ], [ -77.187783239721384, 3.653963094337179 ], [ -77.186517633696042, 3.654446021747257 ], [ -77.185410791757519, 3.654722731792803 ], [ -77.184451426980843, 3.655010543269076 ], [ -77.183735776425976, 3.655145687650507 ], [ -77.182910761561033, 3.655060638156864 ], [ -77.182186747306218, 3.654845874158493 ], [ -77.181830591063559, 3.654637541291964 ], [ -77.180620293940905, 3.65369619586671 ], [ -77.178396131815774, 3.65130094572506 ], [ -77.176685239377676, 3.649418964784644 ], [ -77.173605632694176, 3.648392430115582 ], [ -77.172065829487209, 3.647536983736515 ], [ -77.169499490601467, 3.646681537194433 ], [ -77.16886176703018, 3.646501104263629 ], [ -77.168262142305778, 3.646217949385602 ], [ -77.167329393518045, 3.645651637813371 ], [ -77.166663144298141, 3.645201918124821 ], [ -77.165896957609036, 3.644735544784107 ], [ -77.165630458317864, 3.644685575184402 ], [ -77.165363958562537, 3.64541845193402 ], [ -77.165254042727923, 3.645858046176261 ], [ -77.164970130659597, 3.64666570412628 ], [ -77.164883011869591, 3.646875705901997 ], [ -77.164786164464587, 3.647077528762206 ], [ -77.164645263724552, 3.64733558723306 ], [ -77.164598991538966, 3.647411390391941 ], [ -77.164474341988821, 3.647615594013406 ], [ -77.164102572392508, 3.64816750032423 ], [ -77.163851655533151, 3.648539997307005 ], [ -77.163624679023599, 3.648897820218374 ], [ -77.163179168570579, 3.649675967002107 ], [ -77.1632430294204, 3.650250771910009 ], [ -77.163448485093852, 3.650387745306372 ], [ -77.164218931457441, 3.65090136790985 ], [ -77.164628017135769, 3.651412725148973 ], [ -77.164797646719336, 3.651731158679813 ], [ -77.165014177920554, 3.652247504080894 ], [ -77.16524736579305, 3.652797157634561 ], [ -77.165357484287057, 3.653313502001649 ], [ -77.165357484783769, 3.654886294281313 ], [ -77.165457458018011, 3.655602773976433 ], [ -77.165413928158117, 3.656328278207623 ], [ -77.165264021925978, 3.657027840685633 ], [ -77.165264021976498, 3.657810681728521 ], [ -77.165330647173434, 3.658860027238197 ], [ -77.165513864991993, 3.659726147582308 ], [ -77.165830333814043, 3.660409054877894 ], [ -77.165923641640248, 3.660928913598048 ], [ -77.16584543214222, 3.66358807015204 ], [ -77.166008079894496, 3.666515768727842 ], [ -77.166089403629215, 3.668874195370164 ], [ -77.166252053675919, 3.671476597171837 ], [ -77.166577360168077, 3.673835026435009 ], [ -77.166170728485113, 3.676762725061296 ], [ -77.165764106340148, 3.678145249767945 ], [ -77.165278670073747, 3.680006101035092 ], [ -77.165357485106739, 3.68196752713024 ], [ -77.165513397741691, 3.682622368722408 ], [ -77.165597145807396, 3.682861647259836 ], [ -77.165597145720724, 3.682974112583354 ], [ -77.165597145464403, 3.683144802759214 ], [ -77.16553052033872, 3.683444615170701 ], [ -77.165330646636534, 3.683794395731307 ], [ -77.165280677548964, 3.684110863654378 ], [ -77.165313990789784, 3.684493958718653 ], [ -77.165413928120017, 3.684760456816462 ], [ -77.165663770400542, 3.684910365235032 ], [ -77.166046864001459, 3.685010299688958 ], [ -77.1665465509424, 3.685043612853438 ], [ -77.166821818691162, 3.685058100204151 ], [ -77.16717948798437, 3.685076927957803 ], [ -77.16789570578932, 3.685210174805011 ], [ -77.168511985436666, 3.685393395178484 ], [ -77.168910467708969, 3.685625842412039 ], [ -77.168999236575459, 3.685710438429842 ], [ -77.169111609988477, 3.685818127196595 ], [ -77.169194891145352, 3.68594304935713 ], [ -77.169211547898087, 3.686092954998085 ], [ -77.169128266121675, 3.686259516870693 ], [ -77.169144922509105, 3.686392769257274 ], [ -77.169178234498517, 3.686559331876516 ], [ -77.16937810932626, 3.686775860610619 ], [ -77.169661265484422, 3.687075672107633 ], [ -77.16996107753971, 3.687725264705598 ], [ -77.170244233464317, 3.688658014081182 ], [ -77.170410795996347, 3.689357576686867 ], [ -77.170627326479959, 3.690090450837907 ], [ -77.170760577140996, 3.690640104817099 ], [ -77.170778238282224, 3.690661077947041 ], [ -77.17080625968147, 3.690913276174206 ], [ -77.171177632628186, 3.691443810202474 ], [ -77.171375531679729, 3.691726528289667 ], [ -77.173110519980185, 3.692382468795303 ], [ -77.173350585406823, 3.692473226261936 ], [ -77.173591622153296, 3.692557463623965 ], [ -77.174031167820274, 3.692678580418046 ], [ -77.17449972834892, 3.692777701946679 ], [ -77.174987577131986, 3.692852674357257 ], [ -77.175485307170263, 3.692902053614272 ], [ -77.1759830805549, 3.692924855394369 ], [ -77.176465340389882, 3.692920856283771 ], [ -77.176929717034824, 3.692890573945295 ], [ -77.177368480366539, 3.692834520684768 ], [ -77.177781539753937, 3.692751759148349 ], [ -77.178389127844056, 3.692372352234412 ], [ -77.178678433030143, 3.69211267048728 ], [ -77.179088689770296, 3.691456259729244 ], [ -77.179421814375416, 3.690623449256209 ], [ -77.179854875992248, 3.689890574602172 ], [ -77.180371218545801, 3.689191014780165 ], [ -77.18052112586679, 3.688841233001861 ], [ -77.180604407026124, 3.688424827253616 ], [ -77.180833429685322, 3.688072965032185 ], [ -77.181270655449865, 3.687710691231516 ], [ -77.181520498823858, 3.687435864283644 ], [ -77.181739521969192, 3.687131664558709 ], [ -77.181895263861463, 3.686986144666906 ], [ -77.182107630316537, 3.686786272342723 ], [ -77.182307505462617, 3.686686333657445 ], [ -77.182607318071078, 3.686623872050867 ], [ -77.18278220747942, 3.686623871752383 ], [ -77.182994574681089, 3.686623872174223 ], [ -77.183256910525856, 3.686636363794594 ], [ -77.183298710724046, 3.686618077214699 ], [ -77.183518336834695, 3.686325238551292 ], [ -77.183806565848698, 3.686199137950497 ], [ -77.184293760636123, 3.68594929471288 ], [ -77.184381205888016, 3.685799389578745 ], [ -77.184393697979672, 3.685587021591424 ], [ -77.18436871347734, 3.685399640835743 ], [ -77.184281268587625, 3.685162289421136 ], [ -77.184247206903024, 3.68510930335455 ], [ -77.184168839014035, 3.684987400930266 ], [ -77.184131363151565, 3.68482500029552 ], [ -77.184193822463513, 3.684662602402234 ], [ -77.184343729752598, 3.684512696630278 ], [ -77.184481142646135, 3.68436279213648 ], [ -77.184543603903492, 3.68423787042108 ], [ -77.184593572872231, 3.683975534575471 ], [ -77.184593572565333, 3.682976159837316 ], [ -77.184743478317941, 3.682339059754813 ], [ -77.184943353770805, 3.681839373111273 ], [ -77.185368086279396, 3.6814021453705 ], [ -77.185930235009891, 3.681052363801388 ], [ -77.186467397703908, 3.680889965760532 ], [ -77.187316865522732, 3.680852490207223 ], [ -77.188041412046431, 3.68093993668762 ], [ -77.188765957560634, 3.681102334219448 ], [ -77.189115737672338, 3.681389652629657 ], [ -77.189365581429399, 3.681839373191126 ], [ -77.189527979353429, 3.682613887143957 ], [ -77.189577948823938, 3.683288462903457 ], [ -77.189540471831023, 3.684325312878724 ], [ -77.189465518592257, 3.685124813728397 ], [ -77.189382895544114, 3.68560148515022 ], [ -77.189348360088857, 3.686603049017434 ], [ -77.18934836015319, 3.686819231673931 ], [ -77.189348359362228, 3.688961479020961 ], [ -77.189917639289078, 3.692214476390558 ], [ -77.190330958249106, 3.695461701342313 ], [ -77.190394487050938, 3.69643582540434 ], [ -77.190702243770644, 3.697589914579696 ], [ -77.191002055475167, 3.699155602572698 ], [ -77.191435117371171, 3.701021099424696 ], [ -77.191801554958701, 3.702370254896501 ], [ -77.192317897670392, 3.704335688628138 ], [ -77.192850897126633, 3.706217842230835 ], [ -77.193100740660043, 3.70786680777434 ], [ -77.1933172718375, 3.709099368553818 ], [ -77.19343386486905, 3.710265304761798 ], [ -77.193517145902135, 3.711764366704835 ], [ -77.193533802456813, 3.712813706922445 ], [ -77.193750333468316, 3.713563237747691 ], [ -77.194316644443703, 3.714845765896718 ], [ -77.195166112433853, 3.716244889433057 ], [ -77.195499236943874, 3.716927794682615 ], [ -77.195815705500976, 3.717494106169713 ], [ -77.19589898708044, 3.717810575060178 ], [ -77.195898987033814, 3.718210323556205 ], [ -77.195932298295872, 3.718543449192184 ], [ -77.195998923486144, 3.718809948307913 ], [ -77.196282079900499, 3.719409573287991 ], [ -77.196581891949336, 3.719992542128689 ], [ -77.196831735372768, 3.720525539609024 ], [ -77.196964984828767, 3.720842011412471 ], [ -77.196931672894209, 3.721075197098175 ], [ -77.196731798035984, 3.721441632067774 ], [ -77.196398673317205, 3.721924663325781 ], [ -77.196115517845868, 3.722824102319396 ], [ -77.195898987046462, 3.723606942076822 ], [ -77.195828120082041, 3.723916985751165 ], [ -77.19590836962054, 3.724607132602647 ], [ -77.196198798849636, 3.725405813645336 ], [ -77.196581891844801, 3.726838250758776 ], [ -77.196865047747721, 3.727687717219603 ], [ -77.197198172597112, 3.729253402234415 ], [ -77.19738139082196, 3.730935681211568 ], [ -77.197497984423009, 3.732418085331031 ], [ -77.197814452352077, 3.734783273026216 ], [ -77.197914389277472, 3.73656548700427 ], [ -77.198197545787849, 3.738930670121965 ], [ -77.198297482317372, 3.740296482766634 ], [ -77.198364107822542, 3.741628978572187 ], [ -77.198447390091289, 3.743078071573922 ], [ -77.198480701760261, 3.744460537137337 ], [ -77.198447389772767, 3.745643130928645 ], [ -77.198280826593077, 3.747008940248825 ], [ -77.197964358985416, 3.748258156870359 ], [ -77.197597921948727, 3.749507375202485 ], [ -77.196964984417505, 3.750506750328614 ], [ -77.196132174068524, 3.75148946567692 ], [ -77.195316018830681, 3.752055777357945 ], [ -77.194599800610916, 3.752322277565774 ], [ -77.19323399041177, 3.752622088895238 ], [ -77.192251272682242, 3.752821964956219 ], [ -77.191518398583923, 3.752805308416633 ], [ -77.191018711648226, 3.752722026817259 ], [ -77.190502368631783, 3.752488840656057 ], [ -77.190169245088939, 3.752039120793082 ], [ -77.190002682437296, 3.751589405325979 ], [ -77.189969370004349, 3.751272933984179 ], [ -77.190019338814423, 3.750806560058033 ], [ -77.190035994326578, 3.750306873045437 ], [ -77.189984676024039, 3.750098062285188 ], [ -77.189829534073397, 3.749888080425519 ], [ -77.189267034484288, 3.749223314318979 ], [ -77.187965833776786, 3.748572711263491 ], [ -77.18771586900661, 3.748535679227306 ], [ -77.185770063930846, 3.748247413244201 ], [ -77.18284235602799, 3.748410062082497 ], [ -77.178369481627101, 3.748491386757556 ], [ -77.176432937978475, 3.748993455114963 ], [ -77.17617371229727, 3.749060656440365 ], [ -77.17582928304563, 3.749240359161445 ], [ -77.175392296904207, 3.749651641959518 ], [ -77.1751272350932, 3.749972506242029 ], [ -77.174959826897123, 3.75012596388834 ], [ -77.174555257629294, 3.750153865555274 ], [ -77.174014795008958, 3.750154272913842 ], [ -77.172964883401619, 3.75019571559537 ], [ -77.172225499770988, 3.750265468267747 ], [ -77.171276855946189, 3.75053053116251 ], [ -77.17064907639238, 3.751004853047003 ], [ -77.170077099314312, 3.751618683382707 ], [ -77.169798086356181, 3.752148808867976 ], [ -77.169668120069446, 3.75245825102862 ], [ -77.169505122888324, 3.752846338211805 ], [ -77.169198208391961, 3.753250906616127 ], [ -77.168807590984713, 3.753683377950661 ], [ -77.168546070825229, 3.75393881655556 ], [ -77.167959885773911, 3.755160037926973 ], [ -77.1673676661446, 3.755967607665216 ], [ -77.167045946707418, 3.756400268271177 ], [ -77.166118770950987, 3.757374879126413 ], [ -77.166065204084063, 3.757457390677939 ], [ -77.165997785427052, 3.757543655156165 ], [ -77.166089403620845, 3.758575683415626 ], [ -77.166983982687285, 3.76158471675355 ], [ -77.167468326818735, 3.763340470213922 ], [ -77.167956600451134, 3.763965009108199 ], [ -77.16851462636123, 3.7645090829889 ], [ -77.16879363941888, 3.76485784914002 ], [ -77.169044751493487, 3.76531821821054 ], [ -77.169267961990201, 3.765834391999672 ], [ -77.169491173062383, 3.766378470376145 ], [ -77.169812037755221, 3.766880691403661 ], [ -77.170216605706301, 3.767424769028902 ], [ -77.170746730332681, 3.767954891100068 ], [ -77.17113734839316, 3.768373412625068 ], [ -77.171486114473566, 3.768833782101593 ], [ -77.171765127473066, 3.769322057901454 ], [ -77.172044140862781, 3.769796379931305 ], [ -77.17219759865479, 3.770382304003432 ], [ -77.172281301482386, 3.77124724415982 ], [ -77.172281302053676, 3.771811500773804 ], [ -77.172408008948409, 3.773458677237138 ], [ -77.172992084117396, 3.77783923883291 ], [ -77.17325784740234, 3.778808497245846 ], [ -77.173606613337213, 3.780315168749068 ], [ -77.17392747879876, 3.781919490553398 ], [ -77.174290195967927, 3.783412209601664 ], [ -77.174401801113703, 3.784137643968434 ], [ -77.17454130775603, 3.784863077564365 ], [ -77.174564128358099, 3.78497392720646 ], [ -77.174974346632709, 3.785948195118752 ], [ -77.17617197157918, 3.790396514346989 ], [ -77.177540685773053, 3.794844835814531 ], [ -77.178567221474026, 3.798266620415898 ], [ -77.179764845553279, 3.801517315581321 ], [ -77.180791381700629, 3.804425832797705 ], [ -77.181304649849196, 3.806136728964493 ], [ -77.18158638464034, 3.806988806853233 ], [ -77.181753792776291, 3.807574735025537 ], [ -77.182004904991956, 3.808160660775445 ], [ -77.182018854543671, 3.808676836555629 ], [ -77.181935150878147, 3.809039551973568 ], [ -77.181795644920882, 3.80940227166803 ], [ -77.181488730453026, 3.809709183385304 ], [ -77.181014408735606, 3.810099804261245 ], [ -77.180288974816705, 3.810839185620339 ], [ -77.179521688299928, 3.811439064937515 ], [ -77.179224663056544, 3.811783637543284 ], [ -77.178838106729032, 3.812108694956822 ], [ -77.178321932751871, 3.812248201052983 ], [ -77.177959216943904, 3.812248200624789 ], [ -77.17765230160569, 3.812122649405551 ], [ -77.177540685777075, 3.811929856240202 ], [ -77.177498845029533, 3.811857582631457 ], [ -77.177484893821642, 3.811536719265011 ], [ -77.17765230214826, 3.811132149301816 ], [ -77.177791809003693, 3.81067177989812 ], [ -77.177875512385015, 3.81025326166749 ], [ -77.177889463022254, 3.809904492248688 ], [ -77.177777857385138, 3.809667331568505 ], [ -77.177373289003114, 3.809416220376236 ], [ -77.177156754604482, 3.809303247113821 ], [ -77.176396743842631, 3.808704739216673 ], [ -77.175420197513944, 3.808090908150643 ], [ -77.175232615869419, 3.80797210780884 ], [ -77.174649424797522, 3.807412558008587 ], [ -77.174429701946536, 3.8070463562416 ], [ -77.174304147100685, 3.806805705077742 ], [ -77.173864700521122, 3.806387185398569 ], [ -77.173299699319756, 3.805958202977043 ], [ -77.172567290579735, 3.805571074157273 ], [ -77.171939512157451, 3.805330422625411 ], [ -77.171510529099848, 3.805246720627919 ], [ -77.171290805521821, 3.805183941928999 ], [ -77.170872286961284, 3.80501653441309 ], [ -77.170401451594998, 3.804775886945018 ], [ -77.169825987819436, 3.804608476721083 ], [ -77.16937607945934, 3.804482920723376 ], [ -77.169114504605218, 3.804378293834005 ], [ -77.168821540554617, 3.804252737562694 ], [ -77.168455336649245, 3.804158568646484 ], [ -77.168015891734044, 3.804053941271943 ], [ -77.167356722367842, 3.804074866243115 ], [ -77.166352277160854, 3.804116717327087 ], [ -77.165347829680513, 3.804148107225749 ], [ -77.164636346753355, 3.804210883645114 ], [ -77.164134122390905, 3.80437829442737 ], [ -77.163726067128763, 3.804629405911308 ], [ -77.163443565977744, 3.80496421943051 ], [ -77.163192454919709, 3.805215331397406 ], [ -77.162909953536357, 3.805330423369869 ], [ -77.162449583122111, 3.805476907606937 ], [ -77.162141068454304, 3.805500044208369 ], [ -77.161305942931392, 3.805530234234311 ], [ -77.160325595761378, 3.805497833204006 ], [ -77.159028185882065, 3.80515255461492 ], [ -77.158065590361062, 3.804849127868475 ], [ -77.157375033589588, 3.804577089848513 ], [ -77.15687281088897, 3.804357369430158 ], [ -77.156433364781719, 3.804116717295065 ], [ -77.155993919646193, 3.803792363776362 ], [ -77.155887081156536, 3.803623673063629 ], [ -77.155774537918106, 3.803397625707216 ], [ -77.155652465726945, 3.803234163815776 ], [ -77.155595884056865, 3.803202407971828 ], [ -77.155465560587757, 3.80314851794129 ], [ -77.155425993974816, 3.803132157045648 ], [ -77.155356390652116, 3.803110633790619 ], [ -77.155263385459165, 3.803193189922097 ], [ -77.155213744048083, 3.803303056144464 ], [ -77.155206035697816, 3.803348427834508 ], [ -77.154978475951552, 3.803288086668863 ], [ -77.154665340516246, 3.803271082046333 ], [ -77.154563210686263, 3.803251606360365 ], [ -77.154480943869018, 3.803212711746194 ], [ -77.154272705007529, 3.803076148311037 ], [ -77.154096428872293, 3.803026101893665 ], [ -77.153882108703485, 3.803013543706253 ], [ -77.153677543613995, 3.803045472042404 ], [ -77.153565847547682, 3.803089129074718 ], [ -77.153290243707659, 3.80325132136061 ], [ -77.153036182802481, 3.803362703076436 ], [ -77.152764981861424, 3.803439965980062 ], [ -77.152529991371296, 3.803464866875014 ], [ -77.152216991474305, 3.80343735167729 ], [ -77.15141647514416, 3.803200468014865 ], [ -77.151016940606382, 3.803134316986131 ], [ -77.150620414643058, 3.803107930672297 ], [ -77.149969442666347, 3.803124685058391 ], [ -77.149273229978419, 3.803116412221433 ], [ -77.149136281758587, 3.803163411770521 ], [ -77.149050070143574, 3.803252767476072 ], [ -77.149040961620173, 3.803357107918003 ], [ -77.149087377830298, 3.803523885995271 ], [ -77.149236416660244, 3.80370424985888 ], [ -77.149381611798503, 3.803926573722813 ], [ -77.149473689154249, 3.804117098122203 ], [ -77.149503728686156, 3.804205689631246 ], [ -77.149523034159799, 3.804289655316297 ], [ -77.149530736209698, 3.804424611167203 ], [ -77.149503180334676, 3.804565314306878 ], [ -77.149438088898833, 3.804724798819083 ], [ -77.149326436310773, 3.804924352189037 ], [ -77.149078376508001, 3.805115269396027 ], [ -77.146992689349972, 3.806183008398631 ], [ -77.146891011308284, 3.806256952697969 ], [ -77.146575647662416, 3.806966521665454 ], [ -77.146518783184561, 3.807364575771136 ], [ -77.147030567674975, 3.808331279924959 ], [ -77.147258026688235, 3.809127390820981 ], [ -77.147258026992745, 3.809752904389055 ], [ -77.146859972563647, 3.809980364883946 ], [ -77.145893268462274, 3.810094095738843 ], [ -77.143732400056322, 3.809923502424579 ], [ -77.142481371394922, 3.809582309079209 ], [ -77.141059747654509, 3.808672473325601 ], [ -77.140149908293083, 3.80781949864929 ], [ -77.139192258177687, 3.806746926824584 ], [ -77.137950953621967, 3.805662874184902 ], [ -77.136731077296176, 3.805012268419281 ], [ -77.136552402338779, 3.804996728677107 ], [ -77.134860605935117, 3.804849622041302 ], [ -77.133785870090264, 3.805446695327005 ], [ -77.13339674700606, 3.805662874035372 ], [ -77.132664826514031, 3.80663876731723 ], [ -77.132176880069011, 3.808427924339977 ], [ -77.132258205073711, 3.810217072343467 ], [ -77.132420852723428, 3.811518271807615 ], [ -77.132467979824099, 3.812225177839824 ], [ -77.132431274015602, 3.812759143658297 ], [ -77.132193018096046, 3.813279175932224 ], [ -77.131834883302901, 3.813826370861844 ], [ -77.131398130714715, 3.814170101817254 ], [ -77.130469047609182, 3.81477126907769 ], [ -77.129167847098444, 3.815909820618576 ], [ -77.128332751119885, 3.81691193463422 ], [ -77.127963578175127, 3.817310544270542 ], [ -77.127567073486205, 3.817642542294371 ], [ -77.127161145701422, 3.817929081163558 ], [ -77.126561537323155, 3.81827313775159 ], [ -77.126080298432186, 3.818430433302881 ], [ -77.125215888789128, 3.818574495981117 ], [ -77.125048128791548, 3.818602458114595 ], [ -77.124613648837453, 3.818674871176637 ], [ -77.12425051352426, 3.818698298958453 ], [ -77.122092571656751, 3.818837523677218 ], [ -77.120027157086497, 3.818625686918295 ], [ -77.11931524133945, 3.818552666763499 ], [ -77.118920898566145, 3.818512221763936 ], [ -77.118750640514435, 3.818571818109568 ], [ -77.117837495034948, 3.818899084041163 ], [ -77.117782348013307, 3.818918843943887 ], [ -77.11729440031975, 3.819309207675122 ], [ -77.116968025694774, 3.819570306120079 ], [ -77.116562470985428, 3.819894750064051 ], [ -77.115342594830125, 3.821358599081274 ], [ -77.113716095498631, 3.824286298411168 ], [ -77.112821517719638, 3.82640075131464 ], [ -77.112577544900091, 3.828189898854044 ], [ -77.112659599591666, 3.829658026299267 ], [ -77.112815282650757, 3.831061438122705 ], [ -77.112902852007821, 3.831849529843455 ], [ -77.112902852142724, 3.832712059688845 ], [ -77.112949192447232, 3.833172433615958 ], [ -77.113059150732937, 3.833515427360392 ], [ -77.113223011503109, 3.833897765992855 ], [ -77.113368822614007, 3.834330781341854 ], [ -77.1135037303046, 3.83473141692256 ], [ -77.113639749688915, 3.835265027618158 ], [ -77.113608361116334, 3.83551613998659 ], [ -77.113524656440163, 3.835662623710897 ], [ -77.113284007387179, 3.835819566602727 ], [ -77.112962686533592, 3.835861028889605 ], [ -77.112635302675343, 3.835997436779795 ], [ -77.112269097514101, 3.83637410463284 ], [ -77.111494837155135, 3.837336699788768 ], [ -77.110950761439923, 3.837995867680319 ], [ -77.110469464585179, 3.838539943373064 ], [ -77.109977703423823, 3.839031702609739 ], [ -77.109713458763025, 3.839345111412015 ], [ -77.109324547864475, 3.839900698235429 ], [ -77.10851129290549, 3.841120574300531 ], [ -77.108230385883346, 3.841636987890249 ], [ -77.107895569570644, 3.84217060303405 ], [ -77.107497976885497, 3.842861157947175 ], [ -77.107278254119407, 3.843311066545052 ], [ -77.107257328000827, 3.843604028959672 ], [ -77.107351494336285, 3.844064402877434 ], [ -77.107456124336579, 3.844566622827374 ], [ -77.107488618379364, 3.844719811182558 ], [ -77.107454075778932, 3.845756106784931 ], [ -77.10710038282987, 3.847475335746793 ], [ -77.106860511677212, 3.848000447090579 ], [ -77.106817881444428, 3.848113576434605 ], [ -77.10659815984053, 3.84855302124878 ], [ -77.106347047325556, 3.848804132627108 ], [ -77.106085472786717, 3.848950618101196 ], [ -77.105625101783488, 3.849086633553552 ], [ -77.105401123023867, 3.8491603851017 ], [ -77.104767136942129, 3.849369136337383 ], [ -77.103803127701184, 3.84965359634111 ], [ -77.10338782416612, 3.849741030907892 ], [ -77.103030842894171, 3.849838389565923 ], [ -77.102987228760171, 3.849850284708587 ], [ -77.102276293896821, 3.850044175606051 ], [ -77.102251356509711, 3.850050979212825 ], [ -77.10159866815313, 3.85022897884794 ], [ -77.099728195911794, 3.850310304429518 ], [ -77.099073508441421, 3.850514887484026 ], [ -77.098747136767201, 3.850616878146757 ], [ -77.098426994743193, 3.850716923935425 ], [ -77.097961928459767, 3.851298263082582 ], [ -77.09777786206638, 3.85161867641107 ], [ -77.097467748419831, 3.852113181394898 ], [ -77.09739073084971, 3.852235994773745 ], [ -77.097139619435069, 3.852612663003951 ], [ -77.09675248882985, 3.852926550347236 ], [ -77.096281654723796, 3.853177661974227 ], [ -77.09561018441029, 3.853422657789843 ], [ -77.095501738025263, 3.85346169585433 ], [ -77.095005169615504, 3.853596181353971 ], [ -77.094178593397928, 3.853742662943997 ], [ -77.093446184914342, 3.853983314305885 ], [ -77.09275562733724, 3.854265811562926 ], [ -77.092148774417581, 3.854558778907328 ], [ -77.09156284774653, 3.854966831711786 ], [ -77.091144328034218, 3.855406280784554 ], [ -77.090799049551521, 3.855887575432135 ], [ -77.090579327180649, 3.856253783031117 ], [ -77.090390992498328, 3.856578131959658 ], [ -77.09016080758002, 3.856892022588167 ], [ -77.090064185035004, 3.856958452659973 ], [ -77.090006412656834, 3.856983562000254 ], [ -77.08959606215808, 3.857127967351293 ], [ -77.089484966662681, 3.857181470409668 ], [ -77.089397417647078, 3.857237317914231 ], [ -77.089324051548758, 3.85730129661686 ], [ -77.088999415987388, 3.857415171978818 ], [ -77.088675063193918, 3.857436097441285 ], [ -77.088434415123047, 3.857488411712299 ], [ -77.08820422881935, 3.857613968286337 ], [ -77.087911264355597, 3.857833691158568 ], [ -77.087503208766705, 3.858011562102457 ], [ -77.086802188512436, 3.85822082386015 ], [ -77.085766352317989, 3.858440545420068 ], [ -77.084688666120684, 3.858628878042159 ], [ -77.083830700407773, 3.858649804126531 ], [ -77.08316106838933, 3.858660266705519 ], [ -77.082777298715683, 3.858594943991382 ], [ -77.082386807613759, 3.858356839638883 ], [ -77.082020603877879, 3.858178969166225 ], [ -77.081706713967947, 3.85811619291007 ], [ -77.08125680596622, 3.858074338544767 ], [ -77.080597637997002, 3.858074339307872 ], [ -77.080013974898833, 3.858105061336896 ], [ -77.079152966401381, 3.858036185282721 ], [ -77.07861374451781, 3.858009520010256 ], [ -77.077507917327068, 3.857934923766459 ], [ -77.076893740140008, 3.857927857257971 ], [ -77.076328738663918, 3.857896471197464 ], [ -77.075575403928752, 3.857927856590356 ], [ -77.07522361662096, 3.857992803076334 ], [ -77.075197594940661, 3.857995457933413 ], [ -77.075083113683036, 3.858002872017277 ], [ -77.074955487987609, 3.858006035941489 ], [ -77.074831847739503, 3.858006800054332 ], [ -77.074711795711139, 3.85800517168552 ], [ -77.074595058653216, 3.858001146734462 ], [ -77.074489780550934, 3.857993980028061 ], [ -77.074227607068622, 3.85796728334674 ], [ -77.074157312613906, 3.857962196984742 ], [ -77.07385947344558, 3.857886005903464 ], [ -77.073514195936312, 3.857739524789841 ], [ -77.073221231945467, 3.857498878123288 ], [ -77.073043361068571, 3.857279151640316 ], [ -77.073011525453538, 3.85728528388019 ], [ -77.072656231008494, 3.857467487338506 ], [ -77.072321414888194, 3.857676745880179 ], [ -77.072179597612305, 3.857828018840592 ], [ -77.072143544480397, 3.857875546355602 ], [ -77.071881969610104, 3.858283598979626 ], [ -77.071704099155113, 3.858566101146723 ], [ -77.07169363617858, 3.858963695009182 ], [ -77.071714561475062, 3.859329898247968 ], [ -77.07172502478376, 3.859633325109252 ], [ -77.071725024974299, 3.859832122135204 ], [ -77.071693635398447, 3.860083234310032 ], [ -77.071568079368689, 3.860323880747983 ], [ -77.071490727066717, 3.860454786041084 ], [ -77.071432060844529, 3.860554066611096 ], [ -77.071348357431759, 3.86072147457162 ], [ -77.0713274316834, 3.860951660764294 ], [ -77.071316968898145, 3.861181848052756 ], [ -77.071327432177029, 3.861453884688651 ], [ -77.071358785561344, 3.861510323202205 ], [ -77.071432060406636, 3.861642217712819 ], [ -77.071568079402809, 3.861778237254903 ], [ -77.071745950718054, 3.861872403017578 ], [ -77.071913358374061, 3.861987495725041 ], [ -77.07197613647962, 3.862092126305362 ], [ -77.07200752591659, 3.86226999655737 ], [ -77.071976136632443, 3.862385093332991 ], [ -77.071787802532654, 3.862604813756401 ], [ -77.071515764850901, 3.862803611197426 ], [ -77.071254190782994, 3.862929166792289 ], [ -77.070867059709599, 3.863002408279019 ], [ -77.070445608754298, 3.862991706111972 ], [ -77.070061409664774, 3.86296055433602 ], [ -77.069370852635188, 3.862793146183205 ], [ -77.068607054667538, 3.862489719822312 ], [ -77.068351284997007, 3.862328387675741 ], [ -77.067466588974483, 3.862144440693782 ], [ -77.067037606742559, 3.862029349953849 ], [ -77.066650476751732, 3.861903793876957 ], [ -77.06630519775986, 3.861715459170067 ], [ -77.06601223379414, 3.861464346975694 ], [ -77.065881804738609, 3.861338934316147 ], [ -77.065740196403056, 3.861202772677367 ], [ -77.065394587821402, 3.860834861183401 ], [ -77.065091490491383, 3.860564533232778 ], [ -77.064714823853564, 3.860302955277665 ], [ -77.064473518936296, 3.860292904094781 ], [ -77.064212600811445, 3.86028202984962 ], [ -77.063731302996388, 3.860344807044403 ], [ -77.063302320752214, 3.860480827364724 ], [ -77.06300935711019, 3.860564533341617 ], [ -77.062726856176468, 3.860595918758291 ], [ -77.062350188547171, 3.860616845353254 ], [ -77.062142715454641, 3.860681682218889 ], [ -77.061869892771043, 3.860850571880369 ], [ -77.061842035415637, 3.860867815244449 ], [ -77.061424114056351, 3.861126528322086 ], [ -77.060984799450765, 3.861510929772575 ], [ -77.060843518849211, 3.86172592234147 ], [ -77.060550555016889, 3.862196756293452 ], [ -77.060173888113781, 3.862562960551565 ], [ -77.059661200976294, 3.862981482046956 ], [ -77.059443595749229, 3.86314745009254 ], [ -77.059064810883783, 3.863567407003317 ], [ -77.058416105925232, 3.864195186844346 ], [ -77.05808573312946, 3.864518679939941 ], [ -77.057601838365571, 3.864948804053549 ], [ -77.057208331644404, 3.865296017232268 ], [ -77.05687804641876, 3.86566000500145 ], [ -77.056145637987186, 3.866507507083611 ], [ -77.055842210468612, 3.866779544422311 ], [ -77.055528321409355, 3.866978340783405 ], [ -77.055224894425876, 3.867051581724994 ], [ -77.054921467765809, 3.867062046057916 ], [ -77.054713450735761, 3.867086430008203 ], [ -77.054023538009687, 3.867713858015304 ], [ -77.053721687188556, 3.868679777913574 ], [ -77.053652918554988, 3.868899832783939 ], [ -77.053718225042587, 3.869175568066761 ], [ -77.053854244124992, 3.869583626367882 ], [ -77.053906558567576, 3.870064922233178 ], [ -77.053948410891408, 3.870472977750875 ], [ -77.053917021782965, 3.871184463711218 ], [ -77.053760077213084, 3.872042425697553 ], [ -77.053352019964251, 3.873297986733267 ], [ -77.053121835200386, 3.873831596579846 ], [ -77.052975353011959, 3.874208265049953 ], [ -77.052870722562375, 3.874846509308627 ], [ -77.052839333393024, 3.875306877742862 ], [ -77.05284979676442, 3.87555799021322 ], [ -77.052923719418004, 3.87565655378874 ], [ -77.052990259185208, 3.875656557802394 ], [ -77.053207761613521, 3.875656564128283 ], [ -77.053433222570916, 3.875642501792082 ], [ -77.053675163810851, 3.875656574210619 ], [ -77.053945703802896, 3.875642517842572 ], [ -77.054142566670663, 3.875656591250625 ], [ -77.054401239191392, 3.875642528652587 ], [ -77.054609968326417, 3.875656600812581 ], [ -77.054856775400722, 3.875661606179196 ], [ -77.055077371517555, 3.875656611911252 ], [ -77.055312312091175, 3.875661618281052 ], [ -77.055603201149268, 3.87565662769082 ], [ -77.055881733749032, 3.87564256836742 ], [ -77.056070602865958, 3.875656638240892 ], [ -77.056337270045645, 3.875661643245931 ], [ -77.056428902861668, 3.8756806274116 ], [ -77.056522305192885, 3.875683546015992 ], [ -77.057223324507575, 3.875903268703845 ], [ -77.057830178848292, 3.876070676005409 ], [ -77.058123141345874, 3.876091604308705 ], [ -77.058269624109229, 3.876070676203375 ], [ -77.058447495094924, 3.875966048343929 ], [ -77.058488825469993, 3.87591231571211 ], [ -77.058656754494947, 3.875694010675646 ], [ -77.058939255105003, 3.875233637334805 ], [ -77.059114016021098, 3.874874917931474 ], [ -77.059867710847271, 3.874174707004388 ], [ -77.059899525425337, 3.874152074372792 ], [ -77.060351758620016, 3.87354909903775 ], [ -77.06081212935446, 3.873099190127837 ], [ -77.061126019337991, 3.87287946506207 ], [ -77.061513150127467, 3.872743447340524 ], [ -77.061774724950823, 3.872743446655347 ], [ -77.06199444686726, 3.872722522373165 ], [ -77.062360651758937, 3.872659743412495 ], [ -77.06273731833366, 3.872607427754793 ], [ -77.063145375425165, 3.872596966296629 ], [ -77.063459265415418, 3.872596965810495 ], [ -77.063699914095807, 3.872680672082646 ], [ -77.064024266347829, 3.872921318830493 ], [ -77.064275378421229, 3.873193355976689 ], [ -77.064516026558323, 3.873726967346736 ], [ -77.064788064843086, 3.874407061144452 ], [ -77.06496593545161, 3.874752340248682 ], [ -77.065081028580721, 3.874992990013069 ], [ -77.065150096873424, 3.875137407757172 ], [ -77.065351433039268, 3.875291275886306 ], [ -77.065666955913002, 3.875129008088433 ], [ -77.06591806661686, 3.87504530584894 ], [ -77.066095937385384, 3.875045306115287 ], [ -77.066367975619684, 3.87513947221705 ], [ -77.066744643004583, 3.875317342595026 ], [ -77.067142237132714, 3.875547526932595 ], [ -77.067623534110396, 3.875798639371179 ], [ -77.068178072567605, 3.876070676003271 ], [ -77.068366405929638, 3.876196232011057 ], [ -77.068533813660551, 3.876374102888801 ], [ -77.068722148033771, 3.87669845641251 ], [ -77.068889556163683, 3.87699142199839 ], [ -77.068953916127185, 3.877078164884421 ], [ -77.06913020394262, 3.877315775162871 ], [ -77.069266222935084, 3.877441331432823 ], [ -77.069559186637463, 3.87754595667385 ], [ -77.069634744111639, 3.877571143690338 ], [ -77.069873075700642, 3.877650587129111 ], [ -77.07014511333459, 3.877744754293839 ], [ -77.070364837148361, 3.87793308894442 ], [ -77.070710114765092, 3.878278366805512 ], [ -77.071107708464197, 3.878665496614276 ], [ -77.071358820371159, 3.878738737591338 ], [ -77.071473912903073, 3.878738737980276 ], [ -77.07185058086705, 3.878780590546026 ], [ -77.072091230105102, 3.878874756622608 ], [ -77.072467897045229, 3.879031703271019 ], [ -77.072708545346657, 3.879188645994467 ], [ -77.072938731500898, 3.879282816188764 ], [ -77.073242157420566, 3.879387443433614 ], [ -77.073472344025234, 3.879512999104941 ], [ -77.073702530217545, 3.879743184898982 ], [ -77.073890862333641, 3.880046611775487 ], [ -77.074152437433227, 3.880496520382122 ], [ -77.074508179915284, 3.881228931429179 ], [ -77.07474882762358, 3.881835782288594 ], [ -77.075085260800478, 3.882560651681121 ], [ -77.075376606629732, 3.882735598589711 ], [ -77.075732348925968, 3.883028562670416 ], [ -77.076004386470544, 3.883488935222395 ], [ -77.076213645782886, 3.883938842632924 ], [ -77.076433368994543, 3.884545699376551 ], [ -77.076590313439922, 3.885058382884275 ], [ -77.076841425794356, 3.885518752566924 ], [ -77.077082073619991, 3.88605236631104 ], [ -77.077095384007436, 3.886090632316884 ], [ -77.077461924958897, 3.88671420202071 ], [ -77.077507917536067, 3.886757369375706 ], [ -77.077619748069282, 3.886791098323194 ], [ -77.077678463538305, 3.886847553109964 ], [ -77.077856335201645, 3.886931258168268 ], [ -77.078112818893885, 3.887016753583621 ], [ -77.078170224985058, 3.887035888881452 ], [ -77.078599206483275, 3.887140515799246 ], [ -77.078996801179542, 3.887234684599345 ], [ -77.079363005068842, 3.887464868925505 ], [ -77.079791988196718, 3.887977555943311 ], [ -77.080158191322056, 3.888479780871169 ], [ -77.080440692599424, 3.88897153997602 ], [ -77.080524396561074, 3.889327283225692 ], [ -77.080629027086559, 3.890028302887052 ], [ -77.08068134141071, 3.89079209938446 ], [ -77.080639490182676, 3.891221082854836 ], [ -77.080531157024268, 3.891410662714331 ], [ -77.080531314008056, 3.891447330387652 ], [ -77.080103551857334, 3.891830840768564 ], [ -77.079768736829038, 3.89235166835894 ], [ -77.079471122719283, 3.892891092819912 ], [ -77.079340916804895, 3.893449116363459 ], [ -77.080574073860205, 3.901430381736134 ], [ -77.080884788613432, 3.90198691501313 ], [ -77.081126599786529, 3.902247325658043 ], [ -77.081721827696214, 3.90224732575645 ], [ -77.082372857864598, 3.902414732934016 ], [ -77.083023887992354, 3.902786750857423 ], [ -77.08367491809075, 3.903121565847107 ], [ -77.084288746474073, 3.903307574603378 ], [ -77.084809571047245, 3.903474984956733 ], [ -77.085460601064042, 3.903791200436676 ], [ -77.085925622467741, 3.904107413613167 ], [ -77.086297639436253, 3.904553834697162 ], [ -77.086651056763657, 3.905018854405827 ], [ -77.086741047949673, 3.905189838959494 ], [ -77.094077046500459, 3.901014443432056 ], [ -77.094928441818737, 3.90057324812968 ], [ -77.09541206333455, 3.900145426975824 ], [ -77.095746879767134, 3.899717608132869 ], [ -77.095765481127373, 3.899475796062666 ], [ -77.095691077186643, 3.899233986601021 ], [ -77.095467867113157, 3.898936371206126 ], [ -77.095133050573168, 3.898731763308448 ], [ -77.094854037961184, 3.898545753311117 ], [ -77.094450590147488, 3.897881113397955 ], [ -77.09410811906605, 3.897607139438437 ], [ -77.09318671649855, 3.893767964074433 ], [ -77.093033149937568, 3.888393119322338 ], [ -77.093647418052157, 3.883018274670608 ], [ -77.094261685767449, 3.879793371399413 ], [ -77.097486591963261, 3.875339929003925 ], [ -77.10055793105424, 3.873343556559096 ], [ -77.103782836679429, 3.872422155288756 ], [ -77.106854175620938, 3.871654320607433 ], [ -77.108696979931622, 3.871500755071538 ], [ -77.111768318545131, 3.873497124130092 ], [ -77.113343297431058, 3.874587839814614 ], [ -77.11438494655178, 3.874829650160625 ], [ -77.114905771148145, 3.875034259756817 ], [ -77.115575401689199, 3.875462078843444 ], [ -77.115712220483019, 3.875511833936814 ], [ -77.116189230564856, 3.875685292679146 ], [ -77.116840261107754, 3.875703890674806 ], [ -77.117156475489153, 3.875722494145764 ], [ -77.118012115600337, 3.875685293326466 ], [ -77.118625943321362, 3.875648087719849 ], [ -77.119258374034871, 3.875555083925279 ], [ -77.119667592913245, 3.875462078980161 ], [ -77.120095411924709, 3.875350475432306 ], [ -77.120746442695548, 3.875257470236186 ], [ -77.121416073820626, 3.875238868644248 ], [ -77.12195549882874, 3.875164465693619 ], [ -77.122457721347232, 3.874997058929479 ], [ -77.122866940398382, 3.874736648062326 ], [ -77.123238958299552, 3.874401830622962 ], [ -77.123629576791402, 3.873732200177278 ], [ -77.123984632371503, 3.873328727172363 ], [ -77.124044453656154, 3.873262085008089 ], [ -77.124410812418475, 3.872932363744002 ], [ -77.124764229728257, 3.872671950382408 ], [ -77.125060806739512, 3.872535068036356 ], [ -77.125247851920776, 3.872448739102192 ], [ -77.125768675303718, 3.872262729820861 ], [ -77.126103491455481, 3.872169726220879 ], [ -77.126270899889107, 3.872002317880391 ], [ -77.126326701908837, 3.871741906757832 ], [ -77.126288607798259, 3.871613341166155 ], [ -77.12617789453104, 3.871239682563705 ], [ -77.126195117594946, 3.871142087360635 ], [ -77.126382504859478, 3.870923468153383 ], [ -77.126680118944634, 3.870904869680612 ], [ -77.127070736428351, 3.870960669771232 ], [ -77.127517158075932, 3.871221084741318 ], [ -77.128149586708645, 3.871388490673898 ], [ -77.12881921775201, 3.871555897883241 ], [ -77.129749261859487, 3.871909313877257 ], [ -77.131237330645931, 3.872299935309694 ], [ -77.132167373833084, 3.872541743426099 ], [ -77.132744000794773, 3.872541742687681 ], [ -77.133023013518823, 3.872392939061989 ], [ -77.133432232997919, 3.872020921129075 ], [ -77.133711245799915, 3.871425691928676 ], [ -77.134306473840439, 3.870588655289451 ], [ -77.134750589111604, 3.870104162940292 ], [ -77.135348552567223, 3.869665655169847 ], [ -77.136649752342876, 3.86844577982615 ], [ -77.137706980412958, 3.867307229304854 ], [ -77.138926847636412, 3.86616868408896 ], [ -77.140146723347598, 3.864948807614478 ], [ -77.141285276108164, 3.863810258234588 ], [ -77.142586477056753, 3.862834353321291 ], [ -77.143806352730635, 3.862102434212138 ], [ -77.144944905089943, 3.861045205353782 ], [ -77.145099657809126, 3.860890451398517 ], [ -77.145615800028821, 3.860674393603858 ], [ -77.146118022355964, 3.860599988138281 ], [ -77.146657447763886, 3.860506984305768 ], [ -77.14715967094854, 3.860209369794621 ], [ -77.147475885366958, 3.85974434772401 ], [ -77.147642043645632, 3.85943759773488 ], [ -77.147717696823435, 3.85929792677614 ], [ -77.147959509105519, 3.858851506927552 ], [ -77.148257121726502, 3.85842368892067 ], [ -77.14864774100279, 3.858014470008598 ], [ -77.149069862317759, 3.857754699954915 ], [ -77.149131362939187, 3.857716853937443 ], [ -77.149484779385773, 3.85753084523172 ], [ -77.150414822713941, 3.857251834705891 ], [ -77.151177457581184, 3.857065825024125 ], [ -77.151716882800244, 3.856861214105289 ], [ -77.152293509921861, 3.85647059625483 ], [ -77.152702728592047, 3.85600557375444 ], [ -77.152944539688249, 3.855689359984305 ], [ -77.153316558098936, 3.855503351406941 ], [ -77.153651372661173, 3.855521951841582 ], [ -77.154097793716033, 3.855596355369474 ], [ -77.154879029968058, 3.855614956867905 ], [ -77.15551921617633, 3.855614956841306 ], [ -77.155585862647115, 3.855614956553413 ], [ -77.156088086824553, 3.855428946647832 ], [ -77.156497305530394, 3.855056929744167 ], [ -77.156925125715262, 3.854405900813495 ], [ -77.157110716456998, 3.854068462125161 ], [ -77.157270186664206, 3.853778515176513 ], [ -77.158119550309593, 3.853238003094031 ], [ -77.159502076168934, 3.853156678156968 ], [ -77.160803277945746, 3.853075353386995 ], [ -77.162797756607631, 3.852632138420816 ], [ -77.162933204772756, 3.852564416399019 ], [ -77.163362110110285, 3.852272760014057 ], [ -77.163398226387898, 3.852248200583677 ], [ -77.163426700100402, 3.852216781397787 ], [ -77.163937651577143, 3.851652972622562 ], [ -77.164291067628113, 3.851150748173643 ], [ -77.164625883786357, 3.850536921905375 ], [ -77.165053703430431, 3.84960687699167 ], [ -77.16529551477737, 3.848658233233443 ], [ -77.165518724919252, 3.847839793575921 ], [ -77.165704733415112, 3.847300369005854 ], [ -77.16592267087573, 3.846838858686408 ], [ -77.165954088400241, 3.84677232325164 ], [ -77.166020948529848, 3.846630737640315 ], [ -77.166467368322301, 3.84594250819914 ], [ -77.166577110770277, 3.845838861625645 ], [ -77.166802184829947, 3.845626292990456 ], [ -77.167285807343603, 3.845403083043788 ], [ -77.167974039732741, 3.84525427461467 ], [ -77.168494863720611, 3.84527287801834 ], [ -77.168755275414526, 3.845328677604267 ], [ -77.16880889062773, 3.845372543775019 ], [ -77.168959884505014, 3.845496088299763 ], [ -77.16903428832228, 3.845700695231402 ], [ -77.16903428832569, 3.845998308763293 ], [ -77.168959884542346, 3.846388928978723 ], [ -77.168718074059356, 3.846965553901701 ], [ -77.16869947232864, 3.84739337700358 ], [ -77.168811078884474, 3.84798860115852 ], [ -77.168959884890754, 3.848379221544268 ], [ -77.169276100127462, 3.848621030966754 ], [ -77.169741122149006, 3.848658233253496 ], [ -77.170540959100947, 3.848528026269939 ], [ -77.171170877161302, 3.848346052585022 ], [ -77.171377998014563, 3.848286216853892 ], [ -77.172233637775591, 3.847783993106851 ], [ -77.172486890547404, 3.847644704078657 ], [ -77.173349689826239, 3.847170163328478 ], [ -77.173512745674117, 3.84707922831829 ], [ -77.174316934992333, 3.846630737845118 ], [ -77.175005166331275, 3.846240120297105 ], [ -77.175408657801682, 3.846041236556724 ], [ -77.176009613025997, 3.845830900759825 ], [ -77.176660644089822, 3.845812303211607 ], [ -77.177107063764936, 3.845737897131008 ], [ -77.177367476905701, 3.845458883631581 ], [ -77.177348875669168, 3.845105467022777 ], [ -77.177237269375311, 3.844789253152778 ], [ -77.176865252572696, 3.844361434070673 ], [ -77.176654240861978, 3.844026296189635 ], [ -77.176549038057942, 3.843859210396804 ], [ -77.175916608592743, 3.84266875396055 ], [ -77.175842205479782, 3.842278136180331 ], [ -77.175916609167004, 3.841664308678975 ], [ -77.17634442865959, 3.841031879650559 ], [ -77.176567638478716, 3.840622660164844 ], [ -77.177312254839237, 3.839250101414592 ], [ -77.177569231026595, 3.838832518909973 ], [ -77.177901800470494, 3.838292093292969 ], [ -77.177962859903971, 3.83819287522371 ], [ -77.178044184284218, 3.837054324058996 ], [ -77.178450806787737, 3.835021201704112 ], [ -77.179508034329558, 3.833069405136586 ], [ -77.180102493936303, 3.832096652772213 ], [ -77.180473820752852, 3.831657042621952 ], [ -77.181024283982751, 3.831487132104165 ], [ -77.182110435594325, 3.831280246759178 ], [ -77.183563307318295, 3.831393030786249 ], [ -77.183764439939353, 3.831445303022845 ], [ -77.183979038674821, 3.831476716602806 ], [ -77.184541052989147, 3.831527356379971 ], [ -77.184924570159822, 3.831589000104883 ], [ -77.185164904704081, 3.831639600788702 ], [ -77.185364500695499, 3.831698205756633 ], [ -77.185579702045786, 3.831778514798121 ], [ -77.185789970610998, 3.831873002339966 ], [ -77.185995873494647, 3.83198149318483 ], [ -77.186208127797414, 3.832111539439855 ], [ -77.186360330151999, 3.832225789245022 ], [ -77.186509637694442, 3.832358236054117 ], [ -77.18685396201964, 3.832688787788496 ], [ -77.18703654506362, 3.83284165283138 ], [ -77.187240363698038, 3.832983974306279 ], [ -77.187792369426703, 3.833334190735455 ], [ -77.187946169413621, 3.833447980608307 ], [ -77.188075589338155, 3.83356027908916 ], [ -77.188230126945157, 3.833724168116195 ], [ -77.188529823418122, 3.834093446719678 ], [ -77.188666529693506, 3.83424648407593 ], [ -77.188831370101283, 3.834404776222868 ], [ -77.189246311065318, 3.834771117559879 ], [ -77.189442942317257, 3.834974095173713 ], [ -77.189606104017244, 3.835191639886832 ], [ -77.189816111946996, 3.835520663668398 ], [ -77.189955934764598, 3.835739730197953 ], [ -77.190051739303613, 3.835864962830494 ], [ -77.190113265841362, 3.835934489909129 ], [ -77.190179399931637, 3.836009220568498 ], [ -77.190249351489499, 3.836080277628759 ], [ -77.190334844690696, 3.836167111196426 ], [ -77.19052244852611, 3.836341840064514 ], [ -77.191351718826752, 3.837065560264686 ], [ -77.192407948865792, 3.837929990910651 ], [ -77.193113862608797, 3.838467642606908 ], [ -77.193274303467447, 3.838578022929853 ], [ -77.1934572246264, 3.838836976240172 ], [ -77.193847842626113, 3.839041585579074 ], [ -77.194238460772425, 3.839060185936368 ], [ -77.194551389791187, 3.838977837784145 ], [ -77.194591877823768, 3.838967184677747 ], [ -77.19479648695625, 3.838669568161803 ], [ -77.195001096319075, 3.838204545709835 ], [ -77.195224306368402, 3.838037138252666 ], [ -77.195521920900745, 3.837925535622746 ], [ -77.195547827369921, 3.837919058727913 ], [ -77.195690534085756, 3.837851102401525 ], [ -77.195871892635637, 3.837823200209426 ], [ -77.196067202119565, 3.837837150132766 ], [ -77.196234609344316, 3.837948756219363 ], [ -77.196360165692212, 3.838185919908254 ], [ -77.196497744620657, 3.838369356399583 ], [ -77.196786779605176, 3.838595165983396 ], [ -77.197688435686842, 3.839195060825999 ], [ -77.19803034388552, 3.839376070742897 ], [ -77.198628265043695, 3.839692615143794 ], [ -77.199390900366694, 3.839915825645131 ], [ -77.200131496057764, 3.839942758299461 ], [ -77.201159188803558, 3.839929751152993 ], [ -77.201689312413151, 3.839790241030026 ], [ -77.20213573359554, 3.839567030583238 ], [ -77.202468760788449, 3.839382990354533 ], [ -77.202665858451255, 3.839274067732768 ], [ -77.202850591777221, 3.839156510343974 ], [ -77.203279686580288, 3.838883451546089 ], [ -77.203571452282944, 3.83860249215098 ], [ -77.203656354537884, 3.838520731688012 ], [ -77.203679064924302, 3.838475313153294 ], [ -77.203795860484504, 3.838241719129191 ], [ -77.203907467092876, 3.83771159661374 ], [ -77.203991169298519, 3.83733492898917 ], [ -77.204158578160431, 3.836930359355854 ], [ -77.204217269306099, 3.836645281876796 ], [ -77.204158577971583, 3.836107270929492 ], [ -77.204074873940741, 3.835577145093921 ], [ -77.203977219546459, 3.834795912337455 ], [ -77.204046972811923, 3.834321589609154 ], [ -77.204256232953426, 3.833972823555427 ], [ -77.20461894976215, 3.833735660239949 ], [ -77.204975471390881, 3.83364652962775 ], [ -77.205065369600874, 3.833624057232403 ], [ -77.205414136285242, 3.833638006309394 ], [ -77.205818705068097, 3.833777512247578 ], [ -77.20633487838171, 3.834028622576862 ], [ -77.206725497781207, 3.83408442625612 ], [ -77.207353276488234, 3.833944921590243 ], [ -77.207813647917803, 3.833721710952473 ], [ -77.208078710990748, 3.833651955604584 ], [ -77.208227948113461, 3.833692659156097 ], [ -77.208640676471873, 3.833982999079381 ], [ -77.209191667693389, 3.834370595282151 ], [ -77.210028340336592, 3.83473664682606 ], [ -77.210157356600178, 3.834865664203295 ], [ -77.210352665533662, 3.835005168789458 ], [ -77.210506123758478, 3.83506097220407 ], [ -77.210799086521746, 3.835047023702137 ], [ -77.210868652966241, 3.834977455315165 ], [ -77.210952544047331, 3.834893565589564 ], [ -77.211092050376422, 3.834712206282325 ], [ -77.211398964509016, 3.834684303782923 ], [ -77.211650076802627, 3.8346843035648 ], [ -77.211887237549902, 3.834837761638138 ], [ -77.212201964405807, 3.835125121215135 ], [ -77.212542918135497, 3.83529813214439 ], [ -77.212821931126797, 3.835381837029418 ], [ -77.213114895016361, 3.8353818366154 ], [ -77.213252462074834, 3.835354322833275 ], [ -77.213463660791376, 3.835312084005774 ], [ -77.213854279010377, 3.835074921604468 ], [ -77.214105390747662, 3.834921468442605 ], [ -77.214398354893618, 3.834921467754619 ], [ -77.214579712515942, 3.835130724839199 ], [ -77.21470526902128, 3.835381836854595 ], [ -77.2148447745829, 3.83554924378639 ], [ -77.215075277137856, 3.835606868592496 ], [ -77.215616337349061, 3.835671796249652 ], [ -77.217730792702667, 3.836078428343158 ], [ -77.219113317382067, 3.836241077623645 ], [ -77.21977690857139, 3.836185779313806 ], [ -77.219825157096579, 3.836163075137554 ], [ -77.219922811382901, 3.836093318697658 ], [ -77.219978613820913, 3.835911963235989 ], [ -77.220034416464614, 3.835646899333825 ], [ -77.220132071041775, 3.835451589752104 ], [ -77.220229725635718, 3.835353934789999 ], [ -77.220425035058568, 3.835270231015614 ], [ -77.220759849281208, 3.835270230796072 ], [ -77.221066764445311, 3.835312084417257 ], [ -77.221168995727453, 3.835361306388382 ], [ -77.221443431667694, 3.835493441285327 ], [ -77.221666642291623, 3.835674799891836 ], [ -77.222154914502909, 3.835758505088227 ], [ -77.223159361593645, 3.835688751918763 ], [ -77.223828992435458, 3.83538183672546 ], [ -77.224303314807088, 3.834865664442557 ], [ -77.224414919869972, 3.834405291188165 ], [ -77.224289364550799, 3.833958870020599 ], [ -77.224024301542471, 3.833498501398622 ], [ -77.22361973267715, 3.832884669951632 ], [ -77.223382572009939, 3.832466151004984 ], [ -77.223019856091597, 3.832075535246374 ], [ -77.222866398066643, 3.831894175331861 ], [ -77.222810595377425, 3.831740717224988 ], [ -77.222894299953524, 3.831559357845059 ], [ -77.22321516486997, 3.831419852770251 ], [ -77.223438374451547, 3.831252445832931 ], [ -77.223572895555904, 3.831157489798486 ], [ -77.223675535456124, 3.831085035671422 ], [ -77.223870844509889, 3.830819973967957 ], [ -77.224149857459153, 3.830457260389575 ], [ -77.2245404755039, 3.830164293703201 ], [ -77.225098502095534, 3.830010836137778 ], [ -77.225893688558514, 3.830066638914734 ], [ -77.226381961544718, 3.830178245823668 ], [ -77.226953938423392, 3.830317750750103 ], [ -77.227302704656708, 3.830443306934867 ], [ -77.227693322623111, 3.830903679876655 ], [ -77.228069989919959, 3.831378002411754 ], [ -77.228335052608799, 3.831643062770951 ], [ -77.228823325851224, 3.831880223237276 ], [ -77.229311597983809, 3.832284791740964 ], [ -77.22967431491827, 3.832605657225626 ], [ -77.23000913061999, 3.833079978902085 ], [ -77.230525304517982, 3.833749610081588 ], [ -77.230832218518444, 3.834223931852129 ], [ -77.231167034985162, 3.834488995678272 ], [ -77.231557652756265, 3.834572702105078 ], [ -77.23178086229116, 3.834586649675268 ], [ -77.232269135624719, 3.834530846928368 ], [ -77.232855062426225, 3.834419244153982 ], [ -77.233606991275167, 3.834620653121632 ], [ -77.233845558329122, 3.834809859693971 ], [ -77.234291979252546, 3.835284182444404 ], [ -77.234640745623437, 3.835646898828958 ], [ -77.234836055057528, 3.835800356183796 ], [ -77.235142968388303, 3.835870109010284 ], [ -77.23543593302243, 3.835870108778811 ], [ -77.235770749053927, 3.835605047004244 ], [ -77.236077663067846, 3.835367887730786 ], [ -77.23622439513953, 3.835284950859855 ], [ -77.236398527635032, 3.835186528255379 ], [ -77.236705441574216, 3.835102823056785 ], [ -77.237005743893818, 3.835095318964214 ], [ -77.237263467543443, 3.83508887424329 ], [ -77.237668036710815, 3.835228379199498 ], [ -77.238072605701774, 3.835409738429266 ], [ -77.238281865047384, 3.835423688394336 ], [ -77.238616681070667, 3.83536788783754 ], [ -77.238853842014635, 3.835158626279349 ], [ -77.23918865727407, 3.834893566431162 ], [ -77.239523472942778, 3.834712205817086 ], [ -77.239858289096134, 3.83461455154938 ], [ -77.240151251263612, 3.834586649573436 ], [ -77.240486067700658, 3.834656403190365 ], [ -77.240820883654223, 3.834865663976225 ], [ -77.241071994558936, 3.834907513912371 ], [ -77.241364958732206, 3.834893566225683 ], [ -77.241685823538035, 3.834837762203229 ], [ -77.241950885997312, 3.834726156207289 ], [ -77.242160145899092, 3.834614552074576 ], [ -77.242383356024007, 3.834419243687611 ], [ -77.242592615362511, 3.834237883818269 ], [ -77.242676319615555, 3.834182080001871 ], [ -77.243039037042948, 3.834098379825772 ], [ -77.243583111636937, 3.833958870163056 ], [ -77.244266693755691, 3.833624056869716 ], [ -77.244559657807486, 3.83334504275132 ], [ -77.244950275996317, 3.832954423216268 ], [ -77.245145584285694, 3.832703315411791 ], [ -77.245350519975261, 3.832394221594966 ], [ -77.245432284376918, 3.832293806961026 ], [ -77.245500736642398, 3.832191426987428 ], [ -77.245835618874935, 3.831547828787176 ], [ -77.246252752003201, 3.830643279570807 ], [ -77.246454980581547, 3.830252432165486 ], [ -77.246587653097819, 3.830034662416062 ], [ -77.246774708881432, 3.829764555915181 ], [ -77.246964344005846, 3.829512936699995 ], [ -77.247153267259478, 3.829284766352774 ], [ -77.247436183637504, 3.828976501030031 ], [ -77.247643675435683, 3.828771614071029 ], [ -77.247833319252635, 3.828612458269154 ], [ -77.248038234994723, 3.828472966576287 ], [ -77.248317717977883, 3.828319140628984 ], [ -77.248661629633389, 3.828172820805445 ], [ -77.249094553347192, 3.828106381771927 ], [ -77.249610196580889, 3.828027250018468 ], [ -77.250078886287952, 3.82819501354794 ], [ -77.250349176389747, 3.82844836428851 ], [ -77.250530535025078, 3.828894785335201 ], [ -77.250642139513801, 3.82935515655167 ], [ -77.250642139364913, 3.829829480092083 ], [ -77.250600287683909, 3.830275900033695 ], [ -77.250586337672175, 3.830652568399826 ], [ -77.250781646365354, 3.830931581956405 ], [ -77.251046708687667, 3.831154791709243 ], [ -77.251367573672056, 3.831433802972955 ], [ -77.251534981841985, 3.831503558403815 ], [ -77.251674487934835, 3.831503558149671 ], [ -77.251897698430113, 3.831378001868519 ], [ -77.251905059290209, 3.831319108701468 ], [ -77.251925600002636, 3.831154792148173 ], [ -77.252037204549026, 3.830847875862054 ], [ -77.252106958431725, 3.830750222020511 ], [ -77.252288316505471, 3.830750222370696 ], [ -77.252427823037905, 3.830764171299298 ], [ -77.25258128107194, 3.83087577780919 ], [ -77.252635013419905, 3.831006274443039 ], [ -77.252678934252899, 3.831112938106719 ], [ -77.25290214573424, 3.831587259995036 ], [ -77.253167207320914, 3.831894174938796 ], [ -77.25343227004015, 3.832033680768069 ], [ -77.253641529539038, 3.832089483136613 ], [ -77.253781035349533, 3.832089483332483 ], [ -77.253934493499656, 3.832047633186486 ], [ -77.254101900454913, 3.831866273391731 ], [ -77.254255433631755, 3.831651329884757 ], [ -77.254311160664614, 3.831573311005783 ], [ -77.25456227289186, 3.831364049370621 ], [ -77.25479943326431, 3.831224544447902 ], [ -77.254952890615186, 3.831224544438214 ], [ -77.255301656872959, 3.831266394796718 ], [ -77.255321158317287, 3.831286922789741 ], [ -77.255566719427719, 3.831545409003874 ], [ -77.255748077866969, 3.832396399095074 ], [ -77.255789929799832, 3.833163682705072 ], [ -77.255795150522246, 3.833197991920792 ], [ -77.255833138897486, 3.833447626115368 ], [ -77.255887583788407, 3.83380541338448 ], [ -77.25599919003497, 3.834154178967174 ], [ -77.256208448883825, 3.834377389953878 ], [ -77.256557215488669, 3.834572701844015 ], [ -77.257198944990733, 3.834879613181372 ], [ -77.25813363850169, 3.835144674774021 ], [ -77.259138085628862, 3.835535295354698 ], [ -77.25972401258143, 3.835577145362385 ], [ -77.26049129834297, 3.83571665357763 ], [ -77.261160930097859, 3.835716654186852 ], [ -77.261565498289215, 3.835591098362059 ], [ -77.261858461311022, 3.835451590018411 ], [ -77.261858461850437, 3.835339986265263 ], [ -77.261830560483901, 3.835214429704582 ], [ -77.261718955488732, 3.835144674853156 ], [ -77.261384139289817, 3.835158625856857 ], [ -77.261133027736122, 3.835172580117077 ], [ -77.260840064951594, 3.835158626442583 ], [ -77.26060290400379, 3.83507492170213 ], [ -77.260463396891936, 3.834837761734409 ], [ -77.260421544753271, 3.834586650409102 ], [ -77.260588952390933, 3.834349487883782 ], [ -77.260826113766896, 3.834126278287109 ], [ -77.261091176066003, 3.834070477987081 ], [ -77.261481794797021, 3.834070477984723 ], [ -77.261607349422832, 3.834028622615442 ], [ -77.26169105395023, 3.833958870204604 ], [ -77.261649202024216, 3.833889118030682 ], [ -77.261565499131706, 3.833791464282212 ], [ -77.261202781488905, 3.833735660274171 ], [ -77.261160929598688, 3.833651956296668 ], [ -77.26116092958388, 3.83344269670203 ], [ -77.261202781487228, 3.833163682996047 ], [ -77.261202781619659, 3.832912570952506 ], [ -77.261174879888543, 3.832828871146931 ], [ -77.261119078049546, 3.832814916999524 ], [ -77.260993521613173, 3.832870721152694 ], [ -77.260895866786797, 3.833107880024007 ], [ -77.260644755398232, 3.833358992165999 ], [ -77.260323891026971, 3.833554300741841 ], [ -77.260142531451478, 3.833651955947203 ], [ -77.259821666925731, 3.833679857156695 ], [ -77.259500801571576, 3.833582203327496 ], [ -77.259319444015389, 3.833428744899051 ], [ -77.259179937617475, 3.833261338299053 ], [ -77.259110183411124, 3.833066028565236 ], [ -77.259152035816712, 3.832912571042559 ], [ -77.259329906895275, 3.83275388265181 ], [ -77.25946592552566, 3.832565548748605 ], [ -77.259497315104582, 3.832366752140413 ], [ -77.259664722494506, 3.832084252671091 ], [ -77.25989490762926, 3.831854065763154 ], [ -77.260114630253142, 3.831718047286763 ], [ -77.260365742852542, 3.83168665972322 ], [ -77.260805187468577, 3.831749436337012 ], [ -77.261181855584979, 3.831927306590103 ], [ -77.261474819115378, 3.832230733774685 ], [ -77.261882875887139, 3.832596937881491 ], [ -77.262353709520653, 3.832994531297437 ], [ -77.262740840485606, 3.833141012619539 ], [ -77.263169822957167, 3.833297957720558 ], [ -77.263452323580466, 3.833423513899415 ], [ -77.263766212447976, 3.833444440332646 ], [ -77.26414288046621, 3.833444439767784 ], [ -77.264592788401117, 3.833475828585132 ], [ -77.264843900551028, 3.833559534597105 ], [ -77.265011309027784, 3.83371647763596 ], [ -77.265179261943857, 3.833858189987463 ], [ -77.265199828347335, 3.833982434272205 ], [ -77.265241124394279, 3.834371637980734 ], [ -77.265283039544883, 3.834563022622949 ], [ -77.265321586945632, 3.834663744726643 ], [ -77.265382851233397, 3.834778351575479 ], [ -77.265454258601849, 3.83489137775233 ], [ -77.265526365595619, 3.834984065907545 ], [ -77.265607645419308, 3.835065804347594 ], [ -77.265709209864866, 3.835148060259892 ], [ -77.265844585612143, 3.835240407795389 ], [ -77.265937857293693, 3.835288638398875 ], [ -77.266121248703342, 3.835348411298236 ], [ -77.266563624543736, 3.835443005127142 ], [ -77.266666526918087, 3.835476601188032 ], [ -77.266755172103586, 3.835516360010767 ], [ -77.266987835996872, 3.835666688434207 ], [ -77.267297898938594, 3.835911925219246 ], [ -77.26740097958178, 3.836013750232147 ], [ -77.267474775877574, 3.836109104565273 ], [ -77.267685683632877, 3.836478376343635 ], [ -77.267935185320567, 3.836833392561953 ], [ -77.268003722471718, 3.836970468128164 ], [ -77.268066500365578, 3.837179725906056 ], [ -77.268066500260957, 3.837514541672391 ], [ -77.267951407988889, 3.83783889494303 ], [ -77.267647980648263, 3.838288803740795 ], [ -77.267491036444596, 3.838634080762348 ], [ -77.267522425878511, 3.838958433940362 ], [ -77.267784000052146, 3.839251398201894 ], [ -77.268150204543716, 3.839502509254239 ], [ -77.268558260726792, 3.839607139236833 ], [ -77.26881983577448, 3.839596675931329 ], [ -77.269050021562691, 3.839418807707209 ], [ -77.269227891391822, 3.839157231003299 ], [ -77.269332521901276, 3.838979359675954 ], [ -77.269552244758586, 3.838791027667926 ], [ -77.269876597780083, 3.838634080829506 ], [ -77.269956230878378, 3.83860325526252 ], [ -77.270023395316471, 3.838607195205058 ], [ -77.270111295787274, 3.838588078372027 ], [ -77.270193231796711, 3.838544608295552 ], [ -77.270277708507336, 3.8384748830344 ], [ -77.270362060708862, 3.838384114643871 ], [ -77.270693628854062, 3.837987106829168 ], [ -77.270788598285193, 3.837903760975116 ], [ -77.270901696569183, 3.837827060705477 ], [ -77.271087342668409, 3.837734516627803 ], [ -77.271282986907053, 3.837672687398811 ], [ -77.271481360811379, 3.83764352829837 ], [ -77.271686815023344, 3.837644667226649 ], [ -77.271855213576885, 3.837669343718675 ], [ -77.272010091816753, 3.837714619137851 ], [ -77.272133430588823, 3.837772776073005 ], [ -77.272293547717226, 3.837849356895187 ], [ -77.272596973799267, 3.838006302308075 ], [ -77.272963179070643, 3.83834111933777 ], [ -77.273235215462279, 3.838665472062778 ], [ -77.273392160360103, 3.839010749773338 ], [ -77.273414099797279, 3.839155542693882 ], [ -77.273507254121796, 3.839481582725031 ], [ -77.273632810065251, 3.839962882053155 ], [ -77.273831606610756, 3.840370937223992 ], [ -77.273999013329799, 3.840632513131967 ], [ -77.274155958658085, 3.840684827691916 ], [ -77.274386144912867, 3.840642978195044 ], [ -77.274469848317906, 3.84050695678626 ], [ -77.274490774804633, 3.840318622098603 ], [ -77.274501237562177, 3.840046584222394 ], [ -77.27451170024257, 3.839701306048263 ], [ -77.274595404464364, 3.839502509411883 ], [ -77.274741885498599, 3.839376953380736 ], [ -77.274930219742473, 3.839282786704223 ], [ -77.275118553273231, 3.839293252441307 ], [ -77.275285961480677, 3.839293251891959 ], [ -77.275411518021599, 3.83919908313895 ], [ -77.275453369844371, 3.839031675371237 ], [ -77.275463832673765, 3.838738711546097 ], [ -77.275453369242769, 3.838288803751831 ], [ -77.275474295962866, 3.83809000709269 ], [ -77.275610313261581, 3.83801676638689 ], [ -77.275760217553511, 3.83798520555502 ], [ -77.275813980422626, 3.8379907250847 ], [ -77.275974905840599, 3.838027628711544 ], [ -77.276158327893825, 3.838093548642461 ], [ -77.27621716728261, 3.838100468625481 ], [ -77.276656612528924, 3.838226025233857 ], [ -77.277232076276917, 3.83849806164603 ], [ -77.277661059418875, 3.838759637210467 ], [ -77.277911956906649, 3.838986254905869 ], [ -77.2779854116704, 3.839052600905875 ], [ -77.278131893577211, 3.839125842192241 ], [ -77.278393468381068, 3.839209545966046 ], [ -77.278728283870635, 3.839293251993082 ], [ -77.278844651973387, 3.839308264939254 ], [ -77.27905263640136, 3.839335102125603 ], [ -77.279324674609114, 3.839429268219825 ], [ -77.279617637444957, 3.839575749878336 ], [ -77.279837360484976, 3.839711769594731 ], [ -77.280198139778193, 3.839791139951764 ], [ -77.280286423732363, 3.839784489657936 ], [ -77.280424702094621, 3.839762687713956 ], [ -77.280497644746504, 3.839739178590891 ], [ -77.280550788029899, 3.839710243839024 ], [ -77.280713527990102, 3.839563469407727 ], [ -77.280779292655538, 3.839518805838684 ], [ -77.280901723934164, 3.839473161110238 ], [ -77.281062603729538, 3.839439986235864 ], [ -77.281289302699321, 3.839409101788943 ], [ -77.281437973404906, 3.83940497319335 ], [ -77.281558626692188, 3.839426011086418 ], [ -77.28159260089808, 3.839440357244134 ], [ -77.281741624717696, 3.839575750224389 ], [ -77.281793938979064, 3.83980593580646 ], [ -77.281793939037712, 3.839973343852304 ], [ -77.281668383957609, 3.840360475891769 ], [ -77.281668383681051, 3.840642977635969 ], [ -77.281773012985255, 3.84088362531735 ], [ -77.282107828463822, 3.841333534015841 ], [ -77.28256819951622, 3.841846217669633 ], [ -77.282840237593419, 3.842327516668765 ], [ -77.282850700487202, 3.842578629343461 ], [ -77.282840237829802, 3.842798350070314 ], [ -77.282787922518168, 3.842976222050118 ], [ -77.282829774822176, 3.843101777870461 ], [ -77.283059960629501, 3.843290109962338 ], [ -77.283384312539596, 3.843645852130225 ], [ -77.283604035528072, 3.84400159454687 ], [ -77.283729591707825, 3.844242241847893 ], [ -77.283938851934664, 3.844880484272314 ], [ -77.284137647964258, 3.845403637070285 ], [ -77.284284129333656, 3.845780301395096 ], [ -77.284388759677569, 3.845989561751896 ], [ -77.284545704286984, 3.846136043371033 ], [ -77.284723575475454, 3.84630345089066 ], [ -77.285006075375975, 3.84666965710897 ], [ -77.285152557448455, 3.846994010054552 ], [ -77.285152557693195, 3.847370677607139 ], [ -77.28514209457613, 3.847674101862017 ], [ -77.285128205533582, 3.847727345379266 ], [ -77.285110705957266, 3.847747342640099 ], [ -77.284765427356405, 3.848228639785329 ], [ -77.284660797328087, 3.848458826696648 ], [ -77.284650334800801, 3.848636697623701 ], [ -77.28470264955763, 3.848772715244411 ], [ -77.284817742773242, 3.848877345241053 ], [ -77.285016539011963, 3.848961051376045 ], [ -77.285330428261787, 3.849107531586573 ], [ -77.28549783639798, 3.849180773333831 ], [ -77.285644318987096, 3.849306329288458 ], [ -77.285675707859127, 3.849505124810217 ], [ -77.285675708069846, 3.849798088054169 ], [ -77.285644318821667, 3.850247997093305 ], [ -77.285717558592964, 3.850875776305784 ], [ -77.285769873521758, 3.851262905605582 ], [ -77.285926818854804, 3.851398926219886 ], [ -77.286136078222697, 3.851419850954497 ], [ -77.286345338439318, 3.851325685373483 ], [ -77.286512745480181, 3.851147813590253 ], [ -77.286690616300064, 3.850865313177405 ], [ -77.28672634987835, 3.850736674973757 ], [ -77.286795246855021, 3.850488645341578 ], [ -77.286899876906844, 3.8501224405852 ], [ -77.287088210307076, 3.849871328876678 ], [ -77.287224229540954, 3.849819013988143 ], [ -77.287370710742849, 3.849777162431966 ], [ -77.287736915355566, 3.849860868433343 ], [ -77.287776024276482, 3.849880777137322 ], [ -77.288029879572647, 3.850043969623571 ], [ -77.288444163296703, 3.850173432744045 ], [ -77.288842505021222, 3.850181731975477 ], [ -77.28927148666159, 3.85024450937323 ], [ -77.289637691529791, 3.85029682435728 ], [ -77.28973185847677, 3.850411918714015 ], [ -77.289752784282683, 3.850537472021483 ], [ -77.289721395523728, 3.850663028298908 ], [ -77.289606302304293, 3.850778121894924 ], [ -77.289438894954515, 3.850882752821754 ], [ -77.289166856234885, 3.851008309302926 ], [ -77.288957597657898, 3.851196640885551 ], [ -77.288913321711107, 3.851237754660937 ], [ -77.288797164742078, 3.851508787345312 ], [ -77.288713460906408, 3.851885455183699 ], [ -77.288755312666382, 3.852164469041228 ], [ -77.288922720279018, 3.852429528852359 ], [ -77.289076177684279, 3.852778295105575 ], [ -77.289076177255239, 3.852987556984901 ], [ -77.289145930537387, 3.853196815011805 ], [ -77.28925753687318, 3.853433977412601 ], [ -77.289424944056691, 3.853573482129856 ], [ -77.289731859097131, 3.853810645389855 ], [ -77.289871364604608, 3.854033855740095 ], [ -77.290010871445233, 3.854424472204828 ], [ -77.290066673920563, 3.854577929769831 ], [ -77.290206180992342, 3.854689533890334 ], [ -77.290443341573791, 3.854759289656002 ], [ -77.290638990742934, 3.854793313593922 ], [ -77.290917663511749, 3.854912748421542 ], [ -77.291350134031575, 3.855108055724505 ], [ -77.291629146627656, 3.855247560429689 ], [ -77.291726800771599, 3.855401018372639 ], [ -77.291880258804355, 3.855652130413387 ], [ -77.29208951730061, 3.856000897326733 ], [ -77.292326678255804, 3.856265958197291 ], [ -77.292494086415687, 3.856433365219806 ], [ -77.292731247383827, 3.856600774899876 ], [ -77.292870754218129, 3.856768180586889 ], [ -77.292940507692762, 3.856991390756831 ], [ -77.29287075481362, 3.857200653389034 ], [ -77.292787051080182, 3.857382009618616 ], [ -77.292773099995259, 3.857521516923486 ], [ -77.292773099783915, 3.857688924346098 ], [ -77.292828902709871, 3.85788423255466 ], [ -77.292940507731515, 3.858065591678914 ], [ -77.293163718113647, 3.858288801954465 ], [ -77.293359026624771, 3.858428307835374 ], [ -77.293526434975448, 3.858484111217189 ], [ -77.293735694368678, 3.858498063566949 ], [ -77.293831200223195, 3.85849806443209 ], [ -77.294050212319505, 3.858529346985415 ], [ -77.29458293149996, 3.858605452704135 ], [ -77.294762773982796, 3.858643990618546 ], [ -77.294933488230939, 3.858680573936656 ], [ -77.295353969658024, 3.858860778213952 ], [ -77.295744587943489, 3.859070040408874 ], [ -77.29605150229321, 3.859307198987505 ], [ -77.296302613807299, 3.859446707876573 ], [ -77.296539774932796, 3.85961411380259 ], [ -77.296874590808983, 3.859837325010371 ], [ -77.296986195798951, 3.859934978649072 ], [ -77.297111752036557, 3.860074484951522 ], [ -77.297237307430592, 3.860213992998437 ], [ -77.297446567634196, 3.860395352977367 ], [ -77.29762792573905, 3.860520908691988 ], [ -77.297879038053182, 3.860632510703599 ], [ -77.298269655684933, 3.860632510778806 ], [ -77.298437063950814, 3.860632510880607 ], [ -77.298716076275255, 3.86066041335627 ], [ -77.298934166085871, 3.860740409787279 ], [ -77.299381103017367, 3.860963883555619 ], [ -77.300031707315071, 3.861126533284394 ], [ -77.300844952732731, 3.861126533070606 ], [ -77.301983505053684, 3.861289178593015 ], [ -77.302715433804195, 3.861533151692023 ], [ -77.303122055382019, 3.862183758994877 ], [ -77.303040730526732, 3.862997001704013 ], [ -77.303122055664659, 3.863810258248296 ], [ -77.303447353851155, 3.86429820231786 ], [ -77.303772651264069, 3.865111457868363 ], [ -77.304097958850676, 3.866168684266314 ], [ -77.304260608053056, 3.867388553777733 ], [ -77.304097958460972, 3.868527103759007 ], [ -77.30401662494944, 3.869503005752164 ], [ -77.303853976304168, 3.870478907707016 ], [ -77.303528678008419, 3.871373477743175 ], [ -77.303203380337109, 3.871942757823313 ], [ -77.303107619858181, 3.872566673165845 ], [ -77.303210324593877, 3.872700435621609 ], [ -77.303519874387021, 3.873082263642358 ], [ -77.304480424957092, 3.873186286770583 ], [ -77.305127257011378, 3.87367141421942 ], [ -77.304965542294411, 3.874479952351914 ], [ -77.304157004641908, 3.874318244785422 ], [ -77.303762042888238, 3.874210528229582 ], [ -77.303267610391103, 3.874075682780412 ], [ -77.302863340931978, 3.874722513720553 ], [ -77.301407972023455, 3.875126781872502 ], [ -77.300276013850976, 3.875045925077865 ], [ -77.299144063847365, 3.875288489664275 ], [ -77.298764831991363, 3.875463517724791 ], [ -77.298704212719443, 3.875467559858587 ], [ -77.298202737398725, 3.875604327820477 ], [ -77.297792432694322, 3.875832275297975 ], [ -77.297245366347212, 3.875877864591648 ], [ -77.297145483499321, 3.875857886197784 ], [ -77.297017419531613, 3.875832274559467 ], [ -77.296743891464715, 3.875513147287393 ], [ -77.296880651831657, 3.875011674243454 ], [ -77.297220134032244, 3.874642607802247 ], [ -77.297295502890691, 3.873415689847765 ], [ -77.296311056818524, 3.873907743668542 ], [ -77.295608159820759, 3.874541270300143 ], [ -77.295586492805455, 3.87456079929355 ], [ -77.294454534406427, 3.875450194256721 ], [ -77.294050266832258, 3.876339588857403 ], [ -77.293080013602292, 3.876420446107315 ], [ -77.292953112802238, 3.876692380270777 ], [ -77.292634109475557, 3.876751451774105 ], [ -77.292005813807378, 3.87721440703296 ], [ -77.291708200846088, 3.877941909672908 ], [ -77.291708200565452, 3.878437931313573 ], [ -77.291873541796079, 3.878801683017924 ], [ -77.292038883069097, 3.878933954378075 ], [ -77.292369564654933, 3.879066227158773 ], [ -77.292766383006011, 3.87909929497525 ], [ -77.2932624052318, 3.879132362816284 ], [ -77.293435591407203, 3.879201636589198 ], [ -77.293758428614225, 3.879330771618399 ], [ -77.293944428668198, 3.879544377251646 ], [ -77.294061022684588, 3.879960783375309 ], [ -77.29397774204358, 3.880560407981512 ], [ -77.293933778088785, 3.880656326338858 ], [ -77.293794522953135, 3.880960156791669 ], [ -77.293528023236448, 3.881343247999614 ], [ -77.293094961838875, 3.88170968797629 ], [ -77.292295463002006, 3.882192716906365 ], [ -77.291879056757907, 3.882509184591812 ], [ -77.291562589018142, 3.882975559110255 ], [ -77.291529276038418, 3.883325338567233 ], [ -77.291512619429056, 3.883558526628105 ], [ -77.291179495996943, 3.883825026837028 ], [ -77.290829714768705, 3.884074870407585 ], [ -77.29059652741806, 3.884324713625696 ], [ -77.290446621648528, 3.884807744153043 ], [ -77.290373411411352, 3.88513196175474 ], [ -77.290196777261428, 3.885507308300868 ], [ -77.289946934845716, 3.88572383737289 ], [ -77.289647123074076, 3.88607361921941 ], [ -77.289447247575481, 3.886556647557053 ], [ -77.289160037281519, 3.887176984355221 ], [ -77.288843459410657, 3.887716339133987 ], [ -77.288581124080736, 3.88826599296186 ], [ -77.288456201847538, 3.888615775209992 ], [ -77.288356264997347, 3.888978049014527 ], [ -77.28831878883301, 3.889102971126007 ], [ -77.288332037778332, 3.889189090006787 ], [ -77.288497842255651, 3.889354894050529 ], [ -77.288631093077825, 3.889665115629884 ], [ -77.288621881934745, 3.889830320073715 ], [ -77.287986215592625, 3.890408176556377 ], [ -77.28693511552548, 3.89097415257233 ], [ -77.286207434534077, 3.891216713944872 ], [ -77.286229445035829, 3.892317332207683 ], [ -77.286286820749055, 3.895186253553518 ], [ -77.286288283403962, 3.895259411205227 ], [ -77.287177677707476, 3.896067948584949 ], [ -77.288228778888907, 3.896714782281586 ], [ -77.288956468427472, 3.897361612663795 ], [ -77.289055904393237, 3.897485909899988 ], [ -77.289592989961804, 3.897810011037895 ], [ -77.290292550370779, 3.898184776095186 ], [ -77.291017096900319, 3.898597017193745 ], [ -77.291629213549882, 3.898871846787719 ], [ -77.292253822080255, 3.899121691080998 ], [ -77.292728524752974, 3.899271596408801 ], [ -77.293240703417894, 3.899508948164993 ], [ -77.293627960838862, 3.899708820326938 ], [ -77.293927772469587, 3.899833741611448 ], [ -77.294240076904188, 3.899846234301235 ], [ -77.294577365259414, 3.899908697408511 ], [ -77.294977114239245, 3.900046109733012 ], [ -77.295414340661267, 3.900258479200193 ], [ -77.295614215652279, 3.90045835079214 ], [ -77.295676676256335, 3.900683210585434 ], [ -77.295739137373459, 3.900933053768235 ], [ -77.295864058914077, 3.901195389291959 ], [ -77.295959142853604, 3.901296811409971 ], [ -77.296486182410334, 3.901516411268567 ], [ -77.296799299957343, 3.901646873849846 ], [ -77.29726318141681, 3.90181999811771 ], [ -77.297587978217067, 3.901894949741953 ], [ -77.297975235533457, 3.902019871955007 ], [ -77.298300031851312, 3.901994887942207 ], [ -77.298524891239722, 3.901919937038659 ], [ -77.298749751043403, 3.901682585410104 ], [ -77.298887163251962, 3.901407757752775 ], [ -77.299099530212928, 3.900908070652148 ], [ -77.299224452605827, 3.90072068579981 ], [ -77.299399342577161, 3.900570780122557 ], [ -77.299636694259917, 3.90043336657379 ], [ -77.299924014272477, 3.900333429422134 ], [ -77.300186350077155, 3.900233492438876 ], [ -77.3003237637746, 3.90013355732551 ], [ -77.300415674227111, 3.899989123981491 ], [ -77.300498653318996, 3.899858729958744 ], [ -77.300885911248898, 3.899346548296981 ], [ -77.301185724068105, 3.899134182920577 ], [ -77.30133562954353, 3.899146674314175 ], [ -77.301485535534255, 3.899309070568338 ], [ -77.301523011394082, 3.899508947963683 ], [ -77.301510519557709, 3.899758792257106 ], [ -77.301523011679166, 3.900083586069857 ], [ -77.301571447742887, 3.90018045612711 ], [ -77.303025046564869, 3.900595774405281 ], [ -77.304480424786959, 3.901323456295046 ], [ -77.30528896395063, 3.901889427819787 ], [ -77.305580035328845, 3.902115821314246 ], [ -77.306178357822148, 3.902697977439419 ], [ -77.306255012091555, 3.90285128994981 ], [ -77.306501769300908, 3.90334480593914 ], [ -77.306551276034924, 3.903476807390651 ], [ -77.306744332560029, 3.903991641298132 ], [ -77.307229458586718, 3.904638470309501 ], [ -77.307795433557274, 3.905366150934416 ], [ -77.308603971762622, 3.906093838700643 ], [ -77.309089096657502, 3.906578959224107 ], [ -77.309250802967753, 3.907144942018614 ], [ -77.309170973130577, 3.907960671814466 ], [ -77.30899332950672, 3.908403371665801 ], [ -77.308830931721403, 3.908940534414844 ], [ -77.308743486646151, 3.909177886388273 ], [ -77.308768470989591, 3.909340284205676 ], [ -77.308918376372432, 3.909490190333682 ], [ -77.309118251749808, 3.909540160144876 ], [ -77.309318125341079, 3.909490189817875 ], [ -77.309580461222055, 3.909290316936957 ], [ -77.309705383353773, 3.909115425014975 ], [ -77.309842797730738, 3.908865581126882 ], [ -77.30987246637433, 3.908780810655292 ], [ -77.309930242336051, 3.908615737933126 ], [ -77.310055163602016, 3.908453340341737 ], [ -77.310230054650205, 3.908415864172943 ], [ -77.310479897391403, 3.908365894208663 ], [ -77.310642295542308, 3.908340909853922 ], [ -77.310719510511973, 3.908328717551449 ], [ -77.310879648056201, 3.908303434372416 ], [ -77.310929615266971, 3.908228480403273 ], [ -77.310929615122632, 3.908081081808741 ], [ -77.310904631265814, 3.907791255432941 ], [ -77.310867155824127, 3.907503936548456 ], [ -77.310892140007709, 3.907304059668129 ], [ -77.311029553955848, 3.907154155244625 ], [ -77.311141982978441, 3.906991758331589 ], [ -77.311304381509885, 3.906829357251753 ], [ -77.311341857410525, 3.906592005743548 ], [ -77.311429302376283, 3.906279702227953 ], [ -77.311554224232253, 3.906129796563321 ], [ -77.311841544740119, 3.906129797151194 ], [ -77.311999529220301, 3.906191235394221 ], [ -77.312066403516297, 3.906217244164332 ], [ -77.312341232025744, 3.906342165682645 ], [ -77.312591074426834, 3.906517053562493 ], [ -77.312671943967146, 3.906537269998121 ], [ -77.312837794767205, 3.906578733020367 ], [ -77.313053284884504, 3.906704435895287 ], [ -77.313290636637433, 3.906716930582713 ], [ -77.313348366097614, 3.906716931339783 ], [ -77.313478948803038, 3.906716930587722 ], [ -77.313565463891251, 3.906716930756687 ], [ -77.313752846223721, 3.906654466659243 ], [ -77.313902752469545, 3.90646708416617 ], [ -77.313940228986766, 3.906279701744942 ], [ -77.313942519428878, 3.906253358759775 ], [ -77.313965213607631, 3.905992383882127 ], [ -77.313940228766583, 3.905580139893717 ], [ -77.313927736997755, 3.905280328183108 ], [ -77.314015181608141, 3.905030485397137 ], [ -77.314190072578995, 3.904855595689217 ], [ -77.314427423647729, 3.904680704110086 ], [ -77.314552156439674, 3.904669861388416 ], [ -77.31471474325383, 3.904655719635453 ], [ -77.315201938650134, 3.904643228299497 ], [ -77.315389320527387, 3.904618244076891 ], [ -77.315589196049203, 3.904505814260272 ], [ -77.315614179926882, 3.904430864215022 ], [ -77.315614179892876, 3.90433092586551 ], [ -77.31557670348117, 3.904131049440926 ], [ -77.315476765890196, 3.903893697146218 ], [ -77.315514242807581, 3.903743792047103 ], [ -77.315646356627283, 3.903611677696305 ], [ -77.315683144190984, 3.903577678713956 ], [ -77.315851530519268, 3.903481456131343 ], [ -77.316076389336999, 3.903468964991993 ], [ -77.316238788252875, 3.903468965329209 ], [ -77.316338725976081, 3.903431489855643 ], [ -77.316476139748758, 3.903269088599453 ], [ -77.316651029802742, 3.903006753405486 ], [ -77.316800426721713, 3.902857357561401 ], [ -77.316825920557051, 3.902831864209045 ], [ -77.316975826300094, 3.902706942217102 ], [ -77.317200686042327, 3.902656976016359 ], [ -77.317375575437154, 3.902656975919963 ], [ -77.317600434378591, 3.902731925951693 ], [ -77.317647772353951, 3.902792174594425 ], [ -77.317737848291898, 3.902906815874609 ], [ -77.317825293513678, 3.903006752901216 ], [ -77.31801267706939, 3.903069216151718 ], [ -77.318162582954486, 3.903081707962798 ], [ -77.318324980802743, 3.903031738079246 ], [ -77.318462394723369, 3.90303173800608 ], [ -77.318624792707922, 3.903081707854048 ], [ -77.318762206444916, 3.903069216383373 ], [ -77.318862143872593, 3.902969277775763 ], [ -77.318862143704933, 3.902794386408504 ], [ -77.318912112885812, 3.90258202116045 ], [ -77.319037034908831, 3.902419624203126 ], [ -77.319339885457367, 3.902279676793957 ], [ -77.319923524700869, 3.902131990182992 ], [ -77.320302810640399, 3.902174136214609 ], [ -77.320523602851367, 3.902232238842056 ], [ -77.320686000267941, 3.902419624447241 ], [ -77.320760953993613, 3.902544545691448 ], [ -77.320760953997706, 3.902681959092616 ], [ -77.320686000640549, 3.90279438625257 ], [ -77.320511110459094, 3.903019246023697 ], [ -77.320448649261024, 3.903231613204853 ], [ -77.320448649478806, 3.903443980849586 ], [ -77.320511110968539, 3.903643853985474 ], [ -77.320710985497541, 3.90391868156058 ], [ -77.32073596965003, 3.904143541304708 ], [ -77.320735969627336, 3.904318434044588 ], [ -77.320636032293365, 3.90456827663483 ], [ -77.320423666096119, 3.905080455569071 ], [ -77.320261266389622, 3.905717556774217 ], [ -77.320211298902592, 3.906017367443598 ], [ -77.320286251927556, 3.906154779767442 ], [ -77.320448649463373, 3.906404623897185 ], [ -77.320570356604449, 3.906821519054692 ], [ -77.321136331220174, 3.907710915091489 ], [ -77.321179317091335, 3.907764643333277 ], [ -77.321783163261529, 3.908519451692475 ], [ -77.321902728630889, 3.908642288413953 ], [ -77.322047647702561, 3.908840596796962 ], [ -77.322156089007052, 3.909046635014386 ], [ -77.322172568417329, 3.909077948056414 ], [ -77.322174017540846, 3.909114153635256 ], [ -77.322185061275533, 3.909390254816513 ], [ -77.322110108325674, 3.909752525371158 ], [ -77.321860265004489, 3.910127290077851 ], [ -77.321647897906118, 3.910427103637125 ], [ -77.321560452235531, 3.910639468749452 ], [ -77.321572944238952, 3.910864327671425 ], [ -77.321646733362073, 3.911016823881925 ], [ -77.321760327923968, 3.91125158571647 ], [ -77.321847772341542, 3.911451461959178 ], [ -77.321847772433728, 3.911763764914236 ], [ -77.321785311341344, 3.911963641232947 ], [ -77.32175111199092, 3.912008103254649 ], [ -77.321535468645038, 3.912288436129851 ], [ -77.32124814826733, 3.912438344025315 ], [ -77.320985812380158, 3.912488311266999 ], [ -77.320748461356118, 3.912413356961674 ], [ -77.320486125782395, 3.912200992113046 ], [ -77.320223790701519, 3.912113545592154 ], [ -77.319724103675725, 3.912101054400372 ], [ -77.31938681565147, 3.91221348397968 ], [ -77.319087003082103, 3.912438343713486 ], [ -77.318837159411501, 3.912800614923426 ], [ -77.318674761994572, 3.913100428189517 ], [ -77.318587316352122, 3.91341273116666 ], [ -77.318599808859858, 3.913725036662731 ], [ -77.318723096064133, 3.914040478635302 ], [ -77.318899620485226, 3.91442459670033 ], [ -77.318999557400275, 3.914749395376496 ], [ -77.319012050030835, 3.914974255014247 ], [ -77.318987065755167, 3.915124160394412 ], [ -77.31887815259779, 3.915233711641203 ], [ -77.318699745947853, 3.915461447180092 ], [ -77.318612300839419, 3.915636339347137 ], [ -77.318624792861684, 3.915736276663431 ], [ -77.318723331288666, 3.915834813432507 ], [ -77.318799683287978, 3.915911166418481 ], [ -77.318924605072937, 3.916086055004097 ], [ -77.318937097041328, 3.916398361209439 ], [ -77.318962081675522, 3.916760634797001 ], [ -77.319004943737625, 3.917042643212858 ], [ -77.319027725494536, 3.917521065702499 ], [ -77.318906695637651, 3.91810571724166 ], [ -77.3188668101009, 3.918366705093585 ], [ -77.318849652086456, 3.918409600841537 ], [ -77.318799683748836, 3.918596981722583 ], [ -77.318809630404715, 3.918746198073995 ], [ -77.318812175434545, 3.918784367344653 ], [ -77.31891211286316, 3.919246573775909 ], [ -77.319074510239332, 3.919721276930793 ], [ -77.319411799461136, 3.920445825278486 ], [ -77.319736595949493, 3.921045446827001 ], [ -77.320036407852896, 3.921632578814247 ], [ -77.320286251888547, 3.9221822339141 ], [ -77.320383472736651, 3.922473900177619 ], [ -77.320398681011568, 3.922694413210393 ], [ -77.320386188712192, 3.92289428758421 ], [ -77.320298743572224, 3.923281545320866 ], [ -77.320261266315001, 3.92366767731242 ], [ -77.320261266680021, 3.923868679052351 ], [ -77.320323727802261, 3.924155997836212 ], [ -77.320511110888773, 3.924430825384151 ], [ -77.320710985908278, 3.924655684921981 ], [ -77.320848398469309, 3.924868054357348 ], [ -77.320860891286301, 3.925055433907792 ], [ -77.320835906583127, 3.925167863584033 ], [ -77.32075855298821, 3.925254885988036 ], [ -77.320735969527433, 3.92528029366043 ], [ -77.320611047641137, 3.925292785915473 ], [ -77.32034871268597, 3.925255311024397 ], [ -77.320148837773445, 3.92510540204223 ], [ -77.319811548866355, 3.924967987631175 ], [ -77.319436783302976, 3.924930512257597 ], [ -77.318987066089804, 3.924918020438325 ], [ -77.318599808942153, 3.924743131639781 ], [ -77.31834996478193, 3.924568239443792 ], [ -77.318150090967393, 3.924255935566559 ], [ -77.318012676824296, 3.923893663217052 ], [ -77.317787817922081, 3.923543880960469 ], [ -77.317500497618141, 3.92338148421176 ], [ -77.31728813033601, 3.923356501365863 ], [ -77.317025795063003, 3.923393976390208 ], [ -77.316838412699425, 3.923518897402019 ], [ -77.316626046027054, 3.923768740831197 ], [ -77.316469176316602, 3.923903199074363 ], [ -77.316121037426171, 3.923952545614553 ], [ -77.315715809309353, 3.924217493809114 ], [ -77.315339351256071, 3.924605714961472 ], [ -77.314977078387955, 3.925017959289648 ], [ -77.314627298658934, 3.925667550635845 ], [ -77.314290009664219, 3.926404589689873 ], [ -77.31416508775817, 3.926941752154802 ], [ -77.314165087571411, 3.927678790591794 ], [ -77.314102627793943, 3.928528257383174 ], [ -77.313952721690171, 3.928977974714761 ], [ -77.313827800003338, 3.929152865010753 ], [ -77.313727862083354, 3.929265294892708 ], [ -77.313480374100052, 3.929318329628305 ], [ -77.313378081434379, 3.929340248871519 ], [ -77.313053284984193, 3.929390216568501 ], [ -77.312790949296343, 3.929477662780883 ], [ -77.312441168560795, 3.929752488616879 ], [ -77.311904005847538, 3.930277161291132 ], [ -77.311504255270549, 3.930739372255246 ], [ -77.31122942787097, 3.931351488662092 ], [ -77.311079521879847, 3.931963606642374 ], [ -77.311017062093981, 3.932788086807832 ], [ -77.31105453743109, 3.933550108758232 ], [ -77.311304381644192, 3.934162227282068 ], [ -77.31161668582682, 3.934512008913011 ], [ -77.311879020222563, 3.934624438836023 ], [ -77.312164952795897, 3.934760595314915 ], [ -77.312503629513557, 3.934849294999729 ], [ -77.312753472950888, 3.935011696393307 ], [ -77.312828425399005, 3.935211567720443 ], [ -77.312928363402577, 3.9355238745857 ], [ -77.312890886612792, 3.935873652623046 ], [ -77.312753472630746, 3.936198450325297 ], [ -77.312703504584292, 3.936510753232232 ], [ -77.312703504911084, 3.936798076086335 ], [ -77.312728488603412, 3.93714785433711 ], [ -77.312865902885221, 3.937422684909338 ], [ -77.313065776776909, 3.937847417012149 ], [ -77.313165714523748, 3.938197198581911 ], [ -77.313178206534161, 3.938684391290789 ], [ -77.313303128328528, 3.939096634264074 ], [ -77.313552971854364, 3.939783702385347 ], [ -77.313890260769156, 3.94108288768868 ], [ -77.314027675021009, 3.941782450220412 ], [ -77.314227548562286, 3.942182199218042 ], [ -77.3143274866231, 3.942457025667246 ], [ -77.314339978913424, 3.942656903424729 ], [ -77.314339978803503, 3.942856775867928 ], [ -77.314339978378456, 3.943019175895847 ], [ -77.314414931352303, 3.943206557156241 ], [ -77.314577329831806, 3.943381449749556 ], [ -77.314764712649861, 3.943531354674506 ], [ -77.314939602496423, 3.943656276821615 ], [ -77.315089508556611, 3.943768706840338 ], [ -77.315226922449, 3.944018550364107 ], [ -77.315401812752299, 3.944280885629866 ], [ -77.315539226799032, 3.944368328234361 ], [ -77.315751593676751, 3.944455774375423 ], [ -77.315814054882338, 3.94464315607402 ], [ -77.31585153027585, 3.944843031255826 ], [ -77.315801562690339, 3.945192813181571 ], [ -77.315626671827943, 3.945517607779772 ], [ -77.315626671732801, 3.945842404566196 ], [ -77.315714117705596, 3.946217171030943 ], [ -77.315814054421722, 3.94674184102621 ], [ -77.315913991733296, 3.946966700578644 ], [ -77.316051405302048, 3.947104115287968 ], [ -77.316263772241641, 3.947341466899669 ], [ -77.316588568209895, 3.947703739993378 ], [ -77.316850904698981, 3.948103488792825 ], [ -77.317175701097028, 3.948540712813631 ], [ -77.317450529012504, 3.948965449603121 ], [ -77.317600434451862, 3.949327720143116 ], [ -77.317637911400297, 3.949764947364823 ], [ -77.317625419667735, 3.949989807317694 ], [ -77.31752548142164, 3.950327094112748 ], [ -77.317250653646695, 3.950576937272037 ], [ -77.31706374269902, 3.950687699720576 ], [ -77.316975703526651, 3.950795905172992 ], [ -77.316927292907238, 3.951063862755425 ], [ -77.316975838426799, 3.951356154863794 ], [ -77.317014763329468, 3.951571037395982 ], [ -77.316913365241334, 3.951763695563027 ], [ -77.31677595201144, 3.951838646053076 ], [ -77.316588568622791, 3.951888616780685 ], [ -77.316376202726573, 3.951826153967995 ], [ -77.316238788435214, 3.951663756582301 ], [ -77.316151342589905, 3.951388930211282 ], [ -77.316076389349675, 3.951176562189491 ], [ -77.315814054692822, 3.950889242552558 ], [ -77.315689133019703, 3.950876751059226 ], [ -77.315314367805925, 3.95087675061176 ], [ -77.314927110415596, 3.951014164626458 ], [ -77.314652283087852, 3.951114100368246 ], [ -77.314477392727767, 3.951126595207731 ], [ -77.314339978218484, 3.951126595179109 ], [ -77.314215056514669, 3.951039147806764 ], [ -77.314127611886605, 3.950876751218518 ], [ -77.314027675029223, 3.950876751283543 ], [ -77.313840291682197, 3.950964193763904 ], [ -77.31367789350935, 3.951264007917083 ], [ -77.313590448223309, 3.951513852360669 ], [ -77.313590448785618, 3.951901108888507 ], [ -77.313615432512819, 3.952088488697725 ], [ -77.313609191141467, 3.952346172462625 ], [ -77.313640416299407, 3.952713097885028 ], [ -77.313615432482251, 3.952975434415206 ], [ -77.313503002412702, 3.953175310306709 ], [ -77.313228175332426, 3.953587550184563 ], [ -77.313115795486922, 3.953816054880521 ], [ -77.31302599991443, 3.954109662239968 ], [ -77.312832196454195, 3.954499451222521 ], [ -77.312662577636459, 3.954645641627085 ], [ -77.312468711210883, 3.954718775382738 ], [ -77.312129399669089, 3.95469449173746 ], [ -77.311886989855381, 3.954524038106959 ], [ -77.311693034911329, 3.954231773156889 ], [ -77.311692953446951, 3.953890742851586 ], [ -77.311691638974153, 3.953662505731423 ], [ -77.311344212089423, 3.953852798800864 ], [ -77.310967092354957, 3.953974806957005 ], [ -77.310317499599719, 3.95409972924708 ], [ -77.309667906236598, 3.954199668272553 ], [ -77.309268157608003, 3.954349573116129 ], [ -77.30908077428478, 3.954561940749534 ], [ -77.308993329478284, 3.954836767757647 ], [ -77.308993329734946, 3.955186550324829 ], [ -77.308993329716373, 3.955648758135744 ], [ -77.308994815674282, 3.95567698687473 ], [ -77.309018313593199, 3.956123460564604 ], [ -77.309105759791478, 3.956523210039536 ], [ -77.309205696477846, 3.956823021830633 ], [ -77.309430555259596, 3.957110343909198 ], [ -77.309484367600092, 3.9572333423732 ], [ -77.309530492388177, 3.957310217261113 ], [ -77.309592953249577, 3.957435137959422 ], [ -77.309592954092608, 3.957597538967842 ], [ -77.309530493083713, 3.957684981636319 ], [ -77.309487269571974, 3.957700698815143 ], [ -77.309393078377198, 3.957734952418105 ], [ -77.309080774251669, 3.957747444405487 ], [ -77.308755978999685, 3.957784918635072 ], [ -77.308506134779066, 3.957784919409268 ], [ -77.308218815020425, 3.95772246064089 ], [ -77.307906510591067, 3.957647506205305 ], [ -77.307719129081192, 3.957635013914022 ], [ -77.30759420660857, 3.957722460606498 ], [ -77.307269410238746, 3.957909840689422 ], [ -77.306985755795424, 3.957980753849222 ], [ -77.306860723014296, 3.958009779495125 ], [ -77.306619817693417, 3.958009779124319 ], [ -77.306482403677279, 3.95790984132676 ], [ -77.306332497264052, 3.95772246114039 ], [ -77.306369973983465, 3.957472617102067 ], [ -77.306644801494073, 3.957297724362146 ], [ -77.306957105746648, 3.957247757065243 ], [ -77.307194457773804, 3.956960438620517 ], [ -77.307269410352575, 3.956623148123575 ], [ -77.307269410599957, 3.956373305061458 ], [ -77.307082028048811, 3.956073493707347 ], [ -77.306757231805662, 3.955911093935613 ], [ -77.306407450601284, 3.955948573301353 ], [ -77.305870287471691, 3.955998538878829 ], [ -77.30545804539895, 3.956298351384418 ], [ -77.304845929290252, 3.956935450892878 ], [ -77.304283782020804, 3.95753507637687 ], [ -77.304109382344606, 3.95763813175883 ], [ -77.304008954103338, 3.957697473766472 ], [ -77.30373412565406, 3.957784919001674 ], [ -77.303520414332908, 3.95779159962512 ], [ -77.303211214095612, 3.958058090870824 ], [ -77.303030595560898, 3.958239707610954 ], [ -77.302959611605303, 3.958297098258083 ], [ -77.30224755761418, 3.958834261015411 ], [ -77.301710394305843, 3.959084104586752 ], [ -77.301085785718996, 3.95909659682679 ], [ -77.300486161869713, 3.959071613389684 ], [ -77.299611709292407, 3.958909214719607 ], [ -77.298924640385493, 3.958721832177853 ], [ -77.29830003202467, 3.958347070409121 ], [ -77.29708829183123, 3.959858619106842 ], [ -77.297413088083516, 3.960258371367852 ], [ -77.297502585308067, 3.960377699011393 ], [ -77.297712899655551, 3.960658119838885 ], [ -77.298075172510295, 3.961095343921868 ], [ -77.298424953327029, 3.961582538770281 ], [ -77.298862180002885, 3.961969795755754 ], [ -77.299424327606388, 3.962382037905216 ], [ -77.299474295240444, 3.962631880905681 ], [ -77.299261929297145, 3.962881723677247 ], [ -77.298874671440984, 3.963106584270998 ], [ -77.298412461938952, 3.963406396087451 ], [ -77.297937759743974, 3.963718700779446 ], [ -77.297288166741339, 3.964230879750888 ], [ -77.296825955905376, 3.964605644827562 ], [ -77.296338762088553, 3.96510533197642 ], [ -77.295614215983605, 3.965642493791801 ], [ -77.295214465966126, 3.966029751242542 ], [ -77.294614841769203, 3.966579407131802 ], [ -77.294277553459324, 3.967004142013568 ], [ -77.293965248316283, 3.967591272935696 ], [ -77.293528023750923, 3.968390774017521 ], [ -77.293203226831352, 3.969165286750014 ], [ -77.292753508345072, 3.970039739875035 ], [ -77.292353759451601, 3.970776778941902 ], [ -77.29217575208132, 3.970972614322402 ], [ -77.292098657235073, 3.971039060396661 ], [ -77.291516783836187, 3.971763656744944 ], [ -77.291104543058395, 3.972350789798607 ], [ -77.290679808608772, 3.972950416209575 ], [ -77.290267566973853, 3.973575024605135 ], [ -77.290067691317688, 3.974237109188311 ], [ -77.289817848524933, 3.975111561162791 ], [ -77.289617974114364, 3.975911058091753 ], [ -77.289592989923051, 3.976485700728104 ], [ -77.289680434433919, 3.976822985666514 ], [ -77.289755387480227, 3.976997879148347 ], [ -77.290030215389436, 3.977235227780948 ], [ -77.290217598063009, 3.977460087386194 ], [ -77.29036750448833, 3.977722422247306 ], [ -77.290442457541587, 3.978084695028452 ], [ -77.290442457852393, 3.978446968768373 ], [ -77.290342519383998, 3.978784258842598 ], [ -77.290180121607236, 3.978984131837323 ], [ -77.290017723526489, 3.979121544981934 ], [ -77.2899618383193, 3.979129827171571 ], [ -77.289680434761465, 3.979171515564569 ], [ -77.289305669655008, 3.979071578043869 ], [ -77.288930904329845, 3.978909181163834 ], [ -77.288834519426175, 3.978896154280499 ], [ -77.288543647422941, 3.978759276072046 ], [ -77.288143898097232, 3.978734288341605 ], [ -77.287706671975755, 3.978721795792385 ], [ -77.28738187562054, 3.97880924334592 ], [ -77.287144524930952, 3.978909180734849 ], [ -77.286969634078105, 3.979134037936241 ], [ -77.286890396907253, 3.979400564150734 ], [ -77.286832219989961, 3.979596247666729 ], [ -77.286694807099707, 3.980220857051546 ], [ -77.286457454451764, 3.980595621970501 ], [ -77.286207611528141, 3.980783003993516 ], [ -77.286158778086531, 3.980783003756778 ], [ -77.28599524503619, 3.980783003581814 ], [ -77.285870322794921, 3.980658082411938 ], [ -77.285782877406049, 3.980533161227186 ], [ -77.285632971870555, 3.98022085701823 ], [ -77.285570510952695, 3.979833600428845 ], [ -77.285483066009419, 3.979483818112227 ], [ -77.285395621098019, 3.979271455361166 ], [ -77.285270698249732, 3.97923397509435 ], [ -77.285070823355966, 3.979346405198569 ], [ -77.284746028028508, 3.979471326111473 ], [ -77.284446215240109, 3.979471325796053 ], [ -77.284183879391719, 3.979396373266385 ], [ -77.284021481638987, 3.979271454712207 ], [ -77.283946528622309, 3.979071577626835 ], [ -77.283909052671831, 3.978834225909857 ], [ -77.283905544661621, 3.978739506686147 ], [ -77.283941686995391, 3.97832085879898 ], [ -77.284059832449159, 3.977984204580814 ], [ -77.284158296918022, 3.97776635730974 ], [ -77.284394679910434, 3.977548495161367 ], [ -77.284462309267198, 3.977363904629106 ], [ -77.284521168947634, 3.977297690336184 ], [ -77.284808488388649, 3.977110306196936 ], [ -77.285108300596278, 3.977022863238675 ], [ -77.285295682967472, 3.976860465542015 ], [ -77.285295682843667, 3.97669806391513 ], [ -77.285195745396834, 3.976523175715565 ], [ -77.284908425674018, 3.976335792334515 ], [ -77.284583629528072, 3.976123427325261 ], [ -77.284546153038747, 3.975961026122431 ], [ -77.284621105580285, 3.975686198907622 ], [ -77.284646090429533, 3.975223987831935 ], [ -77.284683566649647, 3.974711809062099 ], [ -77.284683566263027, 3.974337044308714 ], [ -77.284633597912858, 3.973962281999868 ], [ -77.284483692074346, 3.973637483012908 ], [ -77.284096434410813, 3.973250226215492 ], [ -77.28377163853321, 3.973025365634662 ], [ -77.283396874114899, 3.972987891079815 ], [ -77.283172014396044, 3.97307533760977 ], [ -77.282879932503292, 3.973202408954494 ], [ -77.282837314694135, 3.973212176216043 ], [ -77.282620587775355, 3.97327162626764 ], [ -77.282325095545147, 3.973430098146716 ], [ -77.282226595684349, 3.973489529549924 ], [ -77.281903735269893, 3.973584247570288 ], [ -77.281935289815905, 3.97369994737516 ], [ -77.281972765682113, 3.973762404887227 ], [ -77.282122671597321, 3.973899818308708 ], [ -77.282497437056733, 3.974012248211826 ], [ -77.282822234049647, 3.9738998184339 ], [ -77.283122045524024, 3.973812372724009 ], [ -77.283421857397059, 3.973837359560624 ], [ -77.283521794658895, 3.974012247835824 ], [ -77.283459333477467, 3.97422461730724 ], [ -77.283346904935954, 3.974349538615771 ], [ -77.283097062092693, 3.974486951668672 ], [ -77.282634850786195, 3.974524427283835 ], [ -77.282172640496569, 3.974524426890417 ], [ -77.281960274064545, 3.974561903098533 ], [ -77.281860337032512, 3.974661841401635 ], [ -77.281860336609228, 3.974774270612159 ], [ -77.282010242892014, 3.974911683873447 ], [ -77.282210116399028, 3.97516152836138 ], [ -77.282322546463504, 3.97534891317449 ], [ -77.282335038623458, 3.97556127666888 ], [ -77.282335038842092, 3.975811119697183 ], [ -77.282197624896739, 3.976123426818949 ], [ -77.282047718622806, 3.976310806763574 ], [ -77.282035226448855, 3.976460712797946 ], [ -77.282072703262273, 3.976760527655754 ], [ -77.28211017978488, 3.976897941084126 ], [ -77.282210117007665, 3.977085322245508 ], [ -77.282222609870473, 3.977272706394631 ], [ -77.282222609891804, 3.977497562893572 ], [ -77.282210116981148, 3.977659962650422 ], [ -77.282135163933575, 3.977809867798251 ], [ -77.28200097140855, 3.97793595283877 ], [ -77.281523047809443, 3.977997250301892 ], [ -77.281298188536169, 3.978059712298459 ], [ -77.281198252057479, 3.978184634040725 ], [ -77.281200172943826, 3.978355873130867 ], [ -77.28158550823548, 3.978846718318154 ], [ -77.281897812693032, 3.979621232186594 ], [ -77.282222609377953, 3.980358271093599 ], [ -77.282285069902514, 3.98083297397181 ], [ -77.282247593237088, 3.98132016974473 ], [ -77.282147656701696, 3.981619979765823 ], [ -77.282010242620473, 3.981757392806558 ], [ -77.281872828750508, 3.981794870411578 ], [ -77.281735415077264, 3.981744901754634 ], [ -77.281622984769584, 3.981744902132676 ], [ -77.281577205939755, 3.981737672702121 ], [ -77.281385633366853, 3.981707427251115 ], [ -77.281273204623801, 3.981757392628789 ], [ -77.281110805902955, 3.981869824091319 ], [ -77.280989818548562, 3.981930316161612 ], [ -77.280636103277544, 3.982107176389346 ], [ -77.280483697530101, 3.982177201669842 ], [ -77.280173893825435, 3.98231954093864 ], [ -77.280099357526012, 3.982322522099323 ], [ -77.279099566355953, 3.982569384076878 ], [ -77.278774770903169, 3.982606862860282 ], [ -77.278449973759351, 3.982594370894208 ], [ -77.278237606814386, 3.982531908097786 ], [ -77.278037732424721, 3.982219606016617 ], [ -77.278037732515614, 3.981944779420664 ], [ -77.278237606474946, 3.981507550342759 ], [ -77.278375020725022, 3.980932913161749 ], [ -77.278400005358179, 3.980583130788596 ], [ -77.278150161754425, 3.979946029912656 ], [ -77.277862841572812, 3.979333912970114 ], [ -77.277525553311591, 3.978796750708628 ], [ -77.277013374430794, 3.978197124871534 ], [ -77.276513687867137, 3.977497562552954 ], [ -77.276126430565768, 3.977060338114812 ], [ -77.275726680906189, 3.976847970617925 ], [ -77.27551431337254, 3.976798001849073 ], [ -77.275401884890044, 3.976835477651047 ], [ -77.275389392252848, 3.977047845986218 ], [ -77.27542686869333, 3.977535041577617 ], [ -77.275426868788031, 3.978047219644412 ], [ -77.275351915498163, 3.97850942921345 ], [ -77.275296937836345, 3.978721489120575 ], [ -77.275301946925339, 3.978846718265887 ], [ -77.275239486476124, 3.979258958800042 ], [ -77.275127056901368, 3.979683694579269 ], [ -77.275089580353253, 3.980170890901432 ], [ -77.275214501641855, 3.980807988345895 ], [ -77.27548932928832, 3.981719918595749 ], [ -77.275764157732098, 3.982419478131613 ], [ -77.275826618370189, 3.982881688776015 ], [ -77.275814126109793, 3.983144025206616 ], [ -77.275701696603093, 3.983356393132155 ], [ -77.275644499498682, 3.983390709044098 ], [ -77.275466427976369, 3.983660891273836 ], [ -77.275016709304268, 3.983960701185844 ], [ -77.274613836595805, 3.984157454965453 ], [ -77.274248440390892, 3.984223035784511 ], [ -77.273976735439064, 3.984260511968758 ], [ -77.273676923913627, 3.984354203191997 ], [ -77.273489541997208, 3.984579063724582 ], [ -77.273461433521973, 3.984757075851461 ], [ -77.273489541352404, 3.984953829391972 ], [ -77.27364881663803, 3.985122472374839 ], [ -77.273995474458332, 3.985319225781784 ], [ -77.274351500765633, 3.98559093014683 ], [ -77.274604467914372, 3.985712727542632 ], [ -77.274894910768012, 3.985853265398702 ], [ -77.274904279861374, 3.985984432172582 ], [ -77.274866803493339, 3.986087493749757 ], [ -77.274501407519708, 3.986331091601353 ], [ -77.274022487604867, 3.986575110427141 ], [ -77.273564494908015, 3.98675270138133 ], [ -77.272946132070828, 3.98694008221041 ], [ -77.272402722794141, 3.987052511941236 ], [ -77.271503287068725, 3.987089991181976 ], [ -77.271173528506054, 3.987106475751544 ], [ -77.270620290606431, 3.987063922292734 ], [ -77.269471183656961, 3.986989780203051 ], [ -77.268392388271451, 3.987064486092013 ], [ -77.268054581263428, 3.987075923738471 ], [ -77.267787812750186, 3.987015901004205 ], [ -77.267393015244139, 3.98692707344264 ], [ -77.266755914446861, 3.986777164372815 ], [ -77.265781525648478, 3.98648984437505 ], [ -77.264769660125907, 3.986252493289016 ], [ -77.264232496831923, 3.985965173556796 ], [ -77.263970160253521, 3.985665362865778 ], [ -77.263895207265264, 3.985228135221003 ], [ -77.264005449296903, 3.984799419727476 ], [ -77.26434492589452, 3.984266240712431 ], [ -77.264619753915042, 3.983804028440366 ], [ -77.264657231054201, 3.983504215310328 ], [ -77.264657230446772, 3.983345379830373 ], [ -77.264657230773594, 3.983266865992112 ], [ -77.264657230953262, 3.982929576267078 ], [ -77.264632245580586, 3.982504843755283 ], [ -77.264544800750684, 3.982329950895054 ], [ -77.264382402331307, 3.982292474978728 ], [ -77.264195019867643, 3.982367430757606 ], [ -77.2640201297624, 3.98261727134269 ], [ -77.263964149957758, 3.982751623952245 ], [ -77.263832746530809, 3.98306698940506 ], [ -77.263657856524077, 3.983666615281714 ], [ -77.26350795107966, 3.983928950255029 ], [ -77.263358044552248, 3.984116331007543 ], [ -77.263201629800918, 3.984203229240202 ], [ -77.263133185891718, 3.984241253319193 ], [ -77.262874968729975, 3.984249077697031 ], [ -77.262508576837831, 3.984141318589363 ], [ -77.262146303288631, 3.984128824053501 ], [ -77.261734062921562, 3.984303714925045 ], [ -77.261459234409443, 3.984491097426559 ], [ -77.261390232622176, 3.984563551431654 ], [ -77.261258530802749, 3.984701836235204 ], [ -77.261209391779474, 3.984753431811574 ], [ -77.260947055961068, 3.984903337628953 ], [ -77.26065973574174, 3.984903337895888 ], [ -77.260422384354655, 3.984853369074655 ], [ -77.260210018046493, 3.9846285100581 ], [ -77.260160048385615, 3.984353683243869 ], [ -77.260160049070649, 3.984153810295206 ], [ -77.260127807222347, 3.983948128204364 ], [ -77.260089129726126, 3.98391718561929 ], [ -77.260010142240816, 3.983853995699065 ], [ -77.25977279196583, 3.983704089793434 ], [ -77.259597901902453, 3.983541692680812 ], [ -77.259535441115517, 3.983316832832906 ], [ -77.259635377860363, 3.983104466231431 ], [ -77.259885221548501, 3.982842129611604 ], [ -77.260210017368237, 3.982692224095985 ], [ -77.260285567593314, 3.982606373872246 ], [ -77.260322228067622, 3.982564712719361 ], [ -77.260484845435428, 3.982379922264084 ], [ -77.260684719588539, 3.982042631952829 ], [ -77.260734688789, 3.981855251726552 ], [ -77.260734688880063, 3.981630391665304 ], [ -77.260622259644251, 3.981455499033858 ], [ -77.260397400672701, 3.981405531031065 ], [ -77.260122572798963, 3.981492977699727 ], [ -77.259797775749007, 3.981630392215002 ], [ -77.259435502929506, 3.981680357629287 ], [ -77.258985784390944, 3.981692849787724 ], [ -77.258685972704924, 3.981742821797902 ], [ -77.258173793892922, 3.981955185556041 ], [ -77.257761552782668, 3.982192536680058 ], [ -77.257496716325548, 3.982342999317384 ], [ -77.25727435771239, 3.9823924137392 ], [ -77.256987037497709, 3.98240490501078 ], [ -77.256799044783506, 3.982291254938056 ], [ -77.256674733408573, 3.982042632001163 ], [ -77.256674733594721, 3.981792787879127 ], [ -77.256812147678104, 3.981567929122238 ], [ -77.256924577015766, 3.981355565179272 ], [ -77.256949562119644, 3.981118212865053 ], [ -77.257012021920303, 3.980880861028502 ], [ -77.257174420749706, 3.980693477068594 ], [ -77.257299341370853, 3.980531079174215 ], [ -77.257299341464787, 3.980318712245363 ], [ -77.257211897048776, 3.979993916806345 ], [ -77.257086974814356, 3.979943946737887 ], [ -77.256762178970931, 3.98000640768811 ], [ -77.256487350635936, 3.980143822423724 ], [ -77.256200030451708, 3.980343698735826 ], [ -77.255937695266908, 3.98049360421852 ], [ -77.255637883445587, 3.980543571226824 ], [ -77.255150688969579, 3.980568555199948 ], [ -77.254900845993802, 3.980556062703456 ], [ -77.254663493834059, 3.980506095004549 ], [ -77.254388666743779, 3.980293726583759 ], [ -77.254251252776356, 3.98010634677226 ], [ -77.254101346276698, 3.979906469764901 ], [ -77.253926788078076, 3.979972681657365 ], [ -77.248651734804497, 3.98064653015114 ], [ -77.248586053912959, 3.981069804740605 ], [ -77.248482992658637, 3.981641319817546 ], [ -77.248333087012568, 3.982053564669244 ], [ -77.248042643753919, 3.982550129370145 ], [ -77.247667878630068, 3.982906152335061 ], [ -77.247208792041519, 3.983149750271151 ], [ -77.246712227615575, 3.983421455341618 ], [ -77.246431153299099, 3.983627576068479 ], [ -77.24636273385876, 3.983678149654546 ], [ -77.246206294615874, 3.983891471743749 ], [ -77.246190012106055, 3.983937450119797 ], [ -77.246196926078767, 3.98412414037232 ], [ -77.246337462697113, 3.984330262958767 ], [ -77.246440523836839, 3.984414581610868 ], [ -77.246646643748917, 3.984470798928205 ], [ -77.246862133398992, 3.984536381433892 ], [ -77.247105731859108, 3.984686287152972 ], [ -77.247246268392914, 3.984836196175804 ], [ -77.247339959361824, 3.984967363250618 ], [ -77.247433650934767, 3.985173480708816 ], [ -77.247508603244199, 3.985332757032593 ], [ -77.247555449327152, 3.985407710096363 ], [ -77.247630402886458, 3.985492034139195 ], [ -77.247799047019157, 3.985585723065649 ], [ -77.247920846032613, 3.985763738304203 ], [ -77.248033275101207, 3.986054179323844 ], [ -77.248070751358924, 3.98628840784746 ], [ -77.248211288353843, 3.986513269280838 ], [ -77.248389301399641, 3.986672542301275 ], [ -77.248567315744864, 3.986700649212277 ], [ -77.248867127941949, 3.986728756955383 ], [ -77.24911072464468, 3.98677560382054 ], [ -77.249335584103349, 3.98685992408625 ], [ -77.249579180268867, 3.987047307934414 ], [ -77.249794671096495, 3.987347118776783 ], [ -77.249822778512254, 3.987515765871656 ], [ -77.249822778647385, 3.987721883647848 ], [ -77.249757195030639, 3.987974850274292 ], [ -77.249709798052365, 3.988025037203464 ], [ -77.249588549587585, 3.988274665382514 ], [ -77.249373059741245, 3.988377722688407 ], [ -77.249035771665348, 3.98850889086038 ], [ -77.248567315754926, 3.9885651061638 ], [ -77.248098858352748, 3.988602582102482 ], [ -77.247789677914056, 3.988668167823002 ], [ -77.24761166454644, 3.988771226408151 ], [ -77.247396174331044, 3.988911765576103 ], [ -77.247190053574244, 3.989145990922141 ], [ -77.246983932970821, 3.989398958243711 ], [ -77.24680591959347, 3.989492649131238 ], [ -77.246543584017189, 3.989483279546425 ], [ -77.246299987046527, 3.989398957793722 ], [ -77.24598143603275, 3.989174100585753 ], [ -77.245859637339123, 3.989174100560257 ], [ -77.245709731831624, 3.989286530937695 ], [ -77.245466133344749, 3.989530129131062 ], [ -77.245231905861274, 3.989651924286153 ], [ -77.244978939478514, 3.989680033766112 ], [ -77.244784593172, 3.989627028968498 ], [ -77.244706145603502, 3.989598324174473 ], [ -77.244519851857035, 3.98951138673487 ], [ -77.24424814749608, 3.989305268410391 ], [ -77.243985811512829, 3.989080408040619 ], [ -77.243545463124249, 3.98861195068333 ], [ -77.243039529868085, 3.988012329744205 ], [ -77.242767825940689, 3.987581347433449 ], [ -77.24247738244128, 3.987262799259804 ], [ -77.242186939650637, 3.986953615882401 ], [ -77.241990283558749, 3.986642570927268 ], [ -77.241868388855124, 3.986410207150908 ], [ -77.24158731432604, 3.985848062149572 ], [ -77.241409301358345, 3.985688783338996 ], [ -77.241156335519989, 3.98564193943359 ], [ -77.240931476862173, 3.985745000066958 ], [ -77.240744093769251, 3.985904274296978 ], [ -77.240641034135308, 3.986250933391703 ], [ -77.240642299588899, 3.9863053929871 ], [ -77.240647834113616, 3.986543352826564 ], [ -77.240575449949091, 3.987009833084169 ], [ -77.240453650851777, 3.987337749867288 ], [ -77.240313113745884, 3.987590716071489 ], [ -77.240069516342132, 3.987796837785796 ], [ -77.239844657281097, 3.987853052267861 ], [ -77.239591690810485, 3.987890531170025 ], [ -77.239479261348734, 3.98801232985707 ], [ -77.239483207942712, 3.98807942080409 ], [ -77.239488630581562, 3.988171603971543 ], [ -77.239563583420804, 3.988321509066221 ], [ -77.239769704715414, 3.988424569690808 ], [ -77.240032039746353, 3.98852763241795 ], [ -77.240210053432904, 3.988536999876121 ], [ -77.240463019988439, 3.988537000212079 ], [ -77.240744093740332, 3.988537000193006 ], [ -77.241043905683426, 3.988527631719029 ], [ -77.241287502734636, 3.988565105754673 ], [ -77.241465516630626, 3.988668167760019 ], [ -77.241624792060662, 3.988743119396929 ], [ -77.24168100699282, 3.988902396709828 ], [ -77.241737221664835, 3.989089776664582 ], [ -77.241812174535866, 3.989314637411634 ], [ -77.241821544067619, 3.98954886557943 ], [ -77.241896496727605, 3.9897830922994 ], [ -77.24194334186592, 3.990092273907615 ], [ -77.241971449956282, 3.990317133610125 ], [ -77.241971449911276, 3.990541990984312 ], [ -77.241943341426463, 3.990729374639727 ], [ -77.241849650773602, 3.990869910636789 ], [ -77.241652898872104, 3.99106666460223 ], [ -77.241474885842123, 3.991282152864575 ], [ -77.241362455351805, 3.991422688634283 ], [ -77.241221919652716, 3.991713134093089 ], [ -77.241090751675998, 3.992069159364649 ], [ -77.240903368468437, 3.992275279865568 ], [ -77.240744093768598, 3.992359604167926 ], [ -77.240636184665618, 3.992352407785819 ], [ -77.240603557064816, 3.992350234755283 ], [ -77.240491127341031, 3.992237804785324 ], [ -77.24039743585125, 3.991984838061008 ], [ -77.240238160565426, 3.991834932904574 ], [ -77.239891502721036, 3.991666287413842 ], [ -77.239666643960291, 3.991759978114386 ], [ -77.239441784302599, 3.991937990600527 ], [ -77.239192425546292, 3.992279706639068 ], [ -77.238954591134458, 3.992537616192148 ], [ -77.238607932512494, 3.992846798687331 ], [ -77.238317489671346, 3.993109133875328 ], [ -77.238120737316422, 3.993296515130184 ], [ -77.237830294400879, 3.993596330213242 ], [ -77.237708496313132, 3.993643172790378 ], [ -77.237539852071293, 3.993615066683262 ], [ -77.23738994608776, 3.993474530651006 ], [ -77.23720256358601, 3.993343362585919 ], [ -77.23694959696401, 3.993305883923553 ], [ -77.236738855553668, 3.993329302138071 ], [ -77.236696631078033, 3.993333991405684 ], [ -77.236303127297134, 3.993502637218584 ], [ -77.23580656403297, 3.993690018436997 ], [ -77.235625456444339, 3.993774255309476 ], [ -77.235522365743236, 3.993822205757906 ], [ -77.235403690977606, 3.993877401656799 ], [ -77.234972711124257, 3.994036675916239 ], [ -77.234541731545903, 3.994121000258074 ], [ -77.234185704530546, 3.99412100022667 ], [ -77.234023403961345, 3.994088539826606 ], [ -77.233951476290756, 3.994074153219398 ], [ -77.233707878731593, 3.993942985288625 ], [ -77.233586665642022, 3.993835240179358 ], [ -77.233492388334625, 3.99372749726021 ], [ -77.233417435336051, 3.993558849634012 ], [ -77.233342482254244, 3.993202826567118 ], [ -77.233335686853849, 3.993140686088672 ], [ -77.233276898861646, 3.992603200636055 ], [ -77.233239423057768, 3.992331497246018 ], [ -77.233155100527725, 3.992209698883077 ], [ -77.232967717729125, 3.992087900390101 ], [ -77.232843331772898, 3.992048320220494 ], [ -77.232761596706041, 3.992022313578855 ], [ -77.23251799925589, 3.992012944270404 ], [ -77.232321242049679, 3.992054171754432 ], [ -77.231955851881764, 3.992200330303522 ], [ -77.231590455733198, 3.992434555440127 ], [ -77.231277783765179, 3.99253329354404 ], [ -77.231234429600875, 3.992546985379803 ], [ -77.230962724501424, 3.992593832788898 ], [ -77.230644175110854, 3.992621939165509 ], [ -77.230484898282555, 3.99265004476625 ], [ -77.230203825360448, 3.992743738015046 ], [ -77.229950858300398, 3.992837430280622 ], [ -77.22968852407638, 3.99296859785273 ], [ -77.229625567770512, 3.993042044246903 ], [ -77.229576094014888, 3.993099766358341 ], [ -77.229547987045962, 3.993221563995966 ], [ -77.229585462474674, 3.99339957613765 ], [ -77.229697892477603, 3.993549481036041 ], [ -77.229819691134011, 3.993736866274005 ], [ -77.229883343428654, 3.993891450608098 ], [ -77.230007073419543, 3.99410226332199 ], [ -77.230119502264174, 3.994280273778406 ], [ -77.230597328587734, 3.994889267757006 ], [ -77.23087840239036, 3.995367092169108 ], [ -77.230915878673258, 3.995582582097571 ], [ -77.230915878896312, 3.9957887039803 ], [ -77.230906509946365, 3.995947977573316 ], [ -77.230831556945233, 3.996079145589423 ], [ -77.23070975769707, 3.996191575588844 ], [ -77.230531744736041, 3.99623842104581 ], [ -77.230241301319808, 3.996238420981328 ], [ -77.230044549413833, 3.996238421402095 ], [ -77.229960701807258, 3.996257478621855 ], [ -77.229838430116274, 3.996285267841315 ], [ -77.229725999293493, 3.996397698111589 ], [ -77.22953861647521, 3.996631924045331 ], [ -77.229341865888699, 3.9970160622612 ], [ -77.229126375802679, 3.997250286754209 ], [ -77.228959015269908, 3.997376271446845 ], [ -77.228695395592638, 3.997484514863181 ], [ -77.228283153320476, 3.99753136326382 ], [ -77.227964604146379, 3.997531363027948 ], [ -77.227571100880425, 3.997353347388338 ], [ -77.226999583327469, 3.996866153307467 ], [ -77.226203208027485, 3.995844917827008 ], [ -77.225734751636949, 3.995451413622611 ], [ -77.225444308469122, 3.995235923764529 ], [ -77.225303771729145, 3.995235923699238 ], [ -77.225144496448124, 3.995320246333972 ], [ -77.225107019546968, 3.995470152971141 ], [ -77.225107019512834, 3.995769966891751 ], [ -77.225107019202099, 3.99601255163501 ], [ -77.225097650586861, 3.996191576081841 ], [ -77.225050804927392, 3.996360220388875 ], [ -77.224938375541242, 3.99645391096217 ], [ -77.224732254650718, 3.996482017644268 ], [ -77.224479288940813, 3.996425804791351 ], [ -77.224388514314612, 3.996350816899699 ], [ -77.224263798620512, 3.996247790125881 ], [ -77.22402020037039, 3.996051039138071 ], [ -77.223814080987623, 3.996032302435978 ], [ -77.223607959466264, 3.996051038884228 ], [ -77.223476791715782, 3.996200944433852 ], [ -77.223486160828955, 3.996341481236769 ], [ -77.223589222018276, 3.996538235010573 ], [ -77.223795342066836, 3.996763091796681 ], [ -77.223952812064567, 3.997030789956252 ], [ -77.223982725032684, 3.997081642947651 ], [ -77.22416073735333, 3.997456408341511 ], [ -77.224320012374847, 3.997831172946272 ], [ -77.224451181077455, 3.998140353750506 ], [ -77.224460267653853, 3.998522028970635 ], [ -77.224385596309574, 3.998814932808989 ], [ -77.224266140982266, 3.999201410567171 ], [ -77.224132630927699, 3.999779951025828 ], [ -77.224007708893737, 4.000240600351535 ], [ -77.223860925926502, 4.000557588895734 ], [ -77.223607959263219, 4.00084803369792 ], [ -77.223383100937497, 4.00100730734382 ], [ -77.223346074628878, 4.001014429096826 ], [ -77.223139502269916, 4.001054152720903 ], [ -77.222933382808421, 4.000951095332397 ], [ -77.222736630988294, 4.000782447980168 ], [ -77.222521140982565, 4.000501373872861 ], [ -77.22235249694846, 4.000295252888274 ], [ -77.22220665677257, 4.0002605296065 ], [ -77.222155744497329, 4.000248408350864 ], [ -77.221968772809362, 4.000304499912641 ], [ -77.221855933035826, 4.000595066633919 ], [ -77.221845965636504, 4.000765067119324 ], [ -77.221743502993561, 4.000997939249149 ], [ -77.221612335698993, 4.001129105871725 ], [ -77.221494397152028, 4.001180998111398 ], [ -77.221292121625041, 4.001571102659715 ], [ -77.220942340811362, 4.002220694940053 ], [ -77.220792435143665, 4.00255382026973 ], [ -77.220625872522774, 4.002687068445094 ], [ -77.220442655131535, 4.002737035721739 ], [ -77.22025196865755, 4.002737036520617 ], [ -77.220076217483935, 4.002836973846136 ], [ -77.220009592981825, 4.002986879815449 ], [ -77.219909654410174, 4.003203412301688 ], [ -77.219780044856478, 4.003462630802129 ], [ -77.219743092997604, 4.00353653668136 ], [ -77.219659811793207, 4.003819690912635 ], [ -77.219643156108077, 4.003969600237057 ], [ -77.219659812134395, 4.004136161740823 ], [ -77.219693123505408, 4.004286067063266 ], [ -77.219759749106828, 4.004402659098054 ], [ -77.219826373610672, 4.004469283898217 ], [ -77.219843029632571, 4.004602534774302 ], [ -77.219843029396685, 4.004735784288778 ], [ -77.219759748839493, 4.004902345730251 ], [ -77.219476593387171, 4.005185502832047 ], [ -77.219043531842019, 4.00546865777365 ], [ -77.21877703129789, 4.005568594963258 ], [ -77.218527188516944, 4.005618566190892 ], [ -77.218310657830926, 4.005568594656676 ], [ -77.21817740742982, 4.00540203318044 ], [ -77.218027502085874, 4.005352066087515 ], [ -77.217944220493365, 4.005368723087516 ], [ -77.217921663451037, 4.005383758049875 ], [ -77.217794314716969, 4.005468657965827 ], [ -77.217694376553098, 4.005685190201446 ], [ -77.217577783376711, 4.006018315208792 ], [ -77.21746632971923, 4.006326955790345 ], [ -77.217361252270962, 4.006617937358383 ], [ -77.217061441111198, 4.007217561101157 ], [ -77.216928191112501, 4.007450748555772 ], [ -77.216611722495472, 4.007700592286967 ], [ -77.216145348104945, 4.008050373178789 ], [ -77.215662318014196, 4.008283560261286 ], [ -77.215112661533936, 4.008500093246263 ], [ -77.214889090899703, 4.008500092837513 ], [ -77.214629631324613, 4.008500093002689 ], [ -77.214030006600979, 4.008583374660426 ], [ -77.213630257595, 4.008733280051066 ], [ -77.213180539873704, 4.008983122780051 ], [ -77.212864071093037, 4.009199652381175 ], [ -77.212832751021494, 4.009215314917913 ], [ -77.212464322099379, 4.009399529027406 ], [ -77.212014603672515, 4.00938287198323 ], [ -77.211598198091906, 4.009349558900723 ], [ -77.211352185754762, 4.00926345439488 ], [ -77.211265073292608, 4.009232966828497 ], [ -77.210915292813013, 4.009033089821096 ], [ -77.210782042383627, 4.008716621865521 ], [ -77.210032513071852, 4.008833215245097 ], [ -77.21004916912193, 4.009182996100072 ], [ -77.210015856574998, 4.009432839598452 ], [ -77.209966183934355, 4.009573579295403 ], [ -77.20939619556448, 4.010314554225277 ], [ -77.209383321436647, 4.010597799176921 ], [ -77.209266326452763, 4.010881932652723 ], [ -77.209266326518588, 4.011265025206356 ], [ -77.209233013411961, 4.011564836898277 ], [ -77.209282982735914, 4.011847993437381 ], [ -77.209321794454183, 4.01195149511598 ], [ -77.209382919431491, 4.012114493712446 ], [ -77.209482857130453, 4.012364337040645 ], [ -77.209482856477919, 4.012413106244099 ], [ -77.209482856644712, 4.012547557090488 ], [ -77.20953282599524, 4.012664147573697 ], [ -77.209682731860923, 4.012814053804224 ], [ -77.209832638016138, 4.013030587358427 ], [ -77.209832637447818, 4.013130522159237 ], [ -77.209766013058854, 4.013263773259818 ], [ -77.209566139044369, 4.013446992926038 ], [ -77.209183044686966, 4.013813426564402 ], [ -77.20874998286429, 4.014263146921268 ], [ -77.208400203137074, 4.014413052347217 ], [ -77.208216983677275, 4.014413052438262 ], [ -77.208083733517043, 4.014429709940634 ], [ -77.207850546745476, 4.01452964533242 ], [ -77.207733953651669, 4.014696207242221 ], [ -77.207595136282336, 4.014858160753163 ], [ -77.207455708641675, 4.014923225980642 ], [ -77.207443983360108, 4.014970128871202 ], [ -77.207150985695009, 4.015145926426856 ], [ -77.206917798647169, 4.015329144649511 ], [ -77.206851173508142, 4.015695581281835 ], [ -77.206967766783748, 4.016045361812306 ], [ -77.207167641663389, 4.016211923968704 ], [ -77.207534078806532, 4.016328519890053 ], [ -77.207683984411901, 4.016328520405021 ], [ -77.208000452664123, 4.016228581352816 ], [ -77.208383547039432, 4.015995395293133 ], [ -77.208933201658951, 4.015828833097432 ], [ -77.209121853492846, 4.015741761565294 ], [ -77.209268298075756, 4.015711253360003 ], [ -77.209532825339906, 4.01557898866778 ], [ -77.209999199797963, 4.015429083640154 ], [ -77.2103822940486, 4.015295831440352 ], [ -77.210682105545629, 4.015295830875105 ], [ -77.210998574017921, 4.015345802892167 ], [ -77.211381666891342, 4.015345803184475 ], [ -77.211814728375685, 4.0153124881453 ], [ -77.21239769661716, 4.015162583284559 ], [ -77.213080601825823, 4.014879426208508 ], [ -77.213563632456697, 4.014896082005102 ], [ -77.21384678887398, 4.015162582895502 ], [ -77.213846788400005, 4.015362455973912 ], [ -77.213796819706928, 4.015545674854107 ], [ -77.21333044592923, 4.015895456428207 ], [ -77.212761592079787, 4.016384936437083 ], [ -77.212614227274329, 4.016511736116899 ], [ -77.212025714121268, 4.016993248117683 ], [ -77.211881354070741, 4.017111360029096 ], [ -77.211648166578001, 4.017444484998755 ], [ -77.211331699115135, 4.017794266068161 ], [ -77.210744537005553, 4.018254473811641 ], [ -77.210689860008031, 4.018319092697973 ], [ -77.209396195906734, 4.019370193279202 ], [ -77.208102540915803, 4.020178729608074 ], [ -77.208009889271338, 4.020242429754897 ], [ -77.207239069570107, 4.02069382209501 ], [ -77.206917798658665, 4.021092198566436 ], [ -77.206468079892645, 4.021841730102141 ], [ -77.206151611401964, 4.022641226851809 ], [ -77.205901768646115, 4.023407415224493 ], [ -77.205685237611675, 4.024123632046342 ], [ -77.205335456501189, 4.02472325702461 ], [ -77.204769144332872, 4.025572722631384 ], [ -77.204152864599024, 4.026405534753031 ], [ -77.203519927791845, 4.027171721268141 ], [ -77.202970272375964, 4.027638094954951 ], [ -77.202521211813973, 4.027943118106673 ], [ -77.202087492390305, 4.028237719579206 ], [ -77.201221368764649, 4.028637468630426 ], [ -77.200655056588118, 4.028804031339629 ], [ -77.200435980916836, 4.02886082880427 ], [ -77.199693726974317, 4.028991814242994 ], [ -77.199452465463139, 4.029474343827202 ], [ -77.199127751481058, 4.030123763114129 ], [ -77.198561777161487, 4.030528031993107 ], [ -77.198557724419018, 4.030556392792145 ], [ -77.198489747925976, 4.030602907216095 ], [ -77.198389809677039, 4.031552308915078 ], [ -77.198906153026115, 4.031618933606731 ], [ -77.199788934109378, 4.031668904633031 ], [ -77.200188682517378, 4.031752183313404 ], [ -77.200471838877618, 4.031935402072352 ], [ -77.200765364117828, 4.032261542624691 ], [ -77.201149095678232, 4.033357922675077 ], [ -77.201391658745706, 4.034166459774628 ], [ -77.201553364692742, 4.03529842007192 ], [ -77.201530886754313, 4.035455774791605 ], [ -77.201554494112642, 4.035699710948757 ], [ -77.201487868940134, 4.036282679103075 ], [ -77.201387930433725, 4.036715739215307 ], [ -77.201287993669851, 4.036948928590459 ], [ -77.201138087641709, 4.037032206979321 ], [ -77.200971525530363, 4.03701555292526 ], [ -77.200821619859312, 4.036882300608026 ], [ -77.200655056611026, 4.036532522728839 ], [ -77.200460819664599, 4.036278518776767 ], [ -77.200438525709586, 4.03624936508266 ], [ -77.20023865146419, 4.035966211924061 ], [ -77.199888871102132, 4.035766334812328 ], [ -77.19957240313208, 4.035766335383485 ], [ -77.199355871697037, 4.035982864620366 ], [ -77.19927521177371, 4.036106958424885 ], [ -77.199139340668395, 4.036315989838546 ], [ -77.198856185056897, 4.03644924200651 ], [ -77.198606340541005, 4.036449242418664 ], [ -77.198328386376005, 4.03644924239063 ], [ -77.198106654572086, 4.036482551773934 ], [ -77.197990060974817, 4.036582490079847 ], [ -77.197906779848879, 4.036799020442963 ], [ -77.197990060559775, 4.037032207424697 ], [ -77.198139966916813, 4.0371488009157 ], [ -77.198523059445122, 4.037198773337825 ], [ -77.198758457440718, 4.037268518791024 ], [ -77.198966047057112, 4.037400622056369 ], [ -77.199052835350955, 4.037458480325785 ], [ -77.199189308830455, 4.037681802010542 ], [ -77.199555745324005, 4.03788167530207 ], [ -77.199833383787166, 4.037978850047785 ], [ -77.199888870591863, 4.037998269844787 ], [ -77.200438526164788, 4.038214799300025 ], [ -77.20068836989104, 4.038331395251964 ], [ -77.20085493183629, 4.038581237711914 ], [ -77.200888243757291, 4.03889770634868 ], [ -77.200888243889793, 4.039497330846102 ], [ -77.200888243725245, 4.039697203572612 ], [ -77.200771650378073, 4.039813799442658 ], [ -77.200671714023741, 4.039813798833475 ], [ -77.200521806421492, 4.039713860148927 ], [ -77.200288619876247, 4.03961392172393 ], [ -77.19975562080586, 4.039380735273546 ], [ -77.199405840107843, 4.03938073517567 ], [ -77.199056060151577, 4.039380734921234 ], [ -77.198872840879105, 4.039530640727501 ], [ -77.198539716545937, 4.039580611727596 ], [ -77.198323185481854, 4.039563955351183 ], [ -77.198106654792412, 4.03944735993049 ], [ -77.197806843113597, 4.039247487941816 ], [ -77.197433662320748, 4.039133910584709 ], [ -77.197306493101976, 4.039126382109334 ], [ -77.196990686516784, 4.039114235611069 ], [ -77.196910192781104, 4.039114236420002 ], [ -77.196055297670853, 4.03950282485112 ], [ -77.1959744497277, 4.040392219940155 ], [ -77.196017160728957, 4.04039506535671 ], [ -77.196041281301405, 4.040696576651743 ], [ -77.196057938835096, 4.040779858015068 ], [ -77.196241156319047, 4.040779858141977 ], [ -77.196424376007315, 4.040596639680712 ], [ -77.196674218699854, 4.040546671765063 ], [ -77.196857438162382, 4.040563328919153 ], [ -77.196990686443186, 4.040679921057478 ], [ -77.197057311804144, 4.040829826741667 ], [ -77.197173906005304, 4.040896453577146 ], [ -77.197323811849628, 4.040896454024065 ], [ -77.197590311478251, 4.040796516410564 ], [ -77.197790186006017, 4.04067992110473 ], [ -77.197990060347891, 4.040596640008948 ], [ -77.19810636599172, 4.040473066388447 ], [ -77.198256560616926, 4.040313486055568 ], [ -77.198439778866287, 4.040296827791798 ], [ -77.198573028287811, 4.040280171797899 ], [ -77.198789560159028, 4.040396766785596 ], [ -77.198865860058291, 4.040473065753575 ], [ -77.198972777905766, 4.04057998702291 ], [ -77.199039402817618, 4.040563328620261 ], [ -77.199104571345387, 4.040530746417101 ], [ -77.199239278071403, 4.040463391199907 ], [ -77.199522433910673, 4.040246862107536 ], [ -77.199855557616203, 4.04014692291165 ], [ -77.200188682647791, 4.040346796168935 ], [ -77.20033858907594, 4.04062995336448 ], [ -77.200371900365411, 4.040929764188555 ], [ -77.200371900452311, 4.041129639750289 ], [ -77.200255307897024, 4.041312860424841 ], [ -77.200088746012128, 4.04137948423049 ], [ -77.199988808003525, 4.041296202972102 ], [ -77.199822246032213, 4.041196264258715 ], [ -77.199705651936071, 4.041229578652249 ], [ -77.199605714343107, 4.041362827398578 ], [ -77.199422496573405, 4.041529388941894 ], [ -77.199255933517193, 4.0415960126972 ], [ -77.198922809584033, 4.041579357291242 ], [ -77.198756246435877, 4.041579357176134 ], [ -77.198612266431013, 4.041639981094795 ], [ -77.198561776345699, 4.041685883897808 ], [ -77.197515878589968, 4.042797145292834 ], [ -77.197398765136427, 4.043130469120046 ], [ -77.197323811542702, 4.043392804219266 ], [ -77.197236366844066, 4.043580185878751 ], [ -77.197123936936009, 4.043692615824463 ], [ -77.197059855187774, 4.043719875174487 ], [ -77.196924062977885, 4.043767569922956 ], [ -77.19672418804457, 4.043842524917434 ], [ -77.196511820865638, 4.044042396570169 ], [ -77.196436867386424, 4.044229782093764 ], [ -77.196361915043596, 4.044342212343497 ], [ -77.196249484547053, 4.04446713390142 ], [ -77.196149547437713, 4.044617039445577 ], [ -77.196149547980752, 4.044729469258228 ], [ -77.196236992639697, 4.044816911125563 ], [ -77.196411883703291, 4.044929340896952 ], [ -77.196499328521298, 4.04497931181136 ], [ -77.196649234754503, 4.045066754750759 ], [ -77.196824124850124, 4.045079246995219 ], [ -77.196944100676859, 4.045160527908934 ], [ -77.196995891583342, 4.045190116746538 ], [ -77.197080214700804, 4.045274437064361 ], [ -77.197136428823484, 4.045358759072544 ], [ -77.197136428548973, 4.045405604620587 ], [ -77.197136429144251, 4.045489927323449 ], [ -77.197145798957891, 4.045592987732151 ], [ -77.197183274474398, 4.045649201784016 ], [ -77.197248858606002, 4.045686680936661 ], [ -77.197314443160522, 4.045742894137661 ], [ -77.197323811463846, 4.045836586140468 ], [ -77.197305074113217, 4.04590216929611 ], [ -77.197211381359878, 4.04595838479417 ], [ -77.197074216705914, 4.046077263000869 ], [ -77.196920938625553, 4.046276933612292 ], [ -77.196808509536211, 4.046464318287581 ], [ -77.196761663989435, 4.046604853974141 ], [ -77.196761663332182, 4.046745390682574 ], [ -77.196771032396157, 4.046885927406008 ], [ -77.19678977161189, 4.046970251081759 ], [ -77.196856481046581, 4.047036961390379 ], [ -77.196892831379387, 4.047073311678776 ], [ -77.196967785101549, 4.047279429886655 ], [ -77.196967785028292, 4.047401228873329 ], [ -77.196902200987722, 4.047588613748902 ], [ -77.196752295074106, 4.047691672227108 ], [ -77.196386898762171, 4.047935269050533 ], [ -77.196162040007565, 4.048132022293068 ], [ -77.195946549384786, 4.04823508256304 ], [ -77.195834120812179, 4.048235083311576 ], [ -77.195722752105823, 4.048207397557021 ], [ -77.195609261713031, 4.048085174943682 ], [ -77.195496831948901, 4.047869686934132 ], [ -77.195262603954504, 4.04769167214353 ], [ -77.1951033282824, 4.047738519155754 ], [ -77.195009636342803, 4.047850948852894 ], [ -77.194962791866544, 4.048047698919929 ], [ -77.194962791815854, 4.048310034339615 ], [ -77.194962792078201, 4.048563001344014 ], [ -77.194944053373405, 4.048797228784438 ], [ -77.194859731026554, 4.049031457936771 ], [ -77.194794147640792, 4.049171993977948 ], [ -77.194653610615177, 4.049396853803477 ], [ -77.194400643958005, 4.049687296079933 ], [ -77.194377831330939, 4.049828735342363 ], [ -77.194357366091566, 4.049955620997165 ], [ -77.194357365613214, 4.051630912728744 ], [ -77.194599928673028, 4.052762863382657 ], [ -77.195408465563276, 4.053813962650581 ], [ -77.195893591889543, 4.054541653338888 ], [ -77.19605529735226, 4.054784217855365 ], [ -77.196944693481001, 4.055754459565784 ], [ -77.197995793878988, 4.056077882844056 ], [ -77.198822400472636, 4.056528748581306 ], [ -77.199310066754506, 4.056376853814595 ], [ -77.200050227598581, 4.056123888180193 ], [ -77.200537422804231, 4.056002089129464 ], [ -77.200715435973876, 4.055945872875789 ], [ -77.201015247507044, 4.055795966898222 ], [ -77.20127758327601, 4.055674169194917 ], [ -77.201764777759124, 4.055627323735994 ], [ -77.202233234739992, 4.055646061123077 ], [ -77.20260799935285, 4.055711646795615 ], [ -77.202804751622551, 4.055777228944764 ], [ -77.203010872156568, 4.055973982620569 ], [ -77.203113690991358, 4.056045508555542 ], [ -77.203226361777652, 4.056123888086361 ], [ -77.203479328812463, 4.056198842624366 ], [ -77.203985262043844, 4.056283162358507 ], [ -77.204194578662381, 4.056311449704062 ], [ -77.204331919006862, 4.056330010708755 ], [ -77.204697314342368, 4.056386223174865 ], [ -77.204987757458554, 4.056330011137454 ], [ -77.205334416007005, 4.05618947063904 ], [ -77.205671704637268, 4.056039564738403 ], [ -77.206008992973253, 4.055983350650794 ], [ -77.206552402504968, 4.055917766424257 ], [ -77.206880321584336, 4.055889658902288 ], [ -77.207414361580206, 4.055795966939399 ], [ -77.208004616348433, 4.05567416866659 ], [ -77.208473074126459, 4.055627323553855 ], [ -77.20896963705566, 4.055627324185394 ], [ -77.209363140749588, 4.055627324376067 ], [ -77.209653583691974, 4.055664799036327 ], [ -77.210065824291405, 4.055814709047523 ], [ -77.210132006114918, 4.055846471705042 ], [ -77.210276006438775, 4.055878472829407 ], [ -77.210884454421191, 4.056587924067491 ], [ -77.210932423276418, 4.056643855414252 ], [ -77.211206069882863, 4.0571165159582 ], [ -77.211523591276617, 4.057980882444001 ], [ -77.211812299810049, 4.059357798206094 ], [ -77.212101008157063, 4.060534840306063 ], [ -77.21227867500636, 4.061134460562076 ], [ -77.2124563409714, 4.061378753153533 ], [ -77.212700631769692, 4.061600838009394 ], [ -77.213078172408984, 4.061689671582617 ], [ -77.213655589076367, 4.061689672331863 ], [ -77.214121963515851, 4.061689671558313 ], [ -77.215187961579446, 4.061512004424938 ], [ -77.215593876357261, 4.061417603798789 ], [ -77.216142919066399, 4.06128992269293 ], [ -77.216942417736902, 4.061156669577687 ], [ -77.217497625975895, 4.061112256162498 ], [ -77.217986207907018, 4.061134461130997 ], [ -77.218385957714517, 4.061178880011611 ], [ -77.218839269787722, 4.06121466675336 ], [ -77.219229872904265, 4.061245502893628 ], [ -77.219696246451747, 4.061245502738408 ], [ -77.219940539072738, 4.061178879595165 ], [ -77.220379152643602, 4.061048404695613 ], [ -77.220678964693164, 4.061048405364093 ], [ -77.221095371104056, 4.061148343714601 ], [ -77.221328557775394, 4.061148343606147 ], [ -77.221678338139796, 4.061115029229613 ], [ -77.222011462314526, 4.061065062553128 ], [ -77.222394555773619, 4.060981781119904 ], [ -77.222827617529958, 4.060798562273808 ], [ -77.223360616287209, 4.060565376069696 ], [ -77.223876959351017, 4.060382155763507 ], [ -77.224335988638302, 4.060222495405307 ], [ -77.224515883505688, 4.060201425388227 ], [ -77.22621381649455, 4.059473744913288 ], [ -77.22692624458864, 4.059378750630412 ], [ -77.227424736354521, 4.059266188229521 ], [ -77.227924423693864, 4.059149594714688 ], [ -77.228374141364014, 4.058966376104695 ], [ -77.228540703958274, 4.058949719821793 ], [ -77.228707265325994, 4.059066314140328 ], [ -77.228790546364351, 4.059416095786236 ], [ -77.228757234983988, 4.059732563617645 ], [ -77.228707822943392, 4.06009490824037 ], [ -77.228773890824527, 4.060398813051076 ], [ -77.228829165041375, 4.060548841959254 ], [ -77.228907140367511, 4.060948467140197 ], [ -77.228973765689531, 4.061464811048126 ], [ -77.228973765716049, 4.061897874733297 ], [ -77.228957109292381, 4.062297622906782 ], [ -77.228907140914302, 4.062714028577643 ], [ -77.228923796495991, 4.062863933717518 ], [ -77.228957110022776, 4.063030497000411 ], [ -77.229007077502303, 4.063130435362412 ], [ -77.229123671359361, 4.063180402249438 ], [ -77.229306889850349, 4.063230369640031 ], [ -77.229440139728482, 4.063247026212907 ], [ -77.229590045707553, 4.063280339982735 ], [ -77.229640014680825, 4.063346963554564 ], [ -77.22972329578603, 4.063513526317092 ], [ -77.229803342766857, 4.063993809718849 ], [ -77.229849147112532, 4.064909853782236 ], [ -77.229823232885238, 4.065045898767857 ], [ -77.229823232491128, 4.065212461120796 ], [ -77.229856545435965, 4.065412335998499 ], [ -77.229907385759304, 4.065530435885012 ], [ -77.230089732641432, 4.065845399601798 ], [ -77.230472825359342, 4.06619517833922 ], [ -77.230572764058465, 4.066345086640759 ], [ -77.230572763535491, 4.066478334227582 ], [ -77.230522794326987, 4.066644896993741 ], [ -77.230422857796682, 4.066794802143274 ], [ -77.230123044913086, 4.067027989864791 ], [ -77.229900723850903, 4.067211648634043 ], [ -77.229739951367264, 4.067344460680514 ], [ -77.229356858683062, 4.067627614254822 ], [ -77.228973766005851, 4.067877456861406 ], [ -77.228524047710337, 4.068143957606298 ], [ -77.228190922392329, 4.068360487803415 ], [ -77.227741204508987, 4.068676956223228 ], [ -77.227439352511439, 4.068915923676061 ], [ -77.227296585474789, 4.069087244203553 ], [ -77.227208205636529, 4.069193298756447 ], [ -77.227185697087236, 4.06922589896202 ], [ -77.226725174665958, 4.06989286330475 ], [ -77.226625237891639, 4.070225987729662 ], [ -77.226591924680434, 4.070842266273113 ], [ -77.226591924978464, 4.071475201820667 ], [ -77.22659192441111, 4.072058169722914 ], [ -77.226641893923585, 4.072441265429692 ], [ -77.226758488121718, 4.072990918586531 ], [ -77.226975018354196, 4.073374011550174 ], [ -77.227274830644745, 4.073873699043363 ], [ -77.227607954676827, 4.074456666852091 ], [ -77.227941079402527, 4.075072948727589 ], [ -77.228174266255934, 4.07548935456816 ], [ -77.228507390799564, 4.075889103371022 ], [ -77.22892379636933, 4.076138947392439 ], [ -77.229240264760136, 4.076288851908534 ], [ -77.229440139309602, 4.076438757933521 ], [ -77.229623358290411, 4.076688600914418 ], [ -77.229757655048886, 4.076970624891862 ], [ -77.229956482806458, 4.077304883889445 ], [ -77.23048531789, 4.078726909924211 ], [ -77.230554781650696, 4.079132469269461 ], [ -77.230724015827164, 4.079472490442775 ], [ -77.230960928399512, 4.079778503384073 ], [ -77.231773140801138, 4.080407476310406 ], [ -77.231877570426406, 4.080598210659756 ], [ -77.232331631722246, 4.081427528269508 ], [ -77.232363859515161, 4.08141900255464 ], [ -77.232552772526645, 4.081429900347199 ], [ -77.232777631933843, 4.081401793072054 ], [ -77.232936906926554, 4.081383054945464 ], [ -77.233058704461612, 4.081383055092964 ], [ -77.233246087803323, 4.081383054853423 ], [ -77.233433469423801, 4.081439268581707 ], [ -77.233667698852898, 4.081542330430185 ], [ -77.233732061604826, 4.08156140000595 ], [ -77.233938978525046, 4.081665331892591 ], [ -77.234497334939078, 4.081886273427323 ], [ -77.234954163786881, 4.081971214942732 ], [ -77.235309483636058, 4.082073186385704 ], [ -77.235563284569096, 4.082192157273894 ], [ -77.2373568243477, 4.082939994946784 ], [ -77.237965919101043, 4.082956910104671 ], [ -77.238541181731065, 4.083024823852167 ], [ -77.2391502847113, 4.083126745660477 ], [ -77.239860905477258, 4.083245647772682 ], [ -77.240300820837547, 4.083330591439794 ], [ -77.240656139715085, 4.083398549111931 ], [ -77.240945253990759, 4.083416111980059 ], [ -77.241214469383777, 4.083432459780085 ], [ -77.241772798309739, 4.083381364406339 ], [ -77.242111167566108, 4.083296301683739 ], [ -77.24258486670449, 4.083075199649053 ], [ -77.243399118804575, 4.082212017842932 ], [ -77.243515261505365, 4.082088897112602 ], [ -77.243633676448212, 4.081969877383515 ], [ -77.243988916291087, 4.081578760590411 ], [ -77.244242662795742, 4.081340689348969 ], [ -77.244547165719936, 4.081068598124619 ], [ -77.24475014899015, 4.080762525625926 ], [ -77.244868537399043, 4.080507464060751 ], [ -77.244902322290102, 4.080167426285775 ], [ -77.245003347463481, 4.077140983818614 ], [ -77.245070918889326, 4.076460887000149 ], [ -77.245306079931296, 4.07612660593793 ], [ -77.245272473752465, 4.075712876664703 ], [ -77.245743604935853, 4.075284570259774 ], [ -77.246087219183607, 4.074510865573545 ], [ -77.246386061401353, 4.073657020046287 ], [ -77.246557379737226, 4.07267191973062 ], [ -77.246557379950886, 4.071986638685742 ], [ -77.246857191976119, 4.071515519213698 ], [ -77.247387988365801, 4.0713597870731 ], [ -77.248172927253819, 4.071275416342926 ], [ -77.248770747330639, 4.071275317956069 ], [ -77.249704177690461, 4.071201411759628 ], [ -77.250700481404778, 4.070811444628675 ], [ -77.251518478973381, 4.070337236151489 ], [ -77.252451801495567, 4.069652296920192 ], [ -77.253153438603974, 4.069264502405241 ], [ -77.254129728947959, 4.068724917830975 ], [ -77.254423378327857, 4.068564677412978 ], [ -77.254923281935575, 4.068291880081209 ], [ -77.255110535967589, 4.068189191394576 ], [ -77.256153200484931, 4.067226161145104 ], [ -77.256869777912058, 4.06655660660063 ], [ -77.257005324788736, 4.065967369732493 ], [ -77.257018229354799, 4.065925199649564 ], [ -77.25770749258308, 4.064838440728959 ], [ -77.258235953561538, 4.064126509202395 ], [ -77.258282958124667, 4.064063170411317 ], [ -77.258319596072027, 4.064037841826329 ], [ -77.258593842295596, 4.063872097739179 ], [ -77.259100047922956, 4.063386986582063 ], [ -77.259683015895334, 4.062887299710398 ], [ -77.260066108936471, 4.062587485578788 ], [ -77.260264475859586, 4.062402344545652 ], [ -77.260565796000932, 4.062121111639878 ], [ -77.260898919314457, 4.061604768037467 ], [ -77.261198732091572, 4.061005146545893 ], [ -77.261395957080268, 4.060577825044251 ], [ -77.261581825045127, 4.060422179417452 ], [ -77.261815012729542, 4.060505459855309 ], [ -77.261998230563208, 4.060788612838261 ], [ -77.262070035513261, 4.060985098174783 ], [ -77.262132025117651, 4.061360165979888 ], [ -77.262431292580374, 4.061771330721951 ], [ -77.262697792343801, 4.06213776857948 ], [ -77.263097541366236, 4.062620798764306 ], [ -77.263280759243059, 4.062920609778706 ], [ -77.263463978596107, 4.063403644044972 ], [ -77.263880384882754, 4.064053235918776 ], [ -77.264096915691383, 4.064469638673856 ], [ -77.264346758314844, 4.064736139262022 ], [ -77.264729852091662, 4.065102576542443 ], [ -77.265062976294288, 4.065518982917974 ], [ -77.265429413501309, 4.065918732229864 ], [ -77.265812506912255, 4.066268514048153 ], [ -77.266162287512458, 4.066618296306636 ], [ -77.266462099299929, 4.066984730255728 ], [ -77.26667863098919, 4.0674677597808 ], [ -77.266711942638977, 4.067750917854976 ], [ -77.266728598756032, 4.068084041935582 ], [ -77.266661974431727, 4.068600387288638 ], [ -77.26662866146259, 4.069133382740439 ], [ -77.266612005834347, 4.069699694779938 ], [ -77.266595349461412, 4.070099444292816 ], [ -77.266578692565787, 4.070549163402205 ], [ -77.266661975095758, 4.070848973871091 ], [ -77.266828536370511, 4.071365318320201 ], [ -77.267028411385525, 4.072114848883666 ], [ -77.267145004287684, 4.072681160117032 ], [ -77.267111692595421, 4.073297443386833 ], [ -77.267095035819608, 4.073763815162657 ], [ -77.26696178663137, 4.074263502403968 ], [ -77.266711942557819, 4.07484647126615 ], [ -77.266471419045203, 4.07526192026759 ], [ -77.266465509680714, 4.075339262205918 ], [ -77.266362275778263, 4.075624510774804 ], [ -77.266233206797381, 4.075857901146056 ], [ -77.266133079237065, 4.07674683904268 ], [ -77.265741465274459, 4.077000420678547 ], [ -77.26570550844427, 4.077243129812873 ], [ -77.265644422997894, 4.077495091252819 ], [ -77.265359881558354, 4.077597409669793 ], [ -77.266046364510458, 4.077643087651206 ], [ -77.26627814878195, 4.077663067413151 ], [ -77.266461318122794, 4.077670469130125 ], [ -77.266612006014654, 4.077694684118116 ], [ -77.266728598387886, 4.077628058755558 ], [ -77.266711942735739, 4.07741152966544 ], [ -77.266728599084075, 4.076845215769642 ], [ -77.266795223932917, 4.076195623038449 ], [ -77.266861848898387, 4.075962436165915 ], [ -77.266945442029225, 4.075912281379169 ], [ -77.267199837877953, 4.075869662110888 ], [ -77.267302003965185, 4.075920935946689 ], [ -77.267387172337536, 4.0761431560725 ], [ -77.267438286402196, 4.076348299931524 ], [ -77.267608589720609, 4.076621811255924 ], [ -77.267898071595681, 4.076861103705142 ], [ -77.26823860539757, 4.077014905429107 ], [ -77.268604655494826, 4.077040476188561 ], [ -77.268647203413792, 4.076980633602682 ], [ -77.268613130384793, 4.07684387462215 ], [ -77.268527979439995, 4.0766558298649 ], [ -77.268425768307679, 4.076433597258695 ], [ -77.268374645489217, 4.076177163894963 ], [ -77.268425678460503, 4.075954905424872 ], [ -77.268527791067896, 4.075715536977914 ], [ -77.268698021888895, 4.075561638706387 ], [ -77.268902307030956, 4.075493221439842 ], [ -77.269276841478515, 4.075407665770205 ], [ -77.269481136697493, 4.07532214697609 ], [ -77.269600298820549, 4.075202444803477 ], [ -77.269634290723474, 4.074997288617395 ], [ -77.269668291723804, 4.074689561827689 ], [ -77.269821445822842, 4.07433051435374 ], [ -77.269974634807994, 4.074108228416874 ], [ -77.270178912571879, 4.073954328718541 ], [ -77.270434275301696, 4.073902981004276 ], [ -77.270706664005914, 4.073817452574782 ], [ -77.270979040853888, 4.073663533079656 ], [ -77.271115199793954, 4.073441254174767 ], [ -77.271268370311404, 4.073150585687424 ], [ -77.271472584690827, 4.072688953844659 ], [ -77.271523609834716, 4.07234701560948 ], [ -77.271506504877266, 4.071988004066252 ], [ -77.271642671371495, 4.071817022364193 ], [ -77.271727777723598, 4.071782811303018 ], [ -77.271881021382114, 4.07179986995004 ], [ -77.272017242663338, 4.071885328103238 ], [ -77.272170486299871, 4.07200498218001 ], [ -77.272357802823848, 4.072175898619961 ], [ -77.272698344245811, 4.072329695969835 ], [ -77.272834539037987, 4.072329668884282 ], [ -77.272943853967305, 4.072219859154759 ], [ -77.273481429358142, 4.071363761320428 ], [ -77.273403478057602, 4.071169737880123 ], [ -77.273403423273507, 4.070861642553761 ], [ -77.273575836565428, 4.070669043568666 ], [ -77.273824895414975, 4.070476438880447 ], [ -77.274016478322267, 4.070322347614152 ], [ -77.274169722896616, 4.070033476835476 ], [ -77.274265465065184, 4.069706106860329 ], [ -77.274284580444316, 4.069455779678125 ], [ -77.274361189527397, 4.069282467721306 ], [ -77.274514451524951, 4.069166890896617 ], [ -77.274648569559787, 4.06908984163748 ], [ -77.274840189371574, 4.069109056826326 ], [ -77.274889704444888, 4.069122611850792 ], [ -77.274922681264329, 4.069070060090321 ], [ -77.275478621864266, 4.068183944740813 ], [ -77.276470586978604, 4.066602875314585 ], [ -77.276487537897395, 4.066432130723596 ], [ -77.2765449843033, 4.066220309971301 ], [ -77.276717389685203, 4.065969950743344 ], [ -77.277047919906764, 4.065677996513839 ], [ -77.27769801736774, 4.064646486617392 ], [ -77.277789897230903, 4.063331650040337 ], [ -77.277943104546139, 4.062927237198912 ], [ -77.278153822510717, 4.062619096844743 ], [ -77.278554519476558, 4.062287673672536 ], [ -77.278854331524926, 4.062054487766733 ], [ -77.279087519923905, 4.062054487619069 ], [ -77.279261712467786, 4.062094687988023 ], [ -77.280103112372814, 4.060475267998442 ], [ -77.280170064798455, 4.060173974022198 ], [ -77.28017147476028, 4.060004811205686 ], [ -77.280128301486741, 4.059759266937964 ], [ -77.280243241416088, 4.059528128758441 ], [ -77.280315061947206, 4.059282558415362 ], [ -77.280286261586099, 4.059008124352724 ], [ -77.280358063883924, 4.058719213669529 ], [ -77.280631124987181, 4.058560274602939 ], [ -77.281040486727633, 4.057797068771198 ], [ -77.281308301628414, 4.057428820293206 ], [ -77.281843940643384, 4.05729490902062 ], [ -77.282044812928874, 4.057529250934715 ], [ -77.282126325690726, 4.057424076835103 ], [ -77.282971019976429, 4.056334144025272 ], [ -77.284120414365702, 4.054851051771145 ], [ -77.283965176089922, 4.05464405966355 ], [ -77.283951137747209, 4.054440509593855 ], [ -77.283863693072476, 4.053940823434237 ], [ -77.283838707763053, 4.053278738973563 ], [ -77.283826215455861, 4.05295394131497 ], [ -77.283863692765578, 4.05262914694743 ], [ -77.283976121436396, 4.05234182424312 ], [ -77.284138519283928, 4.052179425599386 ], [ -77.28429867950932, 4.052011639966591 ], [ -77.284347805831572, 4.051984699194361 ], [ -77.284434151050675, 4.051949966698469 ], [ -77.284750636523256, 4.051661001699764 ], [ -77.285167041456418, 4.051494438759719 ], [ -77.285383572310451, 4.051344534085928 ], [ -77.285666728559335, 4.050994752002694 ], [ -77.285750010071681, 4.050728251843575 ], [ -77.285766666645387, 4.050461755721464 ], [ -77.285816634368345, 4.050278536394528 ], [ -77.285866604029337, 4.050195254652328 ], [ -77.286066478887733, 4.050195255349405 ], [ -77.286233041038301, 4.050261878805334 ], [ -77.28631632205159, 4.050411784127812 ], [ -77.286482884108324, 4.050661628157568 ], [ -77.286649446594666, 4.050711596194697 ], [ -77.286982570295137, 4.050711595580241 ], [ -77.2872324148926, 4.050595003796401 ], [ -77.287448944411892, 4.05052837961382 ], [ -77.287632163833777, 4.050545034226903 ], [ -77.287815381398332, 4.050761566147752 ], [ -77.28793613968665, 4.050880241943717 ], [ -77.288086045718231, 4.05086774967609 ], [ -77.288198475523757, 4.050705350018973 ], [ -77.288173490309319, 4.050355572046683 ], [ -77.288086045642757, 4.050143203231728 ], [ -77.288067780527399, 4.050095713936503 ], [ -77.287961123251378, 4.049818405978799 ], [ -77.287973616461286, 4.049631023553194 ], [ -77.288073553342329, 4.049493610965603 ], [ -77.288187863892816, 4.049436458249594 ], [ -77.288248443792028, 4.049406164230643 ], [ -77.288535763941681, 4.049406164317282 ], [ -77.288923021428758, 4.049468627944932 ], [ -77.289297786227863, 4.049656008106854 ], [ -77.289474781253645, 4.049744067874756 ], [ -77.28972251967889, 4.049830898334188 ], [ -77.290034824487606, 4.050005789763601 ], [ -77.290209714670311, 4.050005789734224 ], [ -77.29027217557676, 4.049943327879657 ], [ -77.290284667587159, 4.049768437773947 ], [ -77.290184730479396, 4.04960604104676 ], [ -77.29007230103943, 4.049493611095119 ], [ -77.290098330480077, 4.049354891463531 ], [ -77.290333593512145, 4.049192580596354 ], [ -77.290499041700286, 4.049081778867061 ], [ -77.290559495579771, 4.049031398973022 ], [ -77.290809338312513, 4.048943954050325 ], [ -77.291121642929511, 4.048956449415697 ], [ -77.291383978371059, 4.048956448907489 ], [ -77.291683790496947, 4.049056384264083 ], [ -77.291958618635775, 4.049206292172366 ], [ -77.292096033043805, 4.049381181007163 ], [ -77.292183477360794, 4.04956856575392 ], [ -77.292333383776665, 4.049680992348495 ], [ -77.29260821122692, 4.049830897879692 ], [ -77.2927206410574, 4.049855884823288 ], [ -77.292795593888115, 4.049880868198511 ], [ -77.292845562801944, 4.049855884925353 ], [ -77.292883038471501, 4.049743453754656 ], [ -77.292870546941671, 4.049618533319371 ], [ -77.292883038749679, 4.049556070371578 ], [ -77.292945500035074, 4.049556069983343 ], [ -77.293107898350115, 4.04964351583271 ], [ -77.293257804273026, 4.049705978764146 ], [ -77.293320264691161, 4.049643516044134 ], [ -77.293220328087273, 4.04950610199324 ], [ -77.293095405639676, 4.049343705657771 ], [ -77.293005440846798, 4.049273729564387 ], [ -77.292848637115327, 4.049190495656219 ], [ -77.292683164725872, 4.049006415370161 ], [ -77.292695656448601, 4.048869001936514 ], [ -77.292745625632861, 4.048681622416638 ], [ -77.292883038838184, 4.048506727759241 ], [ -77.29294549939641, 4.048306853250919 ], [ -77.29294550006567, 4.048156946913029 ], [ -77.292883038746282, 4.048044517878497 ], [ -77.292695657066361, 4.047719723272591 ], [ -77.292633195223416, 4.047507354745715 ], [ -77.292639033378151, 4.047396440351272 ], [ -77.292850287380105, 4.046926427838168 ], [ -77.293167185574418, 4.046570604070422 ], [ -77.293521409572634, 4.04634583671452 ], [ -77.293562522494724, 4.046343078306855 ], [ -77.293907396694593, 4.046045773160574 ], [ -77.294028414808693, 4.046000877141559 ], [ -77.294091656971929, 4.046007906106977 ], [ -77.294119763609785, 4.046043037725713 ], [ -77.294140844339381, 4.04609222640602 ], [ -77.294175978289061, 4.046155468295922 ], [ -77.294211112673977, 4.046176548242239 ], [ -77.294288408486167, 4.046183574601212 ], [ -77.2944008379731, 4.046162493780595 ], [ -77.294548401367436, 4.046148441611511 ], [ -77.294625696715073, 4.046169522812968 ], [ -77.294731099498321, 4.046303034192096 ], [ -77.294766234077755, 4.046464651060701 ], [ -77.294822448604705, 4.046675455616477 ], [ -77.294822448797177, 4.04689328578085 ], [ -77.294864609978134, 4.046977608998708 ], [ -77.294906770377722, 4.047012743331442 ], [ -77.294991092810122, 4.047104092012629 ], [ -77.295012173648772, 4.047230575575639 ], [ -77.295012173733582, 4.047413274387695 ], [ -77.295005146640051, 4.047546784734899 ], [ -77.294991092832348, 4.047645159678066 ], [ -77.294945823797818, 4.047729229879187 ], [ -77.294871636452186, 4.047806777233379 ], [ -77.294815421216185, 4.04791920679635 ], [ -77.294836502225834, 4.047996500584331 ], [ -77.294892716519271, 4.048059743782081 ], [ -77.294948932004516, 4.048080825067834 ], [ -77.29499109304966, 4.048080825321759 ], [ -77.29508946829641, 4.048066770141851 ], [ -77.295204631020908, 4.047991916111426 ], [ -77.295230005372957, 4.047975421125318 ], [ -77.295293248029409, 4.047919207008517 ], [ -77.295377569408615, 4.047926232672531 ], [ -77.2953986493294, 4.047947313278521 ], [ -77.295419730783763, 4.048010555741104 ], [ -77.295440459206546, 4.048100381837664 ], [ -77.295475944549324, 4.048207306003519 ], [ -77.295489998874331, 4.048249467935906 ], [ -77.295539186689425, 4.04828460442511 ], [ -77.295588374727345, 4.048277575438448 ], [ -77.295644589519469, 4.048207305960116 ], [ -77.295742965964038, 4.048130012428796 ], [ -77.295932690103399, 4.048059744077249 ], [ -77.296108361690159, 4.048045688707086 ], [ -77.296331691208408, 4.047963619685912 ], [ -77.296375381355418, 4.04795434021004 ], [ -77.296515918927682, 4.047982446881912 ], [ -77.296579160036828, 4.048080825139184 ], [ -77.296600240453444, 4.048186225666143 ], [ -77.296600240872834, 4.048291629264735 ], [ -77.296586186471984, 4.048390004046948 ], [ -77.296529972113987, 4.048467302288583 ], [ -77.296451429612489, 4.048545841295226 ], [ -77.296319166422251, 4.048635945168234 ], [ -77.296185656281111, 4.048734320009083 ], [ -77.296094307398505, 4.048839723791536 ], [ -77.295925663679355, 4.049085661801008 ], [ -77.29589052893273, 4.049177010979303 ], [ -77.295890528492336, 4.049282413776604 ], [ -77.295960797592286, 4.049415924677636 ], [ -77.29605917358036, 4.049444031051395 ], [ -77.296206736277625, 4.049429980685654 ], [ -77.296382408711892, 4.049317550988183 ], [ -77.296501864990503, 4.049169983618802 ], [ -77.296649428670847, 4.04900134086926 ], [ -77.296668376560348, 4.048982393648536 ], [ -77.296719696950419, 4.048931073205519 ], [ -77.296768884321679, 4.048931072889388 ], [ -77.296802321973956, 4.048934111304924 ], [ -77.296846179280848, 4.048938097801162 ], [ -77.296937528525049, 4.048938097576393 ], [ -77.297028877898114, 4.048895937368113 ], [ -77.297176441240268, 4.048769455558391 ], [ -77.297295898259478, 4.048692158811401 ], [ -77.297424823729287, 4.04864297180641 ], [ -77.297527783728924, 4.048642971058569 ], [ -77.297752642571893, 4.048657026311719 ], [ -77.29791426071543, 4.048678106993135 ], [ -77.298068851715456, 4.048769455805043 ], [ -77.298125065557201, 4.048818642742627 ], [ -77.298174253900754, 4.048888910963387 ], [ -77.298181280965622, 4.049015396561777 ], [ -77.298202361758086, 4.049078635084279 ], [ -77.298258575971573, 4.049113770783366 ], [ -77.29832884506169, 4.049113770815811 ], [ -77.298413166931354, 4.049071609151084 ], [ -77.29849046128453, 4.048980260195203 ], [ -77.298532622225295, 4.048938097616249 ], [ -77.298652079761979, 4.048924047819067 ], [ -77.298778562998109, 4.048917018193722 ], [ -77.298845885050056, 4.048913277658061 ], [ -77.29901044823724, 4.048917017749507 ], [ -77.299221253747135, 4.048924048246325 ], [ -77.299341870094864, 4.048902773910016 ], [ -77.299467193369694, 4.04888188601493 ], [ -77.29956556984034, 4.048867830256778 ], [ -77.299713132892336, 4.048860804550197 ], [ -77.299825562947532, 4.048888911280582 ], [ -77.299885659929032, 4.048888911276316 ], [ -77.299923939073352, 4.048867830354538 ], [ -77.299928656476212, 4.048811206147842 ], [ -77.29993096539684, 4.048783507565111 ], [ -77.299937991438526, 4.04864999983528 ], [ -77.299966099529712, 4.048607838188921 ], [ -77.300071502245842, 4.04855162215361 ], [ -77.300134743870785, 4.048551621637788 ], [ -77.300205012738857, 4.048551621558067 ], [ -77.300296361527316, 4.048509461205448 ], [ -77.300366629765733, 4.048474327359915 ], [ -77.300436898589822, 4.048453245569774 ], [ -77.300514193767398, 4.048453245916778 ], [ -77.300572356422663, 4.048442167989907 ], [ -77.300655039394059, 4.048353581874402 ], [ -77.300246027497394, 4.047904380810233 ], [ -77.30002934103706, 4.047645160163647 ], [ -77.299916911694154, 4.047715427685293 ], [ -77.299706106309898, 4.04778569607427 ], [ -77.299439085817227, 4.047884072172956 ], [ -77.299291522489227, 4.047947313182022 ], [ -77.299080716630243, 4.047968393823442 ], [ -77.298848830509883, 4.047961368863863 ], [ -77.298588837751382, 4.04792623328061 ], [ -77.298378033108634, 4.047870019994875 ], [ -77.298209387698023, 4.047750565064258 ], [ -77.29804777107735, 4.047624079039332 ], [ -77.298012304006136, 4.047588514995535 ], [ -77.298006521601351, 4.047560292679725 ], [ -77.297843992032583, 4.047455435581503 ], [ -77.297668320932615, 4.047209494651327 ], [ -77.297576971257698, 4.046928421850329 ], [ -77.297527783748492, 4.046703562124424 ], [ -77.297513730266431, 4.046415461267184 ], [ -77.297555891826718, 4.04619060422566 ], [ -77.297675347863049, 4.045944662698767 ], [ -77.297879127027969, 4.045494943597753 ], [ -77.298040743784, 4.045249006094199 ], [ -77.298103985443788, 4.045052253124347 ], [ -77.298125065680622, 4.044834421767585 ], [ -77.298209387340208, 4.044588480770226 ], [ -77.29832181760402, 4.044307407950914 ], [ -77.298448301006275, 4.04404038739401 ], [ -77.298609919009948, 4.043885796076677 ], [ -77.29877153589527, 4.04367499102448 ], [ -77.298898018405481, 4.043358784745537 ], [ -77.299036682407547, 4.043072381387169 ], [ -77.299063206570125, 4.042979544283964 ], [ -77.299291522786532, 4.042719341149982 ], [ -77.299474221095608, 4.04253664295905 ], [ -77.299706106403747, 4.042283677158524 ], [ -77.299874750855324, 4.042122058877301 ], [ -77.300022314392777, 4.041981522632994 ], [ -77.30026825351392, 4.041826930590958 ], [ -77.30040879046318, 4.041812876875007 ], [ -77.300549327868325, 4.04181287699931 ], [ -77.300767159431842, 4.041855037867837 ], [ -77.300879590035763, 4.041911254957983 ], [ -77.301006461823931, 4.041974691009906 ], [ -77.301041779923608, 4.041959152229675 ], [ -77.301083367681471, 4.041967467649236 ], [ -77.301188770288562, 4.041925306311419 ], [ -77.301273092790723, 4.04184801156937 ], [ -77.301309739950725, 4.041677701003678 ], [ -77.301378496036108, 4.041545857671498 ], [ -77.301441736568833, 4.041482615331591 ], [ -77.301554166240848, 4.04144045362607 ], [ -77.301603354225335, 4.041377215710853 ], [ -77.301617408935968, 4.041285865819551 ], [ -77.301708757663462, 4.04108208707792 ], [ -77.301764662232884, 4.041030841145514 ], [ -77.301793080041563, 4.041004789719149 ], [ -77.301912535301895, 4.040920469754234 ], [ -77.302053073070468, 4.040892360302331 ], [ -77.302123340844489, 4.040885332944859 ], [ -77.302165502829098, 4.040857227352094 ], [ -77.302200636484969, 4.040822091647993 ], [ -77.302256851500971, 4.040681554601562 ], [ -77.302291985238014, 4.04059723501167 ], [ -77.302418468386165, 4.040512911070303 ], [ -77.302530898442143, 4.040463724313725 ], [ -77.302643327507312, 4.040463724139637 ], [ -77.302804945719444, 4.040463723797689 ], [ -77.302931428291217, 4.040442642943059 ], [ -77.303008723627372, 4.040400480601892 ], [ -77.303114126589335, 4.040281026054073 ], [ -77.303226555318119, 4.04022480967156 ], [ -77.303360065823753, 4.04020372928793 ], [ -77.303500602805002, 4.040189677189152 ], [ -77.30361303245391, 4.040210757625219 ], [ -77.303725461311558, 4.040309132160433 ], [ -77.3037535692565, 4.040414536732623 ], [ -77.303760596414719, 4.040512911133471 ], [ -77.303823837675253, 4.040625341410245 ], [ -77.303887080087733, 4.040695610254291 ], [ -77.303992482033749, 4.040772904366988 ], [ -77.304104912103114, 4.040779933542767 ], [ -77.304301664077087, 4.040758852740464 ], [ -77.30444220058493, 4.040758853282413 ], [ -77.304660032503051, 4.040772903797387 ], [ -77.304814622714588, 4.040899389277154 ], [ -77.304905971616563, 4.041053980708521 ], [ -77.305004347965465, 4.041306943604771 ], [ -77.305032455920013, 4.041609098126712 ], [ -77.305039482019026, 4.04189719927187 ], [ -77.304990294703899, 4.042164220569927 ], [ -77.304849757365261, 4.042346919566326 ], [ -77.304667059544173, 4.042480426692087 ], [ -77.304449226692341, 4.042656098328383 ], [ -77.304280582474391, 4.042909064573885 ], [ -77.304259502562033, 4.043035550946356 ], [ -77.304308689974775, 4.043211219345907 ], [ -77.304421119515752, 4.043393916892263 ], [ -77.304540575458006, 4.043513373676146 ], [ -77.304674086038318, 4.043682019549136 ], [ -77.304716248054433, 4.043808500887304 ], [ -77.304716248040449, 4.043934986759372 ], [ -77.304638951601078, 4.044033361069665 ], [ -77.304519496036306, 4.044265246408577 ], [ -77.304421119926403, 4.044658749021687 ], [ -77.304315716651061, 4.044925770763111 ], [ -77.304245448219035, 4.045003064928893 ], [ -77.304196260735054, 4.045087389123139 ], [ -77.304168153867181, 4.045171709228256 ], [ -77.304196260248915, 4.045220900174404 ], [ -77.304266528750119, 4.045227925137528 ], [ -77.304428146646487, 4.045206843678453 ], [ -77.304589763791867, 4.045087389298128 ], [ -77.304700685940489, 4.044998652112737 ], [ -77.304870837255265, 4.044862529047839 ], [ -77.305039481926585, 4.044693886022329 ], [ -77.305172991992379, 4.04461658769659 ], [ -77.305341636396705, 4.044567400000126 ], [ -77.30544001242211, 4.04451118828391 ], [ -77.30551327868811, 4.044409739858462 ], [ -77.305531361724377, 4.044384701869655 ], [ -77.305538387533815, 4.044272273052175 ], [ -77.305580550072634, 4.044180924352046 ], [ -77.305650817961975, 4.044096604300494 ], [ -77.305798381592254, 4.044047417148829 ], [ -77.305894950220278, 4.044038635285064 ], [ -77.305952972069889, 4.044033361219589 ], [ -77.30612864300295, 4.043977145287672 ], [ -77.306198911954795, 4.043878769698464 ], [ -77.306227018532127, 4.043731206983262 ], [ -77.306297287954806, 4.043541483807896 ], [ -77.306508092862671, 4.043204193261323 ], [ -77.30667673680361, 4.042993389371706 ], [ -77.306711871491601, 4.042909064551425 ], [ -77.306711871631904, 4.042726366720762 ], [ -77.306718898958991, 4.042564749049516 ], [ -77.306789166978263, 4.042508536664862 ], [ -77.30691564931611, 4.042452319688771 ], [ -77.307056186502606, 4.042410159131819 ], [ -77.30721077755787, 4.042318809548541 ], [ -77.307238884774179, 4.042185301686503 ], [ -77.307196723462866, 4.042115031250424 ], [ -77.307119428607024, 4.041925306301728 ], [ -77.307112401482485, 4.041819906409202 ], [ -77.307112402069237, 4.041665312542819 ], [ -77.307112401508476, 4.041524776936275 ], [ -77.30715456252149, 4.041335054118796 ], [ -77.307189696657375, 4.041236675668034 ], [ -77.307351314741524, 4.041103168255193 ], [ -77.307463743228141, 4.040997763397554 ], [ -77.307463743883162, 4.040906414116037 ], [ -77.307435636971093, 4.04085722694693 ], [ -77.307336941830698, 4.040832551583542 ], [ -77.307158075582748, 4.040837023781173 ], [ -77.307057943482363, 4.040815942568735 ], [ -77.306999971419486, 4.040768511950811 ], [ -77.306989431365679, 4.040657839387911 ], [ -77.307036862499743, 4.040573516849523 ], [ -77.307045786888366, 4.040527784696599 ], [ -77.307042132750368, 4.040414536706472 ], [ -77.307042132361929, 4.040161570238062 ], [ -77.307133481463168, 4.039901574782144 ], [ -77.307330233765597, 4.039557259380961 ], [ -77.307667523001641, 4.039156730341992 ], [ -77.307786978466027, 4.038959980600298 ], [ -77.307899408773622, 4.038699984141583 ], [ -77.307997783478228, 4.038334588388029 ], [ -77.308075080100238, 4.038025407990199 ], [ -77.308096159441291, 4.037744335833668 ], [ -77.308103186311428, 4.037505421197199 ], [ -77.308124267390355, 4.037336777036552 ], [ -77.308131932606784, 4.037308031306743 ], [ -77.308159017109205, 4.037280947431475 ], [ -77.308219091423027, 4.037250910848026 ], [ -77.308254655060708, 4.03723449718682 ], [ -77.308374110546083, 4.037157201708793 ], [ -77.308514647570945, 4.037065853040514 ], [ -77.30858491540387, 4.036967478184484 ], [ -77.308634103467227, 4.036812886147509 ], [ -77.308648157402487, 4.036665324909518 ], [ -77.308655184266243, 4.036517757783028 ], [ -77.308648157577267, 4.036384247922531 ], [ -77.308697346090128, 4.03621560402067 ], [ -77.308781667251282, 4.036096148746436 ], [ -77.308915177371048, 4.035941557174682 ], [ -77.309041660810891, 4.03582210122261 ], [ -77.309147240691601, 4.035747173071927 ], [ -77.309346796965471, 4.035666898020033 ], [ -77.309809743888565, 4.035517894700305 ], [ -77.310291186994746, 4.035331664947434 ], [ -77.310439318214009, 4.035238584776952 ], [ -77.310513375699458, 4.035145506589595 ], [ -77.310494816916034, 4.034978008178402 ], [ -77.310439219919445, 4.034829128791237 ], [ -77.310383650706342, 4.034773309298926 ], [ -77.310222032007871, 4.034748363142075 ], [ -77.310137848770296, 4.034725913309755 ], [ -77.310060553920025, 4.034648618118299 ], [ -77.310018392711626, 4.034529163366535 ], [ -77.309969204478051, 4.034360516587925 ], [ -77.309955150976123, 4.034128630625059 ], [ -77.309962177216306, 4.033931881262291 ], [ -77.309997311666478, 4.033812424652693 ], [ -77.3100675805088, 4.033671889084238 ], [ -77.31012379524357, 4.033580539551608 ], [ -77.310194063754352, 4.033482160563366 ], [ -77.310180009665388, 4.0334048670106 ], [ -77.310088660467528, 4.033362704922746 ], [ -77.309990285917095, 4.033418919039209 ], [ -77.309835694598362, 4.033714047378899 ], [ -77.309737731712289, 4.033891831192263 ], [ -77.30962488975409, 4.034086472593055 ], [ -77.309537043824804, 4.034127087905688 ], [ -77.309456244714085, 4.034142684555551 ], [ -77.309367065952245, 4.034115884934903 ], [ -77.309259493706463, 4.034058361999559 ], [ -77.309083821285355, 4.03387566401397 ], [ -77.308915177480998, 4.03365783302837 ], [ -77.308809774448576, 4.033334599129576 ], [ -77.308798994357375, 4.033262729150795 ], [ -77.308767613619537, 4.033053526349196 ], [ -77.308704372984522, 4.032533537055827 ], [ -77.308690318837392, 4.031971391987193 ], [ -77.308683291216624, 4.031725450572917 ], [ -77.308627077389858, 4.031570859121733 ], [ -77.30850762058941, 4.031479510044218 ], [ -77.308386331384497, 4.031383399152801 ], [ -77.30831789586081, 4.031226544149907 ], [ -77.308303842235389, 4.031001688061939 ], [ -77.308275734990218, 4.030818990252775 ], [ -77.308205466301885, 4.030657368886955 ], [ -77.308100063441699, 4.030523861260108 ], [ -77.308029795492786, 4.03038332491192 ], [ -77.308022768827215, 4.030270894558298 ], [ -77.308107090252889, 4.030144409425002 ], [ -77.308240600334997, 4.029940630832337 ], [ -77.308360056371654, 4.029800093844462 ], [ -77.308395191718105, 4.029715775143459 ], [ -77.308444379845994, 4.029589289167397 ], [ -77.308500593698867, 4.029511995378395 ], [ -77.308641130457914, 4.02942767135288 ], [ -77.30872545278342, 4.029399565046922 ], [ -77.308844909802971, 4.029392540217941 ], [ -77.308985446555496, 4.029343348659101 ], [ -77.309125984086506, 4.029259029141608 ], [ -77.309125983740856, 4.029153623639346 ], [ -77.309118956636695, 4.029055248957759 ], [ -77.309140036919203, 4.028872550609059 ], [ -77.309192700472337, 4.028761956431179 ], [ -77.309210305382052, 4.028724990360093 ], [ -77.30929462736843, 4.028626611066136 ], [ -77.309442191830655, 4.028577422847176 ], [ -77.309554620626756, 4.028535262360629 ], [ -77.309751372595386, 4.028472019733262 ], [ -77.309884882668584, 4.028443912749984 ], [ -77.310053526708558, 4.028415804856938 ], [ -77.310100467917877, 4.028425863586521 ], [ -77.310306493308786, 4.028317431391753 ], [ -77.310510271342622, 4.028233106916043 ], [ -77.310699996318419, 4.028212027413189 ], [ -77.310917828837049, 4.028212026922052 ], [ -77.311121607721972, 4.02825418811616 ], [ -77.311227009607748, 4.028345536844053 ], [ -77.311297278908626, 4.028450941951048 ], [ -77.311395654583791, 4.028507155011208 ], [ -77.311522137502649, 4.028542290566733 ], [ -77.311599432808833, 4.028528236393527 ], [ -77.311690781815301, 4.028507154634961 ], [ -77.311768077779334, 4.028486073619875 ], [ -77.311838345569726, 4.028570397212667 ], [ -77.311880506608603, 4.02868985282408 ], [ -77.311880506560613, 4.028802282970997 ], [ -77.31188050650772, 4.02897092593479 ], [ -77.311866452561858, 4.029083355944965 ], [ -77.311789157239332, 4.029181732138124 ], [ -77.311716809127077, 4.029211089859027 ], [ -77.311592405845104, 4.029216867051446 ], [ -77.311529164863302, 4.029273080612188 ], [ -77.311515110456, 4.029399565240346 ], [ -77.311523638656908, 4.029459260566554 ], [ -77.311536191604063, 4.029547126636 ], [ -77.311592405662807, 4.029687663784296 ], [ -77.311704835565379, 4.029800094093689 ], [ -77.311894561017127, 4.029821174012301 ], [ -77.312070232022037, 4.029828201010266 ], [ -77.312224821448751, 4.029870362369896 ], [ -77.312303636768277, 4.029888378190085 ], [ -77.312425800453269, 4.029887879660713 ], [ -77.312505895440722, 4.029912522880854 ], [ -77.312597244850494, 4.029982792257836 ], [ -77.312695620576463, 4.03006008712941 ], [ -77.312758863064133, 4.030053060324425 ], [ -77.312801023856451, 4.029996846986285 ], [ -77.312899399521143, 4.029863336359894 ], [ -77.312969667620038, 4.029764962340101 ], [ -77.313068043326055, 4.029764962172576 ], [ -77.313243714712812, 4.029764962098707 ], [ -77.313370197663772, 4.029722800310083 ], [ -77.313609110950907, 4.029652532040989 ], [ -77.313855050420784, 4.02951199524895 ], [ -77.314023694262602, 4.029399564738013 ], [ -77.314164231958713, 4.029259028626205 ], [ -77.3142977415025, 4.029111463439526 ], [ -77.31434692995613, 4.0289779531174 ], [ -77.314346929318432, 4.028830389313131 ], [ -77.314346930092171, 4.02869687911115 ], [ -77.314297741396018, 4.028563369003662 ], [ -77.314262607658605, 4.028380674043564 ], [ -77.314234499705719, 4.028162839229967 ], [ -77.314241526459085, 4.028050409036624 ], [ -77.314283687722735, 4.027959060003793 ], [ -77.314339903010634, 4.027818522555307 ], [ -77.314487466648302, 4.027677987250682 ], [ -77.314642056998551, 4.027586638295655 ], [ -77.314845836021902, 4.027502315193832 ], [ -77.314923130301793, 4.027417994679738 ], [ -77.314937184214898, 4.027312590993116 ], [ -77.314930157635914, 4.027242321582149 ], [ -77.314873942775478, 4.027122867309127 ], [ -77.314761513479866, 4.02705962421642 ], [ -77.314691244606905, 4.026961249268984 ], [ -77.31470620736701, 4.026770372037007 ], [ -77.314712325468705, 4.026715309139028 ], [ -77.314747460032365, 4.026574772081841 ], [ -77.314838809065307, 4.026462341877435 ], [ -77.314972318689613, 4.026349912996698 ], [ -77.315056640317295, 4.026279644005656 ], [ -77.315056640317366, 4.026223431421371 ], [ -77.315056640764851, 4.026125057140169 ], [ -77.315007452585021, 4.026103975814152 ], [ -77.314824754570864, 4.02613208211026 ], [ -77.314632406280367, 4.026224072974428 ], [ -77.314501519415927, 4.026286673918047 ], [ -77.31421341953542, 4.026441262023906 ], [ -77.314122071088377, 4.02643423561794 ], [ -77.314030721321416, 4.026385048358254 ], [ -77.314023694964703, 4.026258564379872 ], [ -77.314086936322965, 4.026111000749088 ], [ -77.314192338590345, 4.025914248151407 ], [ -77.314311795637678, 4.025689392132867 ], [ -77.314368009932338, 4.025478584098846 ], [ -77.314501519772321, 4.025190484398186 ], [ -77.314508546262346, 4.025056972953306 ], [ -77.314515573205668, 4.024937517823192 ], [ -77.31443827871648, 4.02468455057796 ], [ -77.314325848550595, 4.024480771823269 ], [ -77.314192338362332, 4.024298073583029 ], [ -77.31407288295523, 4.024178617614706 ], [ -77.313946399240194, 4.024136455950263 ], [ -77.313777754660634, 4.024142482277842 ], [ -77.313735593790938, 4.024136455743569 ], [ -77.313665325725424, 4.024108350218552 ], [ -77.31365127163599, 4.024066188249472 ], [ -77.313566949886862, 4.024009976158883 ], [ -77.313483862059442, 4.023997583468264 ], [ -77.313447493547258, 4.024052133965894 ], [ -77.313447493624622, 4.024284019718563 ], [ -77.313475600261356, 4.024825088358146 ], [ -77.313461546726359, 4.024867249952534 ], [ -77.313363170655407, 4.024895355893007 ], [ -77.313271821825012, 4.024839143297577 ], [ -77.313236687789171, 4.024698606957708 ], [ -77.313166419701233, 4.02454401512098 ], [ -77.313121996233406, 4.024512656769172 ], [ -77.313046962462337, 4.024459691169601 ], [ -77.312871291426745, 4.024431585407401 ], [ -77.312604271516562, 4.024445641411557 ], [ -77.312435627854754, 4.024438611142283 ], [ -77.312309144656652, 4.024424560076661 ], [ -77.312210768896378, 4.024333209834229 ], [ -77.312182660790214, 4.024213755173988 ], [ -77.312203741862362, 4.024087268590268 ], [ -77.312274009806714, 4.023967813692892 ], [ -77.312393466350528, 4.023855384163554 ], [ -77.312449681508141, 4.023813222316428 ], [ -77.312498868312062, 4.023785115365966 ], [ -77.312590218033577, 4.02374295272629 ], [ -77.312681566847132, 4.023665659597349 ], [ -77.312723728868121, 4.023616473420915 ], [ -77.312730754661672, 4.023539173551114 ], [ -77.312709674819359, 4.023468906358731 ], [ -77.312702647734469, 4.02339161257417 ], [ -77.312646432984863, 4.023272153896624 ], [ -77.312639405215023, 4.023166751919562 ], [ -77.312675439592795, 4.02306854776208 ], [ -77.31291790563381, 4.02289874121051 ], [ -77.31304751432198, 4.022861487087011 ], [ -77.31315865453692, 4.02293590368672 ], [ -77.313288316432875, 4.02308476328335 ], [ -77.313473513364713, 4.023121934710919 ], [ -77.313584617735046, 4.023066077363901 ], [ -77.313714189914378, 4.022824098186089 ], [ -77.313732650277274, 4.022582146375127 ], [ -77.313695568217724, 4.022396050798913 ], [ -77.313621465794199, 4.022284399122904 ], [ -77.313535674606896, 4.022210544574564 ], [ -77.313468573793003, 4.022211100551041 ], [ -77.313278848483222, 4.022246236381267 ], [ -77.31307507106311, 4.022316504215195 ], [ -77.312836157339461, 4.022316503693446 ], [ -77.312709674777054, 4.022274342352493 ], [ -77.312675146485873, 4.022219673075918 ], [ -77.312625352347354, 4.022140832155319 ], [ -77.312632380088303, 4.021986243561296 ], [ -77.312646432445888, 4.021810570585656 ], [ -77.312758863037971, 4.021627872604517 ], [ -77.312955613795211, 4.021374906243695 ], [ -77.313046962771821, 4.021114914329613 ], [ -77.313117231468254, 4.020791680260705 ], [ -77.313131285763575, 4.020616007397874 ], [ -77.313075070604938, 4.020531685405707 ], [ -77.31294156065853, 4.020489523231563 ], [ -77.312822103736949, 4.020454389026457 ], [ -77.312765889643572, 4.020292771938306 ], [ -77.312751835860936, 4.020124128868519 ], [ -77.312786969379673, 4.019955482749912 ], [ -77.312861995012966, 4.019791789820442 ], [ -77.31293024069609, 4.019713921289882 ], [ -77.312997775409102, 4.019639278445656 ], [ -77.313145338773865, 4.019547927918145 ], [ -77.313292902408421, 4.019428472843196 ], [ -77.313363170689925, 4.019323067560347 ], [ -77.313391278524719, 4.019168476415511 ], [ -77.313384251459098, 4.018985777736049 ], [ -77.313408319872508, 4.018850334595651 ], [ -77.313433439700077, 4.018774972994326 ], [ -77.313524789019183, 4.018690650923062 ], [ -77.313651271709176, 4.018648492745262 ], [ -77.313805862364617, 4.01863443698089 ], [ -77.313869103210806, 4.018634436962516 ], [ -77.314065855709117, 4.018739842291088 ], [ -77.314192338854326, 4.01885226839075 ], [ -77.314297741908931, 4.01894361674852 ], [ -77.314459358932567, 4.018992805355505 ], [ -77.314677191658816, 4.018999833282114 ], [ -77.314895023838744, 4.018985778039103 ], [ -77.315042547639948, 4.01896689779996 ], [ -77.315084748393772, 4.018964698119809 ], [ -77.315211232041307, 4.018978752309931 ], [ -77.315379875218994, 4.018964698281868 ], [ -77.315407983606661, 4.018929564821891 ], [ -77.315400956458134, 4.018838215892366 ], [ -77.315330687313093, 4.018690650936156 ], [ -77.315239338583609, 4.018543087788207 ], [ -77.315235346300597, 4.018499169393745 ], [ -77.315225285950845, 4.018388497057956 ], [ -77.315295553282581, 4.018297148275113 ], [ -77.31542906343212, 4.018262014656091 ], [ -77.315808513955091, 4.018311202311365 ], [ -77.316237150975923, 4.018423632200694 ], [ -77.316609574001404, 4.018493900026483 ], [ -77.31670794995641, 4.018543088355579 ], [ -77.31686254059899, 4.018739841876228 ], [ -77.316879892311533, 4.018763698146974 ], [ -77.316974969253977, 4.01889442938492 ], [ -77.317080372283982, 4.018915510136016 ], [ -77.317164694300203, 4.018880377637734 ], [ -77.317185775570806, 4.018767948156619 ], [ -77.317192801933999, 4.018641463086758 ], [ -77.317101452376136, 4.018500926387264 ], [ -77.317094426773281, 4.018367416077951 ], [ -77.31704523838421, 4.018269039841469 ], [ -77.317010103963526, 4.018219853110406 ], [ -77.316911728252123, 4.018177690674186 ], [ -77.316799298890928, 4.018135529766562 ], [ -77.316693895291252, 4.01808634172914 ], [ -77.316518225031643, 4.017952831830556 ], [ -77.316335526288782, 4.017784188220746 ], [ -77.316216070696669, 4.01756635864263 ], [ -77.316096613380964, 4.017348522669669 ], [ -77.316005264996917, 4.017074475556679 ], [ -77.315956077964472, 4.016983126714419 ], [ -77.315920942648162, 4.01696907557209 ], [ -77.315773379403481, 4.017018264119093 ], [ -77.315632843050707, 4.017158799773123 ], [ -77.315606831639585, 4.017172489678196 ], [ -77.315499332914399, 4.017229068102205 ], [ -77.31541500987808, 4.017222043159901 ], [ -77.315239338310192, 4.017144745140643 ], [ -77.315169687244392, 4.017081726608998 ], [ -77.315091775661799, 4.017011235058241 ], [ -77.314768540384918, 4.01678637756152 ], [ -77.314578815351766, 4.01657556964355 ], [ -77.314487466799875, 4.016399900593228 ], [ -77.314459358411568, 4.016097747335573 ], [ -77.314550707526323, 4.015816670554127 ], [ -77.314559732904414, 4.015785730356862 ], [ -77.314649083429103, 4.015479383634172 ], [ -77.314775566331122, 4.015226417298286 ], [ -77.314916103705983, 4.015177230394047 ], [ -77.314986373045301, 4.015191282080552 ], [ -77.31503556038183, 4.01521938911467 ], [ -77.315133936973751, 4.015331819347817 ], [ -77.315183124048545, 4.015444247939292 ], [ -77.315211231978424, 4.015528571077152 ], [ -77.315260419604272, 4.015570732563455 ], [ -77.315337715028093, 4.015591814299814 ], [ -77.315478251439558, 4.015641000604536 ], [ -77.31568905693058, 4.015690187553027 ], [ -77.315815540954375, 4.015711268971751 ], [ -77.315984185093114, 4.015739376291447 ], [ -77.316152828586254, 4.015781537145444 ], [ -77.316307419813313, 4.015802618172217 ], [ -77.316356607460946, 4.015844780415447 ], [ -77.316511197679304, 4.015950181017044 ], [ -77.316630654300951, 4.016118827736991 ], [ -77.316834432578361, 4.016364765311979 ], [ -77.317003077498882, 4.016512331125834 ], [ -77.317234963016404, 4.016666918988085 ], [ -77.317368472277096, 4.016779348668065 ], [ -77.317509009607619, 4.016905833319002 ], [ -77.317600358626223, 4.01700420763342 ], [ -77.317777164096299, 4.017169227994073 ], [ -77.317804138100911, 4.017200962401287 ], [ -77.317831530729947, 4.017211680142021 ], [ -77.31791619231349, 4.017244806579686 ], [ -77.317965754453013, 4.017264201289586 ], [ -77.318211694578451, 4.017264200644057 ], [ -77.318387365361616, 4.017215013147531 ], [ -77.318471687322514, 4.017116638045342 ], [ -77.318464660314419, 4.016997183321807 ], [ -77.318359258350938, 4.016814484127029 ], [ -77.318232776061024, 4.016631785836287 ], [ -77.318204667458559, 4.016533412350562 ], [ -77.318204667372612, 4.016336658269179 ], [ -77.318214940250101, 4.016287863045705 ], [ -77.318232775993181, 4.016203148349497 ], [ -77.318345204646576, 4.016041530257358 ], [ -77.318408446941945, 4.015893967951783 ], [ -77.318464660590891, 4.015823698635029 ], [ -77.318541956565795, 4.015760456031832 ], [ -77.318640332968499, 4.015739375786117 ], [ -77.318766815377799, 4.015746405837145 ], [ -77.31879670774012, 4.015747509648878 ], [ -77.318956540638922, 4.015753431164151 ], [ -77.319104103741012, 4.015662081912271 ], [ -77.319174372484611, 4.015584785215742 ], [ -77.31919545268471, 4.015500464921906 ], [ -77.319181399290784, 4.01543019704615 ], [ -77.319104103692226, 4.015388034580742 ], [ -77.318942486270132, 4.015366954398179 ], [ -77.318738707778962, 4.015331818928887 ], [ -77.318556009589699, 4.015254523651545 ], [ -77.318492768438404, 4.015170200740807 ], [ -77.318443581037627, 4.015092905762466 ], [ -77.318443580395254, 4.014980475669183 ], [ -77.318447811035171, 4.014891652940709 ], [ -77.318490020914254, 4.014764270128021 ], [ -77.318638098477962, 4.014447839825792 ], [ -77.31882317898355, 4.014038340918443 ], [ -77.319043547991811, 4.013650541034319 ], [ -77.319019781625869, 4.01361726887411 ], [ -77.318984647647653, 4.013610244522376 ], [ -77.31894951393096, 4.01361726918196 ], [ -77.318865191418354, 4.013687536833488 ], [ -77.318745735073307, 4.013891317248716 ], [ -77.318668439862918, 4.013989690785618 ], [ -77.318605197224571, 4.013996717571486 ], [ -77.318570063531936, 4.013961585242808 ], [ -77.318570063863518, 4.013933479074939 ], [ -77.318570063337162, 4.013863211406253 ], [ -77.318584118000672, 4.013785912752565 ], [ -77.318605198091404, 4.013729698622456 ], [ -77.318668439438568, 4.0136594309693 ], [ -77.318696546443505, 4.013610244215526 ], [ -77.318696546829912, 4.013539975650932 ], [ -77.318703573761042, 4.013413489954734 ], [ -77.318794922369392, 4.01330808731355 ], [ -77.318928433077616, 4.013188631174338 ], [ -77.319075996849705, 4.013048094175263 ], [ -77.319251667470354, 4.012809183167869 ], [ -77.319469500084764, 4.012373517588624 ], [ -77.31965922463317, 4.012071363563686 ], [ -77.319710853463036, 4.011974178776341 ], [ -77.319898137998095, 4.011621643929742 ], [ -77.319975432708617, 4.011460027178043 ], [ -77.320010566600587, 4.011326517399196 ], [ -77.320052728813778, 4.011277329280645 ], [ -77.320193264238455, 4.011263278101221 ], [ -77.320291641012844, 4.011298408679728 ], [ -77.320358855001203, 4.01131673971372 ], [ -77.320516500023786, 4.011382732934575 ], [ -77.320706224512406, 4.011424895371452 ], [ -77.320783519616356, 4.011431919754548 ], [ -77.320818654663427, 4.011410838925047 ], [ -77.32084676152671, 4.011361652317949 ], [ -77.320839734919005, 4.011277328949985 ], [ -77.320811627735367, 4.011171928934733 ], [ -77.320755413080548, 4.011038416780685 ], [ -77.320741358892406, 4.010954093695123 ], [ -77.320776493361791, 4.010855718674381 ], [ -77.320853788610762, 4.010778425761696 ], [ -77.320910003912701, 4.010715182708865 ], [ -77.320952165084307, 4.010616804715345 ], [ -77.320994325346319, 4.01046924222763 ], [ -77.320994326043163, 4.010314651126053 ], [ -77.320952164270778, 4.010188168737356 ], [ -77.320881895509672, 4.010054658019649 ], [ -77.320769466678883, 4.010033576920922 ], [ -77.320586768544061, 4.010047632377955 ], [ -77.320537580925759, 4.010117900945512 ], [ -77.320446231760485, 4.010272493124353 ], [ -77.320406462546146, 4.010356998979216 ], [ -77.320390016478811, 4.010391948350733 ], [ -77.320312721536268, 4.010441135122751 ], [ -77.32020731890124, 4.010448160715665 ], [ -77.320059754591497, 4.010434106830218 ], [ -77.319926245092589, 4.010342760749007 ], [ -77.319792734698012, 4.010251411910828 ], [ -77.319697739693439, 4.010188079432421 ], [ -77.319192574574657, 4.010111283559912 ], [ -77.318959197633987, 4.010129381717745 ], [ -77.318921405696855, 4.010188168923039 ], [ -77.318872217482507, 4.010293569573126 ], [ -77.318816003550211, 4.01040599997111 ], [ -77.318661412522331, 4.010743288905918 ], [ -77.318556009330933, 4.010897880973067 ], [ -77.318443580888427, 4.010982201136405 ], [ -77.318303043927457, 4.010975174397451 ], [ -77.318211694343731, 4.010918961955823 ], [ -77.317997963085077, 4.010825011270772 ], [ -77.317811164390378, 4.01065896585185 ], [ -77.317501983996081, 4.010258436677881 ], [ -77.317143613818473, 4.009977364098432 ], [ -77.317059291817088, 4.009907095696888 ], [ -77.317017130563784, 4.009921148058243 ], [ -77.316953889415316, 4.009963309198499 ], [ -77.316932808928556, 4.010082765252778 ], [ -77.316932808911531, 4.010130457305698 ], [ -77.316932808260674, 4.010167087549284 ], [ -77.316932808311108, 4.010237356276851 ], [ -77.316960915497802, 4.010314650773449 ], [ -77.317017130266791, 4.010363841628152 ], [ -77.317066318666619, 4.01037789340341 ], [ -77.317263070205769, 4.010413029153688 ], [ -77.317410360336027, 4.010413642489164 ], [ -77.317480902456296, 4.010420054241137 ], [ -77.317516037046573, 4.010476268061435 ], [ -77.317515644724381, 4.01054761367973 ], [ -77.317487929495968, 4.010623834134939 ], [ -77.317389553490827, 4.010651940388091 ], [ -77.317263071021728, 4.010658966430518 ], [ -77.316799298377703, 4.01052545559318 ], [ -77.316390727626327, 4.010309499820375 ], [ -77.316307419636246, 4.010265463125974 ], [ -77.316040399734462, 4.010040604357074 ], [ -77.315950762079041, 4.009889637942747 ], [ -77.315906889410172, 4.009815747112208 ], [ -77.315822566883668, 4.009541699655241 ], [ -77.315724191439458, 4.00930981425579 ], [ -77.315689056962142, 4.009077929415358 ], [ -77.315675003337304, 4.008895229617569 ], [ -77.315675003630744, 4.00874766422945 ], [ -77.315717164988669, 4.008557940326074 ], [ -77.315737394036162, 4.00848554634152 ], [ -77.315829593217558, 4.008389297278648 ], [ -77.315857701569698, 4.008248761418876 ], [ -77.315857701355213, 4.008037953129355 ], [ -77.315836620648142, 4.007890390247962 ], [ -77.315794459787895, 4.007749853003858 ], [ -77.315682030353486, 4.007686610854456 ], [ -77.315632842569499, 4.007623369423743 ], [ -77.315606875540993, 4.007597402412232 ], [ -77.315569600410711, 4.007560130223084 ], [ -77.315527439484399, 4.007398511607716 ], [ -77.315527439997297, 4.007236895303575 ], [ -77.315590681882242, 4.007159596831788 ], [ -77.315689056256119, 4.007152570670611 ], [ -77.315871754735838, 4.007096358876913 ], [ -77.316096614002987, 4.006983928743681 ], [ -77.316272285877702, 4.006857442937327 ], [ -77.316588493258664, 4.006625557348627 ], [ -77.316799299003648, 4.006442858950993 ], [ -77.316989023806258, 4.006288268380689 ], [ -77.317213882246634, 4.006147731222316 ], [ -77.317466848764624, 4.006056381554983 ], [ -77.317733869053981, 4.005915845804738 ], [ -77.317874405345705, 4.005838552296168 ], [ -77.318000889696407, 4.005733147619685 ], [ -77.318113318867759, 4.005634771984423 ], [ -77.318296016931924, 4.00554342272521 ], [ -77.318457634621396, 4.005529368590561 ], [ -77.31861222468477, 4.005515317365052 ], [ -77.318745734358544, 4.005571529938886 ], [ -77.318851137731329, 4.005676934339731 ], [ -77.318858164576341, 4.005782334686117 ], [ -77.318816004096959, 4.005845576942063 ], [ -77.318816003632136, 4.005887739342323 ], [ -77.318921405662962, 4.005943952725858 ], [ -77.318977621089644, 4.005943952681103 ], [ -77.319047889329951, 4.005972062837171 ], [ -77.319083023362438, 4.006021249921417 ], [ -77.319075996508815, 4.006091517784631 ], [ -77.319039885303027, 4.00613446084612 ], [ -77.319005728420393, 4.006161785944058 ], [ -77.31900572850779, 4.006253134774084 ], [ -77.319026808424326, 4.006316377653618 ], [ -77.319104104015778, 4.006400698022849 ], [ -77.319237613940146, 4.006463939790842 ], [ -77.319300856016653, 4.0064569153946 ], [ -77.319350044009013, 4.006393671975741 ], [ -77.31936888347515, 4.00634522592668 ], [ -77.319402744512317, 4.006256647918745 ], [ -77.319455446781305, 4.00627421618759 ], [ -77.31949760748121, 4.006316378021409 ], [ -77.319521742985515, 4.006378438638679 ], [ -77.319560848942032, 4.006414753196073 ], [ -77.319652197876763, 4.006492047107636 ], [ -77.31965219763768, 4.006525516712816 ], [ -77.319652198075786, 4.006583395859147 ], [ -77.319595983390442, 4.006864469932304 ], [ -77.319539768677103, 4.007138517283688 ], [ -77.319539768495204, 4.007265000746018 ], [ -77.319595983897415, 4.00732824409166 ], [ -77.319645170945719, 4.007335269108167 ], [ -77.319778681898327, 4.007257976344681 ], [ -77.319975433058559, 4.006969873280803 ], [ -77.320093491434406, 4.006906631152463 ], [ -77.3201721843743, 4.006906630920774 ], [ -77.320228399774223, 4.006906630717943 ], [ -77.320270560911538, 4.006976899438755 ], [ -77.320285095667188, 4.007077011804467 ], [ -77.320319749066087, 4.007201758233504 ], [ -77.320340828343859, 4.007272026794785 ], [ -77.320390016546384, 4.00730013381401 ], [ -77.32045325896101, 4.007321215365373 ], [ -77.320553421058193, 4.007325987271895 ], [ -77.320600821588727, 4.007328243938346 ], [ -77.320678118075122, 4.007335268741719 ], [ -77.320797573367628, 4.007370402588896 ], [ -77.321099728449909, 4.007363376334931 ], [ -77.321124274100214, 4.007342924019952 ], [ -77.321226211895436, 4.007257975865328 ], [ -77.321366748784015, 4.007040140699789 ], [ -77.321472150209317, 4.006808255224557 ], [ -77.321472150498636, 4.006196918838201 ], [ -77.321387828735865, 4.005606665661288 ], [ -77.321338640872142, 4.004939116061482 ], [ -77.321303506311793, 4.004608852250502 ], [ -77.321296479700678, 4.0043769663704 ], [ -77.321305679312729, 4.004334034271817 ], [ -77.321317560407181, 4.004278591264347 ], [ -77.321380801245212, 4.004109948238747 ], [ -77.321549446665145, 4.003955356092446 ], [ -77.321752140348437, 4.003874252395036 ], [ -77.322020244409941, 4.003702390350919 ], [ -77.322118620381346, 4.003632120580391 ], [ -77.322153754857382, 4.003498611431968 ], [ -77.322139701644062, 4.003344020122651 ], [ -77.322076459298032, 4.003196457178355 ], [ -77.32192186858893, 4.003034839208414 ], [ -77.321886734261739, 4.002929435687279 ], [ -77.321886734387505, 4.002760792185762 ], [ -77.321900676027397, 4.002612091007239 ], [ -77.321949927032534, 4.002479979040213 ], [ -77.322135069445849, 4.00229383025877 ], [ -77.322192510491575, 4.002236070254188 ], [ -77.322306003499463, 4.002070989635411 ], [ -77.322371588032325, 4.001864870639714 ], [ -77.322418432472531, 4.001789915841573 ], [ -77.322493385529611, 4.001743073398274 ], [ -77.322520543079477, 4.001743073025939 ], [ -77.322558969847464, 4.001743073419699 ], [ -77.322615184715772, 4.001743073435211 ], [ -77.322708875484864, 4.001705594254537 ], [ -77.322774459202989, 4.001611904842878 ], [ -77.322811936764523, 4.001461999791464 ], [ -77.322840043481833, 4.001255877317934 ], [ -77.322849412272305, 4.001049754840363 ], [ -77.322830674834208, 4.000796788974641 ], [ -77.322765090585492, 4.000609408240121 ], [ -77.322690137430399, 4.000365809998121 ], [ -77.322558969403232, 4.000131581141931 ], [ -77.322521493688441, 3.999944201233414 ], [ -77.322493385448453, 3.999728708998664 ], [ -77.322503560883945, 3.999657485319859 ], [ -77.322597296851697, 3.999390360392583 ], [ -77.322782413246983, 3.999111143989929 ], [ -77.322874940463905, 3.998869173267372 ], [ -77.322930419294664, 3.998589987219113 ], [ -77.322964185322974, 3.998386056826825 ], [ -77.322985890914538, 3.998254970077624 ], [ -77.323004341709932, 3.997975799605105 ], [ -77.323059839975414, 3.997733838240935 ], [ -77.323189422261265, 3.99756630237458 ], [ -77.323448622510924, 3.997361512833982 ], [ -77.323726345411913, 3.997175337360857 ], [ -77.324096648435386, 3.996914682882995 ], [ -77.324318819774547, 3.996728517270758 ], [ -77.324522467975541, 3.996542356796216 ], [ -77.324615021688402, 3.996374822277477 ], [ -77.324614976572718, 3.99620732124687 ], [ -77.324559370864634, 3.996021226259191 ], [ -77.324485268306759, 3.995890970841846 ], [ -77.32437414640296, 3.995835161092589 ], [ -77.324244520385832, 3.995835193670207 ], [ -77.324151939478668, 3.995891051701188 ], [ -77.323781609959042, 3.996021423612374 ], [ -77.322726133410924, 3.99624502528057 ], [ -77.321744733741696, 3.996468606180229 ], [ -77.321115113367114, 3.996450154027169 ], [ -77.320892878553053, 3.996394378052972 ], [ -77.320633599098031, 3.996301383554484 ], [ -77.320503953590389, 3.996208364065851 ], [ -77.320318738206652, 3.996096739397894 ], [ -77.32011502724167, 3.996003738647081 ], [ -77.319966868229557, 3.995966548953753 ], [ -77.319818709232052, 3.995929364633638 ], [ -77.319689073697461, 3.995873555209986 ], [ -77.319596448766518, 3.99572469328014 ], [ -77.31955938334697, 3.995575814693767 ], [ -77.31955923107995, 3.995036098828542 ], [ -77.319614737651989, 3.994831354403371 ], [ -77.319744311512125, 3.99462660123441 ], [ -77.319984987383265, 3.994365984611318 ], [ -77.32028120757748, 3.994086740551696 ], [ -77.320521892637558, 3.993881960839638 ], [ -77.320651465270444, 3.99367719800849 ], [ -77.320743992750494, 3.99343523922989 ], [ -77.320780966319163, 3.993193276235324 ], [ -77.320873511794062, 3.992988534117898 ], [ -77.32100310279138, 3.992839601792205 ], [ -77.321132702369056, 3.992746517002501 ], [ -77.321243769461617, 3.992597605894865 ], [ -77.321262256486037, 3.992448706576104 ], [ -77.321225175023329, 3.992281219081911 ], [ -77.321151054724666, 3.99207650031493 ], [ -77.321076934600541, 3.99190902794458 ], [ -77.321002823479844, 3.99174154736459 ], [ -77.321021292344867, 3.991536811388966 ], [ -77.321039762243572, 3.991332092564186 ], [ -77.321113792943564, 3.991164576719107 ], [ -77.321243383962226, 3.99101565192974 ], [ -77.321287421413558, 3.9909713708699 ], [ -77.321378528642697, 3.990823320830504 ], [ -77.321954285599659, 3.990355517695244 ], [ -77.322673982264334, 3.989959686554501 ], [ -77.323339702604954, 3.98965381397364 ], [ -77.323804601987703, 3.989454571873569 ], [ -77.323983595652848, 3.989246890352828 ], [ -77.324131664744698, 3.988949079027599 ], [ -77.324187162609277, 3.98868850401025 ], [ -77.324205586691178, 3.988334882323214 ], [ -77.324260977800463, 3.987702098628 ], [ -77.324260905772803, 3.987404308279169 ], [ -77.324223823360086, 3.987236816820546 ], [ -77.324186785414597, 3.987218212817472 ], [ -77.324001607035086, 3.987236871133002 ], [ -77.323927558651903, 3.987311341401147 ], [ -77.323834987351674, 3.987385802087468 ], [ -77.32368688238131, 3.987534734583463 ], [ -77.32355729028626, 3.987683656897658 ], [ -77.323372166715558, 3.987888429255275 ], [ -77.323038918692617, 3.988186294219853 ], [ -77.322798223280287, 3.988335241981309 ], [ -77.322650091747221, 3.988391117102613 ], [ -77.322390855654078, 3.988428396564867 ], [ -77.322187144496382, 3.988391233882441 ], [ -77.322094546692924, 3.988372637933388 ], [ -77.321927873722487, 3.98831685360802 ], [ -77.321816733254536, 3.988205210145021 ], [ -77.321668547796861, 3.988037748605696 ], [ -77.321575922078281, 3.987870267177686 ], [ -77.321538821527099, 3.987628330108337 ], [ -77.321742307861342, 3.986753549716894 ], [ -77.322038428812306, 3.986102083384696 ], [ -77.322427227833003, 3.985781648440799 ], [ -77.322649427960286, 3.985707203408367 ], [ -77.322890139994556, 3.985632749118733 ], [ -77.323112310838738, 3.985465322352816 ], [ -77.323278938836154, 3.985335103843464 ], [ -77.323575158643393, 3.98505606814672 ], [ -77.323778806969926, 3.984870044348437 ], [ -77.323908388445588, 3.98468404863886 ], [ -77.323945372221033, 3.984498068676094 ], [ -77.323908289444162, 3.984256315406019 ], [ -77.323852666053909, 3.984014569679296 ], [ -77.323871144980458, 3.983884385807429 ], [ -77.323945165654905, 3.98371699473278 ], [ -77.324000690767392, 3.983568204829 ], [ -77.324000663359783, 3.983456616773908 ], [ -77.323982122291909, 3.983345046962139 ], [ -77.32384476929667, 3.98325888419768 ], [ -77.323699551477347, 3.983248509950684 ], [ -77.323573604458133, 3.983122563291357 ], [ -77.32355561143406, 3.982852676246847 ], [ -77.323627581293067, 3.98258279036639 ], [ -77.323825498517479, 3.982402868442629 ], [ -77.324077392473484, 3.982330895573205 ], [ -77.324419248798975, 3.982330895745082 ], [ -77.324995006075625, 3.982708737010397 ], [ -77.325408832081749, 3.983068586163631 ], [ -77.325858642788646, 3.983176539781031 ], [ -77.325997308656454, 3.983130317651854 ], [ -77.32607455197018, 3.983104572017204 ], [ -77.326128528908527, 3.98292464695935 ], [ -77.326092543845377, 3.982780708287239 ], [ -77.325786672728825, 3.982456844992849 ], [ -77.325390839219736, 3.982079004790752 ], [ -77.325012998278908, 3.981719154805165 ], [ -77.324964382865176, 3.981601081625753 ], [ -77.325018607532201, 3.98131770298161 ], [ -77.325185218856433, 3.981131698604931 ], [ -77.32529629428636, 3.981020079834969 ], [ -77.325499961027134, 3.980871257208761 ], [ -77.325740636388844, 3.980666628664972 ], [ -77.32588873394387, 3.98049922111009 ], [ -77.325962773485301, 3.980350423392217 ], [ -77.325999334476606, 3.980191117230677 ], [ -77.326018261654411, 3.980108649071712 ], [ -77.326092265052097, 3.979848263698782 ], [ -77.326184782695492, 3.979550688871011 ], [ -77.326761572509966, 3.979035548837583 ], [ -77.326958869437533, 3.978873233007715 ], [ -77.327030582808561, 3.978692905324495 ], [ -77.326976719860482, 3.978530650370363 ], [ -77.326851108373049, 3.97840447387822 ], [ -77.326671714945022, 3.97840452167649 ], [ -77.326599967068489, 3.978458623547849 ], [ -77.326474408238894, 3.978530777099874 ], [ -77.326312971440217, 3.978620969919531 ], [ -77.326169475877904, 3.978693131399899 ], [ -77.326079778944006, 3.978711186340226 ], [ -77.325918315614416, 3.978711222552632 ], [ -77.325685076712858, 3.978603109421591 ], [ -77.325642586450115, 3.978560421393162 ], [ -77.325664156046415, 3.977811270600486 ], [ -77.325345596345812, 3.977301577221309 ], [ -77.324869058268675, 3.976879192933066 ], [ -77.324473225758553, 3.976699268344463 ], [ -77.324167354494989, 3.976357411223542 ], [ -77.324041407481175, 3.975979570203982 ], [ -77.324059399843392, 3.975565743753409 ], [ -77.324131370046203, 3.975241880372233 ], [ -77.324293301708806, 3.974864039869947 ], [ -77.324402556761768, 3.974549932020447 ], [ -77.324419248869788, 3.973982411113945 ], [ -77.324401255991901, 3.973316694221451 ], [ -77.324383263608553, 3.97268695739921 ], [ -77.324749109797338, 3.972546017905441 ], [ -77.326308452310741, 3.971946269161232 ], [ -77.327411988517085, 3.971682380021505 ], [ -77.327819817077113, 3.972258135982429 ], [ -77.328107695491838, 3.972522024992899 ], [ -77.328212476480658, 3.972595989790669 ], [ -77.329060020498972, 3.972474910913877 ], [ -77.329923228574316, 3.972636764861292 ], [ -77.330074868050559, 3.972833894795577 ], [ -77.330146836890563, 3.973097784382861 ], [ -77.33017082645722, 3.973745510697113 ], [ -77.330218806647736, 3.974321268169323 ], [ -77.330482695831464, 3.974897026253609 ], [ -77.330753167792565, 3.975039378738197 ], [ -77.330938503702569, 3.975136926335671 ], [ -77.331250372444828, 3.975184904314343 ], [ -77.331634210991055, 3.975280865170525 ], [ -77.332042039500806, 3.975592732911775 ], [ -77.332449867589631, 3.975952580903714 ], [ -77.332833705514133, 3.976096521421181 ], [ -77.333115654131817, 3.976096520972049 ], [ -77.333361483439575, 3.97588061363302 ], [ -77.333433453736319, 3.975256876078323 ], [ -77.33340946351214, 3.974705106043416 ], [ -77.333601382732212, 3.974105359837654 ], [ -77.333936820624231, 3.973658107997344 ], [ -77.334033201023018, 3.973529600584995 ], [ -77.33448900983629, 3.973097783554113 ], [ -77.335064766996283, 3.9725460178889 ], [ -77.335280032695181, 3.972163321705808 ], [ -77.33535264608453, 3.971706369392762 ], [ -77.335328655791201, 3.971250563702833 ], [ -77.335136736460726, 3.97038692635932 ], [ -77.335112746562558, 3.969811167118841 ], [ -77.335168567676021, 3.969476244928948 ], [ -77.335184716204921, 3.969379349356369 ], [ -77.335688504652282, 3.968539702342205 ], [ -77.336216281679043, 3.968035913631615 ], [ -77.336600120407326, 3.967652075252477 ], [ -77.336648735496269, 3.967569431998084 ], [ -77.336768697309367, 3.966898555282695 ], [ -77.336858295299322, 3.966519898426665 ], [ -77.336983816210974, 3.96630350259225 ], [ -77.337737045347254, 3.965455878766708 ], [ -77.337862361083353, 3.964464183874266 ], [ -77.338148940567237, 3.962805318818059 ], [ -77.33838172959797, 3.961218598543824 ], [ -77.338668615343892, 3.960677605386402 ], [ -77.338883789486985, 3.960316940312863 ], [ -77.338983969436711, 3.960163480668436 ], [ -77.339263938645331, 3.959734642957178 ], [ -77.339501389499475, 3.959171579364587 ], [ -77.339530055068792, 3.959048160192868 ], [ -77.339624441655587, 3.958641833164683 ], [ -77.339677657719804, 3.958321855691728 ], [ -77.340070563074846, 3.956714057822262 ], [ -77.340621625325454, 3.954231725882269 ], [ -77.340805376003232, 3.953650739714812 ], [ -77.340936673332578, 3.953386636399759 ], [ -77.341199340449833, 3.953175315274322 ], [ -77.341435714443492, 3.95288478264766 ], [ -77.341593296351419, 3.952673489696002 ], [ -77.341777038750905, 3.952066095769619 ], [ -77.341881764249891, 3.95074576126406 ], [ -77.342065523730881, 3.950191175322799 ], [ -77.342170518637971, 3.949821466165429 ], [ -77.342564429829451, 3.949161204230032 ], [ -77.342774555045381, 3.94897630292091 ], [ -77.342879613069002, 3.948844242023791 ], [ -77.34298463501753, 3.948606556634873 ], [ -77.342984581835992, 3.948395308407694 ], [ -77.342879415776224, 3.948104864610957 ], [ -77.342800506341135, 3.947788011349984 ], [ -77.342826683950662, 3.947444738141313 ], [ -77.342905421056273, 3.947127831396202 ], [ -77.343036719470831, 3.94689013914466 ], [ -77.343168017000792, 3.946652454178325 ], [ -77.343351794323766, 3.94617708938849 ], [ -77.343693225416331, 3.945780898311952 ], [ -77.34408721727192, 3.945437506873742 ], [ -77.34416597228369, 3.945199832813856 ], [ -77.34416592771467, 3.945041397586765 ], [ -77.344087048027376, 3.944803763144541 ], [ -77.344034450697464, 3.944592525670868 ], [ -77.344060672531796, 3.944407678407385 ], [ -77.344113152522752, 3.944196411978788 ], [ -77.344218182715167, 3.944011541032363 ], [ -77.34471720531991, 3.943404062905098 ], [ -77.344927340954399, 3.943245563573283 ], [ -77.345084914001092, 3.943034271153762 ], [ -77.345084860044253, 3.942823024407478 ], [ -77.344979693580129, 3.942558990389973 ], [ -77.344769470703142, 3.942374207107809 ], [ -77.344664313326376, 3.942136575112207 ], [ -77.34466425086805, 3.941898916982653 ], [ -77.344769282908814, 3.941714042795583 ], [ -77.345005683032227, 3.941502731565334 ], [ -77.345268350654351, 3.941317814827557 ], [ -77.345425922989961, 3.941080119679246 ], [ -77.345478330188314, 3.940631197750811 ], [ -77.345373165802911, 3.940340762242506 ], [ -77.345215465794524, 3.9400767390735 ], [ -77.345084024291651, 3.939759901689484 ], [ -77.345110219683818, 3.939495834602665 ], [ -77.345372868211953, 3.939205290659807 ], [ -77.345828235950947, 3.938456368249085 ], [ -77.345924195383787, 3.938264447125592 ], [ -77.345900205274617, 3.938000557693164 ], [ -77.345876215938745, 3.937760659119636 ], [ -77.345780255279308, 3.937352830650474 ], [ -77.345660306627749, 3.936729093359185 ], [ -77.345684296685391, 3.936177326143326 ], [ -77.345701168524656, 3.936017041901013 ], [ -77.345732275678884, 3.935721516860926 ], [ -77.345996165021489, 3.935385659977937 ], [ -77.346260053821254, 3.935361671013464 ], [ -77.346547932313769, 3.935481617872123 ], [ -77.346684760266555, 3.935426887239966 ], [ -77.346787832025655, 3.935385660020815 ], [ -77.346893280972381, 3.935135219668 ], [ -77.347171670967356, 3.934474045394638 ], [ -77.347408524000045, 3.933802958145568 ], [ -77.347446773519891, 3.933417726765575 ], [ -77.347458657379249, 3.932806056233837 ], [ -77.347491500628152, 3.932379093087824 ], [ -77.347627478702165, 3.931835152687714 ], [ -77.347963336633484, 3.931283386761384 ], [ -77.348228922477347, 3.931106329248856 ], [ -77.348395154773868, 3.930995510372085 ], [ -77.348614623404998, 3.930989731682147 ], [ -77.349306771272822, 3.93097151737662 ], [ -77.349834549801741, 3.930875559928761 ], [ -77.35002646894722, 3.930731618296487 ], [ -77.350458286680905, 3.930395761353977 ], [ -77.350478109559077, 3.930363737868233 ], [ -77.350685858663738, 3.930028144054774 ], [ -77.350770155353118, 3.92989197230306 ], [ -77.350971125567142, 3.929691001001928 ], [ -77.351369903073589, 3.929292223781756 ], [ -77.352161569739522, 3.929004344957335 ], [ -77.353337074896203, 3.928644496672543 ], [ -77.354272681059683, 3.928548537210614 ], [ -77.355208287015415, 3.928428587239674 ], [ -77.356191872922849, 3.928572529295898 ], [ -77.356527731741394, 3.928452579322495 ], [ -77.356671670350735, 3.928212680111357 ], [ -77.356791620825291, 3.92794879073309 ], [ -77.356959549488238, 3.927349042398536 ], [ -77.357088594692954, 3.927155475295192 ], [ -77.357377271553204, 3.926894296290692 ], [ -77.358248286942015, 3.926630737371326 ], [ -77.360027068264088, 3.927196713402341 ], [ -77.361078168593124, 3.928166955178157 ], [ -77.362122024449633, 3.928884607420647 ], [ -77.362237327618089, 3.929004344695635 ], [ -77.363364853883382, 3.930755609574291 ], [ -77.364804247623908, 3.932674802413693 ], [ -77.365356014893877, 3.933514446319591 ], [ -77.365667883789612, 3.934186163726101 ], [ -77.365883792766041, 3.935529598786947 ], [ -77.36614768126131, 3.93706495315915 ], [ -77.36648354105418, 3.938960156017434 ], [ -77.366939348657766, 3.940567476627538 ], [ -77.367269853602991, 3.941352426080741 ], [ -77.367627346031412, 3.942558963893782 ], [ -77.367986886505861, 3.943757458866497 ], [ -77.368355025869391, 3.944984578194761 ], [ -77.369289623587662, 3.946993963805922 ], [ -77.36997210122658, 3.948461301416669 ], [ -77.371265764725649, 3.951129476180535 ], [ -77.372640286353047, 3.953150828104267 ], [ -77.373541485263061, 3.95475960364836 ], [ -77.375405677770345, 3.956842112887291 ], [ -77.375552632430413, 3.95695534804428 ], [ -77.375679933493572, 3.957091376902933 ], [ -77.37588134438316, 3.957387025148303 ], [ -77.375925370271247, 3.957484866578504 ], [ -77.37643934918286, 3.957936167809458 ], [ -77.377830763884063, 3.95915965081513 ], [ -77.378958288578545, 3.960239199130537 ], [ -77.379821925788221, 3.961606620188478 ], [ -77.380613591808114, 3.963261924385847 ], [ -77.380951440938446, 3.964066327610391 ], [ -77.381117379930387, 3.964461421129416 ], [ -77.382076975321041, 3.965732882986932 ], [ -77.38235529686753, 3.966023134946948 ], [ -77.383228229776492, 3.966933476742166 ], [ -77.3837562681679, 3.967484145782207 ], [ -77.385675460929008, 3.970314954360867 ], [ -77.385875213360038, 3.970627067682396 ], [ -77.385900326526766, 3.970696132131318 ], [ -77.386304595425713, 3.971423808925383 ], [ -77.387032285164523, 3.972555768167264 ], [ -77.387665925489728, 3.973362221182049 ], [ -77.387882531407755, 3.97350561084783 ], [ -77.388074451937172, 3.973409652045072 ], [ -77.388290360935031, 3.97324172291256 ], [ -77.388626218571773, 3.973025813117058 ], [ -77.389130006870559, 3.972929856374216 ], [ -77.3895618244254, 3.972953845045108 ], [ -77.390281521430211, 3.973073794652827 ], [ -77.391576976662265, 3.973913439717445 ], [ -77.393304249629196, 3.975256875959869 ], [ -77.395895158247669, 3.977511924838921 ], [ -77.397910310633421, 3.979503087991256 ], [ -77.399733542922746, 3.981422279769271 ], [ -77.401700714812762, 3.983557382755707 ], [ -77.403763846169383, 3.985740464255961 ], [ -77.405765327768592, 3.98762757164525 ], [ -77.406154587454196, 3.987955166088853 ], [ -77.407686781880997, 3.989244633354365 ], [ -77.410383110369168, 3.991513822434871 ], [ -77.410531386957658, 3.991638608600362 ], [ -77.410895859667704, 3.991945348162807 ], [ -77.416808822749815, 3.995859557559609 ], [ -77.41954182773749, 3.997934622205868 ], [ -77.421306004476847, 3.99927409226337 ], [ -77.426781361147022, 4.00326830505312 ], [ -77.427327402176715, 4.003666635410566 ], [ -77.430633489214088, 4.006769388769395 ], [ -77.430859805729256, 4.006995706246205 ], [ -77.432469640892606, 4.008483946645119 ], [ -77.434016416205907, 4.010208373970251 ], [ -77.435133933233175, 4.012364259040889 ], [ -77.435821962331659, 4.014434075744827 ], [ -77.436767367794459, 4.015813739288875 ], [ -77.437970561589111, 4.017452053307755 ], [ -77.43900224622125, 4.019694221035906 ], [ -77.439518585375467, 4.021936620716306 ], [ -77.439318055239355, 4.024058345986458 ], [ -77.439889952624682, 4.024990676825369 ], [ -77.439966266267874, 4.025867537966784 ], [ -77.439985222826081, 4.026085335182568 ], [ -77.442209567898686, 4.029421856185976 ], [ -77.449241694860078, 4.038034230177449 ], [ -77.449599822216044, 4.038486789011513 ], [ -77.449621593138403, 4.038513453037711 ], [ -77.447805718657662, 4.044837869955265 ], [ -77.446768619006235, 4.04928847186868 ], [ -77.445502214618841, 4.053551357304575 ], [ -77.444699146844428, 4.055960561373265 ], [ -77.442825320774176, 4.060273331778205 ], [ -77.439910480158261, 4.066162497562885 ], [ -77.43640077564001, 4.073360368740993 ], [ -77.433991571756877, 4.078922358370507 ], [ -77.431017245827746, 4.085793051277877 ], [ -77.429857258830765, 4.088945837330138 ], [ -77.429232649675185, 4.09096837908282 ], [ -77.428905473563788, 4.093080151404749 ], [ -77.428667527695609, 4.09522166592087 ], [ -77.428489068814926, 4.097452410747942 ], [ -77.428608041146219, 4.099593926681798 ], [ -77.428905473274611, 4.101438007702569 ], [ -77.429649055701134, 4.103787726206668 ], [ -77.430333150497702, 4.105512835676748 ], [ -77.431225448972711, 4.107208199876814 ], [ -77.432058260032164, 4.108516904266613 ], [ -77.433813112817035, 4.110658419404071 ], [ -77.435121815675657, 4.112532245669783 ], [ -77.436906411240642, 4.11491170513242 ], [ -77.438809980382359, 4.117231682972186 ], [ -77.441100211324454, 4.120711642106429 ], [ -77.442141225382116, 4.122793671966651 ], [ -77.442914550646265, 4.125113644337173 ], [ -77.443390442355835, 4.127850025060511 ], [ -77.443479672495542, 4.130943324175854 ], [ -77.443390442823244, 4.132400744157302 ], [ -77.443182239930636, 4.133828420387202 ], [ -77.442825320821797, 4.135018151324339 ], [ -77.442141225318451, 4.136683773568429 ], [ -77.440207913389472, 4.139390412654564 ], [ -77.437471534008679, 4.143346263924111 ], [ -77.435805910283491, 4.14578521372385 ], [ -77.432623381150023, 4.145428293078277 ], [ -77.429411109704276, 4.144952402155574 ], [ -77.427180364474339, 4.144238561799589 ], [ -77.425157822812707, 4.143673439772308 ], [ -77.422927077200569, 4.143257038127601 ], [ -77.421142483037556, 4.143138061950294 ], [ -77.417662520403212, 4.143465237402293 ], [ -77.414212301820044, 4.14391138655102 ], [ -77.411119002335056, 4.14486317054515 ], [ -77.408144676951522, 4.145636495887262 ], [ -77.405557012267479, 4.146469307692519 ], [ -77.402969348932672, 4.147004686007474 ], [ -77.401958078045155, 4.147004685961024 ], [ -77.400322198454276, 4.146885713634862 ], [ -77.398329399853424, 4.146677510783765 ], [ -77.397109925624775, 4.14655854027554 ], [ -77.395741735353369, 4.146647766695753 ], [ -77.39386791037866, 4.14703443098786 ], [ -77.392083314924079, 4.147629295381642 ], [ -77.390328462879978, 4.148491848560027 ], [ -77.389168474408223, 4.149235432932071 ], [ -77.388395150570346, 4.150276447734869 ], [ -77.388067974246752, 4.151168741996951 ], [ -77.387978744216852, 4.151942066809186 ], [ -77.387966847865073, 4.15350061419492 ], [ -77.388073922684441, 4.154571373934276 ], [ -77.388430841705585, 4.155820590696893 ], [ -77.389001912174592, 4.156927038207324 ], [ -77.389680058500304, 4.157926411777125 ], [ -77.390036978229176, 4.158675941676244 ], [ -77.390215437988402, 4.159247015389119 ], [ -77.390215437517313, 4.159853775006709 ], [ -77.390108361360632, 4.160603304862081 ], [ -77.389822826879993, 4.161245759789116 ], [ -77.389251756317108, 4.162066674856059 ], [ -77.388288074503578, 4.162816205905401 ], [ -77.386182251342476, 4.164172497072021 ], [ -77.383362590497313, 4.165707252107119 ], [ -77.380614312902864, 4.16745615333909 ], [ -77.378651257387489, 4.168990904550808 ], [ -77.377223581056924, 4.170418583615414 ], [ -77.376366974451741, 4.171739183435578 ], [ -77.375653136356505, 4.173845008372604 ], [ -77.375082065594015, 4.176093600125558 ], [ -77.374832222644514, 4.177521275127507 ], [ -77.374653762696255, 4.178984641860341 ], [ -77.374796530724737, 4.180055400944974 ], [ -77.374582378183575, 4.180876313204245 ], [ -77.374011308851678, 4.181768610919059 ], [ -77.372833475297355, 4.18319629124754 ], [ -77.371477182553605, 4.184695348313585 ], [ -77.368835980453937, 4.187193781920497 ], [ -77.36590924355805, 4.190049134832948 ], [ -77.363125275067233, 4.192262034285701 ], [ -77.360805299671611, 4.193654018646311 ], [ -77.359092087850229, 4.194617700425055 ], [ -77.356665037819312, 4.19597399315253 ], [ -77.35452352266158, 4.197009059238244 ], [ -77.352953078990296, 4.197473054405503 ], [ -77.351953704985149, 4.197615820615252 ], [ -77.350347568309772, 4.197651512661579 ], [ -77.347670674615827, 4.197330286999865 ], [ -77.342286654210227, 4.195999341329187 ], [ -77.337932240878189, 4.193964901859071 ], [ -77.33496981142936, 4.192501531181262 ], [ -77.332935372797465, 4.190859703048901 ], [ -77.330401246901687, 4.188539730321539 ], [ -77.328545266746275, 4.186433905770103 ], [ -77.326939130746482, 4.18436377509382 ], [ -77.3249046918788, 4.181151504793718 ], [ -77.323155787724872, 4.178438916557187 ], [ -77.320907196318643, 4.175512180370805 ], [ -77.318515838643734, 4.17287097834702 ], [ -77.316053096408169, 4.170836538794773 ], [ -77.313376202224077, 4.16851656529898 ], [ -77.311127612262936, 4.167160272138085 ], [ -77.309628552056992, 4.16644643583472 ], [ -77.308200875352156, 4.166125206186779 ], [ -77.306844582634938, 4.166018130077179 ], [ -77.305452597558642, 4.16648212634097 ], [ -77.303132623450239, 4.167767033752973 ], [ -77.299563431593668, 4.170872234161471 ], [ -77.296244084102042, 4.174619881579223 ], [ -77.294173952359998, 4.176404478041592 ], [ -77.292996119815882, 4.177261083764558 ], [ -77.291996745863813, 4.177760771314897 ], [ -77.290783220801345, 4.178081997925219 ], [ -77.289748155255793, 4.178688760111634 ], [ -77.288641706036984, 4.180116436868067 ], [ -77.28692849329866, 4.18336440056943 ], [ -77.285750660496532, 4.1871120553969 ], [ -77.285108206392977, 4.19011017333785 ], [ -77.285108206363304, 4.192787066703637 ], [ -77.285893429071294, 4.197319939693806 ], [ -77.286821418821077, 4.20063928761556 ], [ -77.287285413037225, 4.203851562643973 ], [ -77.287356796764371, 4.205814616234113 ], [ -77.286928493860003, 4.207884749810344 ], [ -77.285822045012125, 4.210704409879378 ], [ -77.282859615742481, 4.216379425780441 ], [ -77.280289797588111, 4.22098368116038 ], [ -77.279111964340387, 4.222661200136751 ], [ -77.276863373328453, 4.225088249853411 ], [ -77.274507707935285, 4.227122689195595 ], [ -77.272508960894456, 4.228264830357853 ], [ -77.269011152392935, 4.230549113203329 ], [ -77.265727496872444, 4.232440784003541 ], [ -77.263336137925464, 4.233618620853721 ], [ -77.260516476385547, 4.23436814809399 ], [ -77.257910966855619, 4.234653686119475 ], [ -77.255983603736041, 4.234510914880597 ] ] ] ] } }
]
}
